step,t_s,elastic,kinetic,fracture,total
0,0.0,18.239920301912246,1.966223373079527e-23,0.0037486510967926117,18.24366895300904
20,3.131539540534009e-08,18.23748819168048,0.0007314655140065331,0.005182986744353457,18.243402643938843
40,6.263079081068018e-08,18.232262680927967,0.0017847637116363121,0.008485819980750027,18.242533264620352
60,9.394618621602027e-08,18.226107881313805,0.002811780241507759,0.01296444327646136,18.241884104831776
80,1.2526158162136036e-07,18.220165983014365,0.003940926840042529,0.017508815672408817,18.241615725526813
100,1.5657697702670045e-07,18.21390786156735,0.005214632435962252,0.022330340107945004,18.241452834111257
120,1.8789237243204054e-07,18.20611622966201,0.00674713038682378,0.028866733248450592,18.24173009329728
140,2.1920776783738062e-07,18.198035751007456,0.008656599696417746,0.03528775483426397,18.24198010553814
160,2.505231632427207e-07,18.190519645183038,0.010892428968092152,0.041103410827840955,18.24251548497897
180,2.818385586480608e-07,18.182206958311138,0.013335867968773896,0.04736134252570266,18.242904168805616
200,3.131539540534009e-07,18.174423502910862,0.01581515576807656,0.05315806713019672,18.243396725809138
220,3.44469349458741e-07,18.168046908123046,0.018239728716029156,0.057512394490689886,18.243799031329765
240,3.7578474486408107e-07,18.161346018583302,0.020521889911101612,0.062267876096309044,18.244135784590714
260,4.0710014026942113e-07,18.15435207675946,0.02276056179640337,0.06717532769553534,18.244287966251395
280,4.3841553567476125e-07,18.148078600050987,0.024973276698295927,0.07145667090038754,18.244508547649673
300,4.6973093108010137e-07,18.141593733621075,0.027171646116039245,0.0759521802471923,18.244717559984306
320,5.010463264854414e-07,18.134681319058423,0.029290986162535265,0.08094169447108097,18.24491399969204
340,5.323617218907815e-07,18.12849777496534,0.031389586781460095,0.08513710826988358,18.245024470016684
360,5.636771172961216e-07,18.1219146268149,0.03345700245695046,0.08978826541223602,18.245159894684083
380,5.949925127014617e-07,18.114810312617514,0.03559760053960676,0.09487474037253511,18.245282653529657
400,6.263079081068018e-07,18.10813751451923,0.037696241335707245,0.09948069145235043,18.245314447307283
420,6.576233035121418e-07,18.10187718673535,0.03983097273089423,0.10385865646607911,18.245566815932325
440,6.88938698917482e-07,18.09436251609075,0.04204233735557564,0.10912869361246175,18.245533547058788
460,7.202540943228221e-07,18.088194869683207,0.04419092078272405,0.11339048008775338,18.245776270553684
480,7.515694897281621e-07,18.081098549072728,0.04644006420418031,0.11833152175861375,18.24587013503552
500,7.828848851335022e-07,18.073878236560187,0.048740331006221306,0.12354287449405729,18.246161442060465
520,8.142002805388423e-07,18.067198303537616,0.05104590720241433,0.12806505856995481,18.246309269309986
540,8.455156759441824e-07,18.058927010993912,0.05333696104310247,0.13411354107633006,18.246377513113345
560,8.768310713495225e-07,18.052192351490433,0.055685489380858495,0.13880013174199096,18.246677972613284
580,9.081464667548626e-07,18.04569260586016,0.058028255132976575,0.14315743307934042,18.24687829407248
600,9.394618621602027e-07,18.038160666244565,0.060348940835493435,0.14858094972741748,18.247090556807475
620,9.707772575655428e-07,18.030539301340475,0.06273420721490604,0.1540361726883142,18.247309681243696
640,1.0020926529708829e-06,18.023986104739897,0.06507887337251891,0.15846346705023073,18.247528445162644
660,1.033408048376223e-06,18.016197595465123,0.06740224061237762,0.16402999129094198,18.247629827368442
680,1.064723443781563e-06,18.008305601033687,0.06980755299084292,0.1698296400840029,18.247942794108532
700,1.096038839186903e-06,18.00209163071746,0.07204350906683,0.17397451496393546,18.248109654748223
720,1.1273542345922431e-06,17.99434865640239,0.07436720464844061,0.17967621621897092,18.248392077269802
740,1.1586696299975834e-06,17.986656759950378,0.07672301198753367,0.1853130490326504,18.24869282097056
760,1.1899850254029234e-06,17.979608733241243,0.07893229555255667,0.190442654197023,18.248983682990826
780,1.2213004208082635e-06,17.97266120873643,0.08124567789048794,0.19531697605859377,18.24922386268551
800,1.2526158162136036e-06,17.964940232482505,0.08365343740403461,0.20096197598831356,18.249555645874853
820,1.2839312116189436e-06,17.958051734327604,0.08605687146109943,0.20570929649098774,18.24981790227969
840,1.3152466070242837e-06,17.95024373955628,0.08857357519653318,0.21131763944780982,18.250134954200625
860,1.3465620024296238e-06,17.942094015480137,0.0911508810582727,0.2171952705955161,18.250440167133927
880,1.377877397834964e-06,17.935089372259682,0.09385496120538045,0.2218013335678959,18.25074566703296
900,1.409192793240304e-06,17.927106553024586,0.09657041780072168,0.22741576966023969,18.251092740485547
920,1.4405081886456442e-06,17.918940535908646,0.09946291541007425,0.23308421222061237,18.251487663539333
940,1.4718235840509842e-06,17.911323227064194,0.10242554235753204,0.23805971166261525,18.251808481084343
960,1.5031389794563243e-06,17.90305798093676,0.10532204596666789,0.24378206675137842,18.252162093654807
980,1.5344543748616643e-06,17.894711169829282,0.10824126247488802,0.2495897454786609,18.252542177782832
1000,1.5657697702670044e-06,17.886781784331532,0.1110783060256116,0.2549661383104466,18.25282622866759
1020,1.5970851656723445e-06,17.878867998447937,0.11390321387275495,0.2604661667665363,18.25323737908723
1040,1.6284005610776845e-06,17.87087866565463,0.11654216108601854,0.26626830220237263,18.253689128943023
1060,1.6597159564830248e-06,17.863084171993144,0.11919914358071,0.271724390510161,18.254007706084014
1080,1.6910313518883649e-06,17.85578440735626,0.12158557107554532,0.2771799689770039,18.25454994740881
1100,1.722346747293705e-06,17.847959872942617,0.12406232227371845,0.28290683163024183,18.25492902684658
1120,1.753662142699045e-06,17.840882477950228,0.12661128244947373,0.28782845836555254,18.255322218765254
1140,1.784977538104385e-06,17.83297592008425,0.129220420460066,0.29363487601738014,18.255831216561695
1160,1.8162929335097251e-06,17.825086687028016,0.131723635558783,0.29946161825704687,18.256271940843845
1180,1.8476083289150652e-06,17.817959062732534,0.13409602218834432,0.30446280841440365,18.256517893335282
1200,1.8789237243204055e-06,17.810300147834084,0.136458432303843,0.31025821783031654,18.257016797968245
1220,1.9102391197257455e-06,17.80264224149858,0.13874845404018155,0.3160737964210396,18.257464491959805
1240,1.9415545151310856e-06,17.795515952551806,0.1409594203823339,0.3213811792271592,18.2578565521613
1260,1.9728699105364256e-06,17.78804447906675,0.1433518222917482,0.327082568930906,18.2584788702894
1280,2.0041853059417657e-06,17.781152578839666,0.1455774602949745,0.33220522723281165,18.258935266367452
1300,2.0355007013471058e-06,17.77424142615844,0.14811277743370252,0.3369705081565425,18.259324711748686
1320,2.066816096752446e-06,17.76654574264009,0.1506282601870473,0.34265651585227813,18.25983051867942
1340,2.098131492157786e-06,17.759185259610188,0.15309739727433977,0.3480651727321751,18.260347829616702
1360,2.129446887563126e-06,17.752367279184277,0.15563395714211511,0.35270906465443785,18.26071030098083
1380,2.160762282968466e-06,17.74543732573511,0.15795784893075007,0.35774881512245604,18.261143989788316
1400,2.192077678373806e-06,17.738187922784427,0.16023913945769722,0.36311844924551817,18.261545511487643
1420,2.223393073779146e-06,17.73231705997097,0.16251727748960113,0.36717082195047035,18.262005159411043
1440,2.2547084691844862e-06,17.725691033221725,0.16448017573488294,0.3722404251908647,18.262411634147472
1460,2.2860238645898267e-06,17.719133234661776,0.1664970833327383,0.37721674462859484,18.26284706262311
1480,2.3173392599951668e-06,17.713349163015472,0.16835535255783884,0.38148839245520233,18.263192908028515
1500,2.348654655400507e-06,17.70696345111234,0.17022890360004123,0.38637247466865476,18.263564829381036
1520,2.379970050805847e-06,17.700537998798104,0.17223164810999209,0.39124080546400075,18.264010452372098
1540,2.411285446211187e-06,17.694891474783304,0.17415391030813154,0.3953433971607373,18.264388782252173
1560,2.442600841616527e-06,17.688596499441722,0.1761128490252943,0.4000170741845152,18.26472642265153
1580,2.473916237021867e-06,17.682443837565025,0.1779506663276345,0.404655997749434,18.265050501642094
1600,2.505231632427207e-06,17.67691409829076,0.17979930331135813,0.40866291080734696,18.265376312409465
1620,2.536547027832547e-06,17.671012542843016,0.18142621845375925,0.41322676977214134,18.265665531068915
1640,2.5678624232378873e-06,17.664941947295894,0.18333359533913826,0.4177925322462632,18.266068074881296
1660,2.5991778186432273e-06,17.659676203535327,0.18488512167255305,0.4217135562725878,18.26627488148047
1680,2.6304932140485674e-06,17.653648677951235,0.18670053357292235,0.4263587543495454,18.266707965873703
1700,2.6618086094539075e-06,17.64756580530656,0.18847879546058288,0.4310202084787421,18.267064809245884
1720,2.6931240048592475e-06,17.64235035895233,0.19018008863033453,0.43493098928557156,18.26746143686824
1740,2.7244394002645876e-06,17.636527823677877,0.19150915562893728,0.4395394991368915,18.267576478443708
1760,2.755754795669928e-06,17.630559318451944,0.19337251955396842,0.4440276489080559,18.267959486913966
1780,2.787070191075268e-06,17.625248978544683,0.19503738002778193,0.4478889212758732,18.268175279848336
1800,2.818385586480608e-06,17.61955503316641,0.19653109296184462,0.4524045573208374,18.26849068344909
1820,2.8497009818859483e-06,17.613627685794068,0.1978598706808602,0.4573731134618877,18.268860669936817
1840,2.8810163772912883e-06,17.608806931881986,0.19921825335898366,0.4613073357383478,18.269332520979315
1860,2.9123317726966284e-06,17.603337042020726,0.2003204477519483,0.4660252352457809,18.269682725018455
1880,2.9436471681019684e-06,17.597596010915833,0.20154310903691422,0.47091365545236363,18.270052775405112
1900,2.9749625635073085e-06,17.592615401639208,0.20288690989004415,0.4749603929642688,18.27046270449352
1920,3.0062779589126486e-06,17.58693721588402,0.20425012966117925,0.47967702271473467,18.270864368259936
1940,3.0375933543179886e-06,17.581302670241797,0.20541842172860655,0.48436317707849863,18.271084269048902
1960,3.0689087497233287e-06,17.576228335125464,0.2067264472544039,0.48838453413463584,18.271339316514503
1980,3.1002241451286688e-06,17.570196810608934,0.2082568373939967,0.493337418999429,18.271791067002358
2000,3.131539540534009e-06,17.56421087406623,0.20988322386662753,0.4980898041612794,18.272183902094135
2020,3.162854935939349e-06,17.558735420084105,0.21133407540581986,0.5024190673098727,18.272488562799797
2040,3.194170331344689e-06,17.552198814730342,0.21332409197757046,0.5073905903177129,18.272913497025623
2060,3.225485726750029e-06,17.545860981882804,0.2150060115443827,0.5123567288305806,18.273223722257768
2080,3.256801122155369e-06,17.540353276899697,0.21658325440901818,0.516508286891164,18.273444818199877
2100,3.2881165175607096e-06,17.533697734605905,0.21814163049232962,0.5217332429279659,18.2735726080262
2120,3.3194319129660496e-06,17.52723840405325,0.22013243971560148,0.5266160540721727,18.273986897841024
2140,3.3507473083713897e-06,17.521355537198346,0.2219744438466099,0.5308270731687129,18.274157054213667
2160,3.3820627037767297e-06,17.514688332136856,0.22364476590382967,0.5360932152022895,18.274426313242977
2180,3.41337809918207e-06,17.507890020966027,0.22530252330597023,0.54146116614742,18.274653710419418
2200,3.44469349458741e-06,17.501398069879507,0.22743754676031017,0.5462007221657181,18.275036338805535
2220,3.47600888999275e-06,17.493812764359394,0.22989906810513608,0.5516550086829664,18.2753668411475
2240,3.50732428539809e-06,17.48642849953127,0.23214078937796243,0.5570775017473772,18.27564679065661
2260,3.53863968080343e-06,17.479680154611366,0.23446151859353995,0.5617516400579837,18.27589331326289
2280,3.56995507620877e-06,17.472064267164143,0.2366212426461874,0.5673995833933345,18.276085093203665
2300,3.60127047161411e-06,17.464063949321194,0.2392158837654592,0.5732030827395159,18.27648291582617
2320,3.6325858670194502e-06,17.4567452375689,0.24193958646189728,0.5781802498022159,18.27686507383301
2340,3.6639012624247903e-06,17.449001843475166,0.2441495988135344,0.5840540475072035,18.277205489795904
2360,3.6952166578301304e-06,17.4408928265467,0.24673979356001732,0.5898355446180797,18.277468164724798
2380,3.7265320532354704e-06,17.432913044042067,0.24945621384840228,0.5953118606991664,18.277681118589634
2400,3.757847448640811e-06,17.42487150821647,0.2522226580631312,0.6010330407681368,18.27812720704774
2420,3.789162844046151e-06,17.41642221773884,0.2548716123600392,0.6072093449243233,18.278503175023204
2440,3.820478239451491e-06,17.408421090661086,0.25770723930177086,0.6127904739636747,18.27891880392653
2460,3.851793634856831e-06,17.39984406176019,0.26040992766362037,0.6190050096267139,18.279258999050526
2480,3.883109030262171e-06,17.39070591249113,0.26312732210913037,0.6258185340912955,18.279651768691554
2500,3.914424425667511e-06,17.38212931952942,0.2660036153655633,0.6317032644742816,18.279836199369264
2520,3.945739821072851e-06,17.37388595965857,0.26891489213744924,0.6375029527082315,18.28030380450425
2540,3.977055216478191e-06,17.36497784687157,0.2716429522320924,0.6440057460882421,18.280626545191907
2560,4.0083706118835314e-06,17.35698612906748,0.2743644805386318,0.6496185845864871,18.2809691941926
2580,4.0396860072888715e-06,17.348200024559155,0.27714071124812845,0.6560556112322595,18.281396347039543
2600,4.0710014026942115e-06,17.339204239189492,0.2801092311901008,0.662439022313495,18.281752492693087
2620,4.102316798099552e-06,17.330814284123896,0.28281157431018283,0.6684045802560089,18.28203043869009
2640,4.133632193504892e-06,17.322286906490348,0.2856867910708123,0.6744400279521625,18.282413725513322
2660,4.164947588910232e-06,17.313290898128585,0.288373818889968,0.6810409485176512,18.282705665536206
2680,4.196262984315572e-06,17.305378706408046,0.2910486209813671,0.6865717380587703,18.282999065448184
2700,4.227578379720912e-06,17.29628560793678,0.294111128421882,0.6930311264383233,18.283427862796987
2720,4.258893775126252e-06,17.287290570261646,0.2968363980770452,0.6996247028373418,18.28375167117603
2740,4.290209170531592e-06,17.27921036847792,0.2998080349174193,0.7051888489696562,18.284207252364993
2760,4.321524565936932e-06,17.26995939506608,0.302701810650046,0.7119253734525428,18.28458657916867
2780,4.352839961342272e-06,17.26035547431797,0.30582631095359825,0.7188935689059109,18.28507535417748
2800,4.384155356747612e-06,17.251750104534626,0.30869962146083296,0.7249420261268384,18.285391752122298
2820,4.415470752152952e-06,17.24241594471952,0.31154141405892205,0.7318468658916024,18.285804224670045
2840,4.446786147558292e-06,17.233077676352494,0.3143488994740102,0.7387956649456362,18.28622224077214
2860,4.478101542963632e-06,17.224369765813204,0.3178444734170192,0.7445288279651173,18.28674306719534
2880,4.5094169383689724e-06,17.21489662896434,0.32108700834012255,0.7512369744373448,18.287220611741805
2900,4.540732333774313e-06,17.205403783579285,0.3240720583223966,0.7581972923457089,18.28767313424739
2920,4.572047729179653e-06,17.196705074205244,0.32725241004516203,0.7641235067376089,18.288080990988014
2940,4.6033631245849935e-06,17.1868586416382,0.3304256641460363,0.7712192219024059,18.288503527686643
2960,4.6346785199903335e-06,17.17701221100812,0.333553986526713,0.7783990823644519,18.288965279899283
2980,4.665993915395674e-06,17.167967025062765,0.33687204336826043,0.7845582815999343,18.28939735003096
3000,4.697309310801014e-06,17.158658428456157,0.3392637627715268,0.7916638295812656,18.289586020808947
3020,4.728624706206354e-06,17.148728491846377,0.3425451057926919,0.7989519238038465,18.290225521442913
3040,4.759940101611694e-06,17.140143523717683,0.3453886087843105,0.8050540952712688,18.290586227773264
3060,4.791255497017034e-06,17.13039875473798,0.34852065728586035,0.8121407461674072,18.291060158191247
3080,4.822570892422374e-06,17.12043361211803,0.3515713057548186,0.8195207109909637,18.291525628863813
3100,4.853886287827714e-06,17.110584465950073,0.354935493639005,0.8265136848922101,18.292033644481286
3120,4.885201683233054e-06,17.100646124483834,0.3585687630645917,0.8332984684498366,18.292513355998263
3140,4.916517078638394e-06,17.089819843133228,0.36254641580132657,0.8406652472990164,18.293031506233568
3160,4.947832474043734e-06,17.08040455332172,0.3658592647661032,0.8470578629160441,18.29332168100387
3180,4.979147869449074e-06,17.069716602784432,0.36923394174813884,0.8547567975751671,18.293707342107737
3200,5.010463264854414e-06,17.059776606414964,0.37224110998174165,0.8620634835785538,18.294081199975256
3220,5.041778660259754e-06,17.050373976076898,0.37561138930682847,0.8686730929562965,18.294658458340024
3240,5.073094055665094e-06,17.04049287497295,0.3785040830970993,0.8762160702383812,18.29521302830843
3260,5.1044094510704345e-06,17.030162508059203,0.3818942328016554,0.8837302883530509,18.29578702921391
3280,5.1357248464757745e-06,17.020675322582537,0.3853666205803952,0.8901634119846282,18.29620535514756
3300,5.167040241881115e-06,17.010147571520896,0.3889856795481717,0.8975958290197857,18.296729080088852
3320,5.198355637286455e-06,16.999679861347992,0.39233054333757195,0.9051905136709637,18.297200918356527
3340,5.229671032691795e-06,16.98998068969878,0.39587261511229144,0.9119339833715071,18.29778728818258
3360,5.260986428097135e-06,16.97992564111297,0.3985206296538295,0.919708500900516,18.298154771667317
3380,5.292301823502475e-06,16.969639101614113,0.40158194069889,0.9273837808441987,18.298604823157202
3400,5.323617218907815e-06,16.960439656023922,0.40478231140894244,0.9338703663692103,18.299092333802076
3420,5.354932614313155e-06,16.95047296210356,0.40747725918915095,0.9415514017060823,18.299501622998793
3440,5.386248009718495e-06,16.939845844698816,0.4109503197067382,0.9492563368355948,18.30005250124115
3460,5.417563405123835e-06,16.929883069403378,0.41429309664028097,0.9564548973185303,18.30063106336219
3480,5.448878800529175e-06,16.919593647421767,0.4178096310355239,0.9636702636344422,18.301073542091732
3500,5.480194195934515e-06,16.908687581732135,0.42134528137548094,0.9717911611316542,18.30182402423927
3520,5.511509591339856e-06,16.899423553158304,0.4249199916356622,0.978122184518564,18.30246572931253
3540,5.542824986745196e-06,16.88791617238598,0.4283752667293854,0.9866943209063654,18.302985760021734
3560,5.574140382150536e-06,16.87707724651777,0.4317704305520454,0.9944763737371247,18.303324050806943
3580,5.605455777555876e-06,16.86832250102364,0.43522190075819045,1.000406142533218,18.30395054431505
3600,5.636771172961216e-06,16.857823941943764,0.4384569097611209,1.0081531035980587,18.304433955302944
3620,5.6680865683665564e-06,16.847310289815333,0.4417789867211346,1.0159078665786798,18.30499714311515
3640,5.6994019637718965e-06,16.837913731800207,0.44552152193293343,1.0222689151839626,18.3057041689171
3660,5.7307173591772366e-06,16.826993222974274,0.44895031844838607,1.0303815561210496,18.30632509754371
3680,5.762032754582577e-06,16.81638184933488,0.45271006763811206,1.0378355610282297,18.306927478001224
3700,5.793348149987917e-06,16.8063202206492,0.4561026366951791,1.0448337177891476,18.307256575133525
3720,5.824663545393257e-06,16.795341073519637,0.4599014834432756,1.0525183366786393,18.30776089364155
3740,5.855978940798597e-06,16.78447758557415,0.46324755983253185,1.0603493043664123,18.308074449773095
3760,5.887294336203937e-06,16.774052576660715,0.46685581509370133,1.0676006789138628,18.30850907066828
3780,5.918609731609277e-06,16.763552553275325,0.47017162340063595,1.0752281642573411,18.308952340933303
3800,5.949925127014617e-06,16.751662765574483,0.4738187420365559,1.084242018062335,18.309723525673373
3820,5.981240522419957e-06,16.742662402330417,0.4774808549118718,1.0902412309401974,18.310384488182486
3840,6.012555917825297e-06,16.730852864275388,0.48092157883270764,1.099313513058239,18.311087956166332
3860,6.043871313230637e-06,16.719463653955387,0.4851753621332798,1.1070291453830423,18.311668161471708
3880,6.075186708635977e-06,16.708703979569258,0.48834877339780075,1.1149544333981347,18.312007186365193
3900,6.106502104041317e-06,16.698391462909797,0.49164169034047817,1.1224317180233547,18.31246487127363
3920,6.137817499446657e-06,16.687173410393612,0.49440682953492815,1.1311463937280757,18.312726633656617
3940,6.1691328948519974e-06,16.677218565222837,0.49833710077886995,1.137850449154481,18.313406115156187
3960,6.2004482902573375e-06,16.665972398374635,0.5014670690857249,1.1464899627372525,18.31392943019761
3980,6.2317636856626776e-06,16.65479997078857,0.5053165023840435,1.1545823000844677,18.31469877325708
4000,6.263079081068018e-06,16.64430132203024,0.5091530201016317,1.1619364045964387,18.315390746728312
4020,6.294394476473358e-06,16.63192828669782,0.5127330144402364,1.171565286196771,18.31622658733483
4040,6.325709871878698e-06,16.621185103032428,0.5163162252225105,1.1789629626449427,18.31646429089988
4060,6.357025267284038e-06,16.61029755785905,0.5203635666945495,1.1863431461859795,18.317004270739577
4080,6.388340662689378e-06,16.59943597628442,0.5235061330166005,1.194492463158064,18.31743457245908
4100,6.419656058094718e-06,16.588442023638983,0.5267122465679887,1.2030039608306502,18.31815823103762
4120,6.450971453500058e-06,16.57870742818677,0.5297092419518634,1.2102947306002272,18.318711400738863
4140,6.482286848905398e-06,16.56698643139626,0.5331516989790029,1.219282924113596,18.31942105448886
4160,6.513602244310738e-06,16.556311361453538,0.5370437898870544,1.2269405053743567,18.32029565671495
4180,6.544917639716079e-06,16.54661700683403,0.5401037026177962,1.2338964163733657,18.32061712582519
4200,6.576233035121419e-06,16.534925617431952,0.5432171425663823,1.2430874362778592,18.321230196276197
4220,6.607548430526759e-06,16.52430121447956,0.5465409447368808,1.2512544529880594,18.3220966122045
4240,6.638863825932099e-06,16.513299497819336,0.5494965404205299,1.2597850791123522,18.322581117352218
4260,6.670179221337439e-06,16.504068900213372,0.5520065190669817,1.2667794657876899,18.322854885068043
4280,6.701494616742779e-06,16.49290721378753,0.5559365599045709,1.275156091161766,18.323999864853864
4300,6.7328100121481194e-06,16.48308567865633,0.5588091925633756,1.2825874497209442,18.32448232094065
4320,6.7641254075534595e-06,16.472113397630313,0.5623868304715943,1.2907654172741911,18.3252656453761
4340,6.7954408029587996e-06,16.460599945558062,0.5661806237289649,1.2993488539234235,18.32612942321045
4360,6.82675619836414e-06,16.450882686673143,0.5692857535809707,1.3066220322817546,18.32679047253587
4380,6.85807159376948e-06,16.440208229935223,0.572009271018218,1.3150289945862237,18.327246495539665
4400,6.88938698917482e-06,16.429389775713627,0.5748283198122595,1.3235401752672797,18.327758270793165
4420,6.92070238458016e-06,16.418857639655105,0.5785764053580333,1.330994656765883,18.328428701779018
4440,6.9520177799855e-06,16.407299404233164,0.5813647359325709,1.3401763337631047,18.32884047392884
4460,6.98333317539084e-06,16.396657038761855,0.5844729777875839,1.3485593526241142,18.329689369173554
4480,7.01464857079618e-06,16.387113017276743,0.5879771356410667,1.3553469633051014,18.33043711622291
4500,7.04596396620152e-06,16.3760071923533,0.5907880169969097,1.3638467276004083,18.330641936950617
4520,7.07727936160686e-06,16.365026000217377,0.5935996437648691,1.3723301133650911,18.330955757347336
4540,7.1085947570122e-06,16.355048306568314,0.5968588951893867,1.3796373306728018,18.3315445324305
4560,7.13991015241754e-06,16.34467101164193,0.5992810364832878,1.3881965277633734,18.33214857588859
4580,7.17122554782288e-06,16.334028796224153,0.6018727023722606,1.3971866149115864,18.333088113508
4600,7.20254094322822e-06,16.3240611644009,0.6048442265736126,1.404920308754634,18.333825699729143
4620,7.2338563386335604e-06,16.311100873139154,0.6083351916102812,1.4151876588399304,18.334623723589363
4640,7.2651717340389005e-06,16.30206987651171,0.6110801849777417,1.4222350836423083,18.33538514513176
4660,7.2964871294442406e-06,16.291964409754698,0.6128363169122228,1.4312736586858623,18.33607438535278
4680,7.327802524849581e-06,16.281420191136377,0.6164528843177463,1.4393127318581487,18.33718580731227
4700,7.359117920254921e-06,16.27131383016196,0.6191234815152004,1.4477676610562717,18.338204972733433
4720,7.390433315660261e-06,16.261657969203757,0.6210120124094394,1.4560788305029,18.338748812116098
4740,7.421748711065601e-06,16.25104100339761,0.6240155326390868,1.4647685375899104,18.33982507362661
4760,7.453064106470941e-06,16.23969256982732,0.6273270831928232,1.4735894935847211,18.340609146604866
4780,7.484379501876281e-06,16.230213136111306,0.6298624797659992,1.4811325914552924,18.3412082073326
4800,7.515694897281622e-06,16.21784325601129,0.6327805800479094,1.4912918734642107,18.34191570952341
4820,7.547010292686962e-06,16.207777534305386,0.6361493596708846,1.4987124282800077,18.34263932225628
4840,7.578325688092302e-06,16.19711912414303,0.6393072826314081,1.5068905444175016,18.343316951191937
4860,7.609641083497642e-06,16.18623822904111,0.6423215399115746,1.5156815016034082,18.34424127055609
4880,7.640956478902982e-06,16.17431403991225,0.6450903474723662,1.5254526124014813,18.344856999786096
4900,7.672271874308321e-06,16.161870451391326,0.6486803987653721,1.53505929306148,18.345610143218178
4920,7.703587269713662e-06,16.151052054557052,0.6528827581998757,1.5428419617689992,18.346776774525928
4940,7.734902665119001e-06,16.139652702846607,0.6552656232254815,1.5527449275297924,18.347663253601883
4960,7.766218060524342e-06,16.130164294296108,0.6582373195036196,1.559721932829564,18.348123546629292
4980,7.797533455929682e-06,16.119025092866487,0.6610450294769575,1.5686369108983296,18.348707033241777
5000,7.828848851335022e-06,16.107800715983025,0.6632964209560451,1.5782034284673767,18.349300565406445
5020,7.860164246740362e-06,16.0984361324491,0.6653513290636555,1.5862474634735722,18.350034924986325
5040,7.891479642145703e-06,16.08720802949286,0.6667235669762008,1.5963736869854204,18.35030528345448
5060,7.922795037551042e-06,16.075853387032144,0.6704416000781507,1.604826234957144,18.351121222067437
5080,7.954110432956383e-06,16.0654216596906,0.6727104539381022,1.6131373929116815,18.351269506540383
5100,7.985425828361722e-06,16.053480275174298,0.674521718449952,1.6237322860946026,18.351734279718855
5120,8.016741223767063e-06,16.04389462195634,0.6770021203582344,1.6314280056753097,18.352324747989886
5140,8.048056619172404e-06,16.033061832640197,0.6796332128539483,1.6401567591921515,18.352851804686296
5160,8.079372014577743e-06,16.0215397788142,0.6822782342183209,1.6497618937727148,18.353579906805237
5180,8.110687409983084e-06,16.01035836148801,0.6847250864938283,1.6591131093562272,18.354196557338064
5200,8.142002805388423e-06,15.999321942296394,0.686275709300458,1.668788375470454,18.354386027067306
5220,8.173318200793764e-06,15.98936730341514,0.68823020846636,1.677416386685922,18.355013898567424
5240,8.204633596199103e-06,15.98055808616051,0.6900039947050042,1.6850068795319815,18.3555689603975
5260,8.235948991604444e-06,15.970898464359884,0.6916604029936355,1.6933440478353963,18.355902915188913
5280,8.267264387009783e-06,15.960307897785208,0.6937145946685385,1.7026485271914051,18.356671019645155
5300,8.298579782415124e-06,15.949958080618583,0.6948945146046172,1.7124586213006079,18.357311216523808
5320,8.329895177820463e-06,15.940931474128131,0.6966904753829637,1.7201921894350576,18.357814138946154
5340,8.361210573225804e-06,15.93042985745719,0.6983630342105922,1.7295204562794924,18.358313347947274
5360,8.392525968631144e-06,15.919950839369035,0.6999438264436658,1.7389672918666355,18.358861957679338
5380,8.423841364036485e-06,15.908143521021415,0.7026792389939917,1.748487898761927,18.359310658777332
5400,8.455156759441824e-06,15.896967712469765,0.7045728046936767,1.7583322090505824,18.359872726214025
5420,8.486472154847165e-06,15.888682420567406,0.7057369953095889,1.765975870856967,18.36039528673396
5440,8.517787550252504e-06,15.87913698323711,0.7070339931659574,1.775081702581853,18.361252678984922
5460,8.549102945657845e-06,15.869421044879696,0.7085391796176504,1.7837676733791552,18.361727897876502
5480,8.580418341063184e-06,15.859070641954442,0.7100463417856432,1.7934026591351007,18.362519642875185
5500,8.611733736468525e-06,15.848415149114981,0.7123252296551876,1.8023501276940634,18.363090506464232
5520,8.643049131873864e-06,15.838727933078303,0.7144812106042094,1.8107403759175948,18.363949519600105
5540,8.674364527279205e-06,15.82841285758025,0.7160532716885208,1.820013281678103,18.364479410946874
5560,8.705679922684544e-06,15.819699694768651,0.7171454910345391,1.827917869357135,18.364763055160324
5580,8.736995318089885e-06,15.807701656609972,0.7190349052481054,1.8387853231047124,18.36552188496279
5600,8.768310713495224e-06,15.798459283449013,0.7201757437370931,1.8474322870443607,18.366067314230467
5620,8.799626108900565e-06,15.789308308753366,0.7213832536369699,1.855586929234534,18.36627849162487
5640,8.830941504305904e-06,15.77833598061778,0.7243900161718447,1.8645918985761758,18.3673178953658
5660,8.862256899711245e-06,15.767821324067885,0.7254341446838926,1.8745194512233274,18.367774919975105
5680,8.893572295116585e-06,15.757838287926978,0.7266669151403506,1.8836653432735107,18.36817054634084
5700,8.924887690521926e-06,15.747283059854517,0.7287115808443336,1.8927873247222124,18.368781965421064
5720,8.956203085927265e-06,15.737525054952549,0.7294782088876351,1.9020177753043215,18.369021039144506
5740,8.987518481332606e-06,15.727604134393705,0.7311879232876413,1.9108797723214193,18.369671830002765
5760,9.018833876737945e-06,15.717094289718741,0.7330354673385117,1.9199227823771163,18.37005253943437
5780,9.050149272143286e-06,15.706839545879353,0.7344506171817436,1.929712500575572,18.37100266363667
5800,9.081464667548627e-06,15.69824054444706,0.7355385789038027,1.9379991301157813,18.371778253466644
5820,9.112780062953966e-06,15.687314694525963,0.7361027902367094,1.948846939710216,18.37226442447289
5840,9.144095458359307e-06,15.677167141221169,0.7379591380813187,1.9580895552786277,18.373215834581117
5860,9.175410853764646e-06,15.668788850648511,0.7390790596058919,1.9658116890363635,18.373679599290767
5880,9.206726249169987e-06,15.657017623764737,0.7405082512701736,1.976768147395827,18.37429402243074
5900,9.238041644575326e-06,15.647864886782784,0.7415395936784331,1.9857414608094452,18.375145941270663
5920,9.269357039980667e-06,15.638678216096096,0.7430661580263502,1.9937721409020934,18.375516515024543
5940,9.300672435386006e-06,15.627778619725404,0.7438114484316461,2.00467323953318,18.37626330769023
5960,9.331987830791347e-06,15.618716623780397,0.7454190654787272,2.0128543907193457,18.37699007997847
5980,9.363303226196686e-06,15.610160574199769,0.7459672288209802,2.021068298678824,18.37719610169957
6000,9.394618621602027e-06,15.59999223038412,0.74673243666326,2.031198525795578,18.377923192842957
6020,9.425934017007367e-06,15.58876794118421,0.7481738140360331,2.0420753099736895,18.379017065193935
6040,9.457249412412707e-06,15.58281324588706,0.7473078096045654,2.0491272709886097,18.379248326480234
6060,9.488564807818047e-06,15.572008702257314,0.7488719895451683,2.0587236920113097,18.379604383813792
6080,9.519880203223388e-06,15.561538363747992,0.7494411027657164,2.068913302809063,18.37989276932277
6100,9.551195598628727e-06,15.551612517392142,0.751134724336429,2.078312995738302,18.381060237466873
6120,9.582510994034068e-06,15.543271278408632,0.7513184799585514,2.0868111481860723,18.381400906553257
6140,9.613826389439407e-06,15.53283501223649,0.7526026499595706,2.0967467300069966,18.382184392203058
6160,9.645141784844748e-06,15.523421002768526,0.753377879676621,2.105802477555757,18.3826013600009
6180,9.676457180250087e-06,15.514259507759387,0.7540467191420949,2.1149632629659036,18.383269489867388
6200,9.707772575655428e-06,15.500846895467724,0.7546119823986708,2.128363719233791,18.383822597100185
6220,9.739087971060767e-06,15.494550303665065,0.7552515092072336,2.1342529143064204,18.384054727178718
6240,9.770403366466108e-06,15.48556323188154,0.7560927389142621,2.1433861239425567,18.38504209473836
6260,9.801718761871447e-06,15.475543755185726,0.7567989886783928,2.153260680798054,18.385603424662172
6280,9.833034157276788e-06,15.46685492981168,0.7576181197669495,2.161821776883736,18.38629482646237
6300,9.864349552682127e-06,15.456609338533074,0.7577144571231268,2.1726184720381987,18.386942267694398
6320,9.895664948087468e-06,15.447971423557828,0.7577378281451607,2.181920697860045,18.387629949563035
6340,9.926980343492808e-06,15.439152277288313,0.7584545672670382,2.190384182899834,18.387991027455186
6360,9.958295738898148e-06,15.42833630378961,0.7597848881692331,2.200714608903462,18.388835800862303
6380,9.989611134303488e-06,15.419753469463299,0.7603305101022224,2.2093585104352096,18.38944249000073
6400,1.0020926529708829e-05,15.408456968393718,0.7609586254556474,2.2206969892872297,18.390112583136595
6420,1.005224192511417e-05,15.400831003397546,0.7618193628106121,2.228004855500831,18.39065522170899
6440,1.0083557320519509e-05,15.388845012360438,0.7623438957989465,2.239653626133098,18.39084253429248
6460,1.011487271592485e-05,15.38100757604495,0.7627482019527354,2.247537082010175,18.391292860007862
6480,1.0146188111330189e-05,15.37245739883514,0.7640361541470262,2.255353765053293,18.39184731803546
6500,1.017750350673553e-05,15.360570372626203,0.7640951964938404,2.268240539064263,18.392906108184306
6520,1.0208818902140869e-05,15.353354499944775,0.7658862095597333,2.274240222574731,18.393480932079243
6540,1.024013429754621e-05,15.343970474555888,0.7668681571497281,2.283282833057105,18.39412146476272
6560,1.0271449692951549e-05,15.333335864023665,0.7674484078450525,2.293933734512768,18.39471800638149
6580,1.030276508835689e-05,15.324181736264695,0.7683837775031819,2.3022922783285447,18.39485779209642
6600,1.033408048376223e-05,15.313717629532421,0.7697319947945951,2.3120454613312837,18.3954950856583
6620,1.036539587916757e-05,15.303922125302986,0.7703091066080219,2.3217164482324266,18.395947680143433
6640,1.039671127457291e-05,15.292088556132711,0.7724102714082728,2.332492568115974,18.396991395656958
6660,1.042802666997825e-05,15.284964901556169,0.7722323105489922,2.340113766662137,18.3973109787673
6680,1.045934206538359e-05,15.274043549160204,0.774015759342796,2.349854525082281,18.39791383358528
6700,1.049065746078893e-05,15.265875633228193,0.7749798664853869,2.357490799202232,18.39834629891581
6720,1.052197285619427e-05,15.256714295692277,0.7747609426326134,2.3671479091793604,18.398623147504253
6740,1.055328825159961e-05,15.246760624318684,0.7754913746862229,2.376779801825961,18.39903180083087
6760,1.058460364700495e-05,15.235424975374274,0.776421182477381,2.388236616028898,18.400082773880552
6780,1.061591904241029e-05,15.228077745647038,0.7772740998306812,2.3952786995579327,18.400630545035654
6800,1.064723443781563e-05,15.217949423106518,0.7780029484436918,2.4052563738593533,18.401208745409562
6820,1.067854983322097e-05,15.210835752913324,0.7785288957700087,2.412058626719255,18.40142327540259
6840,1.070986522862631e-05,15.20056756055974,0.7797840465840518,2.4214976999933553,18.401849307137148
6860,1.0741180624031651e-05,15.190677069014786,0.7803916059343723,2.431286607575401,18.40235528252456
6880,1.077249601943699e-05,15.183150458305416,0.7801537254706561,2.439640848220538,18.40294503199661
6900,1.0803811414842331e-05,15.172628973253197,0.7818996985545624,2.4490113797527195,18.40354005156048
6920,1.083512681024767e-05,15.161460601123109,0.7819481037168804,2.460228769633712,18.4036374744737
6940,1.0866442205653011e-05,15.152055962165228,0.7830449977690978,2.4696122892724857,18.40471324920681
6960,1.089775760105835e-05,15.14481386569291,0.7837437247562115,2.4763564457837393,18.40491403623286
6980,1.0929072996463691e-05,15.132164527194991,0.784401315000621,2.488977565953857,18.40554340814947
7000,1.096038839186903e-05,15.125963382336462,0.7849309165188685,2.495585593530728,18.40647989238606
7020,1.0991703787274371e-05,15.115469686268254,0.785945898656935,2.505586646436255,18.407002231361446
7040,1.1023019182679712e-05,15.103545266093358,0.7861478606090059,2.5180287425584824,18.407721869260847
7060,1.1054334578085051e-05,15.098323994988686,0.786799303451955,2.5231668475397666,18.40829014598041
7080,1.1085649973490392e-05,15.088641533146244,0.78691049925605,2.533073080493324,18.40862511289562
7100,1.1116965368895732e-05,15.078007458900121,0.7876894814301191,2.544166585773219,18.409863526103457
7120,1.1148280764301073e-05,15.07036596075131,0.7873124158264242,2.55288773501186,18.410566111589596
7140,1.1179596159706412e-05,15.061766504962916,0.7877122865985154,2.5615180334879444,18.410996825049374
7160,1.1210911555111753e-05,15.053447236466072,0.7866818353546192,2.5712116501087445,18.411340721929434
7180,1.1242226950517092e-05,15.045397835894498,0.7878893810072597,2.578776413839946,18.412063630741702
7200,1.1273542345922433e-05,15.034572327348958,0.7884316172643326,2.590089013740841,18.41309295835413
7220,1.1304857741327772e-05,15.025316365046056,0.7880332579929713,2.6004342138565155,18.413783836895544
7240,1.1336173136733113e-05,15.019376980798423,0.7872652045048355,2.6074937148875055,18.414135900190765
7260,1.1367488532138452e-05,15.012188884398382,0.7873619059048651,2.6152792368127074,18.414830027115954
7280,1.1398803927543793e-05,15.001433602938569,0.7882997290629887,2.625459218550795,18.41519255055235
7300,1.1430119322949132e-05,14.994592424218869,0.7876755993949971,2.6337568706659504,18.41602489427982
7320,1.1461434718354473e-05,14.985424111603628,0.7882942183632696,2.6429299561346253,18.416648286101523
7340,1.1492750113759812e-05,14.975330148241369,0.7879728789682593,2.653766503016749,18.417069530226378
7360,1.1524065509165153e-05,14.968214599186254,0.7892452410284699,2.660216421604457,18.41767626181918
7380,1.1555380904570492e-05,14.959404507399066,0.7898887128614882,2.668981887771749,18.418275108032304
7400,1.1586696299975833e-05,14.948126976944396,0.7908431418011046,2.6801401363415516,18.419110255087052
7420,1.1618011695381173e-05,14.940495013413816,0.791604743868262,2.6876172668981027,18.41971702418018
7440,1.1649327090786514e-05,14.928724201717106,0.7921946951648748,2.6991913928476863,18.420110289729667
7460,1.1680642486191853e-05,14.920617872771322,0.7943395146967165,2.7056555409916916,18.42061292845973
7480,1.1711957881597194e-05,14.909687622699813,0.7947412648336455,2.716510078770437,18.420938966303893
7500,1.1743273277002533e-05,14.903233835068239,0.7947506836398237,2.723047935158319,18.42103245386638
7520,1.1774588672407874e-05,14.891612405040373,0.7967361872748641,2.73331010254738,18.421658694862614
7540,1.1805904067813213e-05,14.88184047053975,0.7984214673380333,2.742040991655294,18.422302929533075
7560,1.1837219463218554e-05,14.872971418106648,0.798736900313865,2.7507358673598534,18.422444185780364
7580,1.1868534858623893e-05,14.863150149869634,0.7996681196534076,2.7603083005194504,18.42312657004249
7600,1.1899850254029234e-05,14.853285280269422,0.8003184974020336,2.769836118478321,18.423439896149777
7620,1.1931165649434573e-05,14.846084458355072,0.8006199036207627,2.7771520547419684,18.423856416717804
7640,1.1962481044839914e-05,14.833396204960419,0.8004490667733754,2.7905384465950576,18.42438371832885
7660,1.1993796440245253e-05,14.828422034629465,0.8014599747754871,2.795108023642368,18.42499003304732
7680,1.2025111835650594e-05,14.817791043783295,0.8026160385741655,2.805018874224391,18.42542595658185
7700,1.2056427231055935e-05,14.807816193962655,0.8035342803248767,2.8147243961796633,18.426074870467197
7720,1.2087742626461274e-05,14.796368575169195,0.803838723036918,2.826411394671368,18.426618692877483
7740,1.2119058021866615e-05,14.78877345224088,0.8044734204138817,2.833455724682281,18.42670259733704
7760,1.2150373417271955e-05,14.778858907722206,0.8046540604990071,2.8433786378396597,18.426891606060874
7780,1.2181688812677295e-05,14.770329379813388,0.8051326023742055,2.852096564474475,18.42755854666207
7800,1.2213004208082635e-05,14.758256977095494,0.8068638701220234,2.8629624947437424,18.428083341961262
7820,1.2244319603487976e-05,14.746947256051625,0.8055666003673011,2.875885535194244,18.42839939161317
7840,1.2275634998893315e-05,14.741714675588101,0.806211600855793,2.88049588259047,18.428422159034362
7860,1.2306950394298656e-05,14.731301012739232,0.8068425962961949,2.890509746185021,18.428653355220447
7880,1.2338265789703995e-05,14.717883516778747,0.8066557506685914,2.9049406297696656,18.429479897217004
7900,1.2369581185109336e-05,14.713396542178952,0.8064177903065813,2.9098623539406425,18.429676686426177
7920,1.2400896580514675e-05,14.700762407730675,0.8072685280495782,2.922622671764276,18.430653607544528
7940,1.2432211975920016e-05,14.69352581167871,0.80754024317457,2.930283616189784,18.431349671043062
7960,1.2463527371325355e-05,14.685262978115134,0.8077040976862786,2.938836958701128,18.43180403450254
7980,1.2494842766730696e-05,14.676175567987963,0.8078231670883705,2.9486658255864038,18.432664560662737
8000,1.2526158162136035e-05,14.665769733029396,0.8074882956775452,2.959807138037956,18.433065166744896
8020,1.2557473557541376e-05,14.658507618659662,0.8064811146876542,2.9682711516098976,18.433259884957216
8040,1.2588788952946715e-05,14.648294284384622,0.8076961473238202,2.9778425507991706,18.433832982507614
8060,1.2620104348352056e-05,14.640890605871288,0.8062207473348675,2.9870679755264806,18.434179328732636
8080,1.2651419743757396e-05,14.631494323676137,0.8061667295107039,2.996618235526748,18.43427928871359
8100,1.2682735139162736e-05,14.621370147440885,0.8074780833420568,3.0052419234850296,18.43409015426797
8120,1.2714050534568076e-05,14.609857544326582,0.8067484297716057,3.016005883549015,18.432611857647203
8140,1.2745365929973417e-05,14.603212040759475,0.8074937240951721,3.0222686007107775,18.432974365565425
8160,1.2776681325378756e-05,14.591676302239048,0.8074865145140733,3.033623784337479,18.432786601090598
8180,1.2807996720784097e-05,14.58236659270207,0.8086666470113049,3.0419235569728054,18.43295679668618
8200,1.2839312116189436e-05,14.573645444623047,0.8100609812195677,3.049654942261642,18.433361368104258
8220,1.2870627511594777e-05,14.562170067830913,0.8111521420985077,3.060806102582087,18.434128312511508
8240,1.2901942907000116e-05,14.552557420135939,0.8126849066132471,3.0696999888548904,18.434942315604076
8260,1.2933258302405457e-05,14.542399585957387,0.8152667778926072,3.077985867286473,18.435652231136466
8280,1.2964573697810796e-05,14.531256189228952,0.816419973072931,3.0876623984850577,18.43533856078694
8300,1.2995889093216137e-05,14.51935345319021,0.817981415888385,3.0976216584107483,18.43495652748934
8320,1.3027204488621476e-05,14.506543705291461,0.8190435974752219,3.108444727746632,18.434032030513315
8340,1.3058519884026817e-05,14.497237671647662,0.8219264275782645,3.1150829712205192,18.434247070446446
8360,1.3089835279432158e-05,14.486300162381884,0.8242622654349621,3.1238285727538875,18.434391000570734
8380,1.3121150674837497e-05,14.472140234086439,0.8257840267905728,3.136027825665149,18.43395208654216
8400,1.3152466070242838e-05,14.463898028274334,0.8279105631820982,3.142145764583458,18.43395435603989
8420,1.3183781465648177e-05,14.453243417822211,0.8298513690494791,3.1510120547873957,18.434106841659087
8440,1.3215096861053518e-05,14.44327453033658,0.8313673092327928,3.1595022379821773,18.43414407755155
8460,1.3246412256458858e-05,14.432798294369718,0.8323009354260819,3.1691701900853086,18.434269419881108
8480,1.3277727651864198e-05,14.417477255553619,0.8353591510521091,3.1822291828197304,18.43506558942546
8500,1.3309043047269538e-05,14.411492661923354,0.8356006699514067,3.187522037630303,18.434615369505064
8520,1.3340358442674879e-05,14.397584991086148,0.8369865189970817,3.200210025591041,18.434781535674272
8540,1.3371673838080218e-05,14.389677199754018,0.8383333592024513,3.2074389949719184,18.43544955392839
8560,1.3402989233485559e-05,14.377050354552296,0.8393576904340432,3.2197319686352133,18.436140013621554
8580,1.3434304628890898e-05,14.368271952603484,0.8421954812032713,3.2262150168152246,18.43668245062198
8600,1.3465620024296239e-05,14.356029164089957,0.8435275542917161,3.2378091222685716,18.437365840650244
8620,1.3496935419701578e-05,14.346689571974602,0.8453966025568791,3.245785867636868,18.43787204216835
8640,1.3528250815106919e-05,14.336375391595979,0.8480145325060104,3.2539476841519863,18.438337608253974
8660,1.3559566210512258e-05,14.323549372358961,0.8488838147874337,3.2657439295985453,18.43817711674494
8680,1.3590881605917599e-05,14.316664468345625,0.8491694098294578,3.272388893803293,18.438222771978374
8700,1.3622197001322938e-05,14.303388771830793,0.8508874971333498,3.284097522604287,18.43837379156843
8720,1.365351239672828e-05,14.291701534218724,0.8518745104461555,3.295726761428285,18.439302806093163
8740,1.3684827792133618e-05,14.280336299477575,0.8532639904174055,3.306406698860278,18.440006988755258
8760,1.371614318753896e-05,14.27253515177544,0.8553885935690114,3.312795974172273,18.440719719516725
8780,1.3747458582944299e-05,14.25779167617143,0.8575740853005663,3.326513251182766,18.441879012654763
8800,1.377877397834964e-05,14.251984678294013,0.858339750783423,3.3317177352380742,18.44204216431551
8820,1.3810089373754979e-05,14.238931956048145,0.8602117909686469,3.3424462845178025,18.441590031534595
8840,1.384140476916032e-05,14.22574002967961,0.8632016428313947,3.352587821752619,18.441529494263623
8860,1.3872720164565659e-05,14.21067452530774,0.8653935754846934,3.3662350744960188,18.44230317528845
8880,1.3904035559971e-05,14.20202187380816,0.8670074499362856,3.373851519337107,18.442880843081554
8900,1.3935350955376339e-05,14.191828057573739,0.8683941621743856,3.3825448972157597,18.442767116963886
8920,1.396666635078168e-05,14.182910286838457,0.8696055471163324,3.391278499259813,18.4437943332146
8940,1.3997981746187019e-05,14.171605600562039,0.8708525164102005,3.4013659541884356,18.443824071160677
8960,1.402929714159236e-05,14.159891587178407,0.8727204962141383,3.4112724143425766,18.44388449773512
8980,1.4060612536997701e-05,14.151116771981627,0.874101176699592,3.4184958034302415,18.44371375211146
9000,1.409192793240304e-05,14.136470501212907,0.8747616352101208,3.43225008065298,18.443482217076006
9020,1.4123243327808381e-05,14.128840843114748,0.8766888633341486,3.437967547817901,18.4434972542668
9040,1.415455872321372e-05,14.114018419111671,0.8786261732729637,3.4507874716934164,18.443432064078053
9060,1.4185874118619061e-05,14.104418931561675,0.8798054171287966,3.4594655574195183,18.443689906109988
9080,1.42171895140244e-05,14.095555492257583,0.8820592657591414,3.4669001611972847,18.444514919214008
9100,1.4248504909429741e-05,14.085287492871545,0.8848119170438502,3.474995347553273,18.445094757468667
9120,1.427982030483508e-05,14.07391057159801,0.8867300162170744,3.4847804787579575,18.44542106657304
9140,1.4311135700240421e-05,14.058165814596434,0.888225089870738,3.4998527191017006,18.446243623568872
9160,1.434245109564576e-05,14.051686175277085,0.8903685432562717,3.504607721685034,18.446662440218393
9180,1.4373766491051102e-05,14.0411635871111,0.8925417862445303,3.513769466276745,18.447474839632378
9200,1.440508188645644e-05,14.029105085144176,0.8948806981986261,3.5243074312417133,18.448293214584517
9220,1.4436397281861782e-05,14.018706536948702,0.8969509447215552,3.5336935490704864,18.449351030740743
9240,1.4467712677267121e-05,14.007305013683492,0.8987309464074161,3.5437461937878574,18.449782153878765
9260,1.4499028072672462e-05,13.995258997621857,0.9014451544595343,3.553896749849879,18.45060090193127
9280,1.4530343468077801e-05,13.980817057981731,0.9035008443407719,3.5665094743348336,18.450827376657337
9300,1.4561658863483142e-05,13.974277607330961,0.904611435721711,3.5722679429351487,18.451156985987822
9320,1.4592974258888481e-05,13.962088234983629,0.907319337555797,3.582078756418197,18.451486328957625
9340,1.4624289654293822e-05,13.952232854461734,0.9087121209163516,3.590597054273852,18.45154202965194
9360,1.4655605049699161e-05,13.940794666753828,0.9100019586662647,3.60056549715724,18.451362122577333
9380,1.4686920445104502e-05,13.928991023124127,0.9124120333189628,3.610205065219053,18.451608121662144
9400,1.4718235840509841e-05,13.914811732163784,0.9140213218887496,3.622784204883685,18.45161725893622
9420,1.4749551235915182e-05,13.906436686091576,0.915544207985811,3.629830319294151,18.45181121337154
9440,1.4780866631320521e-05,13.895099496309305,0.9167607461813568,3.64056508442214,18.452425326912802
9460,1.4812182026725862e-05,13.884752529163215,0.9191169941831238,3.6485735323528474,18.452443055699188
9480,1.4843497422131202e-05,13.874783336641315,0.9203269642363718,3.6577576038137143,18.452867904691402
9500,1.4874812817536543e-05,13.861996825047937,0.9235421508537175,3.6681840803766175,18.45372305627827
9520,1.4906128212941882e-05,13.851476555393928,0.9244923260802166,3.677837066098319,18.453805947572462
9540,1.4937443608347223e-05,13.840738568549906,0.9268935761407759,3.6867118883302785,18.45434403302096
9560,1.4968759003752562e-05,13.826953152359556,0.9279117772947071,3.7000929000715326,18.454957829725796
9580,1.5000074399157903e-05,13.81812274825333,0.9300104876153356,3.707098194898321,18.455231430766986
9600,1.5031389794563244e-05,13.806870389405049,0.9303720854887494,3.7185049373257577,18.455747412219555
9620,1.5062705189968583e-05,13.796326301232167,0.9325603891516108,3.727082365075942,18.455969055459718
9640,1.5094020585373924e-05,13.782975033652164,0.9333258492394269,3.7397969414427426,18.456097824334336
9660,1.5125335980779263e-05,13.773806198307161,0.9361779176071094,3.7467835062781543,18.456767622192423
9680,1.5156651376184604e-05,13.762309168662798,0.938068587549696,3.756715463651309,18.4570932198638
9700,1.5187966771589943e-05,13.751694462250796,0.9402211326622935,3.765534135951852,18.45744973086494
9720,1.5219282166995284e-05,13.736772659442046,0.9420956890069696,3.7786910447851314,18.457559393234146
9740,1.5250597562400623e-05,13.723235849544242,0.944799730753904,3.7905792461343513,18.458614826432495
9760,1.5281912957805964e-05,13.715801514135883,0.9467650198583742,3.79614414069703,18.458710674691286
9780,1.5313228353211303e-05,13.70444142267359,0.9490283811770072,3.8058651579104454,18.45933496176104
9800,1.5344543748616643e-05,13.6892696374032,0.9524906976579444,3.818697331395086,18.46045766645623
9820,1.5375859144021985e-05,13.676006757192624,0.9538915961365295,3.8320574824141516,18.461955835743304
9840,1.5407174539427324e-05,13.668484891276444,0.9557147391995153,3.837561675481421,18.46176130595738
9860,1.5438489934832664e-05,13.651428209902098,0.957684299411715,3.853055573705621,18.462168083019435
9880,1.5469805330238003e-05,13.644270046387334,0.9592328321040092,3.859269296376527,18.46277217486787
9900,1.5501120725643345e-05,13.632888893960569,0.9607033285101729,3.869629674051261,18.463221896522
9920,1.5532436121048685e-05,13.620003000588554,0.9637176174694649,3.88070935339088,18.464429971448897
9940,1.5563751516454024e-05,13.60930508460016,0.9647758988435152,3.8905435806859856,18.46462456412966
9960,1.5595066911859363e-05,13.592382275497066,0.9676622457907992,3.9049166747306123,18.46496119601848
9980,1.5626382307264706e-05,13.583465292713878,0.9703294914908184,3.912344223267631,18.46613900747233
10000,1.5657697702670045e-05,13.572566835221526,0.9726946009582382,3.9213786297813447,18.46664006596111
10020,1.5689013098075384e-05,13.560613682954159,0.973408245439085,3.932163612562443,18.46618554095569
10040,1.5720328493480723e-05,13.543187222862702,0.9765785006062478,3.9468406819596193,18.46660640542857
10060,1.5751643888886066e-05,13.534140659934057,0.9791061866503702,3.953918971174751,18.467165817759177
10080,1.5782959284291405e-05,13.51970973999649,0.9836381440283729,3.9647143364872326,18.468062220512095
10100,1.5814274679696744e-05,13.5061665554847,0.9863225417679126,3.9761155742644645,18.468604671517078
10120,1.5845590075102084e-05,13.494618740650692,0.9902988777083293,3.9843723998672065,18.469290018226225
10140,1.5876905470507426e-05,13.478482820659895,0.9935665582255565,3.9983291288839373,18.47037850776939
10160,1.5908220865912765e-05,13.4656737576568,0.9976645596033028,4.00796747429289,18.471305791552993
10180,1.5939536261318105e-05,13.454417384913151,1.0009262282951763,4.01608054902189,18.471424162230218
10200,1.5970851656723444e-05,13.439576290262163,1.0035044770785153,4.028891035675135,18.471971803015812
10220,1.6002167052128786e-05,13.428212090434164,1.006223071291908,4.037760065188536,18.472195226914607
10240,1.6033482447534126e-05,13.412909654751198,1.010393804593468,4.050101347098005,18.473404806442673
10260,1.6064797842939465e-05,13.401582771356306,1.0137723734839839,4.05867786274003,18.47403300758032
10280,1.6096113238344808e-05,13.38468922863003,1.0169560223239082,4.073138153027709,18.474783403981647
10300,1.6127428633750147e-05,13.3761211487194,1.0203621072768208,4.078767714814058,18.47525097081028
10320,1.6158744029155486e-05,13.363131071578907,1.0243055033777206,4.0882734110477434,18.47570998600437
10340,1.6190059424560825e-05,13.346845578667697,1.0280165509133676,4.101580876511689,18.476443006092754
10360,1.6221374819966168e-05,13.334389540371923,1.0316011845434847,4.111184889161413,18.47717561407682
10380,1.6252690215371507e-05,13.322157512487193,1.0357742853623297,4.1198566185225305,18.477788416372054
10400,1.6284005610776846e-05,13.310826787352177,1.038569354617181,4.129364349594276,18.478760491563634
10420,1.6315321006182185e-05,13.297204238339111,1.041807245483262,4.140299226736262,18.479310710558636
10440,1.6346636401587528e-05,13.285526879124824,1.0446414218170013,4.149663426532464,18.479831727474288
10460,1.6377951796992867e-05,13.268513173493213,1.0486852268275855,4.162923311564027,18.480121711884827
10480,1.6409267192398206e-05,13.258997095189812,1.0518870636303663,4.170426968796264,18.481311127616443
10500,1.6440582587803546e-05,13.245965412232897,1.0553192052708857,4.180439922713187,18.48172454021697
10520,1.6471897983208888e-05,13.234324117038772,1.0579060026876779,4.189856170794197,18.482086290520648
10540,1.6503213378614227e-05,13.218509232213638,1.0625105121860594,4.201322829832719,18.482342574232415
10560,1.6534528774019567e-05,13.204706962301133,1.0635873580472752,4.215084935719154,18.48337925606756
10580,1.6565844169424906e-05,13.193279203830526,1.0674934229853394,4.222340651497502,18.48311327831337
10600,1.659715956483025e-05,13.184146546780994,1.0698877289905029,4.229301457834548,18.483335733606044
10620,1.6628474960235588e-05,13.168161470906956,1.0727138479571627,4.243470859119839,18.48434617798396
10640,1.6659790355640927e-05,13.156583994907443,1.0763704074432672,4.25237756325379,18.4853319656045
10660,1.6691105751046266e-05,13.146938425870129,1.079360887867256,4.25976729984629,18.486066613583674
10680,1.672242114645161e-05,13.132524713508264,1.081882007396782,4.271651953915062,18.486058674820107
10700,1.6753736541856948e-05,13.120996453438714,1.0852200976930608,4.280067616747302,18.486284167879077
10720,1.6785051937262287e-05,13.10613990606146,1.087698436767842,4.292345246017654,18.486183588846956
10740,1.6816367332667626e-05,13.098152530299792,1.0901461663097252,4.299101811338046,18.487400507947562
10760,1.684768272807297e-05,13.083507601440546,1.0923253068176342,4.312998962573643,18.488831870831824
10780,1.6878998123478308e-05,13.075100645944474,1.0954438698084272,4.318735428765894,18.489279944518795
10800,1.6910313518883647e-05,13.063588325903588,1.0959913621006516,4.32927480211753,18.488854490121767
10820,1.6941628914288987e-05,13.048891811433727,1.098267270016913,4.342113674869771,18.48927275632041
10840,1.697294430969433e-05,13.040323501298321,1.1000830963341939,4.349582007842761,18.489988605475276
10860,1.700425970509967e-05,13.02574669580112,1.1035294087640928,4.362114988403427,18.49139109296864
10880,1.7035575100505008e-05,13.01259138586014,1.1046716586466965,4.374664301116271,18.491927345623107
10900,1.706689049591035e-05,13.000035829734362,1.1088135269723585,4.383719694381053,18.492569051087774
10920,1.709820589131569e-05,12.989400958830075,1.1101573555564375,4.393086735944654,18.492645050331166
10940,1.712952128672103e-05,12.972181410623088,1.112610741732753,4.4090532280974095,18.49384538045325
10960,1.7160836682126368e-05,12.9643687189021,1.1152094809339141,4.414139995404283,18.493718195240298
10980,1.719215207753171e-05,12.950435885141538,1.1163168133852812,4.427566009899971,18.49431870842679
11000,1.722346747293705e-05,12.940584170160573,1.1196628947980918,4.43463240861134,18.494879473570006
11020,1.725478286834239e-05,12.931739954167151,1.1205684881575662,4.442757067091493,18.49506550941621
11040,1.7286098263747728e-05,12.91389462730619,1.1230296053853803,4.459131991388198,18.49605622407977
11060,1.731741365915307e-05,12.904792542466517,1.126207722329588,4.465414313403397,18.496414578199502
11080,1.734872905455841e-05,12.894149302910723,1.1283188495498235,4.473739098581696,18.496207251042243
11100,1.738004444996375e-05,12.88290851523665,1.1299359782387546,4.483619391778243,18.496463885253647
11120,1.741135984536909e-05,12.87031509532692,1.1327196830885258,4.493708220836077,18.496742999251524
11140,1.744267524077443e-05,12.855358952466762,1.133907299945743,4.50737270821398,18.496638960626484
11160,1.747399063617977e-05,12.847955571215392,1.1359898133996695,4.512612714963339,18.4965580995784
11180,1.750530603158511e-05,12.836245422767693,1.137820252377822,4.523178627307447,18.497244302452962
11200,1.753662142699045e-05,12.82298660076409,1.1406609624087367,4.5340921500998945,18.497739713272722
11220,1.756793682239579e-05,12.811157819845631,1.1427795187048957,4.544330731307383,18.498268069857907
11240,1.759925221780113e-05,12.801134143012014,1.1444565082889584,4.552934025966202,18.498524677267174
11260,1.763056761320647e-05,12.786498711506914,1.145972703778195,4.566961817703196,18.499433232988306
11280,1.766188300861181e-05,12.778204080142434,1.148044383726653,4.573448962806575,18.49969742667566
11300,1.769319840401715e-05,12.768625435071336,1.149381518212768,4.582420700729628,18.500427654013734
11320,1.772451379942249e-05,12.757167805385487,1.1509434774107445,4.5932375192105654,18.501348802006795
11340,1.775582919482783e-05,12.743582220122216,1.1536432566173482,4.604586016751053,18.501811493490617
11360,1.778714459023317e-05,12.735699926895999,1.151942681283434,4.61425445943567,18.5018970676151
11380,1.7818459985638512e-05,12.728483850661677,1.1526072874457785,4.6213583290719,18.502449467179357
11400,1.784977538104385e-05,12.71766928789581,1.1529949989882922,4.631814529975046,18.50247881685915
11420,1.788109077644919e-05,12.703744969393046,1.1540572158578077,4.643858484335047,18.501660669585902
11440,1.791240617185453e-05,12.695521494168093,1.1533355851308718,4.651115414946016,18.49997249424498
11460,1.7943721567259872e-05,12.680143093535438,1.153994598202075,4.664381224552802,18.498518916290315
11480,1.797503696266521e-05,12.667583783647295,1.1553537205061664,4.674907737380119,18.497845241533582
11500,1.800635235807055e-05,12.657768542799502,1.1559653169470632,4.682782444479981,18.496516304226546
11520,1.803766775347589e-05,12.642382872349945,1.158570564728874,4.695220234216968,18.496173671295786
11540,1.8068983148881232e-05,12.629187974896805,1.160356990589498,4.706535768035736,18.49608073352204
11560,1.810029854428657e-05,12.620010814660347,1.1606081971120121,4.715473432372609,18.496092444144967
11580,1.813161393969191e-05,12.606132162511592,1.1616051848750037,4.729001929626758,18.496739277013354
11600,1.8162929335097253e-05,12.589490268695272,1.1634196266798025,4.739403776576401,18.492313671951475
11620,1.8194244730502593e-05,12.574902781451417,1.164144596345711,4.748999888365441,18.488047266162567
11640,1.8225560125907932e-05,12.558410114905698,1.1647849087538253,4.761772701289403,18.484967724948927
11660,1.825687552131327e-05,12.545414457909231,1.165357029367179,4.772642349901224,18.483413837177636
11680,1.8288190916718614e-05,12.531860078969409,1.1664670616354933,4.784559127565315,18.48288626817022
11700,1.8319506312123953e-05,12.512495069323917,1.1701806606020118,4.800798745316451,18.48347447524238
11720,1.8350821707529292e-05,12.498880145275571,1.1716666758471295,4.814146563696131,18.484693384818833
11740,1.838213710293463e-05,12.48598497096333,1.1738324962646238,4.826522142953561,18.486339610181513
11760,1.8413452498339974e-05,12.47017314987905,1.176391953377686,4.843181490484706,18.489746593741444
11780,1.8444767893745313e-05,12.458724122312216,1.1778464286862045,4.856196659968783,18.492767210967205
11800,1.8476083289150652e-05,12.44739952810653,1.1806184140175244,4.8673457423498085,18.495363684473865
11820,1.850739868455599e-05,12.43346461115205,1.1826321227326286,4.8820800550293075,18.498176788913987
11840,1.8538714079961334e-05,12.418407411699238,1.1849347783514808,4.897786421589129,18.50112861163985
11860,1.8570029475366673e-05,12.404823733555826,1.187672062346415,4.911235046654072,18.503730842556315
11880,1.8601344870772013e-05,12.392957277184935,1.1904035090205967,4.921772431469057,18.50513321767459
11900,1.8632660266177352e-05,12.379524715008598,1.193453228167798,4.933252949871887,18.506230893048283
11920,1.8663975661582694e-05,12.370960618274925,1.1942401924803352,4.942243513046847,18.507444323802105
11940,1.8695291056988034e-05,12.359025981797116,1.1965392630617446,4.953511523122121,18.509076767980982
11960,1.8726606452393373e-05,12.344813871610025,1.1985230842763832,4.967407134082903,18.51074408996931
11980,1.8757921847798712e-05,12.336761417848228,1.2011921398601715,4.974561817001199,18.5125153747096
12000,1.8789237243204055e-05,12.327620750942542,1.2024425761255872,4.984411654470703,18.514474981538832
12020,1.8820552638609394e-05,12.31649720392188,1.2034004734260146,4.995440804149615,18.51533848149751
12040,1.8851868034014733e-05,12.305381241915327,1.2053590497423878,5.006294574786847,18.51703486644456
12060,1.8883183429420072e-05,12.296696252213328,1.2063623713640765,5.015606572936836,18.51866519651424
12080,1.8914498824825415e-05,12.288523257899655,1.2068998641704998,5.02432672490813,18.519749846978286
12100,1.8945814220230754e-05,12.278689303743079,1.2095320926450346,5.032694261680437,18.52091565806855
12120,1.8977129615636093e-05,12.271255007880182,1.2097039159368952,5.04082181140616,18.52178073522324
12140,1.9008445011041433e-05,12.261784207397406,1.209979785690863,5.050671148680123,18.52243514176839
12160,1.9039760406446775e-05,12.252908934379128,1.2116886968174063,5.057818145625186,18.52241577682172
12180,1.9071075801852114e-05,12.24504362421785,1.2113837040201383,5.0658447484545395,18.522272076692527
12200,1.9102391197257454e-05,12.232089165320915,1.2116128545406062,5.077963889140696,18.521665909002216
12220,1.9133706592662796e-05,12.225632963941434,1.2110450878290588,5.084294509077532,18.520972560848023
12240,1.9165021988068135e-05,12.216070395337713,1.2122762585727511,5.092415981657141,18.520762635567607
12260,1.9196337383473475e-05,12.203827041113923,1.2145216958045562,5.103006910871643,18.521355647790124
12280,1.9227652778878814e-05,12.19260444803168,1.2164181721797434,5.113126394109555,18.52214901432098
12300,1.9258968174284156e-05,12.182608300809077,1.2207440413815631,5.119800004195845,18.523152346386485
12320,1.9290283569689496e-05,12.169500573839363,1.2240373702251535,5.129710941440002,18.52324888550452
12340,1.9321598965094835e-05,12.159272183623393,1.2263955765151917,5.137721096018673,18.523388856157258
12360,1.9352914360500174e-05,12.141919594578887,1.230855423548619,5.151272867888059,18.524047886015566
12380,1.9384229755905517e-05,12.130942639137825,1.2336332417703917,5.159175598130512,18.52375147903873
12400,1.9415545151310856e-05,12.124765513645391,1.2354410393302528,5.163844405313952,18.524050958289596
12420,1.9446860546716195e-05,12.107147520334642,1.2380255897058403,5.17903998062029,18.524213090660773
12440,1.9478175942121534e-05,12.100553552483035,1.241077998337808,5.182528319315704,18.524159870136547
12460,1.9509491337526877e-05,12.0888450345678,1.2435696493544628,5.191516688569464,18.523931372491727
12480,1.9540806732932216e-05,12.080565712873117,1.2440190379109004,5.19911101551893,18.52369576630295
12500,1.9572122128337555e-05,12.064685997772667,1.245314314612046,5.212533212481296,18.52253352486601
12520,1.9603437523742895e-05,12.058698115802274,1.2452480786555973,5.2180493947569335,18.521995589214804
12540,1.9634752919148237e-05,12.046040243745718,1.245853898789818,5.230318567032639,18.522212709568176
12560,1.9666068314553576e-05,12.039864327287399,1.2473633771818795,5.234969631153424,18.5221973356227
12580,1.9697383709958916e-05,12.025573685719111,1.249992646666972,5.247015778832696,18.522582111218778
12600,1.9728699105364255e-05,12.015439925554046,1.252520029547727,5.254770523140047,18.52273047824182
12620,1.9760014500769597e-05,12.00463635851382,1.2563887556899194,5.262423279853539,18.523448394057276
12640,1.9791329896174937e-05,11.99489485439549,1.2582191630604713,5.270576733693895,18.523690751149857
12660,1.9822645291580276e-05,11.979440707841174,1.2599946473080508,5.284620741690658,18.524056096839885
12680,1.9853960686985615e-05,11.97137755199834,1.262369573324588,5.291288917580175,18.525036042903103
12700,1.9885276082390958e-05,11.962704312858092,1.2629789369090332,5.299149436661575,18.5248326864287
12720,1.9916591477796297e-05,11.955005765234443,1.2624287981096143,5.3072199336650465,18.524654497009102
12740,1.9947906873201636e-05,11.940939120044696,1.2614283528122179,5.322196847198189,18.524564320055102
12760,1.9979222268606975e-05,11.933642230826743,1.2649922399552525,5.326698269308031,18.52533274009003
12780,2.0010537664012318e-05,11.92550786965586,1.264429641413142,5.3356433626167155,18.525580873685715
12800,2.0041853059417657e-05,11.915583373286964,1.264302514376051,5.345625077446736,18.525510965109753
12820,2.0073168454822996e-05,11.901401041044847,1.2646606931067335,5.359946159150515,18.526007893302097
12840,2.010448385022834e-05,11.89369310173354,1.2664310941012822,5.365322329525042,18.525446525359865
12860,2.0135799245633678e-05,11.8843429477473,1.2658618810688174,5.375100808660771,18.525305637476887
12880,2.0167114641039017e-05,11.875555395289837,1.2660296231202033,5.383808424739431,18.525393443149472
12900,2.0198430036444357e-05,11.864290461880264,1.2682255520950605,5.392925501474276,18.5254415154496
12920,2.02297454318497e-05,11.85306347363985,1.2683457053643818,5.403609025736111,18.52501820474034
12940,2.026106082725504e-05,11.83647842669309,1.2710164435692992,5.417900148061772,18.52539501832416
12960,2.0292376222660378e-05,11.828049764290846,1.2736880200856264,5.424366447574734,18.526104231951205
12980,2.0323691618065717e-05,11.81069515606055,1.276065456342093,5.439975697587059,18.5267363099897
13000,2.035500701347106e-05,11.801544830053132,1.2779040866549933,5.447150745087722,18.52659966179585
13020,2.03863224088764e-05,11.788171076754004,1.2817782939573596,5.457190859175603,18.527140229886967
13040,2.0417637804281738e-05,11.772927671625109,1.281745348769717,5.472760950170606,18.527433970565433
13060,2.0448953199687077e-05,11.76575152701289,1.2821010401947495,5.479332916729064,18.527185483936705
13080,2.048026859509242e-05,11.755165480057265,1.2837205604488886,5.488359703636291,18.527245744142444
13100,2.051158399049776e-05,11.737981828916512,1.2843461231545426,5.50464476809727,18.526972720168324
13120,2.0542899385903098e-05,11.734029683983762,1.2821257953383172,5.5106343388562795,18.526789818178358
13140,2.0574214781308437e-05,11.724983615904282,1.2812164623604083,5.520067005538762,18.526267083803454
13160,2.060553017671378e-05,11.709784630300597,1.2814862132533293,5.534379416430613,18.525650259984538
13180,2.063684557211912e-05,11.702458541216956,1.281131351868366,5.542219446186331,18.525809339271653
13200,2.066816096752446e-05,11.69127236195843,1.281570161706899,5.552925254207866,18.525767777873195
13220,2.0699476362929798e-05,11.673626847292265,1.282694805972957,5.569913896932931,18.52623555019815
13240,2.073079175833514e-05,11.668737775334405,1.283085784842209,5.574329518898637,18.52615307907525
13260,2.076210715374048e-05,11.655088597313364,1.2839585771826088,5.587516538740823,18.526563713236797
13280,2.079342254914582e-05,11.647754097056572,1.284259995095282,5.595757087739933,18.527771179891786
13300,2.0824737944551158e-05,11.63660455880261,1.286170195816625,5.605879112021889,18.528653866641125
13320,2.08560533399565e-05,11.621395379683747,1.2865884122276998,5.620896755962973,18.52888054787442
13340,2.088736873536184e-05,11.613377785854153,1.2863478546500249,5.629515466175233,18.52924110667941
13360,2.091868413076718e-05,11.596191031602988,1.2870479370595742,5.64625712009581,18.52949608875837
13380,2.0949999526172518e-05,11.590483084248,1.286723730268296,5.653024791665274,18.53023160618157
13400,2.098131492157786e-05,11.578231005044874,1.2875074681625285,5.6666627770170415,18.532401250224446
13420,2.10126303169832e-05,11.567634546149225,1.2883626269720896,5.676031095268474,18.532028268389787
13440,2.104394571238854e-05,11.558414496559699,1.2846760832615989,5.690098761157975,18.533189340979273
13460,2.1075261107793882e-05,11.549350505753766,1.2849540976952376,5.6991305160211105,18.533435119470113
13480,2.110657650319922e-05,11.53952930068408,1.2854007350239192,5.709138760883094,18.534068796591093
13500,2.113789189860456e-05,11.529131680574118,1.2849474599395636,5.720852739671627,18.534931880185308
13520,2.11692072940099e-05,11.515766867101522,1.2847422951276872,5.735554695335312,18.53606385756452
13540,2.1200522689415242e-05,11.504965896606794,1.2865677526851529,5.745841686159758,18.537375335451706
13560,2.123183808482058e-05,11.495880778121819,1.2875182749223517,5.754728650079095,18.538127703123266
13580,2.126315348022592e-05,11.481597876028033,1.288509089233831,5.768412023251657,18.53851898851352
13600,2.129446887563126e-05,11.472362513406894,1.2895761743976322,5.777067724921717,18.539006412726245
13620,2.1325784271036602e-05,11.459458045676348,1.2914002697217135,5.788684730526764,18.539543045924823
13640,2.135709966644194e-05,11.447499895707233,1.2921081414429678,5.8003244501608755,18.539932487311077
13660,2.138841506184728e-05,11.439304537234696,1.291927551843804,5.808708864060399,18.5399409531389
13680,2.141973045725262e-05,11.4230943941087,1.2919705388296994,5.8255339914851305,18.54059892442353
13700,2.1451045852657962e-05,11.414850221973175,1.2925321380418096,5.834072786906163,18.541455146921148
13720,2.1482361248063302e-05,11.406266673714079,1.2926833577204617,5.8428389193579555,18.541788950792494
13740,2.151367664346864e-05,11.39548471957415,1.292145075070017,5.854711000396223,18.54234079504039
13760,2.154499203887398e-05,11.381456873927522,1.2939613612806542,5.86765596106173,18.543074196269906
13780,2.1576307434279323e-05,11.371743873922886,1.2943586909154572,5.87776801307051,18.543870577908855
13800,2.1607622829684662e-05,11.36008225178714,1.2969862687753932,5.887583736719256,18.54465225728179
13820,2.163893822509e-05,11.347141965046378,1.2977785730068618,5.899861362565247,18.54478190061849
13840,2.167025362049534e-05,11.337922799188888,1.2979919237047755,5.909001690714718,18.54491641360838
13860,2.1701569015900683e-05,11.326450124753592,1.300156650658244,5.918367673698048,18.544974449109887
13880,2.1732884411306022e-05,11.314216380255298,1.3006351556111522,5.929818103022725,18.544669638889175
13900,2.176419980671136e-05,11.296346245905962,1.3023306238094594,5.945595719679643,18.544272589395064
13920,2.17955152021167e-05,11.287164909733875,1.3047956134997882,5.95338209265898,18.545342615892643
13940,2.1826830597522043e-05,11.276184134506362,1.3058339381036632,5.963981308911142,18.54599938152117
13960,2.1858145992927382e-05,11.265357337145705,1.3083060466293488,5.973139857210056,18.54680324098511
13980,2.188946138833272e-05,11.245056870169364,1.310572035110755,5.991343899211442,18.54697280449156
14000,2.192077678373806e-05,11.23531790909362,1.3140593354914267,5.998512438418123,18.54788968300317
14020,2.1952092179143403e-05,11.224830244497603,1.3155186367808047,6.008122086227598,18.548470967506006
14040,2.1983407574548743e-05,11.215229345155773,1.3143407210025546,6.018336638735734,18.54790670489406
14060,2.2014722969954082e-05,11.195351695247506,1.3161735877136769,6.037945865981994,18.549471148943177
14080,2.2046038365359425e-05,11.18660728221973,1.3182526138587765,6.044415475077679,18.549275371156185
14100,2.2077353760764764e-05,11.175231947815224,1.3208073453968032,6.054145462631151,18.550184755843176
14120,2.2108669156170103e-05,11.163384488258124,1.3213667347781741,6.066175360316969,18.550926583353267
14140,2.2139984551575442e-05,11.151525679772943,1.3236272132028803,6.0765705857049745,18.5517234786808
14160,2.2171299946980785e-05,11.141161921774627,1.3237913189218737,6.087735521889158,18.55268876258566
14180,2.2202615342386124e-05,11.122521004947941,1.3255371940943805,6.106842874632212,18.554901073674536
14200,2.2233930737791463e-05,11.115723437220524,1.3257761759529996,6.113513934249116,18.55501354742264
14220,2.2265246133196802e-05,11.09765520016109,1.3285518121056996,6.129096481907215,18.555303494174005
14240,2.2296561528602145e-05,11.08931906674685,1.330067075874996,6.135918920040972,18.555305062662818
14260,2.2327876924007484e-05,11.075161846233039,1.331337205755109,6.149043403293014,18.555542455281163
14280,2.2359192319412823e-05,11.062584933505288,1.3340186298827312,6.159454862687072,18.55605842607509
14300,2.2390507714818163e-05,11.045369878357942,1.3362833587246326,6.175069436824565,18.55672267390714
14320,2.2421823110223505e-05,11.034315378981846,1.340379520187529,6.182432801231499,18.557127700400876
14340,2.2453138505628844e-05,11.014562676857683,1.342685524033501,6.199860969963565,18.557109170854748
14360,2.2484453901034184e-05,11.007898781422545,1.3436653599102077,6.205572168823981,18.557136310156736
14380,2.2515769296439523e-05,10.99159471367119,1.347904359361514,6.21835613624446,18.557855209277164
14400,2.2547084691844866e-05,10.9783102232794,1.3501284099454707,6.230761228104792,18.559199861329663
14420,2.2578400087250205e-05,10.966274885847346,1.3520831365962132,6.240628668672683,18.558986691116242
14440,2.2609715482655544e-05,10.957436757840572,1.3542023082256247,6.248278052523974,18.55991711859017
14460,2.2641030878060883e-05,10.940825804959653,1.3562854176438182,6.26373904741712,18.56085027002059
14480,2.2672346273466226e-05,10.931928209891872,1.3574586190327667,6.271025535187736,18.560412364112373
14500,2.2703661668871565e-05,10.923195520888033,1.3585405456677386,6.279869631734984,18.561605698290755
14520,2.2734977064276904e-05,10.905491182829124,1.3617420926915134,6.295076152915413,18.56230942843605
14540,2.2766292459682243e-05,10.896529532926348,1.3651213547406154,6.300459092368787,18.56210998003575
14560,2.2797607855087586e-05,10.875191168496881,1.37020534004648,6.316712971457734,18.562109480001094
14580,2.2828923250492925e-05,10.865219418091975,1.3731643066463504,6.324375451771184,18.56275917650951
14600,2.2860238645898264e-05,10.85229554535471,1.3755781926390909,6.335076491853777,18.56295022984758
14620,2.2891554041303604e-05,10.838889087992662,1.3796668768501106,6.344810607367217,18.56336657220999
14640,2.2922869436708946e-05,10.8255626639059,1.3820972414519894,6.356835041242322,18.564494946600213
14660,2.2954184832114285e-05,10.811884439349058,1.3862167480713015,6.367424126821853,18.565525314242212
14680,2.2985500227519625e-05,10.800363042923692,1.3883526426512751,6.376091475760251,18.564807161335217
14700,2.3016815622924964e-05,10.782022293775931,1.3914083344541937,6.391029365890915,18.56445999412104
14720,2.3048131018330307e-05,10.77233619761591,1.39471359269618,6.396938911580214,18.563988701892306
14740,2.3079446413735646e-05,10.763591577799108,1.3968549228676834,6.403281456081665,18.56372795674846
14760,2.3110761809140985e-05,10.751284477554231,1.39736628763824,6.413754004882566,18.562404770075037
14780,2.3142077204546328e-05,10.734773268697527,1.4008595053441992,6.426404652840022,18.562037426881748
14800,2.3173392599951667e-05,10.72392311250476,1.4013167773980446,6.436236511210716,18.56147640111352
14820,2.3204707995357006e-05,10.714382951341817,1.403133877284564,6.444102635015886,18.561619463642266
14840,2.3236023390762345e-05,10.698346834393817,1.4090465492685196,6.454395662647244,18.56178904630958
14860,2.3267338786167688e-05,10.686547357521818,1.4122121485853918,6.463743023685511,18.56250252979272
14880,2.3298654181573027e-05,10.671598145767666,1.4161007322992814,6.474915449795238,18.562614327862185
14900,2.3329969576978366e-05,10.657676093135015,1.4212557866877387,6.483814050599368,18.56274593042212
14920,2.3361284972383705e-05,10.637809057658394,1.4248919157609554,6.499635934287786,18.562336907707135
14940,2.3392600367789048e-05,10.621084695211298,1.430547668535791,6.50986460549262,18.56149696923971
14960,2.3423915763194387e-05,10.610255114253722,1.4350476045591563,6.516560289304801,18.561863008117676
14980,2.3455231158599727e-05,10.597049071344781,1.4381243339567271,6.526382269909133,18.56155567521064
15000,2.3486546554005066e-05,10.577735825381446,1.4444516836921393,6.539761809399215,18.5619493184728
15020,2.351786194941041e-05,10.567294642290538,1.445993668086849,6.548707808787069,18.561996119164455
15040,2.3549177344815748e-05,10.547995509473905,1.4503528146988744,6.563778047024229,18.56212637119701
15060,2.3580492740221087e-05,10.541017690448719,1.451923044521082,6.569975137377482,18.562915872347283
15080,2.3611808135626426e-05,10.527920705173308,1.4532932224011283,6.581418430755521,18.562632358329957
15100,2.364312353103177e-05,10.516554785004761,1.4558998477490968,6.590194286032121,18.56264891878598
15120,2.3674438926437108e-05,10.505114766482857,1.455974408641553,6.60148022168086,18.56256939680527
15140,2.3705754321842447e-05,10.485155976417314,1.4589521049439358,6.618789102522686,18.562897183883937
15160,2.3737069717247786e-05,10.478248963618057,1.4608999135267513,6.623843225738854,18.562992102883662
15180,2.376838511265313e-05,10.460331446682464,1.4625246785235886,6.640322287021244,18.5631784122273
15200,2.3799700508058468e-05,10.448093502051876,1.4664595917352767,6.6489226736345,18.56347576742165
15220,2.3831015903463807e-05,10.439644178120854,1.4676721657183642,6.65643289897533,18.56374924281455
15240,2.3862331298869146e-05,10.421015338034326,1.4716989645204892,6.671735266415498,18.56444956897031
15260,2.389364669427449e-05,10.411168950665466,1.47154680502475,6.681933869702457,18.564649625392676
15280,2.3924962089679828e-05,10.399790445076396,1.4746807724746478,6.690681631048467,18.56515284859951
15300,2.3956277485085168e-05,10.380320983386373,1.4765093833725624,6.709125980437935,18.56595634719687
15320,2.3987592880490507e-05,10.371880565248436,1.479633501816344,6.714439399470971,18.565953466535753
15340,2.401890827589585e-05,10.361487990060535,1.4811513916732526,6.7231906187738995,18.565830000507688
15360,2.405022367130119e-05,10.350301686469798,1.4830453537760981,6.732937860349083,18.56628490059498
15380,2.4081539066706528e-05,10.338650823434214,1.483540996638505,6.743789837313325,18.565981657386043
15400,2.411285446211187e-05,10.322675326111359,1.4865039746070554,6.758560377117283,18.567739677835696
15420,2.414416985751721e-05,10.31347030690771,1.4880445394586492,6.766400919545792,18.56791576591215
15440,2.417548525292255e-05,10.300036152500727,1.4890351474350774,6.779687903692944,18.568759203628748
15460,2.4206800648327888e-05,10.291673363447586,1.4918362311783737,6.785504417607779,18.569014012233737
15480,2.423811604373323e-05,10.279336233795137,1.492923369226169,6.796513067264556,18.56877267028586
15500,2.426943143913857e-05,10.259445184693513,1.4945539280720623,6.815132245673187,18.56913135843876
15520,2.430074683454391e-05,10.245905735076036,1.4990502263958838,6.824798764684208,18.569754726156127
15540,2.4332062229949248e-05,10.241970374849684,1.4996090553236805,6.82821712642744,18.569796556600807
15560,2.436337762535459e-05,10.223487725349091,1.5042704716813964,6.843210822532107,18.570969019562597
15580,2.439469302075993e-05,10.212694363613767,1.509659122400768,6.848841265367978,18.571194751382514
15600,2.442600841616527e-05,10.199122171685113,1.5132619888922263,6.859360385740669,18.57174454631801
15620,2.445732381157061e-05,10.1820912932386,1.5136295525705674,6.87611963552949,18.571840481338654
15640,2.448863920697595e-05,10.172674700010235,1.5183979592478412,6.881158606770938,18.572231266029014
15660,2.451995460238129e-05,10.155857980474968,1.5226583795978483,6.894941323743192,18.57345768381601
15680,2.455126999778663e-05,10.14649884925596,1.5240916059780596,6.902329220869218,18.572919676103236
15700,2.458258539319197e-05,10.125342837341645,1.5302774697978498,6.918812093014341,18.574432400153835
15720,2.461390078859731e-05,10.115342661619373,1.5348598843098926,6.924220190687734,18.574422736617
15740,2.464521618400265e-05,10.093440418919347,1.53949760041898,6.940082766239069,18.573020785577395
15760,2.467653157940799e-05,10.083884771410439,1.542785102381941,6.947151262183368,18.57382113597575
15780,2.470784697481333e-05,10.070419152168977,1.5459934991073707,6.957911868211574,18.574324519487924
15800,2.473916237021867e-05,10.055774083469615,1.5491269298478139,6.970266233849552,18.57516724716698
15820,2.477047776562401e-05,10.046055199806602,1.5503891276995123,6.978704017918896,18.57514834542501
15840,2.480179316102935e-05,10.02851355305175,1.5550284131608156,6.993025524168354,18.57656749038092
15860,2.483310855643469e-05,10.015353384167014,1.5573765067873964,7.004343126974982,18.577073017929393
15880,2.4864423951840032e-05,10.005969092575436,1.559020583182882,7.013127216109194,18.578116891867513
15900,2.489573934724537e-05,9.994501582055833,1.5610818991914273,7.022647642685302,18.57823112393256
15920,2.492705474265071e-05,9.976628974611335,1.5627975238238117,7.037982481292797,18.577408979727945
15940,2.495837013805605e-05,9.96638243449477,1.5660747298134738,7.045307773515774,18.577764937824018
15960,2.4989685533461392e-05,9.946663792926648,1.5678431073625148,7.063613830435578,18.57812073072474
15980,2.502100092886673e-05,9.938423037707333,1.5712227557617653,7.068482469658254,18.57812826312735
16000,2.505231632427207e-05,9.926762493021762,1.5750907222279236,7.076356404935207,18.578209620184893
16020,2.5083631719677413e-05,9.912996745514928,1.577689806848921,7.087792783206806,18.578479335570655
16040,2.5114947115082752e-05,9.899215819213214,1.579942277506902,7.098861442917308,18.578019539637424
16060,2.514626251048809e-05,9.880160341214864,1.5839652447331047,7.114333516679167,18.578459102627136
16080,2.517757790589343e-05,9.868310015736398,1.5895053951406342,7.12132824759931,18.57914365847634
16100,2.5208893301298773e-05,9.85220005454702,1.5909097447226188,7.136249950709027,18.579359749978664
16120,2.5240208696704113e-05,9.83939878957053,1.5965466645998745,7.144170261527237,18.58011571569764
16140,2.5271524092109452e-05,9.829931482149444,1.5981123288594172,7.15300019527897,18.581044006287833
16160,2.530283948751479e-05,9.815685785399022,1.6025666401145424,7.163645304164668,18.581897729678232
16180,2.5334154882920134e-05,9.804269541716298,1.6057231243087076,7.1728269794005,18.582819645425506
16200,2.5365470278325473e-05,9.78958625217712,1.6097114525399905,7.183692373805891,18.582990078523
16220,2.5396785673730812e-05,9.77058254149215,1.6115362654428005,7.199443765281368,18.58156257221632
16240,2.542810106913615e-05,9.758950862502427,1.617411113552713,7.205509867218176,18.581871843273316
16260,2.5459416464541494e-05,9.746706409977326,1.6184925451159162,7.215535116804875,18.580734071898117
16280,2.5490731859946833e-05,9.733510991492246,1.621916712735772,7.225451687367027,18.580879391595044
16300,2.5522047255352172e-05,9.720682464885755,1.62665483521044,7.2340504262745,18.581387726370693
16320,2.555336265075751e-05,9.701731932015036,1.6303920689665958,7.248796030478576,18.58092003146021
16340,2.5584678046162854e-05,9.68804051628974,1.6365229234138812,7.257755015356333,18.582318455059955
16360,2.5615993441568193e-05,9.677344302873767,1.640211473804068,7.265210735052275,18.58276651173011
16380,2.5647308836973533e-05,9.657083009504506,1.6421652609595094,7.282980676174929,18.582228946638946
16400,2.5678624232378872e-05,9.647225686300985,1.6454880643376093,7.289821363328862,18.582535113967456
16420,2.5709939627784214e-05,9.63299624586719,1.6505227718879496,7.298524877304099,18.58204389505924
16440,2.5741255023189554e-05,9.612956788532571,1.6542289037227762,7.31476413498358,18.58194982723893
16460,2.5772570418594893e-05,9.603604430085396,1.6591378204432434,7.319190683273956,18.581932933802594
16480,2.5803885814000232e-05,9.586209222779411,1.6631907265096857,7.33227569488869,18.581675644177786
16500,2.5835201209405575e-05,9.577503162331283,1.66581359781109,7.338336414761915,18.581653174904286
16520,2.5866516604810914e-05,9.562567805719306,1.6702522536257005,7.3490133083309805,18.581833367675987
16540,2.5897832000216253e-05,9.546892702048,1.6721573769736227,7.3625652227042675,18.58161530172589
16560,2.5929147395621592e-05,9.534102153895615,1.6757913908328175,7.3721834779781865,18.58207702270662
16580,2.5960462791026935e-05,9.51890633978399,1.6806570806721524,7.383289584237878,18.58285300469402
16600,2.5991778186432274e-05,9.509239249530717,1.6824092208568044,7.391140705021721,18.582789175409243
16620,2.6023093581837613e-05,9.493786607040416,1.6861763406143755,7.4029610541295,18.582924001784292
16640,2.6054408977242953e-05,9.475100060944373,1.6901825646394721,7.418057017562642,18.583339643146488
16660,2.6085724372648295e-05,9.459038139082363,1.6946413745593527,7.4305834366971855,18.584262950338903
16680,2.6117039768053634e-05,9.441416886414677,1.698654412817997,7.445374592749321,18.585445891981994
16700,2.6148355163458974e-05,9.432123204009338,1.7014384207439983,7.452111693337789,18.585673318091125
16720,2.6179670558864316e-05,9.417852961635766,1.7029118751337455,7.465335988684796,18.58610082545431
16740,2.6210985954269655e-05,9.400307671854648,1.7063024660310335,7.481861474409629,18.58847161229531
16760,2.6242301349674995e-05,9.391789909985066,1.710135657296655,7.486816328019406,18.588741895301126
16780,2.6273616745080334e-05,9.373376900484383,1.7119268906359135,7.504739813852698,18.590043604972994
16800,2.6304932140485676e-05,9.366242276418626,1.7121832231973697,7.5129687976055735,18.59139429722157
16820,2.6336247535891016e-05,9.352456269292613,1.7161176131429974,7.524350090709477,18.59292397314509
16840,2.6367562931296355e-05,9.344141235444127,1.7177441003730225,7.531392754668488,18.593278090485637
16860,2.6398878326701694e-05,9.325401229647998,1.7207116189711165,7.549293108650234,18.59540595726935
16880,2.6430193722107037e-05,9.31200852466836,1.7249289489465494,7.558786474028228,18.595723947643137
16900,2.6461509117512376e-05,9.2984943671544,1.7266948887795055,7.570590408253243,18.59577966418715
16920,2.6492824512917715e-05,9.28143660274436,1.7306110168722777,7.583269667359049,18.595317286975686
16940,2.6524139908323054e-05,9.268597268257421,1.7339615346146926,7.593266393773089,18.5958251966452
16960,2.6555455303728397e-05,9.254124075558156,1.7380233028075078,7.6032033304977995,18.595350708863464
16980,2.6586770699133736e-05,9.239111454004235,1.7431121864506463,7.613693562383309,18.59591720283819
17000,2.6618086094539075e-05,9.226586129563167,1.7461102371226738,7.62336733782722,18.59606370451306
17020,2.6649401489944415e-05,9.213876759296927,1.7488589211586125,7.63328324096029,18.59601892141583
17040,2.6680716885349757e-05,9.199941607554756,1.7519613229139914,7.644211805508469,18.596114735977217
17060,2.6712032280755096e-05,9.18117430330599,1.7550008039690868,7.660026112424315,18.59620121969939
17080,2.6743347676160436e-05,9.168020037637811,1.758403945869689,7.671697038201447,18.59812102170895
17100,2.6774663071565775e-05,9.16068579926113,1.7617747061614788,7.675505593509959,18.597966098932567
17120,2.6805978466971117e-05,9.143017539401368,1.763055913597867,7.692238270711844,18.598311723711078
17140,2.6837293862376457e-05,9.136572912021524,1.7659760217223401,7.696747860001425,18.59929679374529
17160,2.6868609257781796e-05,9.12480166185674,1.7664468910563007,7.7082078431460985,18.59945639605914
17180,2.6899924653187135e-05,9.103407292507953,1.7712090005486785,7.726600050952911,18.601216344009543
17200,2.6931240048592478e-05,9.094833769338933,1.7738524650849452,7.732835345377556,18.601521579801435
17220,2.6962555443997817e-05,9.083191601269256,1.7766490207161452,7.741723845637699,18.6015644676231
17240,2.6993870839403156e-05,9.061676370645014,1.780356188810762,7.7583764339492785,18.600408993405054
17260,2.7025186234808495e-05,9.051042860134462,1.7836463476253703,7.765058210719511,18.599747418479346
17280,2.7056501630213838e-05,9.034801795362538,1.7869139676593608,7.77684552079049,18.598561283812387
17300,2.7087817025619177e-05,9.017189609031796,1.7920475984744964,7.788526106261755,18.59776331376805
17320,2.7119132421024516e-05,9.006314895592322,1.794343530794128,7.796673115008285,18.597331541394734
17340,2.715044781642986e-05,8.989815024865075,1.7986245869660311,7.808072196295689,18.596511808126795
17360,2.7181763211835198e-05,8.974360801778687,1.8021285386272836,7.819340958129557,18.595830298535528
17380,2.7213078607240537e-05,8.9546713854164,1.8046558145355944,7.836365186622846,18.59569238657484
17400,2.7244394002645877e-05,8.941175909915586,1.80895921059865,7.84655062254536,18.596685743059595
17420,2.727570939805122e-05,8.932168204176286,1.8113033003796157,7.8531912917010125,18.596662796256915
17440,2.730702479345656e-05,8.917720614783361,1.8150902132763045,7.863984766669397,18.596795594729063
17460,2.7338340188861898e-05,8.899641346823824,1.8205878330418828,7.876710039765156,18.596939219630862
17480,2.7369655584267237e-05,8.88431070834336,1.8227692170951513,7.890421603866173,18.597501529304687
17500,2.740097097967258e-05,8.87558545276,1.826598304895072,7.895138332409147,18.597322090064218
17520,2.743228637507792e-05,8.855911077323576,1.8294009880711106,7.91178505075858,18.597097116153265
17540,2.7463601770483258e-05,8.84692555000523,1.8333797651920303,7.917108353009926,18.597413668207185
17560,2.7494917165888597e-05,8.836917763210979,1.837032957247037,7.923881757483347,18.597832477941363
17580,2.752623256129394e-05,8.821887842591321,1.8366668932404515,7.938347073540092,18.596901809371865
17600,2.755754795669928e-05,8.81209972647377,1.839384935809175,7.94599246705121,18.597477129334155
17620,2.7588863352104618e-05,8.80022927360626,1.8415517745741419,7.955503898720906,18.597284946901308
17640,2.7620178747509957e-05,8.787882414248353,1.8428407968744487,7.966377180618695,18.597100391741495
17660,2.76514941429153e-05,8.774094729104943,1.844667735334826,7.977382803952648,18.596145268392416
17680,2.768280953832064e-05,8.752351757022904,1.8484652630702052,7.994885288868294,18.595702308961403
17700,2.771412493372598e-05,8.744651548409792,1.84911338540637,8.000964923118229,18.59472985693439
17720,2.7745440329131318e-05,8.734771626597286,1.8515767110595083,8.008518210576675,18.59486654823347
17740,2.777675572453666e-05,8.722716601880975,1.8532428131548175,8.017998515407488,18.59395793044328
17760,2.7808071119942e-05,8.701926393587863,1.8536515486420706,8.037212090181058,18.592790032410992
17780,2.783938651534734e-05,8.689625836579534,1.8575712812093412,8.04483818006879,18.592035297857667
17800,2.7870701910752678e-05,8.67751825848333,1.8601744326113505,8.05436401066698,18.59205670176166
17820,2.790201730615802e-05,8.663724526995956,1.8607548580009783,8.06720097363626,18.591680358633194
17840,2.793333270156336e-05,8.64749790450617,1.8611527469249691,8.084117739591143,18.592768391022283
17860,2.79646480969687e-05,8.64123626159222,1.8631789244008967,8.087775458014224,18.59219064400734
17880,2.7995963492374038e-05,8.627755871280687,1.8649556192721226,8.100188071443903,18.592899561996713
17900,2.802727888777938e-05,8.612855386804783,1.8691146280636346,8.11126532523358,18.593235340101998
17920,2.805859428318472e-05,8.597861041019673,1.870691193215189,8.125654354338195,18.59420658857306
17940,2.808990967859006e-05,8.588802570497133,1.8724454798223473,8.13340992220423,18.594657972523713
17960,2.8121225073995402e-05,8.5752830954403,1.874731767320198,8.145058325049078,18.595073187809575
17980,2.815254046940074e-05,8.561580604597374,1.8764365862974124,8.157620130054953,18.59563732094974
18000,2.818385586480608e-05,8.551115007022055,1.8758386620359355,8.16785193507674,18.59480560413473
18020,2.821517126021142e-05,8.537448530668978,1.8778014822523261,8.18009691960955,18.595346932530855
18040,2.8246486655616762e-05,8.52862411948135,1.8775368957457639,8.189037434773612,18.595198450000723
18060,2.82778020510221e-05,8.511685597699394,1.8776643923068377,8.206282357512668,18.5956323475189
18080,2.830911744642744e-05,8.504490429578725,1.8795609792001773,8.213114777447945,18.597166186226847
18100,2.834043284183278e-05,8.492038353415893,1.8825931593476153,8.22325732782083,18.59788884058434
18120,2.8371748237238122e-05,8.479467902744933,1.881998595559051,8.237185959607189,18.59865245791117
18140,2.840306363264346e-05,8.469107254486683,1.8835931954875758,8.246704428507567,18.599404878481828
18160,2.84343790280488e-05,8.46059726235655,1.8816002295771874,8.257315394074482,18.59951288600822
18180,2.846569442345414e-05,8.44577556981902,1.8856304529864336,8.268919826035003,18.600325848840455
18200,2.8497009818859483e-05,8.430923221328143,1.8845401229726302,8.283177997018194,18.598641341318967
18220,2.8528325214264822e-05,8.421856307059084,1.886270564317301,8.29090517592067,18.599032047297055
18240,2.855964060967016e-05,8.409707354194907,1.8868139082669473,8.30138688277503,18.597908145236886
18260,2.85909560050755e-05,8.396686341800102,1.8881668678074153,8.312906243373675,18.597759452981194
18280,2.8622271400480843e-05,8.385686346869948,1.888028825325539,8.322808808752493,18.59652398094798
18300,2.8653586795886182e-05,8.374182509017983,1.8904388283476328,8.33223471161362,18.596856048979234
18320,2.868490219129152e-05,8.361005273464734,1.892362467305139,8.343243324009297,18.596611064779168
18340,2.871621758669686e-05,8.33939009016342,1.8942139929985797,8.362773629370775,18.596377712532774
18360,2.8747532982102203e-05,8.33143045768234,1.8960677426517543,8.368783221464925,18.59628142179902
18380,2.8778848377507542e-05,8.315574377575963,1.8985779670893908,8.383504252861492,18.597656597526846
18400,2.881016377291288e-05,8.309947523695538,1.9010005460259403,8.386701111030648,18.59764918075213
18420,2.884147916831822e-05,8.297610866368416,1.9006683861113212,8.398237807475235,18.59651705995497
18440,2.8872794563723563e-05,8.277234115824973,1.9040435683046426,8.415742985147995,18.59702066927761
18460,2.8904109959128903e-05,8.269771790137364,1.9055409675172876,8.422283286533771,18.59759604418842
18480,2.8935425354534242e-05,8.251913387148912,1.9061275585121453,8.439948988598225,18.59798993425928
18500,2.896674074993958e-05,8.243447298562963,1.9080617534640756,8.446360252276152,18.597869304303188
18520,2.8998056145344924e-05,8.234580803926331,1.9067145424810927,8.456569790062176,18.5978651364696
18540,2.9029371540750263e-05,8.216924772239821,1.9096829857528468,8.471730504530413,18.59833826252308
18560,2.9060686936155602e-05,8.204011346872981,1.9117159431071786,8.482333406532993,18.59806069651315
18580,2.9092002331560945e-05,8.198037154628034,1.9116762921571226,8.488645673864434,18.59835912064959
18600,2.9123317726966284e-05,8.180699564621857,1.9125097624970155,8.505221914256298,18.59843124137517
18620,2.9154633122371623e-05,8.164420981084081,1.914921108111105,8.519011015995456,18.598353105190643
18640,2.9185948517776962e-05,8.161522698074098,1.9132384529726612,8.523756014710756,18.598517165757514
18660,2.9217263913182305e-05,8.145883906647652,1.9125233030654014,8.540798279138862,18.599205488851915
18680,2.9248579308587644e-05,8.130634106255673,1.9122937476738402,8.556288243647401,18.599216097576914
18700,2.9279894703992983e-05,8.1245191996963,1.912028364144078,8.562608717255115,18.599156281095492
18720,2.9311210099398322e-05,8.114362059997589,1.9103962412912368,8.573958657654192,18.598716958943015
18740,2.9342525494803665e-05,8.095322907478662,1.9081875450526833,8.596272040271234,18.599782492802582
18760,2.9373840890209004e-05,8.08735006843028,1.9085305648667747,8.60228854596971,18.598169179266765
18780,2.9405156285614344e-05,8.080652402216796,1.90734834316882,8.610208122550008,18.598208867935625
18800,2.9436471681019683e-05,8.072536392507132,1.9046107968590962,8.621010939456415,18.598158128822643
18820,2.9467787076425025e-05,8.063376621490336,1.9038247682666838,8.630790730850464,18.597992120607486
18840,2.9499102471830365e-05,8.042078053675091,1.899697703513669,8.656667733115974,18.59844349030473
18860,2.9530417867235704e-05,8.037603489067733,1.8982392824466976,8.661997044264517,18.597839815778947
18880,2.9561733262641043e-05,8.035177331316008,1.894349052596939,8.668318946765488,18.597845330678435
18900,2.9593048658046386e-05,8.021033587415342,1.8937234375760899,8.683355697846737,18.59811272283817
18920,2.9624364053451725e-05,8.002671574268831,1.888784729218682,8.707792265563368,18.59924856905088
18940,2.9655679448857064e-05,8.000501486765282,1.889348558054327,8.70933263090125,18.599182675720858
18960,2.9686994844262403e-05,7.987364675926909,1.8864560334079106,8.727063110143852,18.60088381947867
18980,2.9718310239667746e-05,7.979041566794085,1.885481596412991,8.736321316438945,18.60084447964602
19000,2.9749625635073085e-05,7.962267922115796,1.8816588618414811,8.757922968980486,18.601849752937763
19020,2.9780941030478424e-05,7.956167916793554,1.8817342387092257,8.76335001642705,18.60125217192983
19040,2.9812256425883763e-05,7.939883621082171,1.8779133603915492,8.785565765888725,18.603362747362446
19060,2.9843571821289106e-05,7.934764891748307,1.8764057497747322,8.791912406867798,18.603083048390836
19080,2.9874887216694445e-05,7.924844637613433,1.877014704683284,8.80081822813547,18.602677570432185
19100,2.9906202612099785e-05,7.908321758610564,1.874236084093412,8.819829831254802,18.60238767395878
19120,2.9937518007505124e-05,7.90164945294198,1.8731837442899943,8.827879857440664,18.602713054672638
19140,2.9968833402910466e-05,7.888974975636631,1.870439128133675,8.844462699075017,18.60387680284532
19160,3.0000148798315806e-05,7.882589715841018,1.8692416107059688,8.852161109273656,18.603992435820643
19180,3.0031464193721145e-05,7.873431600448209,1.8659589441619933,8.864376102962373,18.603766647572577
19200,3.0062779589126487e-05,7.8656918809436895,1.8632127004273458,8.875079058138525,18.603983639509558
19220,3.0094094984531827e-05,7.841511781720731,1.8606142119496387,8.902475091861223,18.60460108553159
19240,3.0125410379937166e-05,7.837279667834631,1.860287334053671,8.906921285542694,18.604488287430996
19260,3.0156725775342505e-05,7.831412362946194,1.8563145062145932,8.916992221462518,18.604719090623306
19280,3.0188041170747848e-05,7.819831497424556,1.855214737064115,8.930346821366282,18.605393055854954
19300,3.0219356566153187e-05,7.8151294934606845,1.8510143575834068,8.938884118278667,18.60502796932276
19320,3.0250671961558526e-05,7.792354615138154,1.8480418135653487,8.966576527221124,18.606972955924626
19340,3.0281987356963865e-05,7.786623626200807,1.8477105512104803,8.97291605804842,18.60725023545971
19360,3.0313302752369208e-05,7.782844829713633,1.843362911831116,8.981039948823664,18.60724769036841
19380,3.0344618147774547e-05,7.765851415339198,1.8382998903714904,9.004763954107132,18.60891525981782
19400,3.0375933543179886e-05,7.761299226234202,1.838175489355012,9.008713745480811,18.608188461070025
19420,3.0407248938585226e-05,7.749854825777401,1.8353229346450401,9.023551776975907,18.608729537398347
19440,3.0438564333990568e-05,7.741888413257984,1.833086934381306,9.033852683361228,18.60882803100052
19460,3.0469879729395907e-05,7.721547548049205,1.8294454775526332,9.058343470394723,18.609336495996562
19480,3.0501195124801247e-05,7.716843197480257,1.8289579393966855,9.063399491118357,18.6092006279953
19500,3.0532510520206586e-05,7.710009043766787,1.8264329882627925,9.073973270429985,18.610415302459565
19520,3.056382591561193e-05,7.698440760165997,1.8249781433586234,9.087398296645812,18.610817200170434
19540,3.0595141311017264e-05,7.685228368213895,1.8225762028010488,9.103012261353971,18.610816832368915
19560,3.062645670642261e-05,7.684576362747773,1.8198637515321372,9.107346576443817,18.611786690723726
19580,3.065777210182795e-05,7.667448654298443,1.8186508642256656,9.12774225952814,18.613841778052247
19600,3.0689087497233285e-05,7.654724518967649,1.8163161548516569,9.14405573866566,18.615096412484966
19620,3.072040289263863e-05,7.645644036984885,1.814303874354941,9.15492606298378,18.614873974323608
19640,3.075171828804397e-05,7.639224899739785,1.8115532324274048,9.16441952665645,18.61519765882364
19660,3.0783033683449306e-05,7.632978596156198,1.808658746622144,9.173777608342073,18.615414951120414
19680,3.081434907885465e-05,7.619358657230965,1.8060831665113266,9.189712010340864,18.615153834083156
19700,3.0845664474259985e-05,7.6091749500548715,1.8063171511770615,9.200000833321614,18.615492934553547
19720,3.087697986966533e-05,7.590995953407882,1.8020911755342972,9.223716788396736,18.616803917338913
19740,3.090829526507067e-05,7.581744358524858,1.8023777053381342,9.233382741545594,18.617504805408586
19760,3.0939610660476006e-05,7.5737926692979585,1.8001654291493734,9.243880738623382,18.617838837070714
19780,3.097092605588135e-05,7.56569730525863,1.7989608716472505,9.253302376850193,18.617960553756074
19800,3.100224145128669e-05,7.553815994635309,1.7966814890533152,9.267419531021824,18.61791701471045
19820,3.103355684669203e-05,7.53481615648503,1.7955888254284624,9.289095831056773,18.619500812970266
19840,3.106487224209737e-05,7.531908258205268,1.793911353039114,9.293276986480514,18.619096597724898
19860,3.109618763750271e-05,7.521213205260093,1.7918380267593552,9.305922422190248,18.618973654209697
19880,3.112750303290805e-05,7.510495791498629,1.7895654885939434,9.318603543149743,18.618664823242316
19900,3.115881842831339e-05,7.4998545833566315,1.7870610017769721,9.33100602997509,18.617921615108692
19920,3.1190133823718726e-05,7.483094102742703,1.7841322031455256,9.352104190731705,18.61933049661993
19940,3.122144921912407e-05,7.47280042468516,1.7835239286127569,9.36281748878798,18.619141842085895
19960,3.125276461452941e-05,7.46303069265555,1.7829082364267834,9.373552120876454,18.61949104995879
19980,3.128408000993475e-05,7.451616207211346,1.783203023293909,9.386565492954482,18.621384723459737
20000,3.131539540534009e-05,7.437672606900112,1.7812966797109837,9.403779618026286,18.622748904637383
20020,3.134671080074543e-05,7.432456738038944,1.7811776851461534,9.40977270352273,18.623407126707825
20040,3.137802619615077e-05,7.421698636781663,1.7794181183610809,9.423076941846228,18.62419369698897
20060,3.140934159155611e-05,7.407254354957648,1.7773618056310452,9.441394429901067,18.62601059048976
20080,3.144065698696145e-05,7.3986163989207565,1.7768916821850786,9.450278770609529,18.625786851715365
20100,3.147197238236679e-05,7.388011758408609,1.7730750193207163,9.464676999883455,18.625763777612782
20120,3.150328777777213e-05,7.376854011657615,1.7749433599035067,9.47390346118133,18.625700832742453
20140,3.153460317317747e-05,7.369114492841555,1.7711265826530305,9.485345312102062,18.62558638759665
20160,3.156591856858281e-05,7.358435790392384,1.7683991970228337,9.498003764918852,18.62483875233407
20180,3.159723396398815e-05,7.340285976687955,1.7701867255761292,9.514248434417892,18.624721136681977
20200,3.162854935939349e-05,7.3324772051591225,1.7695293467492201,9.52240508533131,18.624411637239653
20220,3.165986475479883e-05,7.321334962791351,1.7702844075912012,9.532915584315363,18.624534954697914
20240,3.169118015020417e-05,7.30459582080751,1.7700584948450777,9.55065340886781,18.625307724520397
20260,3.172249554560951e-05,7.297488325443366,1.767787770597229,9.559136445587034,18.624412541627628
20280,3.175381094101485e-05,7.281580344678586,1.7697882476842317,9.572009603468125,18.623378195830945
20300,3.178512633642019e-05,7.271523249056598,1.7682296289303823,9.584654848943092,18.624407726930073
20320,3.181644173182553e-05,7.259251051068876,1.7691674805115736,9.595858909527314,18.624277441107765
20340,3.1847757127230873e-05,7.25106759390601,1.7679302575987819,9.605130592964386,18.62412844446918
20360,3.187907252263621e-05,7.238995709863698,1.7683980875971452,9.616862839904536,18.624256637365377
20380,3.191038791804155e-05,7.223598286153935,1.7693410664402425,9.632481670705921,18.6254210233001
20400,3.194170331344689e-05,7.214675640475017,1.770879007183765,9.63955987597053,18.625114523629314
20420,3.197301870885223e-05,7.205127564907891,1.7700238374738515,9.649603962712014,18.624755365093755
20440,3.200433410425757e-05,7.186585108170283,1.7679782422252088,9.671477795005618,18.62604114540111
20460,3.203564949966291e-05,7.178398923801021,1.7700105523965215,9.67784905679617,18.626258532993713
20480,3.206696489506825e-05,7.167010175656906,1.771531851557903,9.688902481679174,18.627444508893984
20500,3.2098280290473594e-05,7.154888965224931,1.772837790147902,9.698497394857498,18.62622415023033
20520,3.212959568587893e-05,7.14119213567027,1.7723365726206048,9.711327297424656,18.62485600571553
20540,3.216091108128427e-05,7.131149985681846,1.7720941601997318,9.72111676001998,18.624360905901558
20560,3.2192226476689615e-05,7.112101644545505,1.773161043325791,9.738155128554475,18.62341781642577
20580,3.222354187209495e-05,7.098833907018589,1.7741477531458187,9.74955453375011,18.62253619391452
20600,3.2254857267500293e-05,7.088332839521423,1.7759562578381018,9.758974020890658,18.623263118250183
20620,3.228617266290563e-05,7.071579191258015,1.7769415866602931,9.775932885519776,18.624453663438082
20640,3.231748805831097e-05,7.06736525662212,1.7763771158504749,9.781068552774695,18.62481092524729
20660,3.2348803453716314e-05,7.056545957019845,1.775199620277616,9.794270164369378,18.62601574166684
20680,3.238011884912165e-05,7.044786851501133,1.7781452454626783,9.803947222168972,18.626879319132783
20700,3.241143424452699e-05,7.034114342560986,1.7767394871679727,9.815758629011501,18.62661245874046
20720,3.2442749639932336e-05,7.02430023994337,1.7760472831991565,9.826279506904344,18.62662703004687
20740,3.247406503533767e-05,7.014687767591833,1.7764006320357955,9.835606058705364,18.62669445833299
20760,3.2505380430743014e-05,7.000384441470364,1.7759677622777525,9.848978555915702,18.625330759663818
20780,3.253669582614835e-05,6.985474564049724,1.773642215526312,9.866445949738377,18.625562729314414
20800,3.256801122155369e-05,6.977152625440306,1.7735523008574443,9.874244989319257,18.62494991561701
20820,3.2599326616959035e-05,6.96431606681278,1.77286069616178,9.886451611144054,18.623628374118613
20840,3.263064201236437e-05,6.955712362202282,1.7739902528976637,9.894534724432607,18.624237339532552
20860,3.2661957407769713e-05,6.938628155714786,1.7731518362473317,9.91338396081785,18.625163952779968
20880,3.2693272803175056e-05,6.9277461699105505,1.7750247027151884,9.921893274830232,18.62466414745597
20900,3.272458819858039e-05,6.917709637469995,1.778101025637865,9.929354049850215,18.625164712958075
20920,3.2755903593985734e-05,6.909567548603271,1.777856009093902,9.93755763552035,18.624981193217522
20940,3.278721898939107e-05,6.898341165742487,1.7767309802135725,9.948674958389798,18.62374710434586
20960,3.281853438479641e-05,6.878021165316019,1.7773341448090234,9.96870736026368,18.624062670388724
20980,3.2849849780201755e-05,6.873191661690444,1.7783879837473555,9.97230467540378,18.62388432084158
21000,3.288116517560709e-05,6.8608438143148165,1.7773950294966396,9.984238931721379,18.622477775532836
21020,3.2912480571012434e-05,6.8372724857572145,1.778533294237229,10.007114004193898,18.62291978418834
21040,3.2943795966417777e-05,6.830084405452496,1.7776209089744905,10.014649106169966,18.622354420596952
21060,3.297511136182311e-05,6.816999880026462,1.7781603805198691,10.028939676708475,18.624099937254805
21080,3.3006426757228455e-05,6.804495157037756,1.7812393937348505,10.03826996135454,18.624004512127147
21100,3.303774215263379e-05,6.795215318472911,1.7795682521060159,10.049226274703042,18.624009845281968
21120,3.3069057548039133e-05,6.785196260400824,1.7780764843617356,10.060727635894132,18.62400038065669
21140,3.3100372943444476e-05,6.765742778120148,1.7810692756764295,10.077919726443,18.62473178023958
21160,3.313168833884981e-05,6.758969283035304,1.779537015812072,10.08578608546636,18.624292384313737
21180,3.3163003734255154e-05,6.734977149721112,1.779817717971532,10.109864903417689,18.62465977111033
21200,3.31943191296605e-05,6.725144306917446,1.7815202843196787,10.117892743888106,18.624557335125232
21220,3.322563452506583e-05,6.713433969774361,1.782976413114131,10.128339016900476,18.624749399788968
21240,3.3256949920471175e-05,6.690624876170224,1.7831307186163463,10.152587017562393,18.626342612348964
21260,3.328826531587652e-05,6.68567313828572,1.7811628003689841,10.158365344284455,18.62520128293916
21280,3.3319580711281854e-05,6.673791012880148,1.7826800805158824,10.169210670656415,18.625681764052445
21300,3.3350896106687197e-05,6.662228200444661,1.7832172155674149,10.17991615748172,18.625361573493798
21320,3.338221150209253e-05,6.644430194974876,1.7797980475298165,10.201778980062288,18.626007222566983
21340,3.3413526897497875e-05,6.631943937971846,1.7818660485620825,10.21156945171778,18.62537943825171
21360,3.344484229290322e-05,6.6226446480545835,1.7827029393207479,10.220514138430374,18.625861725805706
21380,3.347615768830855e-05,6.605274065289091,1.7837461338025429,10.236690066970704,18.625710266062338
21400,3.3507473083713896e-05,6.593158271906973,1.7845023967353244,10.24779506381084,18.625455732453137
21420,3.353878847911924e-05,6.576080550574183,1.783543354490059,10.266360629941385,18.625984535005628
21440,3.3570103874524574e-05,6.557909591745448,1.7845678861977043,10.286563778618868,18.62904125656202
21460,3.360141926992992e-05,6.551396067766966,1.7845079511201607,10.292599781769596,18.628503800656723
21480,3.363273466533525e-05,6.535422557357812,1.7880180792745288,10.306004847583916,18.629445484216255
21500,3.3664050060740595e-05,6.5197293307615825,1.7873477815468666,10.322096582631545,18.629173694939993
21520,3.369536545614594e-05,6.508479725427683,1.7896080888401027,10.332061580665727,18.63014939493351
21540,3.3726680851551274e-05,6.4970365410120685,1.7910093173943313,10.343419932598556,18.631465791004956
21560,3.3757996246956616e-05,6.480211814617278,1.7920128908835469,10.359866873735523,18.63209157923635
21580,3.378931164236196e-05,6.472832181140794,1.7895610430029414,10.36994482630168,18.632338050445416
21600,3.3820627037767295e-05,6.449965380490837,1.7915767625839851,10.392744783884655,18.634286926959476
21620,3.385194243317264e-05,6.441625403150315,1.791432494337485,10.401968115278747,18.635026012766545
21640,3.388325782857797e-05,6.431364565227934,1.7908283734490829,10.413036967661181,18.635229906338196
21660,3.3914573223983316e-05,6.410946323650878,1.79074648965535,10.436343392530427,18.638036205836656
21680,3.394588861938866e-05,6.40001474949961,1.793405732179749,10.443937137473934,18.637357619153292
21700,3.3977204014793994e-05,6.3940660916561605,1.7918233553982603,10.451476145765463,18.637365592819883
21720,3.400851941019934e-05,6.377141637513921,1.7900538967309187,10.472383263667007,18.639578797911845
21740,3.403983480560468e-05,6.373505681877493,1.7897295115804497,10.476028884119412,18.639264077577355
21760,3.4071150201010015e-05,6.353647779039466,1.7899014342940363,10.496203868608452,18.639753081941954
21780,3.410246559641536e-05,6.336563065056269,1.7914880077423583,10.513040824154578,18.641091896953206
21800,3.41337809918207e-05,6.332403824132246,1.7898817189060678,10.518113464633233,18.640399007671547
21820,3.4165096387226036e-05,6.31733766240348,1.7911331260307817,10.531789399971009,18.64026018840527
21840,3.419641178263138e-05,6.296048932361494,1.7915512330331476,10.554789678102654,18.642389843497295
21860,3.4227727178036715e-05,6.280166089018085,1.7963271863484798,10.565359453947227,18.64185272931379
21880,3.425904257344206e-05,6.2765604494295015,1.7965360543807487,10.569120884210795,18.642217388021045
21900,3.42903579688474e-05,6.2568412459774,1.7976322533872577,10.589685932786951,18.64415943215161
21920,3.4321673364252736e-05,6.245130744577023,1.7991257642418261,10.599836482625133,18.644092991443983
21940,3.435298875965808e-05,6.2347660987390565,1.8018295502519297,10.607181374778756,18.643777023769744
21960,3.438430415506342e-05,6.203293786268549,1.8046311765286083,10.637292704265336,18.645217667062497
21980,3.441561955046876e-05,6.196451850814715,1.8080032056197497,10.63998112383376,18.644436180268222
22000,3.44469349458741e-05,6.179147017549122,1.8079820302571596,10.658542863651324,18.645671911457605
22020,3.4478250341279435e-05,6.167368731148899,1.811760510808993,10.665868341102993,18.644997583060885
22040,3.450956573668478e-05,6.152027075563613,1.8131642208432854,10.680123817356082,18.64531511376298
22060,3.454088113209012e-05,6.141058420894807,1.813145399289046,10.690565494761817,18.64476931494567
22080,3.4572196527495456e-05,6.1147943155157165,1.8178237535987838,10.712669755026058,18.64528782414056
22100,3.46035119229008e-05,6.105714456752038,1.8199777318484214,10.720133802404368,18.645825991004827
22120,3.463482731830614e-05,6.095205441595032,1.820468236842923,10.73036751255223,18.646041190990182
22140,3.466614271371148e-05,6.078355011665922,1.8199879044335936,10.747499346805752,18.64584226290527
22160,3.469745810911682e-05,6.06638515947672,1.8224280036582163,10.757331694065186,18.646144857200124
22180,3.4728773504522156e-05,6.048072638784149,1.8237483028967887,10.774665624978406,18.64648656665934
22200,3.47600888999275e-05,6.0349182948807805,1.8243411544720645,10.787477052096385,18.64673650144923
22220,3.479140429533284e-05,6.023402405347747,1.8247319757158889,10.799061499944907,18.647195881008543
22240,3.482271969073818e-05,6.010508456623322,1.8245276440715397,10.811578331188336,18.646614431883197
22260,3.485403508614352e-05,5.984324698631308,1.824453225434641,10.837678635532892,18.646456559598843
22280,3.488535048154886e-05,5.975234493354685,1.8264200595572289,10.845730506158997,18.64738505907091
22300,3.49166658769542e-05,5.966922317884117,1.8272614152480193,10.853707610293968,18.647891343426103
22320,3.494798127235954e-05,5.942033104781987,1.8295527470131598,10.877797573693968,18.649383425489113
22340,3.4979296667764876e-05,5.934917957718346,1.8284191119292192,10.885350786482583,18.64868785613015
22360,3.501061206317022e-05,5.927074570906069,1.8275288219493504,10.894252937087915,18.648856329943335
22380,3.504192745857556e-05,5.912066995402634,1.8286860495706598,10.908210277653598,18.64896332262689
22400,3.50732428539809e-05,5.9006056965987455,1.8261118624106993,10.92176396764844,18.648481526657886
22420,3.510455824938624e-05,5.886544327727178,1.8280759844345085,10.934591514756319,18.649211826918005
22440,3.513587364479158e-05,5.866271525420651,1.8300920103282283,10.953648410369535,18.650011946118415
22460,3.516718904019692e-05,5.855950667304642,1.8298353574930653,10.964440613434355,18.650226638232063
22480,3.519850443560226e-05,5.845807242946997,1.8291588665015623,10.975595589734123,18.65056169918268
22500,3.5229819831007604e-05,5.831190906393649,1.8288111691817865,10.99022609866287,18.650228174238308
22520,3.526113522641294e-05,5.812131578796584,1.8319775336244248,11.006829792342273,18.650938904763283
22540,3.529245062181828e-05,5.8016265433474254,1.8318973386845285,11.016815119823697,18.65033900185565
22560,3.532376601722362e-05,5.7853660585095605,1.8319401175275984,11.033717928873608,18.651024104910768
22580,3.535508141262896e-05,5.774462579760081,1.8325920738033967,11.043397723633998,18.650452377197475
22600,3.53863968080343e-05,5.761723297883127,1.8328429063190483,11.0553561283597,18.649922332561875
22620,3.541771220343964e-05,5.746649564643537,1.8328015467896575,11.071018259966802,18.650469371399996
22640,3.544902759884498e-05,5.734007411183985,1.83367967806133,11.081739463179423,18.649426552424735
22660,3.5480342994250324e-05,5.70981891045612,1.8347808670468313,11.107065942509417,18.651665720012367
22680,3.551165838965566e-05,5.702926728379349,1.83518825863093,11.113022446394098,18.65113743340438
22700,3.5542973785061e-05,5.693430655826932,1.8376286110525069,11.121572804422462,18.652632071301902
22720,3.557428918046634e-05,5.677240658063092,1.8393424656873285,11.137468299059899,18.65405142281032
22740,3.560560457587168e-05,5.667221281499182,1.8393114637798464,11.14795104050243,18.65448378578146
22760,3.5636919971277024e-05,5.648598645544851,1.8397852787659628,11.16549480968925,18.653878734000063
22780,3.566823536668236e-05,5.637246798595137,1.8411055444363664,11.174811139138836,18.65316348217034
22800,3.56995507620877e-05,5.622155142648992,1.8403384605878632,11.188823733822964,18.65131733705982
22820,3.5730866157493045e-05,5.60279744551375,1.84446533703437,11.202833462156955,18.650096244705075
22840,3.576218155289838e-05,5.5895352673245515,1.8445274777251306,11.215122692428114,18.649185437477797
22860,3.579349694830372e-05,5.575096231919032,1.844745059313862,11.228992478581969,18.648833769814864
22880,3.582481234370906e-05,5.563186647932883,1.846320681813494,11.239518587592869,18.649025917339245
22900,3.58561277391144e-05,5.543162973629759,1.8467940068886273,11.260599340097105,18.650556320615493
22920,3.5887443134519744e-05,5.531598314600406,1.8492015782588895,11.269767992923052,18.650567885782348
22940,3.591875852992508e-05,5.516664091843063,1.8506533342423959,11.282610663962707,18.649928090048167
22960,3.595007392533042e-05,5.497822238262783,1.8493969920776108,11.30118824289718,18.648407473237572
22980,3.5981389320735765e-05,5.486322352101512,1.8530986177427773,11.30894601139385,18.64836698123814
23000,3.60127047161411e-05,5.471252592428616,1.8531096791179313,11.323747411042802,18.64810968258935
23020,3.6044020111546444e-05,5.461219030545955,1.853876224741111,11.332483611403973,18.64757886669104
23040,3.607533550695178e-05,5.449236837880317,1.8535778934130076,11.34333562862097,18.646150359914294
23060,3.610665090235712e-05,5.4352995838817,1.8564331688240068,11.35463632227429,18.646369074979997
23080,3.6137966297762465e-05,5.421097243607793,1.8545500814064193,11.370520412716154,18.646167737730366
23100,3.61692816931678e-05,5.408944950937231,1.8553232214161839,11.38210683480887,18.646375007162284
23120,3.620059708857314e-05,5.398524972965962,1.857228087517205,11.391342441763303,18.647095502246472
23140,3.6231912483978486e-05,5.387037109043327,1.8591949441504816,11.401400957716323,18.64763301091013
23160,3.626322787938382e-05,5.372328768118568,1.8590121214954975,11.416472445072554,18.647813334686617
23180,3.6294543274789164e-05,5.3608474296973405,1.8625931485214537,11.424476590108991,18.647917168327787
23200,3.632585867019451e-05,5.340830516083971,1.8665238404660593,11.441475577757993,18.648829934308022
23220,3.635717406559984e-05,5.329513014516759,1.8695714250310913,11.45032400697978,18.64940844652763
23240,3.6388489461005185e-05,5.315109792986171,1.8704422539999837,11.463986739790283,18.649538786776436
23260,3.641980485641052e-05,5.300779547141721,1.876566156487998,11.473940451260546,18.651286154890265
23280,3.6451120251815864e-05,5.28204845554125,1.8816555526049543,11.487622312482891,18.651326320629096
23300,3.6482435647221206e-05,5.266518242845638,1.8841526953828713,11.50127400227373,18.65194494050224
23320,3.651375104262654e-05,5.24790898816336,1.8885472532627474,11.51640112298523,18.652857364411336
23340,3.6545066438031885e-05,5.238260465259006,1.8920057452454633,11.522938594164804,18.653204804669272
23360,3.657638183343723e-05,5.2152580333208824,1.8950721769956436,11.541917359504161,18.652247569820688
23380,3.660769722884256e-05,5.204002780316872,1.8996851255568359,11.547981443771334,18.65166934964504
23400,3.6639012624247906e-05,5.190503584781736,1.9017930070900981,11.559103558389623,18.651400150261455
23420,3.667032801965324e-05,5.173890792170117,1.9064564091823888,11.570311117568851,18.65065831892136
23440,3.6701643415058584e-05,5.158498260544514,1.907956559096531,11.58308131853979,18.649536138180835
23460,3.673295881046393e-05,5.140536739576328,1.9103231230329327,11.598353236327803,18.649213098937064
23480,3.676427420586926e-05,5.132812608777287,1.9128336534855779,11.602799993991196,18.64844625625406
23500,3.6795589601274605e-05,5.108199302909362,1.915870025813354,11.6251270110338,18.649196339756518
23520,3.682690499667995e-05,5.097781209253137,1.9179482121042692,11.633095983891167,18.648825405248573
23540,3.6858220392085284e-05,5.0865643820732505,1.9221186881908374,11.640697018005177,18.649380088269265
23560,3.6889535787490626e-05,5.07068019941152,1.9243187242705977,11.653564795822195,18.648563719504313
23580,3.692085118289596e-05,5.0531823018840365,1.92972538211425,11.665353867157096,18.648261551155382
23600,3.6952166578301305e-05,5.03882815535014,1.9307276526563115,11.677902082935535,18.647457890941986
23620,3.698348197370665e-05,5.027475333114779,1.9336362618259708,11.686090756748216,18.647202351688968
23640,3.701479736911198e-05,5.0031473835716636,1.9377144853018973,11.705266113371046,18.646127982244607
23660,3.7046112764517326e-05,4.981881753595742,1.9419617645672151,11.722358024320027,18.646201542482984
23680,3.707742815992267e-05,4.973281364556752,1.9434015318828062,11.729358758800736,18.646041655240293
23700,3.7108743555328004e-05,4.957067924478242,1.9472067909779305,11.741885990648221,18.646160706104393
23720,3.714005895073335e-05,4.941877369698366,1.9492871086330368,11.755060540242692,18.646225018574093
23740,3.717137434613869e-05,4.928158402045189,1.9521365572117688,11.766023490852199,18.646318450109156
23760,3.7202689741544025e-05,4.9154353159388195,1.9531316305178419,11.777975811847433,18.646542758304093
23780,3.723400513694937e-05,4.905065399997224,1.9505308864800337,11.790983335090981,18.64657962156824
23800,3.7265320532354704e-05,4.885937075807071,1.9530172521598368,11.808525034227255,18.64747936219416
23820,3.7296635927760046e-05,4.878194666873393,1.9524941861466023,11.816843916005265,18.64753276902526
23840,3.732795132316539e-05,4.860586291386172,1.9536715176550647,11.83450755576894,18.648765364810178
23860,3.7359266718570725e-05,4.852152574111976,1.9546837129486903,11.841316275422344,18.64815256248301
23880,3.739058211397607e-05,4.830281554880074,1.9570540654498476,11.862957088641915,18.650292708971836
23900,3.742189750938141e-05,4.821115130724566,1.9589404826108772,11.86978781048727,18.649843423822716
23920,3.7453212904786746e-05,4.808680540082351,1.961695987990804,11.879931341296288,18.650307869369442
23940,3.748452830019209e-05,4.7941267827326515,1.9625248468443082,11.893853542408547,18.650505171985508
23960,3.7515843695597424e-05,4.777848930604835,1.9662208952885853,11.90680250133261,18.65087232722603
23980,3.7547159091002767e-05,4.767643595524965,1.967985769051447,11.915010775225785,18.650640139802196
24000,3.757847448640811e-05,4.744759132685334,1.968120919642205,11.937181046968181,18.65006109929572
24020,3.7609789881813445e-05,4.737515801427829,1.9702648953031234,11.943081781744311,18.650862478475265
24040,3.764110527721879e-05,4.7273202700277075,1.9690860576712752,11.954220348075488,18.65062667577447
24060,3.767242067262413e-05,4.707101927330259,1.971244178102467,11.972408941160735,18.65075504659346
24080,3.7703736068029466e-05,4.696540636318664,1.9714003326552225,11.984315480787103,18.65225644976099
24100,3.773505146343481e-05,4.685321385741234,1.970995823596914,11.995307861507396,18.651625070845544
24120,3.7766366858840145e-05,4.678583998506712,1.9693476575945228,12.003062344117554,18.650994000218788
24140,3.779768225424549e-05,4.6584460759329875,1.9685477235533493,12.023609402845688,18.650603202332025
24160,3.782899764965083e-05,4.650944563681231,1.9704893935169874,12.029330792229542,18.65076474942776
24180,3.7860313045056166e-05,4.635057216579199,1.9677436346990842,12.047166478405241,18.649967329683523
24200,3.789162844046151e-05,4.623381555892102,1.9697053773849102,12.05688388791173,18.649970821188745
24220,3.792294383586685e-05,4.61451953027588,1.9695472764235329,12.06565869139214,18.649725498091556
24240,3.7954259231272187e-05,4.589219210987905,1.969653878097803,12.090822683508124,18.64969577259383
24260,3.798557462667753e-05,4.579947269989658,1.970505100119423,12.09869033071006,18.64914270081914
24280,3.8016890022082865e-05,4.569168650698565,1.973134774949198,12.106640067594727,18.64894349324249
24300,3.804820541748821e-05,4.552852512412083,1.971113463481171,12.1238144806606,18.647780456553853
24320,3.807952081289355e-05,4.542343221302094,1.9731572678272205,12.131793003374895,18.64729349250421
24340,3.8110836208298886e-05,4.52248067431681,1.974247919852329,12.150616565619623,18.647345159788763
24360,3.814215160370423e-05,4.514450468908169,1.9749459500866602,12.156780839003066,18.646177257997895
24380,3.817346699910957e-05,4.496170967944074,1.9762034940307849,12.172388938152789,18.644763400127648
24400,3.820478239451491e-05,4.486624644154336,1.9785687882059801,12.18042140359243,18.645614835952745
24420,3.823609778992025e-05,4.464702880126801,1.978548371844484,12.203585961029656,18.646837213000943
24440,3.826741318532559e-05,4.455095058890754,1.9801413190692132,12.21055268679855,18.645789064758517
24460,3.829872858073093e-05,4.4489009558295685,1.979376793276894,12.21748208444171,18.645759833548173
24480,3.833004397613627e-05,4.4371248196037465,1.9801084983257664,12.2286272258393,18.645860543768812
24500,3.8361359371541607e-05,4.4128947920769095,1.982400055876344,12.252049742585795,18.64734459053905
24520,3.839267476694695e-05,4.406929742194344,1.9823504014762718,12.257878386748615,18.647158530419233
24540,3.842399016235229e-05,4.39048676234321,1.984725249830892,12.27258676550881,18.64779877768291
24560,3.845530555775763e-05,4.378435130735184,1.9842345287031933,12.284959487592552,18.64762914703093
24580,3.848662095316297e-05,4.361301298933135,1.9843573749907713,12.3026311632921,18.648289837216005
24600,3.851793634856831e-05,4.349387832936626,1.9881957777581982,12.311179547560847,18.648763158255672
24620,3.854925174397365e-05,4.335515823818165,1.9868429290024303,12.326408103537632,18.64876685635823
24640,3.858056713937899e-05,4.32458138593198,1.987584990042505,12.336218742817659,18.64838511879214
24660,3.861188253478433e-05,4.312269286261474,1.9874353213001605,12.347988136977406,18.64769274453904
24680,3.864319793018967e-05,4.297338911481708,1.9897163117234073,12.3604381607656,18.647493383970716
24700,3.867451332559501e-05,4.2886112725427346,1.989306872771185,12.369280469616381,18.6471986149303
24720,3.870582872100035e-05,4.269783390279921,1.98896387784214,12.388518892220375,18.647266160342436
24740,3.873714411640569e-05,4.26182532857872,1.991336767834723,12.395426006003099,18.64858810241654
24760,3.876845951181103e-05,4.236890517403726,1.9890096166961742,12.423320868401383,18.649221002501285
24780,3.879977490721637e-05,4.230671251630011,1.990549436659381,12.428477630103322,18.649698318392716
24800,3.883109030262171e-05,4.2270948922726905,1.9860417612354897,12.436802566250016,18.649939219758195
24820,3.886240569802705e-05,4.21343957914239,1.9863346274860452,12.451261912632617,18.65103611926105
24840,3.889372109343239e-05,4.204682586385806,1.9829035459988198,12.463454937090622,18.651041069475248
24860,3.892503648883773e-05,4.180699358514545,1.98274402957285,12.48995427352047,18.653397661607865
24880,3.895635188424307e-05,4.179061685414631,1.9787675036539136,12.49536238834939,18.653191577417935
24900,3.898766727964841e-05,4.168124575018426,1.976264095407992,12.509019716903541,18.65340838732996
24920,3.9018982675053754e-05,4.1600877956630296,1.9728336719382935,12.520039828677088,18.652961296278413
24940,3.905029807045909e-05,4.15349972410656,1.9723904996661774,12.52711380179058,18.65300402556332
24960,3.908161346586443e-05,4.131571828373977,1.969218567449867,12.553559517092252,18.654349912916096
24980,3.9112928861269775e-05,4.122902208016893,1.9699233466222714,12.561652218054366,18.654477772693532
25000,3.914424425667511e-05,4.114172728024482,1.965515845206348,12.575454641243688,18.65514321447452
25020,3.917555965208045e-05,4.098021543641995,1.961639046234059,12.59627459908462,18.655935188960672
25040,3.920687504748579e-05,4.096921625888759,1.9587633690750474,12.600451787292611,18.656136782256418
25060,3.923819044289113e-05,4.0925983304898015,1.9560704180482391,12.608608966639881,18.657277715177923
25080,3.9269505838296474e-05,4.083270051393413,1.9502387654003377,12.622776131245168,18.656284948038916
25100,3.930082123370181e-05,4.073394763045596,1.945701152854,12.636078428664081,18.655174344563676
25120,3.933213662910715e-05,4.052170651088832,1.9414812214868755,12.662803245662115,18.656455118237822
25140,3.9363452024512495e-05,4.040752768245804,1.9406661712871407,12.674015478107833,18.655434417640777
25160,3.939476741991783e-05,4.036170343652719,1.9369058910506773,12.683047963415296,18.656124198118693
25180,3.9426082815323174e-05,4.030129170813783,1.9333372089777734,12.693009580609445,18.656475960401004
25200,3.945739821072851e-05,4.019327526452009,1.92831972122427,12.709361493223318,18.657008740899595
25220,3.948871360613385e-05,4.013314653433174,1.922306036095682,12.720496633479838,18.656117323008694
25240,3.9520029001539195e-05,4.003325963890896,1.9192497656769352,12.733460444456751,18.65603617402458
25260,3.955134439694453e-05,3.9862043865582493,1.9155533047891935,12.756193166851757,18.6579508581992
25280,3.958265979234987e-05,3.9778660914595765,1.9112580609276808,12.766777950733072,18.65590210312033
25300,3.9613975187755216e-05,3.9682836435175486,1.912617393060622,12.776725895287475,18.657626931865646
25320,3.964529058316055e-05,3.96441050446502,1.9082863445218345,12.784032445455942,18.656729294442798
25340,3.9676605978565894e-05,3.9544046914239868,1.90431425296158,12.79805645675257,18.656775401138137
25360,3.970792137397123e-05,3.9305409819260415,1.9023126482095478,12.824872974855996,18.657726604991584
25380,3.973923676937657e-05,3.9210482814833183,1.9013086635033283,12.835938157150988,18.658295102137636
25400,3.9770552164781915e-05,3.9150486149788897,1.8984568599221785,12.844491345432752,18.65799682033382
25420,3.980186756018725e-05,3.9104681008383304,1.8952604841871719,12.852165620423136,18.65789420544864
25440,3.9833182955592594e-05,3.897233109857398,1.8929368294052302,12.867692330312215,18.657862269574842
25460,3.9864498350997936e-05,3.8820922661174175,1.889707122401549,12.884859868006416,18.65665925652538
25480,3.989581374640327e-05,3.871818992123749,1.8861630561055676,12.898296564989497,18.656278613218813
25500,3.9927129141808615e-05,3.8633715044287444,1.883056038738009,12.90931044510575,18.655737988272502
25520,3.995844453721395e-05,3.844447223974381,1.882250993013053,12.928949187270408,18.65564740425784
25540,3.998975993261929e-05,3.8372954352360082,1.8807104987110788,12.937751952202268,18.655757886149352
25560,4.0021075328024636e-05,3.820868990863815,1.8774943928767847,12.957740788553107,18.656104172293706
25580,4.005239072342997e-05,3.8170178258525014,1.8765073395434617,12.962209946174363,18.655735111570326
25600,4.0083706118835314e-05,3.8008551564943245,1.8733884155789011,12.982693943142088,18.656937515215315
25620,4.011502151424066e-05,3.7895493922135866,1.873629031349166,12.993153829135805,18.656332252698558
25640,4.014633690964599e-05,3.7825541623746144,1.8683522225916183,13.004768203151606,18.65567458811784
25660,4.0177652305051335e-05,3.772664330716754,1.8642855048884202,13.017655644958635,18.65460548056381
25680,4.020896770045668e-05,3.7457575348123644,1.8632958218214193,13.045184191069513,18.654237547703296
25700,4.0240283095862014e-05,3.741209508959949,1.8613610844171626,13.052334140826487,18.654904734203598
25720,4.0271598491267356e-05,3.7332563191981123,1.8590574099755004,13.063995996463635,18.65630972563725
25740,4.030291388667269e-05,3.7174816153979737,1.8576995674667736,13.082870331585811,18.65805151445056
25760,4.0334229282078035e-05,3.714790416785509,1.8570527608555372,13.08621149964597,18.658054677287016
25780,4.036554467748338e-05,3.6915637115991546,1.854519612242424,13.114001364262979,18.660084688104558
25800,4.039686007288871e-05,3.684556623542912,1.8549540640401354,13.119452415792804,18.65896310337585
25820,4.0428175468294056e-05,3.6801757551135204,1.8490911080736585,13.129065832923642,18.65833269611082
25840,4.04594908636994e-05,3.6706212360868973,1.847809551969451,13.140170005604588,18.658600793660938
25860,4.0490806259104734e-05,3.6574932313975013,1.8475018354016648,13.153253047692548,18.658248114491712
25880,4.052212165451008e-05,3.6405552761215922,1.8449358141669947,13.17292747019315,18.658418560481735
25900,4.055343704991541e-05,3.6335247539369595,1.843427518677124,13.18208218153545,18.659034454149534
25920,4.0584752445320755e-05,3.6204264832349753,1.8417722593884145,13.198113801821924,18.66031254444531
25940,4.06160678407261e-05,3.61213770576402,1.8403262535474416,13.206733020132624,18.659196979444086
25960,4.0647383236131434e-05,3.601464214812613,1.838598861864178,13.21908857970196,18.659151656378754
25980,4.0678698631536776e-05,3.591034497713914,1.8356865110860079,13.23162079579813,18.658341804598052
26000,4.071001402694212e-05,3.5799618705577916,1.8331040845120665,13.245156474143293,18.65822242921315
26020,4.0741329422347455e-05,3.558312400879262,1.832847046391496,13.268672283139122,18.65983173040988
26040,4.07726448177528e-05,3.552632000858024,1.8324800110881276,13.273582523495445,18.658694535441597
26060,4.080396021315813e-05,3.5422115379906955,1.8301865560107262,13.28578014126725,18.65817823526867
26080,4.0835275608563476e-05,3.5353814622045006,1.8281142080041073,13.294086398555292,18.6575820687639
26100,4.086659100396882e-05,3.522602786628295,1.8254280017560893,13.307777271991316,18.6558080603757
26120,4.0897906399374154e-05,3.5116495005073665,1.820802834774557,13.321055910976273,18.6535082462582
26140,4.09292217947795e-05,3.4873365441223263,1.817913033545106,13.34680950143518,18.652059079102614
26160,4.096053719018484e-05,3.4791830178238454,1.8181208955910706,13.355166100601078,18.652470014015996
26180,4.0991852585590175e-05,3.470854452897547,1.8152745855298513,13.366543042324345,18.652672080751742
26200,4.102316798099552e-05,3.455645534789727,1.8125487843255392,13.384706952329402,18.65290127144467
26220,4.1054483376400854e-05,3.451049777409067,1.809277155614432,13.392177442230487,18.652504375253987
26240,4.1085798771806196e-05,3.4402501183134966,1.8063140032393066,13.406251392894191,18.652815514446992
26260,4.111711416721154e-05,3.429426256421638,1.804073487948222,13.420158158404027,18.653657902773887
26280,4.1148429562616875e-05,3.422974993895277,1.801716551910027,13.4285694026848,18.653260948490104
26300,4.117974495802222e-05,3.418821714630408,1.7963691525199037,13.43869701212283,18.653887879273142
26320,4.121106035342756e-05,3.4118072943536237,1.7930042648935594,13.448408935684823,18.653220494932008
26340,4.1242375748832896e-05,3.389014844542217,1.7928548054162878,13.471172822842643,18.653042472801147
26360,4.127369114423824e-05,3.3797358864777016,1.7905665697237771,13.482643267798169,18.652945723999647
26380,4.130500653964358e-05,3.3756941408459435,1.7883132278031384,13.489142300888963,18.653149669538045
26400,4.133632193504892e-05,3.3586479001739833,1.7875618712079466,13.507248780251679,18.65345855163361
26420,4.136763733045426e-05,3.3525291071245826,1.7881375574290028,13.513060212508822,18.653726877062407
26440,4.1398952725859595e-05,3.3385518483654932,1.7846219096455578,13.52966160534228,18.652835363353333
26460,4.143026812126494e-05,3.328510867934568,1.7843751096161173,13.539811633634375,18.65269761118506
26480,4.146158351667028e-05,3.3095194945365747,1.7825986653761539,13.560244099868541,18.65236225978127
26500,4.1492898912075616e-05,3.3002239502691797,1.7850711870829492,13.56731810961081,18.65261324696294
26520,4.152421430748096e-05,3.291658478148526,1.7810150254921675,13.579443455546013,18.652116959186706
26540,4.15555297028863e-05,3.2758004997922843,1.7786203888034173,13.596704898538572,18.651125787134273
26560,4.158684509829164e-05,3.2667808695400433,1.7782502125709432,13.606534593731231,18.651565675842217
26580,4.161816049369698e-05,3.2542919417066707,1.778827442771494,13.617967036436053,18.65108642091422
26600,4.1649475889102316e-05,3.2377112118916855,1.77678562647297,13.636067399770054,18.65056423813471
26620,4.168079128450766e-05,3.2301768035784875,1.7746958956903185,13.64459386227562,18.649466561544426
26640,4.1712106679913e-05,3.2148244557156196,1.7734461886952726,13.661137516712481,18.649408161123375
26660,4.174342207531834e-05,3.204244174441587,1.7720977815305314,13.672475766259739,18.648817722231858
26680,4.177473747072368e-05,3.203038315507054,1.7653223568710357,13.679573913340185,18.647934585718275
26700,4.180605286612902e-05,3.180421523740783,1.7632440936854905,13.705381566143139,18.64904718356941
26720,4.183736826153436e-05,3.1750789215949964,1.7607711925820149,13.713180410940366,18.649030525117375
26740,4.18686836569397e-05,3.1678410975426754,1.7554912784746377,13.725048323445916,18.64838069946323
26760,4.1899999052345036e-05,3.157779831986004,1.753360997503002,13.73710431099207,18.648245140481077
26780,4.193131444775038e-05,3.142431325818207,1.7502882574467264,13.755214941998542,18.647934525263473
26800,4.196262984315572e-05,3.135474523453034,1.7465975859517548,13.765489739500337,18.647561848905127
26820,4.199394523856106e-05,3.1273798098896552,1.7438561765472023,13.776531046973851,18.64776703341071
26840,4.20252606339664e-05,3.109084743854087,1.7407756115051645,13.800137669595566,18.64999802495482
26860,4.205657602937174e-05,3.107913493258386,1.7351498237618461,13.805502997453226,18.64856631447346
26880,4.208789142477708e-05,3.091272602580211,1.7367647131378596,13.81996958411481,18.64800689983288
26900,4.211920682018242e-05,3.0784603132407327,1.7337924028930518,13.836150806452864,18.648403522586648
26920,4.2150522215587763e-05,3.0702265882577366,1.7323853276292633,13.846034804650596,18.648646720537595
26940,4.21818376109931e-05,3.048508182000865,1.7315707855820266,13.8690550145017,18.649133982084592
26960,4.221315300639844e-05,3.0406529481618128,1.7323776921362786,13.876433155604726,18.649463795902818
26980,4.224446840180378e-05,3.0360807402024443,1.7273810077341016,13.885326964576317,18.64878871251286
27000,4.227578379720912e-05,3.0138867414738573,1.7250309737182241,13.909533897524062,18.648451612716144
27020,4.230709919261446e-05,3.0063188273098476,1.7254350982158828,13.91729150761187,18.6490454331376
27040,4.23384145880198e-05,2.998649185889069,1.7233162380544889,13.927835974671806,18.649801398615363
27060,4.236972998342514e-05,2.989004750707334,1.7196539048592248,13.940984196153067,18.649642851719626
27080,4.2401045378830484e-05,2.9674698242539357,1.7198959045637674,13.962789211363926,18.65015494018163
27100,4.243236077423582e-05,2.9622834287819373,1.718916910593741,13.968963485147876,18.650163824523553
27120,4.246367616964116e-05,2.942660382369142,1.7145807476947412,13.994803731257427,18.65204486132131
27140,4.24949915650465e-05,2.9416320477685716,1.710953681971631,13.998378683130909,18.65096441287111
27160,4.252630696045184e-05,2.9326023202861444,1.7093369623036803,14.009487278840876,18.6514265614307
27180,4.2557622355857183e-05,2.9212395163374407,1.7068265529119777,14.023575647274246,18.651641716523663
27200,4.258893775126252e-05,2.9089030374562106,1.702311421474417,14.040887895959848,18.652102354890474
27220,4.262025314666786e-05,2.8960177664218794,1.6980715079453028,14.056670274525473,18.650759548892655
27240,4.2651568542073204e-05,2.888692874649795,1.695699404113821,14.067284737213427,18.651677015977043
27260,4.268288393747854e-05,2.8845825386406077,1.6895730405055258,14.077179301291254,18.65133488043739
27280,4.271419933288388e-05,2.8609434312677253,1.6846667613070705,14.106422453887536,18.65203264646233
27300,4.274551472828922e-05,2.855251512121446,1.6816763919145377,14.114219750311184,18.65114765434717
27320,4.277683012369456e-05,2.8508093676601884,1.6770823800774082,14.124433649788326,18.65232539752592
27340,4.2808145519099904e-05,2.8416894233159598,1.675234735931955,14.13551350585091,18.652437665098823
27360,4.283946091450524e-05,2.833442173703471,1.671234441685495,14.147854940445816,18.652531555834784
27380,4.287077630991058e-05,2.81881528915486,1.6632688957406871,14.17122921459802,18.653313399493566
27400,4.2902091705315925e-05,2.813099503508293,1.6630970617859524,14.176578615907374,18.65277518120162
27420,4.293340710072126e-05,2.802396471860476,1.6593168428915248,14.191290136066995,18.653003450818996
27440,4.2964722496126603e-05,2.783758208055093,1.6591034405662506,14.212576535759545,18.65543818438089
27460,4.299603789153194e-05,2.784875046252167,1.653276205660924,14.21527261385761,18.6534238657707
27480,4.302735328693728e-05,2.766278109071989,1.6552831340638825,14.232985097046624,18.654546340182495
27500,4.3058668682342624e-05,2.7549285099481313,1.6542524347412688,14.245693985325389,18.65487493001479
27520,4.308998407774796e-05,2.7490010161303577,1.6520970985861414,14.253193986751514,18.654292101468013
27540,4.31212994731533e-05,2.745979808398588,1.6491341589028476,14.259637953794059,18.654751921095496
27560,4.3152614868558645e-05,2.721613303932224,1.6482515614429893,14.286312018917808,18.65617688429302
27580,4.318393026396398e-05,2.7163768506841066,1.647907683794859,14.29198997255574,18.656274507034706
27600,4.3215245659369324e-05,2.700917309283586,1.6469249971417586,14.310269488125087,18.658111794550432
27620,4.3246561054774667e-05,2.6856757799968447,1.6446024656424,14.328733749351656,18.6590119949909
27640,4.327787645018e-05,2.6827654766099625,1.6411577261737271,14.33424833501118,18.65817153779487
27660,4.3309191845585345e-05,2.6709544846589504,1.6420619275273205,14.345066601811554,18.658083013997825
27680,4.334050724099068e-05,2.6556695293639354,1.6390041147672423,14.363799847638566,18.658473491769744
27700,4.337182263639602e-05,2.6498647203646453,1.6414060538486972,14.367529418909752,18.658800193123096
27720,4.3403138031801366e-05,2.6328157934407623,1.643728337717046,14.383086462790187,18.659630593947995
27740,4.34344534272067e-05,2.6186522523165197,1.6399906383443519,14.400616969964094,18.659259860624964
27760,4.3465768822612044e-05,2.613933070754042,1.639440234383688,14.406177167940736,18.65955047307847
27780,4.349708421801739e-05,2.605353584332806,1.6370760194014589,14.41856128120629,18.660990884940556
27800,4.352839961342272e-05,2.586829210099122,1.6355257824789131,14.438581833134986,18.660936825713023
27820,4.3559715008828065e-05,2.5791096888639737,1.6349730044071986,14.447487051590137,18.66156974486131
27840,4.35910304042334e-05,2.574677955620492,1.631750273076758,14.455806066288986,18.662234294986234
27860,4.3622345799638744e-05,2.555013487482896,1.6323120353835323,14.476113951530515,18.663439474396945
27880,4.3653661195044086e-05,2.5496812798347532,1.6300218244450442,14.483163754120309,18.662866858400108
27900,4.368497659044942e-05,2.5423995450050807,1.6275227607849272,14.492823822267619,18.662746128057627
27920,4.3716291985854765e-05,2.528814469943227,1.6258600516825255,14.50790117471144,18.662575696337193
27940,4.374760738126011e-05,2.5125727175074104,1.6234572646552337,14.528296994714994,18.66432697687764
27960,4.377892277666544e-05,2.5039047109721615,1.625860132133208,14.535024825651243,18.66478966875661
27980,4.3810238172070786e-05,2.5005243926947283,1.620988046130292,14.542232047820567,18.663744486645587
28000,4.384155356747612e-05,2.47895020190368,1.6208092795448112,14.566308091399199,18.66606757284769
28020,4.3872868962881464e-05,2.4663583781990166,1.6216883772210622,14.578119415751686,18.666166171171767
28040,4.390418435828681e-05,2.460377404400323,1.6179254454746776,14.587396015117928,18.66569886499293
28060,4.393549975369214e-05,2.4495523989983434,1.6178236372907426,14.598992938708125,18.666368974997212
28080,4.3966815149097485e-05,2.4392250794580717,1.6174860442058343,14.609592549124573,18.66630367278848
28100,4.399813054450283e-05,2.4244544576243285,1.6137615853404546,14.628328284476027,18.66654432744081
28120,4.4029445939908164e-05,2.4183591236416486,1.6128484830884633,14.634581032037074,18.665788638767186
28140,4.4060761335313506e-05,2.4088029397880493,1.6109631467987853,14.645235666207753,18.665001752794588
28160,4.409207673071885e-05,2.3890205128783526,1.6099453368767405,14.667041756806146,18.666007606561237
28180,4.4123392126124185e-05,2.3828920474455364,1.6080112036996472,14.674744846325575,18.665648097470758
28200,4.415470752152953e-05,2.3716979413919685,1.6066450526769223,14.6872010948781,18.66554408894699
28220,4.418602291693486e-05,2.356620743968672,1.6073904934698402,14.701997531381114,18.666008768819626
28240,4.4217338312340206e-05,2.343003661084652,1.6071366771673887,14.717224973276426,18.667365311528467
28260,4.424865370774555e-05,2.3354247914728274,1.607172616657833,14.724236304276543,18.666833712407204
28280,4.4279969103150884e-05,2.326263562457059,1.6047961441677672,14.735218929994735,18.666278636619563
28300,4.431128449855623e-05,2.3068573960437204,1.606868713755015,14.752449836832863,18.666175946631597
28320,4.434259989396157e-05,2.30144549025671,1.6047242856181403,14.760365317305583,18.666535093180432
28340,4.4373915289366905e-05,2.2858916257166637,1.6052512966638932,14.775891858781161,18.667034781161718
28360,4.440523068477225e-05,2.273083542315722,1.6056566067325582,14.79008299519743,18.66882314424571
28380,4.4436546080177584e-05,2.2618963278071362,1.6057818227019183,14.801325058234308,18.669003208743362
28400,4.4467861475582926e-05,2.2525170923007156,1.6064613335727849,14.810501419132853,18.669479845006354
28420,4.449917687098827e-05,2.2435222376911437,1.6075208946488233,14.818345455616173,18.669388587956142
28440,4.4530492266393605e-05,2.2254867504338254,1.6098629798150315,14.83508577393135,18.670435504180208
28460,4.456180766179895e-05,2.213290532292826,1.6105695614050515,14.847478936227981,18.67133902992586
28480,4.459312305720429e-05,2.2037504243804897,1.611352711890773,14.857112928240849,18.67221606451211
28500,4.4624438452609626e-05,2.1870111578006477,1.6103593055068899,14.876282681770471,18.67365314507801
28520,4.465575384801497e-05,2.1795249686096425,1.6121265230576873,14.881503083048894,18.673154574716225
28540,4.4687069243420304e-05,2.1729170175164874,1.6116638081238952,14.888170834243455,18.672751659883836
28560,4.471838463882565e-05,2.158474302669089,1.6140357550462505,14.900328494229663,18.672838551945002
28580,4.474970003423099e-05,2.147012820375947,1.613664478102595,14.911960754296256,18.672638052774797
28600,4.4781015429636325e-05,2.138172049259178,1.6132398721267087,14.921272418503374,18.672684339889262
28620,4.481233082504167e-05,2.123597756712898,1.6157166243586143,14.933934564670954,18.673248945742465
28640,4.484364622044701e-05,2.108914306110929,1.6170212386352474,14.946804479796914,18.67274002454309
28660,4.4874961615852346e-05,2.1032764292341133,1.6186978781434944,14.95119192912847,18.673166236506077
28680,4.490627701125769e-05,2.0829332511436727,1.6174711890606603,14.973485037631692,18.673889477836024
28700,4.4937592406663025e-05,2.0734566515996145,1.6186863726019194,14.981378728948439,18.673521753149974
28720,4.496890780206837e-05,2.0665701220551753,1.617678347679392,14.989140564145746,18.673389033880312
28740,4.500022319747371e-05,2.0465702771776586,1.6190069727809404,15.00869163216334,18.67426888212194
28760,4.5031538592879046e-05,2.0369354445291883,1.6201468439026265,15.017319102619421,18.674401391051237
28780,4.506285398828439e-05,2.0283671931639224,1.6223300780169656,15.023769005043402,18.67446627622429
28800,4.509416938368973e-05,2.0190161788300722,1.6223884955001728,15.033548237337378,18.674952911667624
28820,4.512548477909507e-05,2.006386611259321,1.6238152728786288,15.044968914813719,18.67517079895167
28840,4.515680017450041e-05,1.992928644961666,1.6224737588194398,15.060248268030186,18.67565067181129
28860,4.518811556990575e-05,1.98514734367232,1.623426262165118,15.0671377632645,18.675711369101936
28880,4.521943096531109e-05,1.9675691666624988,1.6254559752651183,15.083386257132656,18.67641139906027
28900,4.525074636071643e-05,1.9584611862191368,1.6287371050827424,15.089099315738533,18.67629760704041
28920,4.5282061756121766e-05,1.9490999713898929,1.6281866355370629,15.099237280105008,18.676523887031962
28940,4.531337715152711e-05,1.9352115560979355,1.6278915794883326,15.114559216661664,18.677662352247932
28960,4.534469254693245e-05,1.9236819458035248,1.629661212950317,15.124243751852218,18.67758691060606
28980,4.537600794233779e-05,1.9147693358551132,1.630667841127277,15.132252769342648,18.67768994632504
29000,4.540732333774313e-05,1.9028608724735039,1.6339795947650666,15.14238862921025,18.67922909644882
29020,4.543863873314847e-05,1.8953097099305092,1.6345078831866404,15.149601935165435,18.679419528282587
29040,4.546995412855381e-05,1.8754379816139926,1.6360548308650626,15.169774925558468,18.681267738037523
29060,4.550126952395915e-05,1.8647997998206884,1.6403389779549031,15.17530288781493,18.68044166559052
29080,4.553258491936449e-05,1.8552800757181591,1.6402996787384871,15.184684246478202,18.680264000934848
29100,4.556390031476983e-05,1.8460693147001734,1.6445210975025508,15.189965351136724,18.68055576333945
29120,4.559521571017517e-05,1.8313420356670225,1.6470653860909512,15.202425168072637,18.68083258983061
29140,4.562653110558051e-05,1.8156358419960472,1.649623605784655,15.217012388396084,18.682271836176785
29160,4.565784650098585e-05,1.8056898593308324,1.6534054525985062,15.223789868381873,18.68288518031121
29180,4.568916189639119e-05,1.7960294072907803,1.6564236472309644,15.231483760499364,18.68393681502111
29200,4.572047729179653e-05,1.7857302683463818,1.659807352823372,15.23884672106272,18.684384342232473
29220,4.575179268720187e-05,1.7714168108664134,1.664807766746616,15.249058571791014,18.685283149404043
29240,4.578310808260721e-05,1.762479703984074,1.669086227659172,15.254138522193088,18.685704453836333
29260,4.581442347801255e-05,1.7456172715780836,1.6725488337216625,15.268519057497693,18.68668516279744
29280,4.584573887341789e-05,1.7382996770103762,1.678704238013011,15.270421784885176,18.687425699908562
29300,4.587705426882323e-05,1.7181061904145607,1.6804128295113099,15.289011863571917,18.687530883497786
29320,4.590836966422857e-05,1.7035958600219054,1.6880306966017298,15.295352516643389,18.686979073267025
29340,4.5939685059633914e-05,1.6912418387817454,1.6926859703903536,15.304507774663382,18.68843558383548
29360,4.597100045503925e-05,1.6723353672151127,1.6990642747752807,15.31781867746257,18.689218319452962
29380,4.600231585044459e-05,1.6576037479512995,1.7093636788338498,15.322691870940414,18.689659297725562
29400,4.603363124584993e-05,1.6433678101850944,1.717532942300485,15.328593533368151,18.68949428585373
29420,4.606494664125527e-05,1.6336330503145842,1.723602734954068,15.332397091433426,18.689632876702078
29440,4.609626203666061e-05,1.6031952256936115,1.735480462131258,15.349931878634951,18.688607566459822
29460,4.612757743206595e-05,1.5860484538853914,1.7488465117004701,15.3552394320118,18.69013439759766
29480,4.615889282747129e-05,1.5694775990982932,1.759999705464068,15.361716634960919,18.69119393952328
29500,4.6190208222876634e-05,1.5454121899474313,1.7759789764587401,15.37278838250566,18.694179548911833
29520,4.622152361828197e-05,1.527439810788892,1.7900676937185942,15.378791186197354,18.69629869070484
29540,4.625283901368731e-05,1.5070531571883028,1.806370229025454,15.38580757385438,18.69923096006814
29560,4.6284154409092655e-05,1.4861482966458508,1.8251045457752701,15.390797789922035,18.702050632343155
29580,4.631546980449799e-05,1.4686040883828924,1.838258839191363,15.398417896243364,18.70528082381762
29600,4.6346785199903334e-05,1.449061910426396,1.8516267306686942,15.409163642792192,18.709852283887283
29620,4.637810059530867e-05,1.4324946774847902,1.8663486926552315,15.413075631904615,18.711919002044638
29640,4.640941599071401e-05,1.416358036268423,1.8803164295835504,15.417447719733055,18.714122185585026
29660,4.6440731386119355e-05,1.3982205048470302,1.8931186044955979,15.427756010889212,18.71909512023184
29680,4.647204678152469e-05,1.3819583515491964,1.9061124538497558,15.43352069518219,18.72159150058114
29700,4.650336217693003e-05,1.3676179774811688,1.918792923199716,15.437152244111926,18.723563144792813
29720,4.6534677572335376e-05,1.3523929819698117,1.9301374988889108,15.445482992985271,18.728013473843994
29740,4.656599296774071e-05,1.335385240351966,1.9456609666344147,15.449075985276654,18.730122192263035
29760,4.6597308363146054e-05,1.3221692240005858,1.9574878758608338,15.451433676473739,18.731090776335158
29780,4.662862375855139e-05,1.3032372275978905,1.9736722412414593,15.459615156255513,18.736524625094862
29800,4.665993915395673e-05,1.2900929713411988,1.9856644045480376,15.462486123271614,18.738243499160852
29820,4.6691254549362075e-05,1.277898158333688,1.996145828453055,15.466211351529793,18.740255338316537
29840,4.672256994476741e-05,1.2649387533044134,2.0080030544703904,15.469511928053247,18.74245373582805
29860,4.6753885340172754e-05,1.2550518009998235,2.0174004563547685,15.472169117446496,18.74462137480109
29880,4.6785200735578096e-05,1.243542902453926,2.0281577992144877,15.47511163965506,18.746812341323473
29900,4.681651613098343e-05,1.2332072553232911,2.0379031338924105,15.477582972278974,18.748693361494674
29920,4.6847831526388775e-05,1.229737852215916,2.0405418361587535,15.47832508875437,18.74860477712904
29940,4.687914692179411e-05,1.2197160481583968,2.0500842994622928,15.480194918020329,18.74999526564102
29960,4.691046231719945e-05,1.2132063285778982,2.055197218889858,15.483409420207003,18.75181296767476
29980,4.6941777712604796e-05,1.2071062700459263,2.060399650162305,15.486908166888483,18.754414087096713
30000,4.697309310801013e-05,1.204975129847576,2.061897667260419,15.488973897022221,18.755846694130216
30020,4.7004408503415474e-05,1.1998033420371241,2.0665475655899828,15.491240204142601,18.757591111769706
30040,4.703572389882082e-05,1.1971749800797529,2.0687057011782595,15.492882227963227,18.75876290922124
30060,4.706703929422615e-05,1.1925907523415986,2.073245960554985,15.494687128825358,18.76052384172194
30080,4.7098354689631495e-05,1.189122301002051,2.0762053438752845,15.496742964330377,18.76207060920771
30100,4.712967008503684e-05,1.187345511020855,2.078145459628966,15.4975855345905,18.76307650524032
30120,4.7160985480442174e-05,1.1856709393420455,2.079599573816962,15.499619124715016,18.764889637874024
30140,4.7192300875847516e-05,1.181661155159614,2.083096796413141,15.501530466266889,18.766288417839643
30160,4.722361627125285e-05,1.177964441271693,2.086566833356681,15.503092287291182,18.767623561919557
30180,4.7254931666658195e-05,1.1761317992597466,2.0876763031031316,15.504481720713772,18.76828982307665
30200,4.728624706206354e-05,1.171493599234028,2.0919748396727575,15.50687314719743,18.770341586104216
30220,4.731756245746887e-05,1.1695883600960402,2.0938155344351626,15.507474059476873,18.770877954008075
30240,4.7348877852874216e-05,1.168078390267277,2.0945536142227836,15.5086519486033,18.77128395309336
30260,4.738019324827956e-05,1.1643464357583768,2.097488894000335,15.511859843934237,18.77369517369295
30280,4.7411508643684894e-05,1.1630766868846578,2.0988014575251768,15.512385050819795,18.77426319522963
30300,4.744282403909024e-05,1.1605822135487014,2.10072232473182,15.51476280640923,18.77606734468975
30320,4.747413943449557e-05,1.1582405201461747,2.1026460232972926,15.515329758209399,18.776216301652866
30340,4.7505454829900915e-05,1.1546482907009765,2.1056806260236156,15.518056853362244,18.778385770086835
30360,4.753677022530626e-05,1.154773034898687,2.1046976702124334,15.51977553355589,18.77924623866701
30380,4.7568085620711593e-05,1.1522118371631382,2.1067079224131513,15.521409040367494,18.780328799943785
30400,4.7599401016116936e-05,1.1515454902675484,2.1071146361517363,15.52309205406883,18.781752180488112
30420,4.763071641152228e-05,1.149668182312664,2.109203093931018,15.524113541748525,18.782984817992208
30440,4.7662031806927615e-05,1.1501347631784906,2.1079701308977827,15.526109314881559,18.78421420895783
30460,4.769334720233296e-05,1.1496942241854033,2.1084233623528363,15.527689209861782,18.78580679640002
30480,4.772466259773829e-05,1.1473247011087377,2.1103902660714633,15.52924280986635,18.786957777046553
30500,4.7755977993143636e-05,1.1468074488518083,2.110535254642511,15.531255137884646,18.788597841378966
30520,4.778729338854898e-05,1.1444883544964959,2.1121548399083427,15.53295905620388,18.78960225060872
30540,4.7818608783954314e-05,1.1456068182266357,2.1102096188142685,15.533930591681958,18.789747028722864
30560,4.7849924179359657e-05,1.1465225258762208,2.108952107375235,15.535873107931884,18.79134774118334
30580,4.7881239574765e-05,1.147388669466012,2.1080056217698964,15.537246030599118,18.792640321835027
30600,4.7912554970170335e-05,1.1495114539280529,2.105366275080941,15.53881317831441,18.793690907323402
30620,4.794387036557568e-05,1.1498017837039252,2.104794557898717,15.540553696119897,18.79515003772254
30640,4.7975185760981013e-05,1.1528651106226624,2.1016277165148494,15.542137702856976,18.796630529994488
30660,4.8006501156386356e-05,1.1539333577022992,2.1003514489248927,15.543825504076938,18.798110310704132
30680,4.80378165517917e-05,1.1576144266456048,2.095769211139089,15.545634746913832,18.799018384698527
30700,4.8069131947197034e-05,1.1608009302975253,2.092429042803486,15.547028821073045,18.800258794174056
30720,4.810044734260238e-05,1.1620646573187998,2.091155992088416,15.548574515474556,18.80179516488177
30740,4.813176273800772e-05,1.1660997375344042,2.086413943186726,15.550275887782679,18.80278956850381
30760,4.8163078133413056e-05,1.1705828611724605,2.0816759264386904,15.55055764124579,18.802816428856943
30780,4.81943935288184e-05,1.175480381471728,2.076619460235083,15.551152552825208,18.80325239453202
30800,4.822570892422374e-05,1.1817105050926364,2.0691782860145302,15.555045547565197,18.805934338672362
30820,4.8257024319629077e-05,1.1849337194320062,2.065344236069815,15.556456849536438,18.80673480503826
30840,4.828833971503442e-05,1.1894684666261495,2.0604276809428965,15.557933187749818,18.807829335318864
30860,4.8319655110439755e-05,1.1950758991893475,2.0549180963609017,15.559212625490652,18.8092066210409
30880,4.83509705058451e-05,1.1992701485763706,2.050612786784473,15.56032863842334,18.810211573784184
30900,4.838228590125044e-05,1.2055842764670466,2.0439145991703245,15.561687986806657,18.81118686244403
30920,4.8413601296655776e-05,1.2107878277569264,2.038453237298714,15.563159965352327,18.81240103040797
30940,4.844491669206112e-05,1.2173616173727062,2.0314650170668056,15.564247769996074,18.813074404435586
30960,4.847623208746646e-05,1.2217151938458066,2.026735205856575,15.565370979585246,18.813821379287628
30980,4.85075474828718e-05,1.2298799073689959,2.0182388962253195,15.566087644528391,18.814206448122707
31000,4.853886287827714e-05,1.2345499464407799,2.0135602742127294,15.56762758597442,18.81573780662793
31020,4.8570178273682475e-05,1.2403415243437972,2.0073963370552232,15.568811069608078,18.816548931007098
31040,4.860149366908782e-05,1.2452984667768567,2.0022974346913744,15.569969165910248,18.817565067378478
31060,4.863280906449316e-05,1.2505432665611227,1.9970203132353816,15.571201592851388,18.818765172647893
31080,4.8664124459898497e-05,1.2564277497504506,1.991147509477689,15.57175393466472,18.81932919389286
31100,4.869543985530384e-05,1.2605704852027286,1.9864936705823397,15.573391644454286,18.820455800239355
31120,4.872675525070918e-05,1.26638081346683,1.9803683755885166,15.574248523630924,18.82099771268627
31140,4.875807064611452e-05,1.271116852425351,1.9759973428041224,15.575410290272826,18.8225244855023
31160,4.878938604151986e-05,1.274473300099749,1.971817531163514,15.576661588642335,18.822952419905597
31180,4.8820701436925196e-05,1.280575010204665,1.9655217825180167,15.577629800481613,18.823726593204295
31200,4.885201683233054e-05,1.283306688620255,1.9621401544937704,15.578743080797578,18.824189923911604
31220,4.888333222773588e-05,1.2903710226183982,1.9550501883112599,15.579758945962372,18.82518015689203
31240,4.891464762314122e-05,1.2946010890212984,1.9506982026706143,15.58107933590846,18.82637862760037
31260,4.894596301854656e-05,1.3000786123558856,1.9448352826251798,15.582297172291169,18.827211067272234
31280,4.89772784139519e-05,1.3038925287789502,1.940757220095273,15.58337953862726,18.828029287501483
31300,4.900859380935724e-05,1.310067184618413,1.9343213592195891,15.58428961274713,18.82867815658513
31320,4.903990920476258e-05,1.3150815315107591,1.9288661375568286,15.585318240882634,18.829265909950223
31340,4.9071224600167916e-05,1.3199508016921715,1.9235447751374728,15.586308572208877,18.82980414903852
31360,4.910253999557326e-05,1.3275845642844173,1.9158687491934139,15.587147987499328,18.830601300977158
31380,4.91338553909786e-05,1.331942603735546,1.9114222417668127,15.588139296777387,18.831504142279744
31400,4.916517078638394e-05,1.3373754321290137,1.9058426079415978,15.589072047685866,18.832290087756476
31420,4.919648618178928e-05,1.346009630157641,1.896990322830621,15.58965394609692,18.83265389908518
31440,4.922780157719462e-05,1.351458975937382,1.8916167336023946,15.590981350116339,18.834057059656114
31460,4.925911697259996e-05,1.3594316775451187,1.883140196498027,15.592091225137164,18.83466309918031
31480,4.92904323680053e-05,1.3645827359902498,1.878048358725458,15.592844748587453,18.83547584330316
31500,4.9321747763410644e-05,1.3729546527482106,1.8690502106881028,15.594016420945762,18.836021284382074
31520,4.935306315881598e-05,1.3803294869488685,1.861852914751199,15.595134647674044,18.83731704937411
31540,4.938437855422132e-05,1.3878137952592269,1.8542506193706452,15.595919990023615,18.837984404653486
31560,4.941569394962666e-05,1.3939623327232638,1.8477171944950899,15.597057864108193,18.838737391326546
31580,4.9447009345032e-05,1.4019304106311394,1.8395129832294812,15.598172993211985,18.839616387072606
31600,4.947832474043734e-05,1.408645752454083,1.83276295580376,15.599040755815597,18.84044946407344
31620,4.950964013584268e-05,1.4182139874949478,1.8231734753571829,15.600189789235282,18.84157725208741
31640,4.954095553124802e-05,1.422495417517107,1.818739358371383,15.601401020279203,18.84263579616769
31660,4.9572270926653364e-05,1.4310508299669347,1.809658352560025,15.602310696068102,18.84301987859506
31680,4.96035863220587e-05,1.4371480780454862,1.8033081940148112,15.60354952686188,18.844005798922176
31700,4.963490171746404e-05,1.4428301742758645,1.797318137575602,15.604820987203343,18.84496929905481
31720,4.966621711286938e-05,1.4525470917620906,1.7870227805442183,15.605795485933509,18.845365358239818
31740,4.969753250827472e-05,1.4578771362575766,1.7814356960298066,15.6070438506897,18.84635668297708
31760,4.9728847903680064e-05,1.46333761817904,1.7755436599017231,15.608297186045267,18.84717846412603
31780,4.97601632990854e-05,1.469244780969943,1.7696572673316797,15.609171783190767,18.84807383149239
31800,4.979147869449074e-05,1.4768644978132914,1.7620123646454549,15.610558383707072,18.849435246165818
31820,4.9822794089896085e-05,1.484200781330304,1.754181030002559,15.611693477366618,18.850075288699482
31840,4.985410948530142e-05,1.4893261727524383,1.7486674150382437,15.612666783622338,18.85066037141302
31860,4.988542488070676e-05,1.496602058011271,1.741194863882608,15.613896759876946,18.851693681770826
31880,4.99167402761121e-05,1.5012647511971569,1.736351489323639,15.614872923089823,18.85248916361062
31900,4.994805567151744e-05,1.5080234411163511,1.7295142041227625,15.615958621534764,18.853496266773877
31920,4.9979371066922784e-05,1.51645361337721,1.7206193004329013,15.617092997826532,18.854165911636642
31940,5.001068646232812e-05,1.5212833104123962,1.715464321941354,15.618206459760263,18.854954092114014
31960,5.004200185773346e-05,1.5280631534866826,1.7087404071364942,15.619033429940993,18.85583699056417
31980,5.0073317253138805e-05,1.5347926746163458,1.7022319395512466,15.62027130520558,18.857295919373172
32000,5.010463264854414e-05,1.5405174299509634,1.6959042877745163,15.621378015759685,18.857799733485166
32020,5.0135948043949484e-05,1.548275818063866,1.6877140375268644,15.622218653670094,18.858208509260827
32040,5.0167263439354826e-05,1.5535440964812448,1.6824653196130068,15.623291955397265,18.85930137149152
32060,5.019857883476016e-05,1.5628835738788582,1.6730364315480035,15.624271678303849,18.86019168373071
32080,5.0229894230165505e-05,1.5688653161903208,1.6663852263724244,15.625184953977946,18.860435496540692
32100,5.026120962557084e-05,1.5751616195420453,1.660366839532914,15.626112412359616,18.861640871434574
32120,5.029252502097618e-05,1.5844383545814722,1.650974167430662,15.627075793356747,18.862488315368882
32140,5.0323840416381526e-05,1.5902733923689354,1.6445470911940003,15.627824368169302,18.862644851732238
32160,5.035515581178686e-05,1.597304423923579,1.6374363946572268,15.62888002820024,18.863620846781046
32180,5.0386471207192204e-05,1.6042739593889426,1.6303541946677509,15.62990080595841,18.864528960015104
32200,5.041778660259755e-05,1.6096683568776475,1.624588631470064,15.630476004613515,18.864732992961226
32220,5.044910199800288e-05,1.6180346140404165,1.6157701324189513,15.631802326485586,18.865607072944954
32240,5.0480417393408225e-05,1.6243242182403637,1.6098283625101486,15.632637122205917,18.86678970295643
32260,5.051173278881356e-05,1.6313320110813248,1.6023377068568012,15.633707085244048,18.867376803182175
32280,5.0543048184218904e-05,1.6375683642656302,1.595973798086088,15.634666458983519,18.86820862133524
32300,5.0574363579624246e-05,1.643873231844559,1.588970412246066,15.63549265607309,18.868336300163715
32320,5.060567897502958e-05,1.648532467356127,1.584312679383746,15.636141226639328,18.8689863733792
32340,5.0636994370434925e-05,1.656076646800205,1.5768231215068662,15.637042525004226,18.869942293311297
32360,5.066830976584027e-05,1.6625279062604623,1.5694174624531418,15.63803207253028,18.869977441243883
32380,5.06996251612456e-05,1.6673214494664064,1.5647243998225946,15.638777847417629,18.87082369670663
32400,5.0730940556650946e-05,1.6740013275953556,1.5576223179654352,15.6400308381133,18.871654483674092
32420,5.076225595205628e-05,1.6797946067562792,1.5520635613123497,15.641008684483943,18.872866852552573
32440,5.0793571347461624e-05,1.6868178151627904,1.5447325318816902,15.641676616448795,18.873226963493273
32460,5.082488674286697e-05,1.6937244419680586,1.537830852275169,15.642722146358881,18.874277440602107
32480,5.08562021382723e-05,1.7007892021556001,1.530734013289764,15.643576373706304,18.875099589151667
32500,5.0887517533677645e-05,1.7058033895274494,1.5255810877460345,15.644474195946238,18.87585867321972
32520,5.091883292908299e-05,1.7134966399551828,1.5177466145181853,15.645307727173854,18.87655098164722
32540,5.0950148324488324e-05,1.720366107698887,1.5105747077620861,15.646302852024565,18.877243667485537
32560,5.0981463719893666e-05,1.727307141206465,1.5034211717385033,15.64706042374289,18.877788736687858
32580,5.1012779115299e-05,1.7349044991243288,1.4951928781852364,15.64785722850444,18.877954605814004
32600,5.1044094510704345e-05,1.742089896261271,1.4882642634642682,15.648684461268065,18.879038620993605
32620,5.107540990610969e-05,1.7481921985978404,1.481875836132493,15.649423724413637,18.87949175914397
32640,5.110672530151502e-05,1.7574520022370388,1.4723065452768256,15.650311559461358,18.88007010697522
32660,5.1138040696920366e-05,1.7637693435846913,1.4656677959660591,15.651260041674249,18.880697181225
32680,5.116935609232571e-05,1.769785339375096,1.4596059936466161,15.651967164467461,18.881358497489174
32700,5.1200671487731044e-05,1.7781060308576624,1.4514508959164747,15.652872890286192,18.882429817060327
32720,5.123198688313639e-05,1.7849437510346218,1.4441680360207838,15.653717481246815,18.88282926830222
32740,5.126330227854173e-05,1.7931154654441566,1.4361021955458178,15.654395228890198,18.883612889880173
32760,5.1294617673947065e-05,1.8007045461832636,1.428189204910738,15.655164934976352,18.884058686070354
32780,5.132593306935241e-05,1.807357300149709,1.421353642496702,15.655945481132639,18.88465642377905
32800,5.1357248464757744e-05,1.815895962090153,1.412550015515651,15.656528897698488,18.88497487530429
32820,5.1388563860163086e-05,1.8233214809988825,1.4051977224134078,15.657350802114442,18.885870005526733
32840,5.141987925556843e-05,1.8320883217682775,1.3960735923857968,15.658196914056436,18.88635882821051
32860,5.1451194650973765e-05,1.838132814023735,1.3898744059941952,15.658936280263795,18.886943500281724
32880,5.148251004637911e-05,1.8460124327734517,1.3820488643101467,15.659819252115737,18.887880549199334
32900,5.151382544178445e-05,1.8530835469129627,1.3744869061963085,15.660705380307586,18.888275833416856
32920,5.1545140837189786e-05,1.8621719397563323,1.3653085258299913,15.661490794465998,18.888971260052323
32940,5.157645623259513e-05,1.8681781589145783,1.359139088802756,15.662322720040924,18.889639967758256
32960,5.1607771628000464e-05,1.8760119886947235,1.351022651835559,15.663172907315472,18.890207547845755
32980,5.163908702340581e-05,1.8816677222877334,1.3453577580908453,15.663934818679325,18.8909602990579
33000,5.167040241881115e-05,1.887806805241236,1.3389607235412664,15.66481040407609,18.891577932858592
33020,5.1701717814216485e-05,1.895336281064329,1.3318388490311532,15.665554492953008,18.892729623048492
33040,5.173303320962183e-05,1.8994242981263758,1.3276385226397627,15.666178470433895,18.893241291200034
33060,5.176434860502717e-05,1.9076638898055855,1.318790185685126,15.666963687630384,18.893417763121096
33080,5.1795664000432506e-05,1.911314799547592,1.315221289482012,15.667723311286265,18.894259400315867
33100,5.182697939583785e-05,1.916595331643383,1.309899491449634,15.668418083197176,18.894912906290195
33120,5.1858294791243185e-05,1.9216286883355318,1.3041255472594837,15.669281807583086,18.895036043178102
33140,5.188961018664853e-05,1.9255030261698594,1.30050696829967,15.670218667007614,18.896228661477142
33160,5.192092558205387e-05,1.9321521876279726,1.2930772449642998,15.670994656074097,18.89622408866637
33180,5.1952240977459206e-05,1.9355994756727246,1.2896971462549234,15.671946642878122,18.89724326480577
33200,5.198355637286455e-05,1.940175312805977,1.2853767592640328,15.67259541067028,18.89814748274029
33220,5.201487176826989e-05,1.9447284214993696,1.2804407079250664,15.673525356911853,18.89869448633629
33240,5.204618716367523e-05,1.9495467315822392,1.2753638690305016,15.674518812102265,18.899429412715005
33260,5.207750255908057e-05,1.952574858813433,1.2725774929590075,15.675324984462076,18.900477336234516
33280,5.2108817954485905e-05,1.9598955389631398,1.264321923218141,15.676070142341263,18.900287604522546
33300,5.214013334989125e-05,1.9640055455029881,1.260564249331416,15.677015977608919,18.901585772443322
33320,5.217144874529659e-05,1.9688220202922344,1.2551008831538453,15.6780903057616,18.90201320920768
33340,5.2202764140701926e-05,1.9724882234348597,1.251678444312957,15.678845404175924,18.90301207192374
33360,5.223407953610727e-05,1.9798129528586097,1.2441531932374856,15.679681844571004,18.9036479906671
33380,5.226539493151261e-05,1.98413671321816,1.239706134080311,15.680277234304608,18.90412008160308
33400,5.229671032691795e-05,1.989245574089975,1.2340231450243437,15.681174046592192,18.90444276570651
33420,5.232802572232329e-05,1.9932264490537934,1.2299558507232777,15.68203445279422,18.90521675257129
33440,5.235934111772863e-05,1.9996170701060274,1.2231747520359217,15.682862392096194,18.905654214238144
33460,5.239065651313397e-05,2.005800742411849,1.2164478848020612,15.683616332744268,18.90586495995818
33480,5.242197190853931e-05,2.011032363340062,1.2112854794075583,15.684627210996108,18.90694505374373
33500,5.245328730394465e-05,2.014332608885417,1.2080636051227154,15.685430596569837,18.90782681057797
33520,5.248460269934999e-05,2.021620146520993,1.2009252986076038,15.686221257466366,18.908766702594964
33540,5.251591809475533e-05,2.026910077196275,1.19551461559143,15.687088446770343,18.909513139558047
33560,5.254723349016067e-05,2.0343327735180576,1.1872868074232021,15.687985118444788,18.909604699386048
33580,5.257854888556601e-05,2.0382445301564482,1.1833865784564839,15.688591478828787,18.91022258744172
33600,5.260986428097135e-05,2.0449163526331913,1.1768652541850022,15.689483042454613,18.911264649272805
33620,5.264117967637669e-05,2.051689038645611,1.1692506392353785,15.690246998456452,18.91118667633744
33640,5.267249507178203e-05,2.0561500393821093,1.165061500676979,15.690948132502628,18.912159672561717
33660,5.270381046718737e-05,2.0624637353505326,1.1582870510666625,15.691644644693884,18.91239543111108
33680,5.273512586259271e-05,2.0685051020121357,1.1517738237683726,15.692500972481866,18.912779898262375
33700,5.276644125799805e-05,2.075086382746846,1.1453050144893522,15.693059554682812,18.91345095191901
33720,5.279775665340339e-05,2.083179971076671,1.1368115471694793,15.693874982393842,18.91386650063999
33740,5.282907204880873e-05,2.0858589348876153,1.1346440951369878,15.694579263358264,18.915082293382866
33760,5.2860387444214073e-05,2.093805701810693,1.126260338772835,15.695208705745667,18.915274746329196
33780,5.289170283961941e-05,2.0990543820035983,1.1206059659998757,15.695945045150324,18.915605393153797
33800,5.292301823502475e-05,2.1052241453611447,1.1146443480736072,15.696674174558678,18.91654266799343
33820,5.295433363043009e-05,2.1111860592955125,1.1082482682020975,15.697284254406174,18.916718581903783
33840,5.298564902583543e-05,2.114732762110542,1.1046838092242193,15.697992023083357,18.917408594418117
33860,5.301696442124077e-05,2.121877553538505,1.097601452461199,15.698686987523125,18.918165993522827
33880,5.304827981664611e-05,2.1266994250100852,1.092771140043204,15.699314934997686,18.918785500050976
33900,5.307959521205145e-05,2.1322783562349774,1.0866201415485308,15.700058260495382,18.91895675827889
33920,5.3110910607456794e-05,2.137578510218589,1.0811249742436617,15.700759766525367,18.91946325098762
33940,5.314222600286213e-05,2.1419184143985044,1.0767438920809684,15.701348810190847,18.92001111667032
33960,5.317354139826747e-05,2.145477832426179,1.072857854577619,15.701999684631339,18.920335371635137
33980,5.3204856793672815e-05,2.1516762516670314,1.0666254229323051,15.702789817123685,18.921091491723022
34000,5.323617218907815e-05,2.1560719529852075,1.0622478964443482,15.703444166858771,18.92176401628833
34020,5.326748758448349e-05,2.15964385359554,1.0587924661730548,15.704162201210636,18.922598520979232
34040,5.329880297988883e-05,2.163887159081779,1.054148367935101,15.704939115473396,18.922974642490274
34060,5.333011837529417e-05,2.1668799409999338,1.051090162973954,15.705477512457161,18.923447616431048
34080,5.3361433770699514e-05,2.1738898470440997,1.0436851744993934,15.706172747229349,18.92374776877284
34100,5.339274916610485e-05,2.1770954417980373,1.0398745989287128,15.70684432083317,18.92381436155992
34120,5.342406456151019e-05,2.1807849839326843,1.0363728304586097,15.70736246936302,18.924520283754312
34140,5.3455379956915535e-05,2.184999415594693,1.032394786503843,15.707938795159821,18.92533299725836
34160,5.348669535232087e-05,2.1883238215195413,1.028998609503048,15.708633535735787,18.925955966758377
34180,5.3518010747726214e-05,2.192779712150484,1.0244775386766771,15.709273425285254,18.926530676112414
34200,5.354932614313155e-05,2.196753898084423,1.0201118739899504,15.710010432021102,18.926876204095475
34220,5.358064153853689e-05,2.200533496696053,1.016252939672183,15.710721676338311,18.927508112706548
34240,5.3611956933942235e-05,2.2064955544200133,1.0100763005680102,15.711302016642687,18.92787387163071
34260,5.364327232934757e-05,2.209817283362237,1.0069420271172573,15.71188452811827,18.928643838597765
34280,5.367458772475291e-05,2.214858292577359,1.0016683301294413,15.71258527140953,18.929111894116332
34300,5.3705903120158256e-05,2.2180489072657084,0.9982167911608328,15.713145420922515,18.929411119349055
34320,5.373721851556359e-05,2.2236268771866907,0.9926888072182024,15.713816730137497,18.93013241454239
34340,5.3768533910968934e-05,2.2261056889865714,0.9901865567124528,15.714446042644342,18.930738288343367
34360,5.379984930637427e-05,2.2318564073354192,0.9838597868586614,15.715036771311038,18.930752965505118
34380,5.383116470177961e-05,2.236282119342492,0.9792645242427569,15.71570733859799,18.93125398218324
34400,5.3862480097184955e-05,2.238610515898841,0.9772662010943219,15.716448498010783,18.932325215003946
34420,5.389379549259029e-05,2.243535195289379,0.9720497649835745,15.717099766728477,18.93268472700143
34440,5.3925110887995634e-05,2.248056056757021,0.9673681660299864,15.717824954980731,18.93324917776774
34460,5.3956426283400976e-05,2.2523478448643877,0.9625543611485271,15.718553885409436,18.93345609142235
34480,5.398774167880631e-05,2.256596120426515,0.9584003356304188,15.719141703603281,18.934138159660215
34500,5.4019057074211655e-05,2.260393028703398,0.9545957950827861,15.720062184510166,18.935051008296348
34520,5.405037246961699e-05,2.2643747180465064,0.9502417633652892,15.720894127494066,18.93551060890586
34540,5.408168786502233e-05,2.267476872052222,0.9469566547876241,15.72153766009205,18.935971186931894
34560,5.4113003260427676e-05,2.2729772996562545,0.9413158115572002,15.722282084880952,18.936575196094406
34580,5.414431865583301e-05,2.2773125592072354,0.9368986676639188,15.722931664262099,18.937142891133252
34600,5.4175634051238354e-05,2.280955932948648,0.9333121528584014,15.723549491636183,18.937817577443234
34620,5.42069494466437e-05,2.283735064451549,0.9303679219181696,15.724215855214425,18.93831884158414
34640,5.423826484204903e-05,2.288408964120002,0.9255613183954035,15.724986543104837,18.93895682562024
34660,5.4269580237454375e-05,2.2915369237173784,0.9222129080441244,15.72567751996079,18.939427351722294
34680,5.430089563285972e-05,2.2949828296822976,0.9186510688964075,15.726539179197484,18.94017307777619
34700,5.4332211028265054e-05,2.299388479187159,0.9141027708947815,15.727217713929459,18.9407089640114
34720,5.4363526423670396e-05,2.305701592631366,0.9072519119753615,15.727879708499376,18.940833213106103
34740,5.439484181907573e-05,2.3108567419130814,0.9021061386941215,15.72858139917511,18.941544279782313
34760,5.4426157214481075e-05,2.315336590162671,0.8979211619185649,15.729398093825658,18.942655845906895
34780,5.445747260988642e-05,2.3203304762151857,0.8924125274932291,15.730068173055978,18.942811176764394
34800,5.448878800529175e-05,2.3238789219900897,0.8889430536444738,15.73066360898014,18.943485584614706
34820,5.4520103400697096e-05,2.328947017012527,0.8836070407070878,15.731443391623264,18.94399744934288
34840,5.455141879610244e-05,2.335090599390896,0.8776153760072666,15.732025174718942,18.944731150117104
34860,5.4582734191507774e-05,2.340401492477079,0.8717685990267503,15.73272338382996,18.94489347533379
34880,5.461404958691312e-05,2.342134958369105,0.8697631909360236,15.73332645213417,18.9452246014393
34900,5.464536498231845e-05,2.351352903044797,0.8603534809729585,15.734008760975264,18.94571514499302
34920,5.4676680377723795e-05,2.3548592698269517,0.8568355079287718,15.734761771198304,18.94645654895403
34940,5.470799577312914e-05,2.359103239681051,0.8528384331945748,15.735528858415094,18.94747053129072
34960,5.4739311168534474e-05,2.3657239296973915,0.8455673970439235,15.73610790159919,18.947399228340505
34980,5.4770626563939816e-05,2.368781656330194,0.8424871117952651,15.736831646147849,18.94810041427331
35000,5.480194195934516e-05,2.3737122381586544,0.8369062014458782,15.737683260971636,18.948301700576167
35020,5.4833257354750495e-05,2.380086395368747,0.830283413161576,15.738431545412217,18.94880135394254
35040,5.486457275015584e-05,2.385250686716569,0.8254864231968313,15.73911530623852,18.94985241615192
35060,5.489588814556117e-05,2.3889272554374474,0.821754299726958,15.739755140805462,18.950436695969866
35080,5.4927203540966516e-05,2.3936742140367504,0.8165608883869372,15.740446336187821,18.950681438611507
35100,5.495851893637186e-05,2.395874350103461,0.8143045692632698,15.741082658523315,18.951261577890044
35120,5.4989834331777194e-05,2.4002869906939526,0.8097702614989195,15.741749089567108,18.95180634175998
35140,5.502114972718254e-05,2.4020566142333495,0.8079810578944181,15.742351565352399,18.952389237480165
35160,5.505246512258788e-05,2.405530310731649,0.8041914668594335,15.743041136808936,18.95276291440002
35180,5.5083780517993215e-05,2.408641946608253,0.8009334022744531,15.743711906252248,18.953287255134953
35200,5.511509591339856e-05,2.4109549231452574,0.7985278710007795,15.74434660687849,18.953829401024528
35220,5.51464113088039e-05,2.411968849804528,0.7973938974072381,15.744982007871757,18.954344755083522
35240,5.5177726704209236e-05,2.4117673354395692,0.7973989835738232,15.74570161915907,18.954867938172463
35260,5.520904209961458e-05,2.4121940733077016,0.7967325368041048,15.746272075552005,18.95519868566381
35280,5.5240357495019915e-05,2.411320346036863,0.7974207372817449,15.746879525586227,18.955620608904834
35300,5.527167289042526e-05,2.4098693585560156,0.7989741022941698,15.747625687231343,18.956469148081528
35320,5.53029882858306e-05,2.409080534254102,0.7996587977816497,15.748177190139048,18.9569165221748
35340,5.5334303681235936e-05,2.4082879808879265,0.8000474670545583,15.748795693816472,18.957131141758957
35360,5.536561907664128e-05,2.4053861765396167,0.8032409984195695,15.749402264944587,18.958029439903772
35380,5.539693447204662e-05,2.4024172125202155,0.8059884750179418,15.749991722240992,18.95839740977915
35400,5.542824986745196e-05,2.399531663687691,0.8084945576838746,15.750652419239831,18.958678640611396
35420,5.54595652628573e-05,2.3945244706792463,0.8134562479838946,15.751400656562701,18.959381375225842
35440,5.5490880658262635e-05,2.3889919757889793,0.818457246963657,15.75203082341868,18.959480046171315
35460,5.552219605366798e-05,2.3849394232485883,0.8226199510103014,15.752699812178355,18.960259186437245
35480,5.555351144907332e-05,2.379588652730849,0.8278800260051522,15.753282596971378,18.96075127570738
35500,5.5584826844478656e-05,2.3725076265589404,0.8350540744239521,15.75375147179969,18.96131317278258
35520,5.5616142239884e-05,2.36459767619802,0.8431385517609371,15.754477832900621,18.96221406085958
35540,5.564745763528934e-05,2.357409491241687,0.8501555143932137,15.755376044926761,18.96294105056166
35560,5.567877303069468e-05,2.3513336468305317,0.8557098576384335,15.756007146017659,18.963050650486625
35580,5.571008842610002e-05,2.3416819395363717,0.8653353173446902,15.756691791465299,18.96370904834636
35600,5.5741403821505356e-05,2.3329179560459714,0.8738445816817533,15.757538723200762,18.964301260928487
35620,5.57727192169107e-05,2.3231652478361076,0.8835406967996365,15.7581116717036,18.964817616339346
35640,5.580403461231604e-05,2.3134653422201295,0.893234584151612,15.7586905107044,18.96539043707614
35660,5.583535000772138e-05,2.3028433891621116,0.9040233425897325,15.759264147721714,18.966130879473557
35680,5.586666540312672e-05,2.2930095217137425,0.9133285302199854,15.759824254592226,18.966162306525955
35700,5.589798079853206e-05,2.2816597527676388,0.9246958964264311,15.760469008916715,18.966824658110784
35720,5.59292961939374e-05,2.2699541331825888,0.9362593516145218,15.761136649929767,18.96735013472688
35740,5.596061158934274e-05,2.2593894649367945,0.9462250594253786,15.761682216224168,18.96729674058634
35760,5.5991926984748076e-05,2.245775025802544,0.9598688945046604,15.762412852384797,18.968056772692
35780,5.602324238015342e-05,2.2329180588617197,0.9726290815532174,15.76318872449415,18.968735864909085
35800,5.605455777555876e-05,2.219655810277012,0.9858488805650363,15.763772820344554,18.969277511186604
35820,5.60858731709641e-05,2.207872003994826,0.9974572497128326,15.764496010380867,18.969825264088527
35840,5.611718856636944e-05,2.1942205234993395,1.0107002574962842,15.765576394405878,18.9704971754015
35860,5.614850396177478e-05,2.178609889651022,1.0261344114132878,15.766269153031475,18.971013454095786
35880,5.617981935718012e-05,2.1661363167216927,1.0385975252429434,15.767075193590944,18.97180903555558
35900,5.621113475258546e-05,2.1540875424232535,1.050217305848221,15.767942061813057,18.972246910084532
35920,5.6242450147990804e-05,2.14087306246069,1.0640094522772705,15.768572154048709,18.97345466878667
35940,5.627376554339614e-05,2.128132138485876,1.0764631710973243,15.76956047926221,18.97415578884541
35960,5.630508093880148e-05,2.1163085109460997,1.0882037760436214,15.770244397972773,18.974756684962493
35980,5.633639633420682e-05,2.100712435901741,1.1037475901435472,15.770908447379265,18.975368473424552
36000,5.636771172961216e-05,2.08736261167644,1.1166096698630723,15.771679011811905,18.97565129335142
36020,5.63990271250175e-05,2.0749125512677535,1.1290250855656827,15.772409343530335,18.976346980363772
36040,5.643034252042284e-05,2.0606044560088153,1.1431568864597763,15.773044453092139,18.97680579556073
36060,5.646165791582818e-05,2.04953838440368,1.1540218633665036,15.773790513403068,18.977350761173252
36080,5.6492973311233524e-05,2.036011336934698,1.1674220035073706,15.774729490593662,18.978162831035732
36100,5.652428870663886e-05,2.0237677869295614,1.1796153425810645,15.775392573129636,18.978775702640263
36120,5.65556041020442e-05,2.011833999907069,1.1915115786386796,15.776012427782426,18.979358006328177
36140,5.658691949744954e-05,1.999748401310645,1.2033661535205709,15.776718882891952,18.97983343772317
36160,5.661823489285488e-05,1.9861625468500668,1.2167788373846329,15.777404549081933,18.98034593331663
36180,5.6649550288260224e-05,1.9755780394611526,1.2268937245252118,15.778193371355217,18.98066513534158
36200,5.668086568366556e-05,1.9624953819955306,1.2399733447281938,15.779000626045104,18.981469352768826
36220,5.67121810790709e-05,1.9523032242216491,1.2502040007440254,15.779714236782125,18.9822214617478
36240,5.6743496474476245e-05,1.9398891477244053,1.2622455024648425,15.78052398350002,18.98265863368927
36260,5.677481186988158e-05,1.9287393609574306,1.2732288420745883,15.781423941397236,18.983392144429253
36280,5.680612726528692e-05,1.9167084327293185,1.2846582158432147,15.781907084479707,18.98327373305224
36300,5.683744266069226e-05,1.9064132344254139,1.294874225070888,15.782876991946798,18.9841644514431
36320,5.68687580560976e-05,1.8955438969081015,1.3059502759306518,15.783742941953413,18.985237114792167
36340,5.6900073451502944e-05,1.8833680982051524,1.318034693394817,15.784427270402587,18.985830062002556
36360,5.693138884690828e-05,1.8733572527325535,1.3279266368122773,15.784975391848034,18.986259281392865
36380,5.696270424231362e-05,1.8617780780562487,1.3387426369999205,15.785743749921995,18.986264464978163
36400,5.6994019637718965e-05,1.8492192392212812,1.3517110218650734,15.786344875811016,18.98727513689737
36420,5.70253350331243e-05,1.837946683908457,1.3627558087126774,15.787007753792825,18.98771024641396
36440,5.7056650428529644e-05,1.8266173559606487,1.3737245972392544,15.78762118522317,18.987963138423073
36460,5.708796582393498e-05,1.8158852354725328,1.3845019071064133,15.788404376249147,18.988791518828094
36480,5.711928121934032e-05,1.8045889768118792,1.395828226917237,15.789155689439651,18.989572893168766
36500,5.7150596614745665e-05,1.7935374500944656,1.4062526430707605,15.789866880027283,18.98965697319251
36520,5.7181912010151e-05,1.7812946932098332,1.418457624491898,15.790454626611018,18.99020694431275
36540,5.721322740555634e-05,1.7706541973241987,1.4287945224740979,15.79117050195249,18.990619221750787
36560,5.7244542800961686e-05,1.7597705722023618,1.4396779395175756,15.791849520722272,18.99129803244221
36580,5.727585819636702e-05,1.748375334251676,1.4507637369775757,15.792431335864762,18.991570407094013
36600,5.7307173591772364e-05,1.7387389606637789,1.4599385044743471,15.793149359815182,18.991826824953307
36620,5.733848898717771e-05,1.7269912614334886,1.4722021181279936,15.793927393574776,18.99312077313626
36640,5.736980438258304e-05,1.7157107132942666,1.4830504897730714,15.794483086449056,18.993244289516394
36660,5.7401119777988385e-05,1.7038270492546714,1.4947641248883625,15.795183272069545,18.99377444621258
36680,5.743243517339372e-05,1.6961096856707005,1.5025511478474929,15.795920078213475,18.994580911731667
36700,5.7463750568799063e-05,1.6843858743998161,1.5145208476102374,15.796595638307505,18.99550236031756
36720,5.7495065964204406e-05,1.6745156920810074,1.5238940709930844,15.797275705284067,18.995685468358158
36740,5.752638135960974e-05,1.6653032519028017,1.5332412279504475,15.798000927231698,18.996545407084948
36760,5.7557696755015085e-05,1.6543596828841896,1.5439110700032366,15.79859610134397,18.996866854231396
36780,5.758901215042043e-05,1.644421887007388,1.5534859502101874,15.799343979594243,18.99725181681182
36800,5.762032754582576e-05,1.6344843584129767,1.5630296443492262,15.799964151317518,18.997478154079722
36820,5.7651642941231106e-05,1.6238048224097061,1.5736335213817714,15.800563535905244,18.998001879696723
36840,5.768295833663644e-05,1.6171444066162761,1.5798985105515502,15.80127923767968,18.998322154847507
36860,5.7714273732041784e-05,1.6058157928802554,1.5918973267424321,15.80198794347792,18.99970106310061
36880,5.7745589127447127e-05,1.5983505629708121,1.5986604816592445,15.80266507611912,18.999676120749175
36900,5.777690452285246e-05,1.5883751884506838,1.6087568394424805,15.80326514893571,19.000397176828873
36920,5.7808219918257805e-05,1.57954301963419,1.617279079586272,15.803966321565397,19.00078842078586
36940,5.783953531366315e-05,1.5716582643955548,1.6252732461848316,15.804535935900596,19.00146744648098
36960,5.7870850709068483e-05,1.5653028677689327,1.630996182440203,15.80526610212396,19.001565152333097
36980,5.7902166104473826e-05,1.5558312881661776,1.6403631653879098,15.805941648380896,19.002136101934983
37000,5.793348149987916e-05,1.5476816247480913,1.6488823641634442,15.806542992596803,19.00310698150834
37020,5.7964796895284504e-05,1.5413893712892457,1.654804270862458,15.807159597124215,19.003353239275917
37040,5.799611229068985e-05,1.533846830663347,1.662303896260846,15.80776186160381,19.003912588528003
37060,5.802742768609518e-05,1.5274065149319964,1.6687122803830123,15.808291402926539,19.004410198241548
37080,5.8058743081500526e-05,1.5199911195127864,1.6759706524220004,15.808966901064107,19.004928672998894
37100,5.809005847690587e-05,1.5109608937170336,1.6851195417512803,15.809552051866262,19.005632487334577
37120,5.8121373872311204e-05,1.5052705493776353,1.6905605626523539,15.810083438418054,19.005914550448043
37140,5.8152689267716547e-05,1.4981916468721272,1.697032577312846,15.810628644456285,19.00585286864126
37160,5.818400466312189e-05,1.4898454162576207,1.7057474288365946,15.811235009141638,19.006827854235855
37180,5.8215320058527225e-05,1.4821555277690028,1.7133127998420434,15.811909024078949,19.007377351689996
37200,5.824663545393257e-05,1.4777835705555216,1.7171981382271848,15.812563314779604,19.00754502356231
37220,5.8277950849337903e-05,1.4709093587020985,1.7239312438072751,15.8132728238848,19.008113426394175
37240,5.8309266244743246e-05,1.4618788466946124,1.732701288841519,15.813905886573078,19.00848602210921
37260,5.834058164014859e-05,1.4569957369081203,1.7369593122628704,15.81473192906719,19.00868697823818
37280,5.8371897035553924e-05,1.4523366481967033,1.742311159579997,15.815434767619891,19.01008257539659
37300,5.840321243095927e-05,1.4463330077604453,1.7477735569245036,15.816196363350961,19.010302928035912
37320,5.843452782636461e-05,1.4407472010495037,1.753223292757802,15.81702486957376,19.010995363381067
37340,5.8465843221769945e-05,1.4346213358638429,1.7589423055274687,15.8177370532439,19.01130069463521
37360,5.849715861717529e-05,1.4308993422520824,1.7622522516506056,15.818335755158913,19.0114873490616
37380,5.8528474012580624e-05,1.426608383201907,1.7668636342855288,15.818944589463644,19.01241660695108
37400,5.8559789407985967e-05,1.4239568356904377,1.7693113755570302,15.819669843518579,19.012938054766046
37420,5.859110480339131e-05,1.4177979196742068,1.7756585789605313,15.820284630549365,19.013741129184105
37440,5.8622420198796645e-05,1.414909617922846,1.7782100742852072,15.820873365381843,19.013993057589897
37460,5.865373559420199e-05,1.4123644488131037,1.7807403996833169,15.82149169535282,19.01459654384924
37480,5.868505098960733e-05,1.4089735912926034,1.784054665844725,15.822119963762239,19.01514822089957
37500,5.8716366385012666e-05,1.4075968337204305,1.7854571174688296,15.822815441731546,19.015869392920806
37520,5.874768178041801e-05,1.4065024155407322,1.786253935277994,15.823424199786821,19.016180550605547
37540,5.8778997175823344e-05,1.403322402729092,1.7895019016817117,15.823765265515647,19.016589569926452
37560,5.881031257122869e-05,1.402169647567207,1.7903185640862862,15.824391741330079,19.016879952983572
37580,5.884162796663403e-05,1.3992832384265979,1.7931092746449804,15.8250201151027,19.017412628174277
37600,5.8872943362039365e-05,1.3986777309672669,1.7941950037575851,15.82547925332433,19.018351988049183
37620,5.890425875744471e-05,1.3996001382748302,1.792221232128845,15.82626521366667,19.018086584070346
37640,5.893557415285005e-05,1.396957638789447,1.7951900431357972,15.827039225605919,19.019186907531164
37660,5.8966889548255386e-05,1.3983453102792216,1.7931622214537735,15.827604899275345,19.019112431008338
37680,5.899820494366073e-05,1.3965187143602322,1.7951251021462133,15.828244163022333,19.01988797952878
37700,5.9029520339066065e-05,1.3978679030485834,1.7933533910351611,15.828971648734543,19.020192942818287
37720,5.906083573447141e-05,1.3984906725838617,1.792380438997285,15.829564865057423,19.02043597663857
37740,5.909215112987675e-05,1.3971486778380005,1.7939420888901518,15.830241133677587,19.02133190040574
37760,5.9123466525282086e-05,1.3969771753696332,1.7938185481414803,15.830967730956996,19.021763454468108
37780,5.915478192068743e-05,1.3984527053324258,1.7926613820663841,15.83152255311442,19.02263664051323
37800,5.918609731609277e-05,1.3992524059190288,1.791478775319893,15.832109720689708,19.02284090192863
37820,5.921741271149811e-05,1.3975549815810706,1.7927473150529685,15.832650880923792,19.02295317755783
37840,5.924872810690345e-05,1.3979784989906343,1.7924197810884572,15.833148976541114,19.023547256620205
37860,5.928004350230879e-05,1.399861924999783,1.7902386775688286,15.833722471010692,19.023823073579305
37880,5.931135889771413e-05,1.3998905465557916,1.790004639352836,15.834386689325228,19.024281875233857
37900,5.934267429311947e-05,1.3987451916392168,1.7916419132440926,15.835064895212495,19.025452000095804
37920,5.9373989688524806e-05,1.3976801683828015,1.7920982932209613,15.835508392730667,19.02528685433443
37940,5.940530508393015e-05,1.39810681684796,1.7917347373017656,15.836386075329754,19.02622762947948
37960,5.943662047933549e-05,1.3967496549348022,1.792801081890975,15.837071934270998,19.026622671096774
37980,5.946793587474083e-05,1.3973439530914928,1.7916911038306986,15.837743297258102,19.026778354180294
38000,5.949925127014617e-05,1.3981323347748444,1.791157560215847,15.838515876603381,19.02780577159407
38020,5.953056666555151e-05,1.397247168759349,1.7915508454643654,15.83908343272706,19.027881446950776
38040,5.956188206095685e-05,1.3987001804405939,1.7904191049313425,15.839903989763533,19.02902327513547
38060,5.959319745636219e-05,1.397386299288669,1.7912777991598277,15.840558063831372,19.02922216227987
38080,5.962451285176753e-05,1.3985231653248635,1.7905728946076183,15.841140366103893,19.030236426036375
38100,5.965582824717287e-05,1.3998535218477288,1.788749432331149,15.841773152547496,19.030376106726372
38120,5.968714364257821e-05,1.4003065379710706,1.7882281409251335,15.842338907247356,19.03087358614356
38140,5.971845903798355e-05,1.4010263767808653,1.7875437151919575,15.842900811127183,19.031470903100008
38160,5.974977443338889e-05,1.4007282074494303,1.7873807504490897,15.843467428236197,19.031576386134716
38180,5.978108982879423e-05,1.4014268195989636,1.786536365898244,15.844129289988603,19.03209247548581
38200,5.981240522419957e-05,1.4029923467568919,1.7851926919939154,15.844648661491952,19.032833700242758
38220,5.984372061960491e-05,1.4041821209249603,1.783822660083549,15.845395174850314,19.033399955858822
38240,5.987503601501025e-05,1.4061985366029635,1.7815495420520935,15.84601271105267,19.033760789707728
38260,5.990635141041559e-05,1.4085153876162873,1.7788555103205679,15.846562375261593,19.03393327319845
38280,5.993766680582093e-05,1.4096705106646266,1.777391955839289,15.847109555043318,19.034172021547235
38300,5.996898220122627e-05,1.412636603814031,1.7740945174933607,15.847782418586199,19.03451353989359
38320,6.000029759663161e-05,1.4147008597746373,1.7722108619957015,15.848295919036767,19.035207640807105
38340,6.0031612992036954e-05,1.4179106072362282,1.7687262230837455,15.849060135330923,19.035696965650896
38360,6.006292838744229e-05,1.4202709974160326,1.7662212154118535,15.849724402378829,19.036216615206715
38380,6.009424378284763e-05,1.4233999362673102,1.7632373953412375,15.850328115525336,19.036965447133884
38400,6.0125559178252975e-05,1.4272892861392261,1.758901101122246,15.851148261504116,19.037338648765587
38420,6.015687457365831e-05,1.4287154427265965,1.7573818084173602,15.85186344056869,19.037960691712648
38440,6.018818996906365e-05,1.4343110250098958,1.7513442848420955,15.852419153451832,19.038074463303822
38460,6.021950536446899e-05,1.4364369778480972,1.749285288551876,15.853210330971384,19.038932597371357
38480,6.025082075987433e-05,1.4392515716675638,1.745974446728983,15.853956215320373,19.03918223371692
38500,6.0282136155279674e-05,1.4409923612832525,1.7444002639665663,15.854548417708386,19.039941042958205
38520,6.031345155068501e-05,1.4462812400812108,1.739004716231805,15.855343502765091,19.040629459078108
38540,6.034476694609035e-05,1.4502873761463526,1.7346084496699032,15.856012880856012,19.04090870667227
38560,6.0376082341495695e-05,1.4530665685306188,1.7319206452006994,15.856580609831468,19.041567823562787
38580,6.040739773690103e-05,1.454538338134994,1.7303584604377185,15.857222632254668,19.04211943082738
38600,6.0438713132306374e-05,1.4597622371185226,1.7249070520934777,15.858044486411217,19.042713775623216
38620,6.047002852771171e-05,1.4636145178792852,1.7206376679113033,15.858710498538958,19.042962684329545
38640,6.050134392311705e-05,1.4663513682994804,1.718123223071522,15.859536208547434,19.044010799918436
38660,6.0532659318522395e-05,1.46697244948002,1.7171524959875772,15.860366223268795,19.044491168736393
38680,6.056397471392773e-05,1.4717373130205342,1.7121261998126218,15.861081310764957,19.044944823598115
38700,6.059529010933307e-05,1.4746924996122557,1.709221258529706,15.86186547378982,19.045779231931782
38720,6.0626605504738416e-05,1.4767018386204684,1.7069022917954793,15.862697651723051,19.046301782139
38740,6.065792090014375e-05,1.4792052908160502,1.7045314679745887,15.863248516861468,19.046985275652105
38760,6.0689236295549094e-05,1.4842439544062884,1.6995592089859537,15.864049757185466,19.047852920577707
38780,6.072055169095443e-05,1.4869155996605223,1.6960224253476,15.864882481050321,19.047820506058443
38800,6.075186708635977e-05,1.4908076427444081,1.692300125065875,15.86563846917235,19.048746236982634
38820,6.0783182481765115e-05,1.4918306324074964,1.6907734892595074,15.866444214419726,19.04904833608673
38840,6.081449787717045e-05,1.4943546984577019,1.688666117276089,15.867170353123445,19.050191168857236
38860,6.0845813272575794e-05,1.4989853767942527,1.6836057055750626,15.867692128177351,19.050283210546667
38880,6.0877128667981136e-05,1.4999243161633704,1.6826864711643237,15.868299134927756,19.05090992225545
38900,6.090844406338647e-05,1.500981856592487,1.681502325544315,15.86886016328982,19.05134434542662
38920,6.0939759458791815e-05,1.5059401271816706,1.6761656649293424,15.86938031441817,19.051486106529183
38940,6.097107485419715e-05,1.5095492951517047,1.6722989477311736,15.870066304897946,19.051914547780825
38960,6.100239024960249e-05,1.5109420358440873,1.6713368477723975,15.870706785125206,19.05298566874169
38980,6.1033705645007836e-05,1.5134478090390864,1.66865469394396,15.871181393847177,19.053283896830223
39000,6.106502104041317e-05,1.5172461322227417,1.6646574975861446,15.871817247843143,19.05372087765203
39020,6.109633643581851e-05,1.5193319641148908,1.6623971782857292,15.872554074064514,19.054283216465134
39040,6.112765183122386e-05,1.5232867300303023,1.6584874387961803,15.873170972369156,19.05494514119564
39060,6.115896722662919e-05,1.5259719593084498,1.6556948730913568,15.873908761667446,19.055575594067253
39080,6.119028262203453e-05,1.5288295858823893,1.6520928490450275,15.874714932346574,19.05563736727399
39100,6.122159801743988e-05,1.5332142327655403,1.647757352356927,15.875382009947216,19.056353595069684
39120,6.125291341284521e-05,1.5327164942908267,1.6485445423980434,15.876191384012852,19.057452420701722
39140,6.128422880825055e-05,1.5387139017884328,1.642197376606695,15.877012627499603,19.057923905894732
39160,6.13155442036559e-05,1.5437550790988352,1.6367276313626746,15.877703006772013,19.05818571723352
39180,6.134685959906123e-05,1.5455026753749541,1.6345526362806988,15.878512096690645,19.0585674083463
39200,6.137817499446657e-05,1.5476278159999506,1.6325910217942083,15.879125093881555,19.059343931675713
39220,6.140949038987192e-05,1.5502414532338773,1.6299180162289568,15.879698991701675,19.05985846116451
39240,6.144080578527726e-05,1.553889299651197,1.6261958027438472,15.880425247920828,19.060510350315873
39260,6.147212118068259e-05,1.559327247667873,1.6200790670639307,15.881181057540093,19.060587372271897
39280,6.150343657608794e-05,1.5613587670537206,1.6183729291741353,15.88177006364296,19.061501759870815
39300,6.153475197149328e-05,1.565231959354376,1.6143529551525522,15.882469854392195,19.062054768899124
39320,6.156606736689861e-05,1.5693240954348178,1.6100093188094133,15.88323878199395,19.06257219623818
39340,6.159738276230396e-05,1.570784940340296,1.6091940706435328,15.883762050716545,19.063741061700373
39360,6.16286981577093e-05,1.5752646305413218,1.6039826221892457,15.884318042751678,19.063565295482245
39380,6.166001355311463e-05,1.578735755651778,1.6004218692058823,15.885022525854446,19.064180150712104
39400,6.169132894851997e-05,1.583020266025786,1.5958677573326734,15.885570224328125,19.064458247686584
39420,6.172264434392532e-05,1.586711387543057,1.5921089294992916,15.886265485516226,19.065085802558574
39440,6.175395973933065e-05,1.5916404980965573,1.5865634057420053,15.886968991602165,19.06517289544073
39460,6.178527513473599e-05,1.5944350538259622,1.584006312815953,15.887655825948244,19.06609719259016
39480,6.181659053014134e-05,1.5986931952759358,1.579622834676872,15.88849591063378,19.06681194058659
39500,6.184790592554668e-05,1.6032518938880043,1.5751320013949275,15.889308225021596,19.067692120304528
39520,6.187922132095201e-05,1.6081941979863748,1.569769107161942,15.89003234921983,19.067995654368147
39540,6.191053671635736e-05,1.6120934894033372,1.565566510851621,15.89096666234395,19.06862666259891
39560,6.19418521117627e-05,1.6160258464332724,1.5615717812747296,15.89202045432979,19.069618082037792
39580,6.197316750716803e-05,1.6186562181260897,1.5586799029142282,15.892728150475074,19.070064271515392
39600,6.200448290257338e-05,1.6229924460337812,1.5541893854339706,15.893526460572236,19.07070829203999
39620,6.203579829797872e-05,1.6272719862594829,1.5499303123893537,15.894224417947376,19.071426716596214
39640,6.206711369338405e-05,1.6300481894365388,1.5473126097910481,15.894834168179006,19.072194967406592
39660,6.20984290887894e-05,1.6339831456184744,1.5430328043368637,15.895625490134877,19.072641440090216
39680,6.212974448419474e-05,1.6342310614434985,1.5426393541700554,15.896320791711288,19.073191207324843
39700,6.216105987960007e-05,1.6377781938646347,1.539188048488195,15.89698249627236,19.07394873862519
39720,6.219237527500542e-05,1.6409559940297913,1.535527435331527,15.897813666741357,19.074297096102676
39740,6.222369067041076e-05,1.64415761085671,1.5321038893652614,15.89851728101379,19.07477878123576
39760,6.22550060658161e-05,1.6479978219585996,1.5280815065629156,15.899219471660885,19.075298800182402
39780,6.228632146122143e-05,1.6516925962737994,1.5238138699112342,15.899944510061285,19.07545097624632
39800,6.231763685662678e-05,1.653595284503887,1.5220828176928671,15.900593153679052,19.076271255875806
39820,6.234895225203212e-05,1.6562369560894388,1.5196419077612822,15.901162037494222,19.077040901344944
39840,6.238026764743745e-05,1.6610779557485267,1.5142909780311735,15.901747962704986,19.077116896484686
39860,6.24115830428428e-05,1.6646275244164523,1.5104010045577145,15.902385027091798,19.077413556065963
39880,6.244289843824814e-05,1.6662774508237377,1.50871138043294,15.902948782195107,19.077937613451784
39900,6.247421383365347e-05,1.6700348116254775,1.5043618990643888,15.903656631315854,19.07805334200572
39920,6.250552922905882e-05,1.6737832627336398,1.500535127337538,15.904382366479908,19.078700756551086
39940,6.253684462446416e-05,1.675567051485284,1.4983469281333235,15.905055801930263,19.07896978154887
39960,6.25681600198695e-05,1.6811952521807694,1.4926460514482625,15.905828375909197,19.079669679538227
39980,6.259947541527484e-05,1.6850617662998815,1.4886767440058684,15.906440151511639,19.08017866181739
40000,6.263079081068018e-05,1.6890018978428272,1.484230106471037,15.907038434576204,19.080270438890068
40020,6.266210620608552e-05,1.6936673114112406,1.4797612198805714,15.907697799112903,19.081126330404715
40040,6.269342160149086e-05,1.696678640535134,1.476615350544389,15.908339037264405,19.081633028343926
40060,6.27247369968962e-05,1.7025299538549783,1.4709568334153198,15.908949873036304,19.082436660306602
40080,6.275605239230154e-05,1.7102619883523689,1.4625481465904486,15.909617580115828,19.082427715058646
40100,6.278736778770687e-05,1.7143383331097635,1.458121641871671,15.910316768732649,19.082776743714085
40120,6.281868318311222e-05,1.7191999128505608,1.4535889079576392,15.910992297063537,19.083781117871737
40140,6.284999857851756e-05,1.7267169776588247,1.4453139485493578,15.911671691700464,19.083702617908646
40160,6.28813139739229e-05,1.7323570280750145,1.439685584001463,15.912404656870372,19.08444726894685
40180,6.291262936932824e-05,1.7389446072175605,1.4331136776738962,15.913083304861622,19.08514158975308
40200,6.294394476473358e-05,1.7434023591758474,1.4287061590113306,15.9138464116254,19.08595492981258
40220,6.297526016013891e-05,1.7502219522941265,1.4216540145409955,15.914527071695922,19.086403038531046
40240,6.300657555554426e-05,1.7567709254341644,1.4149245453433517,15.915074324597803,19.086769795375318
40260,6.30378909509496e-05,1.762851436234567,1.4088886390875381,15.915718315848913,19.08745839117102
40280,6.306920634635494e-05,1.7690049866631479,1.4026264036100387,15.916350545344395,19.08798193561758
40300,6.310052174176028e-05,1.774017322733618,1.3975133921982905,15.916760476049216,19.088291190981124
40320,6.313183713716562e-05,1.7825215098909202,1.3883209324822072,15.917412159556953,19.088254601930082
40340,6.316315253257096e-05,1.7889655125714414,1.3818911184190306,15.918215061146027,19.0890716921365
40360,6.31944679279763e-05,1.7949369360776233,1.375793130465168,15.918828974276657,19.08955904081945
40380,6.322578332338164e-05,1.8012320184347828,1.369335463175259,15.919580364829965,19.090147846440008
40400,6.325709871878698e-05,1.8061077653497257,1.3647872145095759,15.920266678553755,19.091161658413057
40420,6.328841411419233e-05,1.8129470065527393,1.35679455220965,15.920955448225522,19.09069700698791
40440,6.331972950959766e-05,1.8182859563382525,1.3524406032686287,15.921724269486793,19.092450829093675
40460,6.3351044905003e-05,1.8248951169420193,1.3450677385649763,15.922435726770395,19.09239858227739
40480,6.338236030040833e-05,1.8295870690950797,1.3403628656152178,15.923033605182674,19.09298353989297
40500,6.341367569581368e-05,1.836385948892955,1.3326408623272485,15.923732516176802,19.092759327397005
40520,6.344499109121902e-05,1.8422745677057875,1.3266424646528587,15.924632048871839,19.093549081230485
40540,6.347630648662436e-05,1.8472358552817203,1.322356917462772,15.925250056318323,19.094842829062813
40560,6.35076218820297e-05,1.8523098072468187,1.3166330471098044,15.926095281751735,19.095038136108357
40580,6.353893727743504e-05,1.858812094559665,1.3096522787934572,15.926890024256297,19.09535439760942
40600,6.357025267284038e-05,1.8641924601915423,1.3048271133622555,15.927458060633686,19.096477634187483
40620,6.360156806824573e-05,1.8701117432520888,1.2981223724608133,15.928233958435406,19.09646807414831
40640,6.363288346365106e-05,1.8764301052943873,1.2914755791351484,15.928901101241259,19.096806785670793
40660,6.36641988590564e-05,1.8802932985907297,1.287672470223539,15.929442254834445,19.097408023648715
40680,6.369551425446175e-05,1.8856341061393889,1.2822343711524862,15.930080479252702,19.097948956544577
40700,6.372682964986708e-05,1.8909162521888692,1.2769903050588878,15.9306964029735,19.098602960221257
40720,6.375814504527242e-05,1.8964679358664507,1.2711209250781381,15.931414258409019,19.099003119353608
40740,6.378946044067777e-05,1.899261517473139,1.268726537508853,15.932361670691593,19.100349725673585
40760,6.38207758360831e-05,1.903107560737086,1.264860283294491,15.933218210755381,19.101186054786957
40780,6.385209123148844e-05,1.9096896487103665,1.2576883611061889,15.933924980586434,19.10130299040299
40800,6.388340662689378e-05,1.911928348251918,1.2554824195354248,15.934843130052066,19.102253897839407
40820,6.391472202229912e-05,1.919091881131616,1.2473560387621212,15.93578287842756,19.102230798321298
40840,6.394603741770446e-05,1.9229207081726714,1.2437536969642315,15.936561784290472,19.103236189427374
40860,6.39773528131098e-05,1.9271704715845752,1.2390529647810338,15.937467766730602,19.10369120309621
40880,6.400866820851515e-05,1.9321103807668165,1.233579752612606,15.93836545669476,19.104055590074182
40900,6.403998360392048e-05,1.935848497653607,1.2297263710322495,15.939061758277237,19.104636626963092
40920,6.407129899932582e-05,1.9414289705798642,1.2236331792347823,15.939787030538332,19.10484918035298
40940,6.410261439473117e-05,1.9446044423900097,1.2203272372545284,15.94040025684694,19.105331936491478
40960,6.41339297901365e-05,1.949460429716289,1.2157552021735178,15.941058470217326,19.106274102107133
40980,6.416524518554184e-05,1.9516141498284325,1.2135854016312466,15.941859300752503,19.107058852212184
41000,6.419656058094719e-05,1.958908661867743,1.205687141570023,15.942640362080727,19.107236165518493
41020,6.422787597635252e-05,1.960884419397754,1.2040183320601858,15.943368580383009,19.10827133184095
41040,6.425919137175786e-05,1.965783858185277,1.1986542606739377,15.944197174588238,19.108635293447453
41060,6.429050676716321e-05,1.9703899057191694,1.1934328758193748,15.945084831549845,19.10890761308839
41080,6.432182216256854e-05,1.9720134769526243,1.1918006433671817,15.945854261466298,19.109668381786104
41100,6.435313755797388e-05,1.973295145178389,1.1910867190920291,15.946659756996164,19.111041621266583
41120,6.438445295337923e-05,1.9789483025227912,1.1847562494795547,15.947427855885435,19.11113240788778
41140,6.441576834878457e-05,1.9832416775625195,1.1804868748906612,15.948347551617669,19.11207610407085
41160,6.44470837441899e-05,1.9857417353351692,1.1775007782311349,15.949331167862134,19.112573681428437
41180,6.447839913959524e-05,1.9877898206609266,1.1755082849750207,15.950236718751714,19.113534824387663
41200,6.450971453500059e-05,1.990388678203303,1.1724757091956988,15.95100586140928,19.113870248808283
41220,6.454102993040592e-05,1.9916857168576776,1.1708345411839625,15.951819172533568,19.114339430575207
41240,6.457234532581126e-05,1.9936696427062344,1.1689594887870454,15.95261400960906,19.11524314110234
41260,6.460366072121661e-05,1.9946149841827154,1.167854873743446,15.95324133944607,19.11571119737223
41280,6.463497611662194e-05,1.996553250220847,1.1650454171526972,15.95401367057718,19.115612337950722
41300,6.466629151202728e-05,1.997039076729729,1.164063122156036,15.954870099651815,19.11597229853758
41320,6.469760690743263e-05,1.9956100056338166,1.1658262825465073,15.955575741686065,19.117012029866387
41340,6.472892230283796e-05,1.9962275391916418,1.1647038425652607,15.956452506372552,19.117383888129453
41360,6.47602376982433e-05,1.9944801728970758,1.1661528146091489,15.956943670915745,19.11757665842197
41380,6.479155309364865e-05,1.9953580951813301,1.1652958463481524,15.957930394849793,19.118584336379275
41400,6.482286848905399e-05,1.9927885715705413,1.168082348252174,15.958828110413565,19.11969903023628
41420,6.485418388445932e-05,1.9932211863692655,1.1668979137416877,15.959747120710785,19.119866220821738
41440,6.488549927986467e-05,1.9926572042230424,1.1666981686965874,15.960431599834964,19.119786972754593
41460,6.491681467527001e-05,1.9901525915462783,1.1696360497292801,15.961200592368824,19.120989233644384
41480,6.494813007067534e-05,1.9875798026264904,1.1722559967589081,15.96210469608689,19.121940495472288
41500,6.497944546608068e-05,1.9862412700749292,1.1729562411949739,15.962835053554134,19.122032564824035
41520,6.501076086148603e-05,1.9849185026396623,1.1740228483095836,15.963964623839468,19.122905974788715
41540,6.504207625689136e-05,1.9839958894397114,1.1745429664074676,15.965067225462159,19.123606081309337
41560,6.50733916522967e-05,1.9789980678375112,1.1800303132978138,15.965617674185829,19.124646055321154
41580,6.510470704770205e-05,1.9755711686471198,1.183110235476653,15.9670275890973,19.125708993221075
41600,6.513602244310738e-05,1.9735413910917403,1.1846847537137757,15.968058412418634,19.12628455722415
41620,6.516733783851272e-05,1.9685892129656506,1.1897082270537411,15.968907979800607,19.127205419819997
41640,6.519865323391807e-05,1.966297218683257,1.191392230640958,15.96984742433877,19.127536873662983
41660,6.52299686293234e-05,1.9617398077551416,1.196032663780939,15.970767062102782,19.128539533638865
41680,6.526128402472874e-05,1.9581700430045297,1.1988835343950122,15.971478198475126,19.128531775874666
41700,6.529259942013409e-05,1.95494653038931,1.2015139632664453,15.97233283687195,19.128793330527706
41720,6.532391481553943e-05,1.9523308105325967,1.2041161466333705,15.973182026596346,19.129628983762313
41740,6.535523021094476e-05,1.946784924757171,1.209652227475489,15.974161400543968,19.13059855277663
41760,6.538654560635011e-05,1.9436724701093389,1.2117479532628148,15.975038786248955,19.130459209621108
41780,6.541786100175545e-05,1.937037873634889,1.2184397567462666,15.975924840971281,19.131402471352438
41800,6.544917639716078e-05,1.9340415454774367,1.2214610836911635,15.976764082897438,19.132266712066038
41820,6.548049179256613e-05,1.930572532649011,1.2246333520878903,15.977710131777187,19.132916016514088
41840,6.551180718797147e-05,1.9245365317642846,1.2310116321883051,15.97862505549322,19.13417321944581
41860,6.55431225833768e-05,1.9224049011263675,1.2324995161934607,15.97917716659765,19.134081583917478
41880,6.557443797878214e-05,1.9164413957893816,1.2390552552757794,15.980300224271039,19.1357968753362
41900,6.560575337418749e-05,1.9104799004781823,1.2450615056341547,15.9812122584406,19.136753664552938
41920,6.563706876959283e-05,1.906625270564522,1.2479934344679744,15.981660745470341,19.136279450502837
41940,6.566838416499816e-05,1.899723650069721,1.2545591300367536,15.982939019379259,19.137221799485733
41960,6.569969956040351e-05,1.8952331502870954,1.2586300896650446,15.98371694106875,19.13758018102089
41980,6.573101495580885e-05,1.8904433087155044,1.26308094285151,15.984489058666206,19.13801331023322
42000,6.576233035121418e-05,1.8869459491508627,1.2664721777724264,15.985477984427842,19.13889611135113
42020,6.579364574661953e-05,1.8813652570108157,1.271157941260145,15.986418358236124,19.138941556507085
42040,6.582496114202487e-05,1.8773909808290539,1.2756470543652978,15.987228928748822,19.140266963943173
42060,6.58562765374302e-05,1.872226541016874,1.280936752254971,15.98811288147254,19.141276174744384
42080,6.588759193283555e-05,1.8662117885464045,1.2866900669656312,15.989118656358968,19.142020511871003
42100,6.591890732824089e-05,1.8636055116281252,1.2888313126202622,15.989749865121016,19.142186689369403
42120,6.595022272364622e-05,1.856771951835917,1.2954551388705138,15.990989098691374,19.143216189397805
42140,6.598153811905157e-05,1.8551868379553464,1.2972338125727945,15.99190184213521,19.14432249266335
42160,6.601285351445691e-05,1.8487093942069839,1.303362294211886,15.992690529655906,19.144762218074774
42180,6.604416890986225e-05,1.8445310902962464,1.3077718361672137,15.993639711356476,19.145942637819935
42200,6.607548430526758e-05,1.8417233231375718,1.3097167383052544,15.994489604734346,19.14592966617717
42220,6.610679970067293e-05,1.8346486048452502,1.3172567389338565,15.99581580837268,19.147721152151785
42240,6.613811509607827e-05,1.8308207855352943,1.3205002389810334,15.997225513762292,19.14854653827862
42260,6.61694304914836e-05,1.827239644264969,1.3237783143401314,15.99823525452908,19.14925321313418
42280,6.620074588688895e-05,1.8209102919161764,1.3299432990320326,15.999042825285109,19.149896416233318
42300,6.623206128229429e-05,1.8162836495069588,1.3345419183742835,16.00008826535793,19.150913833239173
42320,6.626337667769962e-05,1.8106117723374802,1.3397890489811202,16.00121676030109,19.15161758161969
42340,6.629469207310497e-05,1.8065271191855827,1.3436041117840938,16.002152653572654,19.15228388454233
42360,6.632600746851031e-05,1.8009881388670619,1.3488135382314144,16.003241158311912,19.15304283541039
42380,6.635732286391564e-05,1.7942987427866188,1.3557814659548015,16.00412502521765,19.154205233959072
42400,6.6388638259321e-05,1.7890983756644308,1.3604738560933782,16.005010020829573,19.15458225258738
42420,6.641995365472633e-05,1.7828494518721079,1.3669067279370626,16.00575477513035,19.15551095493952
42440,6.645126905013167e-05,1.777540372849387,1.3716906360892165,16.00655651867086,19.155787527609462
42460,6.648258444553702e-05,1.7713852745028267,1.3777999503325569,16.00718504228168,19.15637026711706
42480,6.651389984094235e-05,1.7627682700406053,1.3862658497342562,16.008229052122516,19.157263171897377
42500,6.654521523634769e-05,1.7568366545618688,1.3917382965819372,16.009112295576706,19.157687246720513
42520,6.657653063175304e-05,1.7505091780852475,1.398321871140158,16.009874263533327,19.158705312758734
42540,6.660784602715837e-05,1.744033026932652,1.404850997647413,16.010778941286468,19.15966296586653
42560,6.663916142256371e-05,1.7365522724868385,1.4114705058034502,16.011568116668197,19.159590894958487
42580,6.667047681796904e-05,1.7312076900973685,1.4169620575863229,16.012432054285597,19.16060180196929
42600,6.670179221337439e-05,1.721984286669569,1.4265209573010973,16.013432731994058,19.161937975964726
42620,6.673310760877973e-05,1.715352522261698,1.4321463721466237,16.014206956728778,19.1617058511371
42640,6.676442300418506e-05,1.7080312828671846,1.4395246590046866,16.015243818645278,19.16279976051715
42660,6.679573839959041e-05,1.70117946077887,1.44603789999753,16.01624356415273,19.163460924929133
42680,6.682705379499575e-05,1.6947086418897357,1.4528239785950563,16.01707969024781,19.164612310732604
42700,6.685836919040109e-05,1.6875872640741785,1.458584328967181,16.01781578727565,19.16398738031701
42720,6.688968458580644e-05,1.6790143163755389,1.4684709867493317,16.01862400109305,19.16610930421792
42740,6.692099998121177e-05,1.670484943419339,1.4763547795563243,16.019362361135823,19.166202084111486
42760,6.69523153766171e-05,1.664153793282102,1.4827173818219048,16.01996581143668,19.166836986540687
42780,6.698363077202246e-05,1.6546592014032238,1.4914581144972536,16.020654696494674,19.16677201239515
42800,6.701494616742779e-05,1.6484753597290664,1.4967847405624768,16.02145861513272,19.166718715424263
42820,6.704626156283313e-05,1.6399361936779013,1.5053297595805033,16.022052626317077,19.167318579575483
42840,6.707757695823848e-05,1.630427430086816,1.5154847289385407,16.022772664637426,19.168684823662783
42860,6.710889235364381e-05,1.6242543079311467,1.520730262110263,16.0235515784698,19.16853614851121
42880,6.714020774904915e-05,1.6153677196372624,1.5298939158356122,16.024267929147648,19.16952956462052
42900,6.71715231444545e-05,1.6089582175591342,1.5360504751451938,16.025085479477926,19.170094172182253
42920,6.720283853985983e-05,1.6023334155984812,1.5424173478299887,16.0260117453981,19.17076250882657
42940,6.723415393526517e-05,1.5945159044228245,1.551087378014355,16.026650179203674,19.172253461640853
42960,6.72654693306705e-05,1.5891215202693334,1.556015007924925,16.027374416853714,19.17251094504797
42980,6.729678472607586e-05,1.5802663633745087,1.5647363156406175,16.028125777125368,19.173128456140493
43000,6.732810012148119e-05,1.5741960572022498,1.5712473437862067,16.02888104332776,19.174324444316216
43020,6.735941551688653e-05,1.5672448219965132,1.577751347027436,16.02984131895398,19.174837487977932
43040,6.739073091229188e-05,1.560297806319999,1.5849327625334837,16.030751820508538,19.17598238936202
43060,6.742204630769721e-05,1.554093439656724,1.5906840211679258,16.031498353410203,19.176275814234852
43080,6.745336170310255e-05,1.5460920879514923,1.5986904396612214,16.032253217339765,19.177035744952477
43100,6.74846770985079e-05,1.5394276420265762,1.6045991403812976,16.033064579384977,19.17709136179285
43120,6.751599249391323e-05,1.5326937108611782,1.6112394190374417,16.033809668538048,19.177742798436668
43140,6.754730788931857e-05,1.5255860690644887,1.6181908720099998,16.03460995458684,19.17838689566133
43160,6.757862328472392e-05,1.5176853804256638,1.6260642505894372,16.03537042808157,19.17912005909667
43180,6.760993868012925e-05,1.510715105586352,1.6329006269516355,16.036116630475075,19.179732363013063
43200,6.764125407553459e-05,1.503099054585613,1.6403262188367278,16.036850378467424,19.180275651889765
43220,6.767256947093994e-05,1.4981077338670232,1.6449008390764515,16.037552310991774,19.18056088393525
43240,6.770388486634528e-05,1.4914483079120502,1.6517553571330321,16.038179039489965,19.181382704535046
43260,6.773520026175061e-05,1.4842161477820792,1.659113091802713,16.0391596314876,19.182488871072394
43280,6.776651565715595e-05,1.4774514570576576,1.665824419049771,16.040062712977818,19.183338589085245
43300,6.77978310525613e-05,1.4712719075291558,1.6715095386897774,16.040753589824334,19.183535036043267
43320,6.782914644796663e-05,1.463717306582755,1.6791394530205308,16.041569823686544,19.18442658328983
43340,6.786046184337197e-05,1.4562617419609134,1.6864678738720331,16.042377160757937,19.185106776590885
43360,6.789177723877732e-05,1.4505564852594586,1.6920248796624042,16.04294755763285,19.185528922554713
43380,6.792309263418265e-05,1.4452825402132348,1.6970477929095857,16.04376863707138,19.1860989701942
43400,6.795440802958799e-05,1.439956409864526,1.7023405576285033,16.044668491129435,19.186965458622467
43420,6.798572342499334e-05,1.4317257211064813,1.710724966942466,16.045459121996352,19.187909810045298
43440,6.801703882039867e-05,1.4263155243892345,1.7159164019531448,16.04652228063634,19.188754206978718
43460,6.804835421580401e-05,1.417949434789426,1.723978824801835,16.047490175861025,19.189418435452286
43480,6.807966961120936e-05,1.4132334403928057,1.7284779694283683,16.048303525974966,19.19001493579614
43500,6.81109850066147e-05,1.405850515339828,1.7358947563564477,16.049272629237038,19.191017900933314
43520,6.814230040202003e-05,1.399858909398335,1.741408022427341,16.050163036610325,19.191429968436
43540,6.817361579742538e-05,1.393114813729521,1.7479648874022657,16.05092303942819,19.19200274055998
43560,6.820493119283072e-05,1.3879360527629494,1.7527881604619953,16.05190949961498,19.192633712839925
43580,6.823624658823605e-05,1.3799079559152736,1.7606261754695642,16.05290182341421,19.19343595479905
43600,6.82675619836414e-05,1.374267791147553,1.7659233479160494,16.053542365387585,19.19373350445119
43620,6.829887737904674e-05,1.3675153974071732,1.7723980601377547,16.054489284889165,19.194402742434093
43640,6.833019277445207e-05,1.3588552921008765,1.7820720228262554,16.055314136241297,19.19624145116843
43660,6.836150816985741e-05,1.3532987286922378,1.7869594779980464,16.056130447365703,19.196388654055987
43680,6.839282356526276e-05,1.3466397762769504,1.7935299097486332,16.05698726759221,19.197156953617792
43700,6.84241389606681e-05,1.3406739245150017,1.7994171590800625,16.05796317632212,19.198054259917182
43720,6.845545435607343e-05,1.3335295581329638,1.8061292716509694,16.058663429847552,19.198322259631485
43740,6.848676975147878e-05,1.3263683307942848,1.8130414822273992,16.05939343349599,19.198803246517677
43760,6.851808514688411e-05,1.3194971299071352,1.820390387603681,16.060201333924745,19.20008885143556
43780,6.854940054228945e-05,1.3121036717251067,1.827420617814206,16.060856037462496,19.20038032700181
43800,6.85807159376948e-05,1.3085580439984623,1.8305387854278439,16.06148513170704,19.20058196113335
43820,6.861203133310014e-05,1.3010202174572898,1.8377237997405593,16.062181380694494,19.20092539789234
43840,6.864334672850547e-05,1.293895188540623,1.8447438021940823,16.06277191692928,19.201410907663984
43860,6.867466212391082e-05,1.2863300455474604,1.8523454164621747,16.063475695080488,19.20215115709012
43880,6.870597751931616e-05,1.2830812608364752,1.8551321545557875,16.06424977285741,19.20246318824967
43900,6.873729291472149e-05,1.2750772055427748,1.863386510874885,16.064889576618075,19.203353293035736
43920,6.876860831012684e-05,1.269353289240671,1.8687322919919678,16.065656970300275,19.203742551532912
43940,6.879992370553218e-05,1.2631873740849202,1.8748109925297272,16.06640820752026,19.204406574134907
43960,6.883123910093751e-05,1.2543638424274908,1.8835965876627108,16.066986014193013,19.204946444283216
43980,6.886255449634285e-05,1.2500721557677583,1.8874027593597498,16.067729690506837,19.205204605634346
44000,6.88938698917482e-05,1.2432180624736122,1.8943751096050327,16.06857817098333,19.206171343061975
44020,6.892518528715353e-05,1.2369962434611943,1.9004172482941109,16.069269872826418,19.20668336458172
44040,6.895650068255887e-05,1.230603051884729,1.9068776529502676,16.070013092065665,19.20749379690066
44060,6.898781607796422e-05,1.223155478313343,1.9141456422137608,16.07078187838107,19.208082998908175
44080,6.901913147336956e-05,1.216677821980497,1.920503654482694,16.07131320932963,19.20849468579282
44100,6.905044686877489e-05,1.2093014305092464,1.927711806391593,16.072096534137636,19.209109771038474
44120,6.908176226418024e-05,1.201595462960054,1.9351770915615583,16.072898394089982,19.209670948611596
44140,6.911307765958558e-05,1.1952214290242251,1.9413423615904486,16.073545864404316,19.21010965501899
44160,6.914439305499091e-05,1.190086134001513,1.945995982124542,16.074243804706153,19.210325920832208
44180,6.917570845039626e-05,1.1828504677320788,1.953040481371549,16.07497843067444,19.210869379778067
44200,6.92070238458016e-05,1.1772364886328546,1.9585842151313,16.07568804362043,19.211508747384585
44220,6.923833924120693e-05,1.1710356395453734,1.9646280409898564,16.076595667506968,19.2122593480422
44240,6.926965463661228e-05,1.1632331732549324,1.9724009612050573,16.077602548500746,19.213236682960734
44260,6.930097003201762e-05,1.1585827141202083,1.9767092858276667,16.078312087197638,19.213604087145512
44280,6.933228542742295e-05,1.1528194904481226,1.9823212967262043,16.079031579175076,19.214172366349402
44300,6.93636008228283e-05,1.1468184750382067,1.9886021683592645,16.07980012793253,19.21522077133
44320,6.939491621823364e-05,1.1389424457510988,1.996218745041257,16.080463732195614,19.21562492298797
44340,6.942623161363898e-05,1.1309502749615135,2.0044322404802934,16.081314345456377,19.216696860898185
44360,6.945754700904431e-05,1.1263812796035422,2.008500513181292,16.08213908812329,19.217020880908127
44380,6.948886240444966e-05,1.1193176201922368,2.0161947626577392,16.082787029683363,19.21829941253334
44400,6.9520177799855e-05,1.1152092629473433,2.0200880593240744,16.083474568874994,19.21877189114641
44420,6.955149319526033e-05,1.110893740206468,2.0242824988686587,16.08420167108538,19.219377910160507
44440,6.958280859066568e-05,1.1053395942622124,2.029750401198729,16.08473824771349,19.21982824317443
44460,6.961412398607102e-05,1.0976504136170093,2.037823544039146,16.085370435697534,19.22084439335369
44480,6.964543938147635e-05,1.0939291536266396,2.0409899456276728,16.085966204832516,19.220885304086828
44500,6.96767547768817e-05,1.086939093156911,2.047651646740464,16.086461304366885,19.221052044264262
44520,6.970807017228704e-05,1.0821671928027397,2.0520456169245005,16.08703950508237,19.22125231480961
44540,6.973938556769237e-05,1.0780699318956206,2.05578642982297,16.08763088504005,19.22148724675864
44560,6.977070096309772e-05,1.0719291325707736,2.0621586816473583,16.088097631152188,19.22218544537032
44580,6.980201635850306e-05,1.0655735374680897,2.068240527685831,16.088680417312535,19.222494482466455
44600,6.98333317539084e-05,1.062615297876366,2.07121321518104,16.089220254405326,19.223048767462732
44620,6.986464714931375e-05,1.05806815342386,2.0756522472939163,16.089617827130404,19.22333822784818
44640,6.989596254471908e-05,1.0518489289006072,2.08207369034165,16.090116711916785,19.22403933115904
44660,6.992727794012442e-05,1.0477716444864775,2.085762676973729,16.090638046896075,19.22417236835628
44680,6.995859333552975e-05,1.045125122299856,2.0882023825133578,16.09123159535728,19.22455910017049
44700,6.99899087309351e-05,1.041952054701917,2.0915723444442658,16.091833826588626,19.22535822573481
44720,7.002122412634044e-05,1.0378973755171648,2.0958289933021024,16.09249690124084,19.226223270060107
44740,7.005253952174577e-05,1.032846158934205,2.1008525685360704,16.092997696045394,19.22669642351567
44760,7.008385491715112e-05,1.0296003269803795,2.1040280586071347,16.09364677709728,19.227275162684794
44780,7.011517031255646e-05,1.0270114074184686,2.106397946709532,16.094220677689975,19.227630031817977
44800,7.01464857079618e-05,1.024218879355381,2.108891452425137,16.09475059120702,19.22786092298754
44820,7.017780110336714e-05,1.019702939103792,2.113245591364858,16.095352105939916,19.228300636408566
44840,7.020911649877248e-05,1.0166101554567177,2.116142201569069,16.095879577555465,19.22863193458125
44860,7.024043189417782e-05,1.0126790222735544,2.1199372190239223,16.096520298378397,19.229136539675874
44880,7.027174728958317e-05,1.0079252071828009,2.124636619060364,16.097202622917756,19.22976444916092
44900,7.03030626849885e-05,1.0044861899703716,2.1278873650637777,16.09783646664448,19.23021002167863
44920,7.033437808039384e-05,1.000914278342973,2.1313079531380175,16.098294795840687,19.230517027321678
44940,7.036569347579919e-05,0.9980468375743843,2.1342361013890594,16.09880967881087,19.231092617774316
44960,7.039700887120452e-05,0.9967710284950719,2.1350106973693355,16.099302865847015,19.231084591711422
44980,7.042832426660986e-05,0.9932093418758182,2.1392673196801546,16.09984961341032,19.232326274966294
45000,7.045963966201521e-05,0.9907213331547401,2.1413435747487344,16.100478447521784,19.232543355425257
45020,7.049095505742054e-05,0.9877560478468697,2.144694883163813,16.101130050549898,19.233580981560582
45040,7.052227045282588e-05,0.9853226923208674,2.1466689566849397,16.101694186070645,19.233685835076454
45060,7.055358584823121e-05,0.9842468727406316,2.14736115412086,16.10229957036209,19.23390759722358
45080,7.058490124363656e-05,0.9826561016269098,2.1488367201274783,16.102943335623856,19.234436157378244
45100,7.06162166390419e-05,0.9816276271098752,2.1497380692132686,16.103513557710507,19.23487925403365
45120,7.064753203444724e-05,0.9769290036685768,2.1545718143837296,16.104124374026686,19.23562519207899
45140,7.067884742985259e-05,0.9747183878844854,2.1568955562328957,16.104698735614793,19.236312679732173
45160,7.071016282525792e-05,0.9723918760705877,2.1588552525576956,16.105262870813263,19.236509999441544
45180,7.074147822066326e-05,0.968429280539522,2.162527935204939,16.10594379931421,19.23690101505867
45200,7.07727936160686e-05,0.965926904429729,2.165098195053755,16.106546407396994,19.237571506880478
45220,7.080410901147394e-05,0.9645924270324919,2.16618345466712,16.10713611562067,19.237911997320282
45240,7.083542440687928e-05,0.9630778815541365,2.1672131102923937,16.107903483914555,19.238194475761084
45260,7.086673980228463e-05,0.9593087722178811,2.1710024354682687,16.108675629542873,19.23898683722902
45280,7.089805519768996e-05,0.9569284848850375,2.1733564939970993,16.109358731702358,19.239643710584495
45300,7.09293705930953e-05,0.9562591915627192,2.174076249529877,16.110253240166887,19.240588681259485
45320,7.096068598850065e-05,0.9537781168327244,2.1762666782290414,16.111083276447708,19.241128071509472
45340,7.099200138390598e-05,0.9511361331226257,2.1789033992373614,16.11167850174217,19.241718034102156
45360,7.102331677931132e-05,0.9509835090612748,2.178557581419884,16.112327617873095,19.241868708354254
45380,7.105463217471666e-05,0.9486516224708911,2.1811973635803876,16.112923053781333,19.242772039832612
45400,7.1085947570122e-05,0.9471145774093849,2.1823155127701472,16.113667288101112,19.243097378280645
45420,7.111726296552734e-05,0.9478104884702325,2.181401771138477,16.114260827715455,19.243473087324166
45440,7.114857836093268e-05,0.9451273008694258,2.183579024493332,16.114900280648726,19.243606606011483
45460,7.117989375633803e-05,0.9449969002324163,2.184261424647938,16.11546879941628,19.244727124296634
45480,7.121120915174336e-05,0.9435850259430394,2.1854434580516364,16.116196919557936,19.245225403552613
45500,7.12425245471487e-05,0.9431012760933366,2.185620320809478,16.11684010023502,19.245561697137834
45520,7.127383994255405e-05,0.945045404817435,2.183347982773663,16.1173666997472,19.245760087338297
45540,7.130515533795938e-05,0.9433516710151743,2.1848902516402613,16.11794015530838,19.246182077963816
45560,7.133647073336472e-05,0.9420108572771981,2.186519382805443,16.118543305155672,19.247073545238315
45580,7.136778612877007e-05,0.9430602021591656,2.1852157351653174,16.119048962505392,19.247324899829877
45600,7.13991015241754e-05,0.9430084988245373,2.1851520311767234,16.11972330541697,19.24788383541823
45620,7.143041691958074e-05,0.9431430749660557,2.1847144855930125,16.12029549555739,19.248153056116458
45640,7.146173231498609e-05,0.9434292067177938,2.184533369547497,16.120789996787444,19.248752573052734
45660,7.149304771039143e-05,0.9437055067468128,2.183814439940545,16.1212693237119,19.248789270399257
45680,7.152436310579676e-05,0.9433135718921986,2.184757187068003,16.121750710097707,19.24982146905791
45700,7.155567850120211e-05,0.9449244966859665,2.1828084137274844,16.122184872000815,19.249917782414265
45720,7.158699389660745e-05,0.9457626894883682,2.1821221290963515,16.1227638102027,19.250648628787417
45740,7.161830929201278e-05,0.9445708039726057,2.1831876711639207,16.1234933995105,19.25125187464703
45760,7.164962468741812e-05,0.9466242647293346,2.1809011652135,16.12412679600478,19.251652225947616
45780,7.168094008282347e-05,0.9461771565212749,2.1813453446297686,16.124655937041247,19.25217843819229
45800,7.17122554782288e-05,0.9480530840791778,2.1785790742274695,16.125259991212637,19.251892149519286
45820,7.174357087363414e-05,0.9496911797031875,2.176717232046262,16.125834303092518,19.252242714841966
45840,7.177488626903949e-05,0.9506466975191441,2.175831901618586,16.126451817651034,19.252930416788764
45860,7.180620166444482e-05,0.9509482304845026,2.1755435043581968,16.127028325070928,19.253520059913626
45880,7.183751705985016e-05,0.9523272573393491,2.1742049615585346,16.127490473594555,19.25402269249244
45900,7.186883245525551e-05,0.9525700542841172,2.1739852588876887,16.12800545268596,19.254560765857768
45920,7.190014785066085e-05,0.9546083051265368,2.171930610817652,16.128570922749358,19.255109838693546
45940,7.193146324606618e-05,0.9555506539174781,2.1705964277829497,16.128948533227238,19.255095614927665
45960,7.196277864147153e-05,0.9559719305575657,2.1702946928729467,16.129458807033686,19.2557254304642
45980,7.199409403687687e-05,0.9596844418458219,2.166446706700648,16.13003702100953,19.256168169556002
46000,7.20254094322822e-05,0.9604573936998688,2.165555677959063,16.130552252563533,19.256565324222464
46020,7.205672482768755e-05,0.9617097194564893,2.1643267267373214,16.131191876939067,19.25722832313288
46040,7.208804022309289e-05,0.9649778896252745,2.161172021347968,16.131697978078158,19.2578478890514
46060,7.211935561849822e-05,0.9652695639237026,2.16096445599993,16.13221821038584,19.258452230309473
46080,7.215067101390356e-05,0.9705735554464088,2.15481852194844,16.13278261600032,19.25817469339517
46100,7.218198640930891e-05,0.9729036317222662,2.152555327918542,16.133385458964426,19.258844418605236
46120,7.221330180471424e-05,0.972955840366151,2.152786029179818,16.133899232932308,19.259641102478277
46140,7.224461720011958e-05,0.9752768732964692,2.1501780840663822,16.134550814820674,19.260005772183526
46160,7.227593259552493e-05,0.9783062195432746,2.1470575848245352,16.135152459501438,19.26051626386925
46180,7.230724799093027e-05,0.9822510842184188,2.1427350554967886,16.135750146640994,19.260736286356202
46200,7.23385633863356e-05,0.9834090961133286,2.141621453133845,16.136456991049506,19.26148754029668
46220,7.236987878174095e-05,0.985877990686324,2.139029725913624,16.13712653782339,19.26203425442334
46240,7.240119417714629e-05,0.9886265748554173,2.135955613909272,16.137619258208897,19.262201446973584
46260,7.243250957255162e-05,0.9905475271055262,2.1342102494197532,16.138317847781366,19.263075624306644
46280,7.246382496795697e-05,0.9956471993741716,2.1283956042608843,16.138859009678335,19.26290181331339
46300,7.249514036336231e-05,1.000480892343157,2.123200220194187,16.139400156721894,19.26308126925924
46320,7.252645575876764e-05,1.0037206971478128,2.1202369124852045,16.14004151510256,19.263999124735577
46340,7.255777115417299e-05,1.0072290729557456,2.116909716814402,16.140612129210517,19.264750918980663
46360,7.258908654957833e-05,1.0101846058693003,2.1136996706864104,16.141011911205258,19.264896187760968
46380,7.262040194498366e-05,1.0145339588313256,2.1093553242465233,16.141485612798036,19.265374895875883
46400,7.265171734038901e-05,1.0190945835143403,2.1047314841248905,16.141906166086113,19.265732233725345
46420,7.268303273579435e-05,1.0211476362010898,2.1027365153657227,16.142439019533782,19.266323171100595
46440,7.271434813119969e-05,1.025810507066459,2.0980865212052473,16.14304923689653,19.266946265168237
46460,7.274566352660502e-05,1.0299301216832584,2.0936422503834375,16.143615866159383,19.26718823822608
46480,7.277697892201037e-05,1.0337527695770374,2.089690579708454,16.14407811205037,19.26752146133586
46500,7.28082943174157e-05,1.0377571542325112,2.085486088826263,16.144637929440186,19.26788117249896
46520,7.283960971282104e-05,1.0418750501777645,2.0809089597062034,16.14521334028179,19.267997350165757
46540,7.287092510822639e-05,1.0458698062974165,2.077302379708397,16.145670305758163,19.268842491763976
46560,7.290224050363173e-05,1.04673203269387,2.07621281922675,16.14622601046967,19.26917086239029
46580,7.293355589903706e-05,1.052651714877792,2.06972963657041,16.146768160421036,19.269149511869237
46600,7.296487129444241e-05,1.0544372079340114,2.0682894771644142,16.147338052943063,19.270064738041487
46620,7.299618668984775e-05,1.0598392579858005,2.062807864042835,16.147959030106843,19.27060615213548
46640,7.302750208525308e-05,1.064674339147696,2.0574672926650743,16.148579289382226,19.270720921194997
46660,7.305881748065843e-05,1.0668439901192666,2.0560806376640652,16.1492133251968,19.27213795298013
46680,7.309013287606377e-05,1.0715969610747231,2.050778960431955,16.149933186152616,19.272309107659293
46700,7.31214482714691e-05,1.075776570589691,2.046398509056779,16.15063641145904,19.27281149110551
46720,7.315276366687445e-05,1.077816100518342,2.0443154345858594,16.151313528440475,19.273445063544678
46740,7.318407906227979e-05,1.083822780915038,2.038165681863864,16.151984554341148,19.27397301712005
46760,7.321539445768513e-05,1.087140466454767,2.0345214990201788,16.152713002315412,19.274374967790358
46780,7.324670985309048e-05,1.0889991335188356,2.0325643495390193,16.15327313433909,19.274836617396947
46800,7.327802524849581e-05,1.0945998003908466,2.0268059398940115,16.153787343085618,19.275193083370475
46820,7.330934064390115e-05,1.0975895208058346,2.0235046948203097,16.154480438301764,19.275574653927908
46840,7.334065603930648e-05,1.1005261138779185,2.0206144828242056,16.15502382740005,19.276164424102173
46860,7.337197143471183e-05,1.1042249965578956,2.0167996170785543,16.155653955636723,19.276678569273173
46880,7.340328683011717e-05,1.1073338978174438,2.0135346736145547,16.156445380310814,19.277313951742812
46900,7.34346022255225e-05,1.1121326526284245,2.0088219309430615,16.15710780296544,19.278062386536927
46920,7.346591762092785e-05,1.114825017505657,2.005944665580681,16.157917025625835,19.278686708712172
46940,7.349723301633319e-05,1.1197934317002263,2.0006466164673626,16.158598806836746,19.279038855004334
46960,7.352854841173852e-05,1.1246224987183,1.9950431873594636,16.1592012596436,19.27886694572136
46980,7.355986380714387e-05,1.1285568155345256,1.9914303503024475,16.159878119786075,19.27986528562305
47000,7.359117920254921e-05,1.1312548109774045,1.9887217328630737,16.160573709142966,19.280550252983446
47020,7.362249459795455e-05,1.1345318780455438,1.9851071755405822,16.16094423101505,19.280583284601178
47040,7.36538099933599e-05,1.1406540006291923,1.97957235849057,16.161451427381742,19.281677786501504
47060,7.368512538876523e-05,1.1438710554776568,1.976352481961347,16.162018533884243,19.282242071323246
47080,7.371644078417057e-05,1.1493396992063394,1.9703758239791296,16.16256852577754,19.28228404896301
47100,7.374775617957592e-05,1.1526966315619644,1.9670646342724227,16.163071287826163,19.28283255366055
47120,7.377907157498125e-05,1.1578800518940562,1.9615531419708607,16.16354242777365,19.282975621638567
47140,7.381038697038659e-05,1.1620500946790966,1.9574223142512424,16.163988809232173,19.28346121816251
47160,7.384170236579192e-05,1.1641747975208954,1.954968997060085,16.164660748774214,19.283804543355195
47180,7.387301776119727e-05,1.170290196007949,1.9489109868936116,16.165273736364174,19.284474919265733
47200,7.390433315660261e-05,1.1737334672662043,1.9454237533170042,16.165831429492588,19.284988650075796
47220,7.393564855200794e-05,1.1804082437248766,1.9383268020935625,16.16654013888409,19.28527518470253
47240,7.39669639474133e-05,1.1849108030639135,1.934403447346754,16.16718554241211,19.286499792822777
47260,7.399827934281863e-05,1.18892971940627,1.929763861243027,16.167660338011594,19.28635391866089
47280,7.402959473822397e-05,1.1944184019339628,1.9246752153643338,16.168188311906754,19.28728192920505
47300,7.406091013362932e-05,1.198005635223909,1.9208867294352088,16.16877599536742,19.287668360026537
47320,7.409222552903465e-05,1.201421594749381,1.9178587895108081,16.169272885585293,19.288553269845483
47340,7.412354092443999e-05,1.2077826797525326,1.9106775954045125,16.16982372028087,19.288283995437915
47360,7.415485631984534e-05,1.2121439810376098,1.9060026509085237,16.1705809298281,19.28872756177423
47380,7.418617171525067e-05,1.2160725921903213,1.9016981694818507,16.171069739686857,19.28884050135903
47400,7.421748711065601e-05,1.2194498546189882,1.8982849321346786,16.17163615446472,19.289370941218387
47420,7.424880250606136e-05,1.2247101227924473,1.8927569023495106,16.172149683868493,19.289616709010453
47440,7.42801179014667e-05,1.2307773875577532,1.886694590252504,16.172618009047422,19.29008998685768
47460,7.431143329687203e-05,1.2337301429294283,1.883774655889868,16.173290137319867,19.290794936139164
47480,7.434274869227738e-05,1.238965883479161,1.878579137719124,16.173812914038265,19.29135793523655
47500,7.437406408768271e-05,1.2422790764409515,1.8749074495570701,16.17432994313599,19.291516469134013
47520,7.440537948308805e-05,1.2471618972640544,1.8702232229017093,16.174963159371696,19.29234827953746
47540,7.443669487849339e-05,1.2493657960907436,1.8683559915662966,16.175677030205925,19.293398817862965
47560,7.446801027389874e-05,1.2544820658688496,1.8626061961425973,16.176315007782136,19.293403269793583
47580,7.449932566930407e-05,1.2581514270206964,1.8588434077128002,16.177063841846476,19.294058676579972
47600,7.453064106470941e-05,1.2636050336186784,1.8528228652707446,16.177725711684044,19.294153610573467
47620,7.456195646011476e-05,1.2676467848270678,1.8486716099461233,16.178341764329936,19.294660159103127
47640,7.459327185552009e-05,1.2711487133725172,1.845283862478605,16.17899772414385,19.295430299994973
47660,7.462458725092543e-05,1.2761213668616336,1.840308853103161,16.179620894592684,19.29605111455748
47680,7.465590264633078e-05,1.2785543958171655,1.8381462427877726,16.18016873115076,19.2968693697557
47700,7.468721804173611e-05,1.2849414598605302,1.8309900664226288,16.18089659342889,19.29682811971205
47720,7.471853343714145e-05,1.2866375852028495,1.8293166163977854,16.181647951564887,19.29760215316552
47740,7.47498488325468e-05,1.2908724574207224,1.8248489134306638,16.18223988597023,19.297961256821615
47760,7.478116422795213e-05,1.294605132821209,1.8209923054741473,16.182951924703097,19.298549362998454
47780,7.481247962335747e-05,1.2987496473621607,1.8164176075763805,16.183625411211935,19.298792666150476
47800,7.484379501876282e-05,1.302679943648806,1.8128486980010983,16.184140203039423,19.29966884468933
47820,7.487511041416816e-05,1.3071185062417774,1.808133567869695,16.18466870914879,19.299920783260262
47840,7.490642580957349e-05,1.311599671305418,1.8033501722140806,16.185172044598506,19.300121888118007
47860,7.493774120497883e-05,1.316761970164061,1.7984484330765604,16.18569480155876,19.30090520479938
47880,7.496905660038418e-05,1.3202880459383044,1.7949020577105084,16.186267402930966,19.30145750657978
