step,max_d,max_H,Solid solve Time,Compute Strain Time,Driving Force Time,Phase Solve Time,Total Step Time
0,0.00000000,7.3077e-08,0.000000000,0.000000000,0.000000000,0.000000000,0.085354567
1,0.00000000,1.5989e-07,0.000000000,0.000000000,0.000000000,0.000000000,0.015428782
2,0.00000003,1.6055e-06,0.000000000,0.000000000,0.000000000,0.000000000,0.022146702
3,0.00000013,6.9154e-06,0.000000000,0.000000000,0.000000000,0.000000000,0.023943901
4,0.00000035,1.8418e-05,0.000000000,0.000000000,0.000000000,0.000000000,0.008420944
5,0.00000071,3.7849e-05,0.000000000,0.000000000,0.000000000,0.000000000,0.006912470
6,0.00000128,6.8991e-05,0.000000000,0.000000000,0.000000000,0.000000000,0.006921053
7,0.00000318,1.4928e-04,0.000000000,0.000000000,0.000000000,0.000000000,0.006307364
8,0.00000770,3.4486e-04,0.000000000,0.000000000,0.000000000,0.000000000,0.006272316
9,0.00001633,7.1745e-04,0.000000000,0.000000000,0.000000000,0.000000000,0.006244421
10,0.00003102,1.3517e-03,0.000000000,0.000000000,0.000000000,0.000000000,0.006252766
11,0.00005347,2.3236e-03,0.000000000,0.000000000,0.000000000,0.000000000,0.006235838
12,0.00008456,3.6751e-03,0.000000000,0.000000000,0.000000000,0.000000000,0.006226540
13,0.00012390,5.3938e-03,0.000000000,0.000000000,0.000000000,0.000000000,0.006237745
14,0.00016963,7.4082e-03,0.000000000,0.000000000,0.000000000,0.000000000,0.006230593
15,0.00021881,9.6030e-03,0.000000000,0.000000000,0.000000000,0.000000000,0.006216764
16,0.00026812,1.1848e-02,0.000000000,0.000000000,0.000000000,0.000000000,0.006231308
17,0.00031459,1.4028e-02,0.000000000,0.000000000,0.000000000,0.000000000,0.006244898
18,0.00035621,1.6071e-02,0.000000000,0.000000000,0.000000000,0.000000000,0.006221533
19,0.00039225,1.7955e-02,0.000000000,0.000000000,0.000000000,0.000000000,0.006228924
20,0.00042314,1.9703e-02,0.000000000,0.000000000,0.000000000,0.000000000,0.006232738
21,0.00045024,2.1373e-02,0.000000000,0.000000000,0.000000000,0.000000000,0.006233215
22,0.00047549,2.3045e-02,0.000000000,0.000000000,0.000000000,0.000000000,0.005848408
23,0.00050103,2.4801e-02,0.000000000,0.000000000,0.000000000,0.000000000,0.005830526
24,0.00052893,2.6724e-02,0.000000000,0.000000000,0.000000000,0.000000000,0.005835533
25,0.00056094,2.8880e-02,0.000000000,0.000000000,0.000000000,0.000000000,0.005826712
26,0.00059826,3.1313e-02,0.000000000,0.000000000,0.000000000,0.000000000,0.005851507
27,0.00064147,3.4043e-02,0.000000000,0.000000000,0.000000000,0.000000000,0.005831003
28,0.00069048,3.7063e-02,0.000000000,0.000000000,0.000000000,0.000000000,0.005850077
29,0.00074473,4.0342e-02,0.000000000,0.000000000,0.000000000,0.000000000,0.005853653
30,0.00080347,4.3845e-02,0.000000000,0.000000000,0.000000000,0.000000000,0.005855799
31,0.00086616,4.7544e-02,0.000000000,0.000000000,0.000000000,0.000000000,0.005875349
32,0.00093291,5.1575e-02,0.000000000,0.000000000,0.000000000,0.000000000,0.005829096
33,0.00101482,5.6205e-02,0.000000000,0.000000000,0.000000000,0.000000000,0.005854368
34,0.00110337,6.1160e-02,0.000000000,0.000000000,0.000000000,0.000000000,0.005846500
35,0.00119785,6.6443e-02,0.000000000,0.000000000,0.000000000,0.000000000,0.005861759
36,0.00129787,7.2035e-02,0.000000000,0.000000000,0.000000000,0.000000000,0.005850792
37,0.00140258,7.7896e-02,0.000000000,0.000000000,0.000000000,0.000000000,0.005844831
38,0.00151073,8.3958e-02,0.000000000,0.000000000,0.000000000,0.000000000,0.005956411
39,0.00164785,9.0115e-02,0.000000000,0.000000000,0.000000000,0.000000000,0.005862951
40,0.00179815,9.6404e-02,0.000000000,0.000000000,0.000000000,0.000000000,0.005841255
41,0.00195073,1.0373e-01,0.000000000,0.000000000,0.000000000,0.000000000,0.005863667
42,0.00209415,1.1064e-01,0.000000000,0.000000000,0.000000000,0.000000000,0.005835056
43,0.00221461,1.1653e-01,0.000000000,0.000000000,0.000000000,0.000000000,0.006004810
44,0.00229809,1.2084e-01,0.000000000,0.000000000,0.000000000,0.000000000,0.005837917
45,0.00233323,1.2308e-01,0.000000000,0.000000000,0.000000000,0.000000000,0.005835056
46,0.00233323,1.2350e-01,0.000000000,0.000000000,0.000000000,0.000000000,0.005846262
47,0.00233323,1.2374e-01,0.000000000,0.000000000,0.000000000,0.000000000,0.005839586
48,0.00233323,1.2550e-01,0.000000000,0.000000000,0.000000000,0.000000000,0.005840540
49,0.00233323,1.2713e-01,0.000000000,0.000000000,0.000000000,0.000000000,0.005857706
50,0.00233323,1.2857e-01,0.000000000,0.000000000,0.000000000,0.000000000,0.005838633
51,0.00233323,1.2975e-01,0.000000000,0.000000000,0.000000000,0.000000000,0.005929470
52,0.00233323,1.3061e-01,0.000000000,0.000000000,0.000000000,0.000000000,0.005870819
53,0.00233323,1.3112e-01,0.000000000,0.000000000,0.000000000,0.000000000,0.005851269
54,0.00233323,1.3126e-01,0.000000000,0.000000000,0.000000000,0.000000000,0.005827904
55,0.00233323,1.3129e-01,0.000000000,0.000000000,0.000000000,0.000000000,0.005852222
56,0.00235457,1.3129e-01,0.000000000,0.000000000,0.000000000,0.000000000,0.005831480
57,0.00242644,1.3129e-01,0.000000000,0.000000000,0.000000000,0.000000000,0.005836010
58,0.00249272,1.3129e-01,0.000000000,0.000000000,0.000000000,0.000000000,0.005851269
59,0.00255310,1.3129e-01,0.000000000,0.000000000,0.000000000,0.000000000,0.005830050
60,0.00260687,1.3129e-01,0.000000000,0.000000000,0.000000000,0.000000000,0.005841970
61,0.00265335,1.3129e-01,0.000000000,0.000000000,0.000000000,0.000000000,0.005844831
62,0.00269686,1.3129e-01,0.000000000,0.000000000,0.000000000,0.000000000,0.005853415
63,0.00273693,1.3129e-01,0.000000000,0.000000000,0.000000000,0.000000000,0.005837917
64,0.00277154,1.3283e-01,0.000000000,0.000000000,0.000000000,0.000000000,0.005850792
65,0.00279908,1.3467e-01,0.000000000,0.000000000,0.000000000,0.000000000,0.005834103
66,0.00281827,1.3621e-01,0.000000000,0.000000000,0.000000000,0.000000000,0.005843163
67,0.00282812,1.3742e-01,0.000000000,0.000000000,0.000000000,0.000000000,0.005844593
68,0.00282812,1.3827e-01,0.000000000,0.000000000,0.000000000,0.000000000,0.005843163
69,0.00298402,1.3876e-01,0.000000000,0.000000000,0.000000000,0.000000000,0.005832672
70,0.00314399,1.3890e-01,0.000000000,0.000000000,0.000000000,0.000000000,0.005862474
71,0.00329442,1.4037e-01,0.000000000,0.000000000,0.000000000,0.000000000,0.005853891
72,0.00343327,1.4662e-01,0.000000000,0.000000000,0.000000000,0.000000000,0.005844831
73,0.00355891,1.5248e-01,0.000000000,0.000000000,0.000000000,0.000000000,0.005856991
74,0.00367000,1.5789e-01,0.000000000,0.000000000,0.000000000,0.000000000,0.005829334
75,0.00376551,1.6280e-01,0.000000000,0.000000000,0.000000000,0.000000000,0.005828381
76,0.00384477,1.6720e-01,0.000000000,0.000000000,0.000000000,0.000000000,0.005822182
77,0.00390962,1.7113e-01,0.000000000,0.000000000,0.000000000,0.000000000,0.005862713
78,0.00395941,1.7456e-01,0.000000000,0.000000000,0.000000000,0.000000000,0.005831718
79,0.00399371,1.7748e-01,0.000000000,0.000000000,0.000000000,0.000000000,0.005837440
80,0.00401229,1.7986e-01,0.000000000,0.000000000,0.000000000,0.000000000,0.005816698
81,0.00401517,1.8168e-01,0.000000000,0.000000000,0.000000000,0.000000000,0.005838871
82,0.00401517,1.8295e-01,0.000000000,0.000000000,0.000000000,0.000000000,0.005820513
83,0.00401517,1.8368e-01,0.000000000,0.000000000,0.000000000,0.000000000,0.005830288
84,0.00401517,1.8387e-01,0.000000000,0.000000000,0.000000000,0.000000000,0.005824089
85,0.00401517,1.8387e-01,0.000000000,0.000000000,0.000000000,0.000000000,0.010391235
86,0.00401517,1.8387e-01,0.000000000,0.000000000,0.000000000,0.000000000,0.006120682
87,0.00401517,1.8387e-01,0.000000000,0.000000000,0.000000000,0.000000000,0.005841017
88,0.00401517,1.8387e-01,0.000000000,0.000000000,0.000000000,0.000000000,0.005839109
89,0.00401517,1.8387e-01,0.000000000,0.000000000,0.000000000,0.000000000,0.005831480
90,0.00401517,1.8387e-01,0.000000000,0.000000000,0.000000000,0.000000000,0.005843401
91,0.00401517,1.8387e-01,0.000000000,0.000000000,0.000000000,0.000000000,0.005844593
92,0.00401517,1.8387e-01,0.000000000,0.000000000,0.000000000,0.000000000,0.005844355
93,0.00401517,1.8387e-01,0.000000000,0.000000000,0.000000000,0.000000000,0.005852461
94,0.00401517,1.8387e-01,0.000000000,0.000000000,0.000000000,0.000000000,0.005834341
95,0.00401517,1.8387e-01,0.000000000,0.000000000,0.000000000,0.000000000,0.005815268
96,0.00401517,1.8387e-01,0.000000000,0.000000000,0.000000000,0.000000000,0.005843639
97,0.00401517,1.8387e-01,0.000000000,0.000000000,0.000000000,0.000000000,0.005827665
98,0.00401517,1.8387e-01,0.000000000,0.000000000,0.000000000,0.000000000,0.005836487
99,0.00401517,1.8387e-01,0.000000000,0.000000000,0.000000000,0.000000000,0.005850554
100,0.00401517,1.8387e-01,0.000000000,0.000000000,0.000000000,0.000000000,0.006063461
101,0.00401517,1.8387e-01,0.000000000,0.000000000,0.000000000,0.000000000,0.005914688
102,0.00401517,1.8387e-01,0.000000000,0.000000000,0.000000000,0.000000000,0.005821943
103,0.00401517,1.8387e-01,0.000000000,0.000000000,0.000000000,0.000000000,0.005835056
104,0.00401517,1.8387e-01,0.000000000,0.000000000,0.000000000,0.000000000,0.005836964
105,0.00401517,1.8387e-01,0.000000000,0.000000000,0.000000000,0.000000000,0.005828142
106,0.00401517,1.8387e-01,0.000000000,0.000000000,0.000000000,0.000000000,0.005826712
107,0.00401517,1.8387e-01,0.000000000,0.000000000,0.000000000,0.000000000,0.005835772
108,0.00401517,1.8387e-01,0.000000000,0.000000000,0.000000000,0.000000000,0.005816698
109,0.00401517,1.8387e-01,0.000000000,0.000000000,0.000000000,0.000000000,0.005867243
110,0.00401517,1.8387e-01,0.000000000,0.000000000,0.000000000,0.000000000,0.005828381
111,0.00401517,1.8387e-01,0.000000000,0.000000000,0.000000000,0.000000000,0.005836964
112,0.00401517,1.8387e-01,0.000000000,0.000000000,0.000000000,0.000000000,0.005831003
113,0.00401517,1.8387e-01,0.000000000,0.000000000,0.000000000,0.000000000,0.005832195
114,0.00401517,1.8387e-01,0.000000000,0.000000000,0.000000000,0.000000000,0.005836010
115,0.00401517,1.8510e-01,0.000000000,0.000000000,0.000000000,0.000000000,0.005833626
116,0.00404810,1.8791e-01,0.000000000,0.000000000,0.000000000,0.000000000,0.005818605
117,0.00409804,1.9053e-01,0.000000000,0.000000000,0.000000000,0.000000000,0.005825043
118,0.00414159,1.9293e-01,0.000000000,0.000000000,0.000000000,0.000000000,0.005831242
119,0.00417865,1.9513e-01,0.000000000,0.000000000,0.000000000,0.000000000,0.005835056
120,0.00420908,1.9709e-01,0.000000000,0.000000000,0.000000000,0.000000000,0.005805731
121,0.00423274,1.9883e-01,0.000000000,0.000000000,0.000000000,0.000000000,0.005839825
122,0.00424942,2.0032e-01,0.000000000,0.000000000,0.000000000,0.000000000,0.005839109
123,0.00425909,2.0158e-01,0.000000000,0.000000000,0.000000000,0.000000000,0.005833149
124,0.00426175,2.0259e-01,0.000000000,0.000000000,0.000000000,0.000000000,0.005830050
125,0.00426175,2.0337e-01,0.000000000,0.000000000,0.000000000,0.000000000,0.005831003
126,0.00426175,2.0390e-01,0.000000000,0.000000000,0.000000000,0.000000000,0.005836248
127,0.00426175,2.0420e-01,0.000000000,0.000000000,0.000000000,0.000000000,0.005841732
128,0.00426175,2.0426e-01,0.000000000,0.000000000,0.000000000,0.000000000,0.005813122
129,0.00426175,2.0428e-01,0.000000000,0.000000000,0.000000000,0.000000000,0.005862236
130,0.00426175,2.0430e-01,0.000000000,0.000000000,0.000000000,0.000000000,0.005842447
131,0.00426175,2.0430e-01,0.000000000,0.000000000,0.000000000,0.000000000,0.005820036
132,0.00426175,2.0430e-01,0.000000000,0.000000000,0.000000000,0.000000000,0.005848646
133,0.00426175,2.0430e-01,0.000000000,0.000000000,0.000000000,0.000000000,0.005826712
134,0.00426175,2.0430e-01,0.000000000,0.000000000,0.000000000,0.000000000,0.005838871
135,0.00426175,2.0430e-01,0.000000000,0.000000000,0.000000000,0.000000000,0.005824327
136,0.00426175,2.0430e-01,0.000000000,0.000000000,0.000000000,0.000000000,0.005832672
137,0.00426175,2.0430e-01,0.000000000,0.000000000,0.000000000,0.000000000,0.005830765
138,0.00426175,2.0430e-01,0.000000000,0.000000000,0.000000000,0.000000000,0.005840063
139,0.00426175,2.0430e-01,0.000000000,0.000000000,0.000000000,0.000000000,0.005821466
140,0.00426175,2.0430e-01,0.000000000,0.000000000,0.000000000,0.000000000,0.005821943
141,0.00426175,2.0430e-01,0.000000000,0.000000000,0.000000000,0.000000000,0.005826473
142,0.00426175,2.0430e-01,0.000000000,0.000000000,0.000000000,0.000000000,0.005843639
143,0.00426175,2.0430e-01,0.000000000,0.000000000,0.000000000,0.000000000,0.005839348
144,0.00426175,2.0430e-01,0.000000000,0.000000000,0.000000000,0.000000000,0.005830765
145,0.00426175,2.0430e-01,0.000000000,0.000000000,0.000000000,0.000000000,0.005843401
146,0.00426175,2.0430e-01,0.000000000,0.000000000,0.000000000,0.000000000,0.005854845
147,0.00430554,2.0430e-01,0.000000000,0.000000000,0.000000000,0.000000000,0.005836725
148,0.00437234,2.0430e-01,0.000000000,0.000000000,0.000000000,0.000000000,0.005821705
149,0.00443506,2.0430e-01,0.000000000,0.000000000,0.000000000,0.000000000,0.005871773
150,0.00449339,2.0430e-01,0.000000000,0.000000000,0.000000000,0.000000000,0.005840778
151,0.00454707,2.0430e-01,0.000000000,0.000000000,0.000000000,0.000000000,0.005930662
152,0.00459589,2.0430e-01,0.000000000,0.000000000,0.000000000,0.000000000,0.005853653
153,0.00463964,2.0582e-01,0.000000000,0.000000000,0.000000000,0.000000000,0.005855322
154,0.00467816,2.0763e-01,0.000000000,0.000000000,0.000000000,0.000000000,0.005839348
155,0.00471133,2.0927e-01,0.000000000,0.000000000,0.000000000,0.000000000,0.005839348
156,0.00473904,2.1075e-01,0.000000000,0.000000000,0.000000000,0.000000000,0.005830526
157,0.00476124,2.1205e-01,0.000000000,0.000000000,0.000000000,0.000000000,0.005842447
158,0.00477791,2.1318e-01,0.000000000,0.000000000,0.000000000,0.000000000,0.005830050
159,0.00478906,2.1413e-01,0.000000000,0.000000000,0.000000000,0.000000000,0.005834341
160,0.00479473,2.1491e-01,0.000000000,0.000000000,0.000000000,0.000000000,0.005836964
161,0.00479500,2.1551e-01,0.000000000,0.000000000,0.000000000,0.000000000,0.005843401
162,0.00479500,2.1595e-01,0.000000000,0.000000000,0.000000000,0.000000000,0.005829573
163,0.00479500,2.1621e-01,0.000000000,0.000000000,0.000000000,0.000000000,0.005840778
164,0.00479500,2.1636e-01,0.000000000,0.000000000,0.000000000,0.000000000,0.005849600
165,0.00479500,2.1642e-01,0.000000000,0.000000000,0.000000000,0.000000000,0.005837917
166,0.00479500,2.1648e-01,0.000000000,0.000000000,0.000000000,0.000000000,0.005840063
167,0.00479500,2.1653e-01,0.000000000,0.000000000,0.000000000,0.000000000,0.005837917
168,0.00479500,2.1658e-01,0.000000000,0.000000000,0.000000000,0.000000000,0.005833387
169,0.00479500,2.1662e-01,0.000000000,0.000000000,0.000000000,0.000000000,0.005825758
170,0.00479500,2.1667e-01,0.000000000,0.000000000,0.000000000,0.000000000,0.005839348
171,0.00479500,2.1672e-01,0.000000000,0.000000000,0.000000000,0.000000000,0.005842447
172,0.00479500,2.1678e-01,0.000000000,0.000000000,0.000000000,0.000000000,0.005831003
173,0.00479500,2.1684e-01,0.000000000,0.000000000,0.000000000,0.000000000,0.005897522
174,0.00479500,2.1691e-01,0.000000000,0.000000000,0.000000000,0.000000000,0.005843639
175,0.00479500,2.1699e-01,0.000000000,0.000000000,0.000000000,0.000000000,0.005849361
176,0.00479500,2.1707e-01,0.000000000,0.000000000,0.000000000,0.000000000,0.005840540
177,0.00479500,2.1717e-01,0.000000000,0.000000000,0.000000000,0.000000000,0.005846739
178,0.00479500,2.1727e-01,0.000000000,0.000000000,0.000000000,0.000000000,0.005855799
179,0.00479500,2.1739e-01,0.000000000,0.000000000,0.000000000,0.000000000,0.005830526
180,0.00479500,2.1752e-01,0.000000000,0.000000000,0.000000000,0.000000000,0.005846024
181,0.00479500,2.1766e-01,0.000000000,0.000000000,0.000000000,0.000000000,0.005859613
182,0.00479500,2.1781e-01,0.000000000,0.000000000,0.000000000,0.000000000,0.005852461
183,0.00479500,2.1797e-01,0.000000000,0.000000000,0.000000000,0.000000000,0.005843163
184,0.00479500,2.1814e-01,0.000000000,0.000000000,0.000000000,0.000000000,0.005847692
185,0.00479500,2.1833e-01,0.000000000,0.000000000,0.000000000,0.000000000,0.005849600
186,0.00479500,2.1852e-01,0.000000000,0.000000000,0.000000000,0.000000000,0.005833149
187,0.00479500,2.1873e-01,0.000000000,0.000000000,0.000000000,0.000000000,0.008386374
188,0.00479500,2.1894e-01,0.000000000,0.000000000,0.000000000,0.000000000,0.006005287
189,0.00479500,2.1916e-01,0.000000000,0.000000000,0.000000000,0.000000000,0.005888939
190,0.00479500,2.1939e-01,0.000000000,0.000000000,0.000000000,0.000000000,0.005866766
191,0.00479500,2.1962e-01,0.000000000,0.000000000,0.000000000,0.000000000,0.005872250
192,0.00479500,2.1986e-01,0.000000000,0.000000000,0.000000000,0.000000000,0.005861998
193,0.00479500,2.2010e-01,0.000000000,0.000000000,0.000000000,0.000000000,0.005853653
194,0.00479500,2.2034e-01,0.000000000,0.000000000,0.000000000,0.000000000,0.005838156
195,0.00479500,2.2058e-01,0.000000000,0.000000000,0.000000000,0.000000000,0.005872965
196,0.00479500,2.2082e-01,0.000000000,0.000000000,0.000000000,0.000000000,0.005866051
197,0.00479500,2.2105e-01,0.000000000,0.000000000,0.000000000,0.000000000,0.005855322
198,0.00479500,2.2128e-01,0.000000000,0.000000000,0.000000000,0.000000000,0.005862951
199,0.00479500,2.2551e-01,0.000000000,0.000000000,0.000000000,0.000000000,0.005866051
200,0.00479500,2.3176e-01,0.000000000,0.000000000,0.000000000,0.000000000,0.005834579
201,0.00486047,2.3782e-01,0.000000000,0.000000000,0.000000000,0.000000000,0.005919933
202,0.00502605,2.4358e-01,0.000000000,0.000000000,0.000000000,0.000000000,0.005841494
203,0.00518163,2.4897e-01,0.000000000,0.000000000,0.000000000,0.000000000,0.005842686
204,0.00532483,2.5391e-01,0.000000000,0.000000000,0.000000000,0.000000000,0.005840302
205,0.00545337,2.5832e-01,0.000000000,0.000000000,0.000000000,0.000000000,0.005849361
206,0.00556438,2.6213e-01,0.000000000,0.000000000,0.000000000,0.000000000,0.005846500
207,0.00565579,2.6526e-01,0.000000000,0.000000000,0.000000000,0.000000000,0.005848408
208,0.00572596,2.6766e-01,0.000000000,0.000000000,0.000000000,0.000000000,0.005850315
209,0.00577481,2.6933e-01,0.000000000,0.000000000,0.000000000,0.000000000,0.005845785
210,0.00580309,2.7029e-01,0.000000000,0.000000000,0.000000000,0.000000000,0.005847692
211,0.00581027,2.7052e-01,0.000000000,0.000000000,0.000000000,0.000000000,0.005840540
212,0.00581069,2.7052e-01,0.000000000,0.000000000,0.000000000,0.000000000,0.005842447
213,0.00581099,2.7052e-01,0.000000000,0.000000000,0.000000000,0.000000000,0.005848885
214,0.00581119,2.7052e-01,0.000000000,0.000000000,0.000000000,0.000000000,0.005840302
215,0.00581130,2.7052e-01,0.000000000,0.000000000,0.000000000,0.000000000,0.005821466
216,0.00581130,2.7052e-01,0.000000000,0.000000000,0.000000000,0.000000000,0.005851030
217,0.00581130,2.7052e-01,0.000000000,0.000000000,0.000000000,0.000000000,0.005844831
218,0.00581130,2.7052e-01,0.000000000,0.000000000,0.000000000,0.000000000,0.005850077
219,0.00581130,2.7052e-01,0.000000000,0.000000000,0.000000000,0.000000000,0.005826950
220,0.00581130,2.7052e-01,0.000000000,0.000000000,0.000000000,0.000000000,0.005838156
221,0.00581130,2.7052e-01,0.000000000,0.000000000,0.000000000,0.000000000,0.005838156
222,0.00581130,2.7052e-01,0.000000000,0.000000000,0.000000000,0.000000000,0.005848408
223,0.00581130,2.7052e-01,0.000000000,0.000000000,0.000000000,0.000000000,0.005846262
224,0.00581130,2.7052e-01,0.000000000,0.000000000,0.000000000,0.000000000,0.005827427
225,0.00581130,2.7052e-01,0.000000000,0.000000000,0.000000000,0.000000000,0.005826473
226,0.00581130,2.7052e-01,0.000000000,0.000000000,0.000000000,0.000000000,0.005836487
227,0.00581130,2.7052e-01,0.000000000,0.000000000,0.000000000,0.000000000,0.005844355
228,0.00581130,2.7052e-01,0.000000000,0.000000000,0.000000000,0.000000000,0.005838633
229,0.00581130,2.7052e-01,0.000000000,0.000000000,0.000000000,0.000000000,0.005835056
230,0.00581130,2.7052e-01,0.000000000,0.000000000,0.000000000,0.000000000,0.005835772
231,0.00591944,2.7052e-01,0.000000000,0.000000000,0.000000000,0.000000000,0.005820990
232,0.00606283,2.7389e-01,0.000000000,0.000000000,0.000000000,0.000000000,0.005830765
233,0.00619425,2.7851e-01,0.000000000,0.000000000,0.000000000,0.000000000,0.005909443
234,0.00631203,2.8267e-01,0.000000000,0.000000000,0.000000000,0.000000000,0.005855083
235,0.00641928,2.8648e-01,0.000000000,0.000000000,0.000000000,0.000000000,0.005855560
236,0.00651214,2.8982e-01,0.000000000,0.000000000,0.000000000,0.000000000,0.005830288
237,0.00658752,2.9259e-01,0.000000000,0.000000000,0.000000000,0.000000000,0.005832195
238,0.00664457,2.9474e-01,0.000000000,0.000000000,0.000000000,0.000000000,0.005842209
239,0.00668276,2.9625e-01,0.000000000,0.000000000,0.000000000,0.000000000,0.005842686
240,0.00670183,2.9713e-01,0.000000000,0.000000000,0.000000000,0.000000000,0.005844831
241,0.00670216,2.9738e-01,0.000000000,0.000000000,0.000000000,0.000000000,0.005821466
242,0.00670216,2.9761e-01,0.000000000,0.000000000,0.000000000,0.000000000,0.005834818
243,0.00670216,2.9782e-01,0.000000000,0.000000000,0.000000000,0.000000000,0.005851507
244,0.00670216,2.9801e-01,0.000000000,0.000000000,0.000000000,0.000000000,0.005824089
245,0.00670216,2.9816e-01,0.000000000,0.000000000,0.000000000,0.000000000,0.005835056
246,0.00670216,2.9828e-01,0.000000000,0.000000000,0.000000000,0.000000000,0.005860567
247,0.00670216,2.9836e-01,0.000000000,0.000000000,0.000000000,0.000000000,0.005819082
248,0.00670216,2.9839e-01,0.000000000,0.000000000,0.000000000,0.000000000,0.005848169
249,0.00670216,2.9839e-01,0.000000000,0.000000000,0.000000000,0.000000000,0.005853415
250,0.00670216,2.9839e-01,0.000000000,0.000000000,0.000000000,0.000000000,0.005846262
251,0.00670216,2.9839e-01,0.000000000,0.000000000,0.000000000,0.000000000,0.005913019
252,0.00670216,2.9839e-01,0.000000000,0.000000000,0.000000000,0.000000000,0.005861044
253,0.00670216,2.9839e-01,0.000000000,0.000000000,0.000000000,0.000000000,0.005836487
254,0.00670216,2.9839e-01,0.000000000,0.000000000,0.000000000,0.000000000,0.005840540
255,0.00670216,2.9839e-01,0.000000000,0.000000000,0.000000000,0.000000000,0.005843163
256,0.00670216,2.9839e-01,0.000000000,0.000000000,0.000000000,0.000000000,0.005846500
257,0.00670216,2.9839e-01,0.000000000,0.000000000,0.000000000,0.000000000,0.005859852
258,0.00670216,2.9839e-01,0.000000000,0.000000000,0.000000000,0.000000000,0.005841732
259,0.00670216,2.9839e-01,0.000000000,0.000000000,0.000000000,0.000000000,0.005828857
260,0.00670216,2.9839e-01,0.000000000,0.000000000,0.000000000,0.000000000,0.005842686
261,0.00670216,2.9839e-01,0.000000000,0.000000000,0.000000000,0.000000000,0.005832195
262,0.00670216,2.9839e-01,0.000000000,0.000000000,0.000000000,0.000000000,0.005469561
263,0.00670216,2.9839e-01,0.000000000,0.000000000,0.000000000,0.000000000,0.005450726
264,0.00670216,2.9839e-01,0.000000000,0.000000000,0.000000000,0.000000000,0.005469084
265,0.00670216,2.9839e-01,0.000000000,0.000000000,0.000000000,0.000000000,0.005443096
266,0.00670216,2.9839e-01,0.000000000,0.000000000,0.000000000,0.000000000,0.005469561
267,0.00670216,2.9839e-01,0.000000000,0.000000000,0.000000000,0.000000000,0.005437851
268,0.00670216,2.9839e-01,0.000000000,0.000000000,0.000000000,0.000000000,0.005470991
269,0.00670216,2.9839e-01,0.000000000,0.000000000,0.000000000,0.000000000,0.005494595
270,0.00670216,2.9839e-01,0.000000000,0.000000000,0.000000000,0.000000000,0.005472183
271,0.00670216,2.9839e-01,0.000000000,0.000000000,0.000000000,0.000000000,0.005473614
272,0.00670216,2.9839e-01,0.000000000,0.000000000,0.000000000,0.000000000,0.005474567
273,0.00670216,2.9839e-01,0.000000000,0.000000000,0.000000000,0.000000000,0.005465031
274,0.00670216,2.9839e-01,0.000000000,0.000000000,0.000000000,0.000000000,0.005447865
275,0.00670216,2.9839e-01,0.000000000,0.000000000,0.000000000,0.000000000,0.005466461
276,0.00670216,2.9839e-01,0.000000000,0.000000000,0.000000000,0.000000000,0.005469799
277,0.00670216,2.9839e-01,0.000000000,0.000000000,0.000000000,0.000000000,0.005475760
278,0.00670216,2.9839e-01,0.000000000,0.000000000,0.000000000,0.000000000,0.005452156
279,0.00670216,2.9839e-01,0.000000000,0.000000000,0.000000000,0.000000000,0.005483389
280,0.00670216,2.9839e-01,0.000000000,0.000000000,0.000000000,0.000000000,0.006527901
281,0.00670216,2.9839e-01,0.000000000,0.000000000,0.000000000,0.000000000,0.005455732
282,0.00670216,2.9954e-01,0.000000000,0.000000000,0.000000000,0.000000000,0.005453587
283,0.00670216,3.0430e-01,0.000000000,0.000000000,0.000000000,0.000000000,0.005450964
284,0.00670216,3.0886e-01,0.000000000,0.000000000,0.000000000,0.000000000,0.005449533
285,0.00670216,3.1320e-01,0.000000000,0.000000000,0.000000000,0.000000000,0.005447626
286,0.00670216,3.1728e-01,0.000000000,0.000000000,0.000000000,0.000000000,0.005460501
287,0.00670216,3.2111e-01,0.000000000,0.000000000,0.000000000,0.000000000,0.005449772
288,0.00670216,3.2467e-01,0.000000000,0.000000000,0.000000000,0.000000000,0.005482912
289,0.00670216,3.2796e-01,0.000000000,0.000000000,0.000000000,0.000000000,0.005442142
290,0.00670216,3.3095e-01,0.000000000,0.000000000,0.000000000,0.000000000,0.005472898
291,0.00670216,3.3366e-01,0.000000000,0.000000000,0.000000000,0.000000000,0.005457640
292,0.00670216,3.3609e-01,0.000000000,0.000000000,0.000000000,0.000000000,0.005455494
293,0.00670216,3.3823e-01,0.000000000,0.000000000,0.000000000,0.000000000,0.005427837
294,0.00670216,3.4009e-01,0.000000000,0.000000000,0.000000000,0.000000000,0.005465269
295,0.00670216,3.4217e-01,0.000000000,0.000000000,0.000000000,0.000000000,0.005446672
296,0.00670216,3.4559e-01,0.000000000,0.000000000,0.000000000,0.000000000,0.005463362
297,0.00670216,3.4883e-01,0.000000000,0.000000000,0.000000000,0.000000000,0.005452633
298,0.00670216,3.5197e-01,0.000000000,0.000000000,0.000000000,0.000000000,0.005449772
299,0.00670510,3.5502e-01,0.000000000,0.000000000,0.000000000,0.000000000,0.005434036
300,0.00676366,3.5798e-01,0.000000000,0.000000000,0.000000000,0.000000000,0.005464077
301,0.00681987,3.6086e-01,0.000000000,0.000000000,0.000000000,0.000000000,0.005539179
302,0.00687361,3.6364e-01,0.000000000,0.000000000,0.000000000,0.000000000,0.005474091
303,0.00692466,3.6632e-01,0.000000000,0.000000000,0.000000000,0.000000000,0.005463123
304,0.00697291,3.6890e-01,0.000000000,0.000000000,0.000000000,0.000000000,0.005478382
305,0.00701827,3.7136e-01,0.000000000,0.000000000,0.000000000,0.000000000,0.005449295
306,0.00706063,3.7372e-01,0.000000000,0.000000000,0.000000000,0.000000000,0.005470514
307,0.00709221,3.7596e-01,0.000000000,0.000000000,0.000000000,0.000000000,0.005465031
308,0.00711842,3.7808e-01,0.000000000,0.000000000,0.000000000,0.000000000,0.005488396
309,0.00714102,3.8009e-01,0.000000000,0.000000000,0.000000000,0.000000000,0.005461454
310,0.00715976,3.8196e-01,0.000000000,0.000000000,0.000000000,0.000000000,0.005467892
311,0.00717450,3.8372e-01,0.000000000,0.000000000,0.000000000,0.000000000,0.005461931
312,0.00718533,3.8546e-01,0.000000000,0.000000000,0.000000000,0.000000000,0.005459547
313,0.00719237,3.8833e-01,0.000000000,0.000000000,0.000000000,0.000000000,0.005449295
314,0.00719574,3.9115e-01,0.000000000,0.000000000,0.000000000,0.000000000,0.005458832
315,0.00719578,3.9391e-01,0.000000000,0.000000000,0.000000000,0.000000000,0.005445719
316,0.00719578,3.9660e-01,0.000000000,0.000000000,0.000000000,0.000000000,0.005446196
317,0.00719578,3.9922e-01,0.000000000,0.000000000,0.000000000,0.000000000,0.005467176
318,0.00719578,4.0175e-01,0.000000000,0.000000000,0.000000000,0.000000000,0.005468369
319,0.00719578,4.0419e-01,0.000000000,0.000000000,0.000000000,0.000000000,0.005465984
320,0.00719578,4.0653e-01,0.000000000,0.000000000,0.000000000,0.000000000,0.005451202
321,0.00723812,4.0877e-01,0.000000000,0.000000000,0.000000000,0.000000000,0.005457401
322,0.00728151,4.1090e-01,0.000000000,0.000000000,0.000000000,0.000000000,0.005436420
323,0.00732356,4.1292e-01,0.000000000,0.000000000,0.000000000,0.000000000,0.005451918
324,0.00736422,4.1644e-01,0.000000000,0.000000000,0.000000000,0.000000000,0.005448818
325,0.00740365,4.2020e-01,0.000000000,0.000000000,0.000000000,0.000000000,0.005457401
326,0.00744199,4.2385e-01,0.000000000,0.000000000,0.000000000,0.000000000,0.005451202
327,0.00757074,4.2739e-01,0.000000000,0.000000000,0.000000000,0.000000000,0.005456924
328,0.00770473,4.3081e-01,0.000000000,0.000000000,0.000000000,0.000000000,0.005444050
329,0.00783933,4.3412e-01,0.000000000,0.000000000,0.000000000,0.000000000,0.005458117
330,0.00797416,4.3730e-01,0.000000000,0.000000000,0.000000000,0.000000000,0.005446196
331,0.00810884,4.4037e-01,0.000000000,0.000000000,0.000000000,0.000000000,0.005451202
332,0.00824296,4.4332e-01,0.000000000,0.000000000,0.000000000,0.000000000,0.005444050
333,0.00837611,4.4616e-01,0.000000000,0.000000000,0.000000000,0.000000000,0.005438328
334,0.00850788,4.5122e-01,0.000000000,0.000000000,0.000000000,0.000000000,0.005435705
335,0.00864220,4.5632e-01,0.000000000,0.000000000,0.000000000,0.000000000,0.005466700
336,0.00877720,4.6133e-01,0.000000000,0.000000000,0.000000000,0.000000000,0.005452394
337,0.00890984,4.6624e-01,0.000000000,0.000000000,0.000000000,0.000000000,0.005430937
338,0.00903970,4.7103e-01,0.000000000,0.000000000,0.000000000,0.000000000,0.005420923
339,0.00916634,4.7570e-01,0.000000000,0.000000000,0.000000000,0.000000000,0.005432606
340,0.00928929,4.8023e-01,0.000000000,0.000000000,0.000000000,0.000000000,0.005440235
341,0.00940810,4.8461e-01,0.000000000,0.000000000,0.000000000,0.000000000,0.005460024
342,0.00952234,4.8883e-01,0.000000000,0.000000000,0.000000000,0.000000000,0.005445004
343,0.00963127,4.9288e-01,0.000000000,0.000000000,0.000000000,0.000000000,0.005460262
344,0.00973131,4.9675e-01,0.000000000,0.000000000,0.000000000,0.000000000,0.005446672
345,0.00982356,5.0043e-01,0.000000000,0.000000000,0.000000000,0.000000000,0.005446196
346,0.00990545,5.0391e-01,0.000000000,0.000000000,0.000000000,0.000000000,0.005433798
347,0.00997851,5.0719e-01,0.000000000,0.000000000,0.000000000,0.000000000,0.005446911
348,0.01004381,5.1025e-01,0.000000000,0.000000000,0.000000000,0.000000000,0.005449057
349,0.01010111,5.1311e-01,0.000000000,0.000000000,0.000000000,0.000000000,0.005443335
350,0.01015023,5.1575e-01,0.000000000,0.000000000,0.000000000,0.000000000,0.005445480
351,0.01019099,5.1817e-01,0.000000000,0.000000000,0.000000000,0.000000000,0.005535603
352,0.01022325,5.2036e-01,0.000000000,0.000000000,0.000000000,0.000000000,0.005479813
353,0.01024697,5.2234e-01,0.000000000,0.000000000,0.000000000,0.000000000,0.005475283
354,0.01026214,5.2410e-01,0.000000000,0.000000000,0.000000000,0.000000000,0.005474806
355,0.01026880,5.2564e-01,0.000000000,0.000000000,0.000000000,0.000000000,0.005463839
356,0.01026880,5.2698e-01,0.000000000,0.000000000,0.000000000,0.000000000,0.005468845
357,0.01026880,5.2810e-01,0.000000000,0.000000000,0.000000000,0.000000000,0.005449057
358,0.01026880,5.2902e-01,0.000000000,0.000000000,0.000000000,0.000000000,0.005468369
359,0.01026880,5.2975e-01,0.000000000,0.000000000,0.000000000,0.000000000,0.005450010
360,0.01026880,5.3031e-01,0.000000000,0.000000000,0.000000000,0.000000000,0.005467653
361,0.01026880,5.3081e-01,0.000000000,0.000000000,0.000000000,0.000000000,0.005451679
362,0.01026880,5.3125e-01,0.000000000,0.000000000,0.000000000,0.000000000,0.005455494
363,0.01026880,5.3354e-01,0.000000000,0.000000000,0.000000000,0.000000000,0.005450010
364,0.01026880,5.3690e-01,0.000000000,0.000000000,0.000000000,0.000000000,0.005462885
365,0.01026880,5.4038e-01,0.000000000,0.000000000,0.000000000,0.000000000,0.005484104
366,0.01030840,5.4396e-01,0.000000000,0.000000000,0.000000000,0.000000000,0.007819414
367,0.01038656,5.4766e-01,0.000000000,0.000000000,0.000000000,0.000000000,0.005607605
368,0.01046686,5.5144e-01,0.000000000,0.000000000,0.000000000,0.000000000,0.005476952
369,0.01054897,5.5531e-01,0.000000000,0.000000000,0.000000000,0.000000000,0.005461931
370,0.01063263,5.5925e-01,0.000000000,0.000000000,0.000000000,0.000000000,0.005467176
371,0.01071750,5.6325e-01,0.000000000,0.000000000,0.000000000,0.000000000,0.005450487
372,0.01080320,5.6729e-01,0.000000000,0.000000000,0.000000000,0.000000000,0.005481243
373,0.01088934,5.7135e-01,0.000000000,0.000000000,0.000000000,0.000000000,0.005448103
374,0.01097548,5.7543e-01,0.000000000,0.000000000,0.000000000,0.000000000,0.005470753
375,0.01106117,5.7950e-01,0.000000000,0.000000000,0.000000000,0.000000000,0.005448341
376,0.01114595,5.8354e-01,0.000000000,0.000000000,0.000000000,0.000000000,0.005454302
377,0.01122927,5.8754e-01,0.000000000,0.000000000,0.000000000,0.000000000,0.005447149
378,0.01131063,5.9148e-01,0.000000000,0.000000000,0.000000000,0.000000000,0.005462646
379,0.01138949,5.9532e-01,0.000000000,0.000000000,0.000000000,0.000000000,0.005455494
380,0.01146533,5.9906e-01,0.000000000,0.000000000,0.000000000,0.000000000,0.005474806
381,0.01153758,6.0268e-01,0.000000000,0.000000000,0.000000000,0.000000000,0.005446672
382,0.01160580,6.0614e-01,0.000000000,0.000000000,0.000000000,0.000000000,0.005457878
383,0.01166939,6.0943e-01,0.000000000,0.000000000,0.000000000,0.000000000,0.005437374
384,0.01172779,6.1253e-01,0.000000000,0.000000000,0.000000000,0.000000000,0.005470037
385,0.01178114,6.1541e-01,0.000000000,0.000000000,0.000000000,0.000000000,0.005443335
386,0.01183028,6.1806e-01,0.000000000,0.000000000,0.000000000,0.000000000,0.005458117
387,0.01187383,6.2046e-01,0.000000000,0.000000000,0.000000000,0.000000000,0.005440235
388,0.01191039,6.2259e-01,0.000000000,0.000000000,0.000000000,0.000000000,0.005442142
389,0.01193955,6.2443e-01,0.000000000,0.000000000,0.000000000,0.000000000,0.005455017
390,0.01196039,6.2597e-01,0.000000000,0.000000000,0.000000000,0.000000000,0.005489349
391,0.01197101,6.2720e-01,0.000000000,0.000000000,0.000000000,0.000000000,0.005466938
392,0.01197101,6.2811e-01,0.000000000,0.000000000,0.000000000,0.000000000,0.005458355
393,0.01197101,6.2878e-01,0.000000000,0.000000000,0.000000000,0.000000000,0.005449533
394,0.01197101,6.2927e-01,0.000000000,0.000000000,0.000000000,0.000000000,0.005453348
395,0.01197101,6.3180e-01,0.000000000,0.000000000,0.000000000,0.000000000,0.005443096
396,0.01197101,6.3503e-01,0.000000000,0.000000000,0.000000000,0.000000000,0.005455256
397,0.01197101,6.3822e-01,0.000000000,0.000000000,0.000000000,0.000000000,0.005444527
398,0.01197101,6.4151e-01,0.000000000,0.000000000,0.000000000,0.000000000,0.005451202
399,0.01197101,6.4490e-01,0.000000000,0.000000000,0.000000000,0.000000000,0.005462408
400,0.01197101,6.4839e-01,0.000000000,0.000000000,0.000000000,0.000000000,0.005434513
401,0.01197101,6.5195e-01,0.000000000,0.000000000,0.000000000,0.000000000,0.005538940
402,0.01202302,6.5558e-01,0.000000000,0.000000000,0.000000000,0.000000000,0.005459547
403,0.01210864,6.5926e-01,0.000000000,0.000000000,0.000000000,0.000000000,0.005468369
404,0.01224676,6.6299e-01,0.000000000,0.000000000,0.000000000,0.000000000,0.005466938
405,0.01276007,6.7916e-01,0.000000000,0.000000000,0.000000000,0.000000000,0.005449295
406,0.01328559,7.0790e-01,0.000000000,0.000000000,0.000000000,0.000000000,0.005462885
407,0.01382316,7.3734e-01,0.000000000,0.000000000,0.000000000,0.000000000,0.005448341
408,0.01437260,7.6748e-01,0.000000000,0.000000000,0.000000000,0.000000000,0.005459547
409,0.01493373,7.9832e-01,0.000000000,0.000000000,0.000000000,0.000000000,0.005455017
410,0.01550632,8.2984e-01,0.000000000,0.000000000,0.000000000,0.000000000,0.005461931
411,0.01609016,8.6204e-01,0.000000000,0.000000000,0.000000000,0.000000000,0.005455971
412,0.01668499,8.9490e-01,0.000000000,0.000000000,0.000000000,0.000000000,0.005456924
413,0.01729055,9.2842e-01,0.000000000,0.000000000,0.000000000,0.000000000,0.005473375
414,0.01790654,9.6258e-01,0.000000000,0.000000000,0.000000000,0.000000000,0.005459785
415,0.01853268,9.9736e-01,0.000000000,0.000000000,0.000000000,0.000000000,0.005468845
416,0.01916865,1.0328e+00,0.000000000,0.000000000,0.000000000,0.000000000,0.005448103
417,0.01981411,1.0688e+00,0.000000000,0.000000000,0.000000000,0.000000000,0.005460024
418,0.02046872,1.1053e+00,0.000000000,0.000000000,0.000000000,0.000000000,0.005460739
419,0.02113213,1.1425e+00,0.000000000,0.000000000,0.000000000,0.000000000,0.005465984
420,0.02180396,1.1801e+00,0.000000000,0.000000000,0.000000000,0.000000000,0.005444765
421,0.02248384,1.2183e+00,0.000000000,0.000000000,0.000000000,0.000000000,0.005477190
422,0.02317137,1.2570e+00,0.000000000,0.000000000,0.000000000,0.000000000,0.005452871
423,0.02386615,1.2962e+00,0.000000000,0.000000000,0.000000000,0.000000000,0.005450487
424,0.02456777,1.3359e+00,0.000000000,0.000000000,0.000000000,0.000000000,0.005450726
425,0.02527583,1.3760e+00,0.000000000,0.000000000,0.000000000,0.000000000,0.005468607
426,0.02598989,1.4165e+00,0.000000000,0.000000000,0.000000000,0.000000000,0.005460024
427,0.02670953,1.4574e+00,0.000000000,0.000000000,0.000000000,0.000000000,0.005447388
428,0.02743432,1.4987e+00,0.000000000,0.000000000,0.000000000,0.000000000,0.005431414
429,0.02816383,1.5403e+00,0.000000000,0.000000000,0.000000000,0.000000000,0.005444527
430,0.02889761,1.5823e+00,0.000000000,0.000000000,0.000000000,0.000000000,0.005453348
431,0.02963524,1.6246e+00,0.000000000,0.000000000,0.000000000,0.000000000,0.005454302
432,0.03037628,1.6671e+00,0.000000000,0.000000000,0.000000000,0.000000000,0.005450249
433,0.03112029,1.7099e+00,0.000000000,0.000000000,0.000000000,0.000000000,0.005448580
434,0.03186684,1.7530e+00,0.000000000,0.000000000,0.000000000,0.000000000,0.005446911
435,0.03261550,1.7962e+00,0.000000000,0.000000000,0.000000000,0.000000000,0.005450726
436,0.03336585,1.8397e+00,0.000000000,0.000000000,0.000000000,0.000000000,0.005424261
437,0.03411746,1.8833e+00,0.000000000,0.000000000,0.000000000,0.000000000,0.005453348
438,0.03486993,1.9270e+00,0.000000000,0.000000000,0.000000000,0.000000000,0.005445242
439,0.03562283,1.9709e+00,0.000000000,0.000000000,0.000000000,0.000000000,0.005459070
440,0.03637579,2.0148e+00,0.000000000,0.000000000,0.000000000,0.000000000,0.005457878
441,0.03712839,2.0588e+00,0.000000000,0.000000000,0.000000000,0.000000000,0.005463362
442,0.03788027,2.1029e+00,0.000000000,0.000000000,0.000000000,0.000000000,0.005460024
443,0.03863104,2.1469e+00,0.000000000,0.000000000,0.000000000,0.000000000,0.005453825
444,0.03938035,2.1910e+00,0.000000000,0.000000000,0.000000000,0.000000000,0.005501747
445,0.04012786,2.2351e+00,0.000000000,0.000000000,0.000000000,0.000000000,0.005509377
446,0.04087321,2.2791e+00,0.000000000,0.000000000,0.000000000,0.000000000,0.005474329
447,0.04161609,2.3230e+00,0.000000000,0.000000000,0.000000000,0.000000000,0.005460739
448,0.04235618,2.3669e+00,0.000000000,0.000000000,0.000000000,0.000000000,0.005457401
449,0.04309318,2.4107e+00,0.000000000,0.000000000,0.000000000,0.000000000,0.005456448
450,0.04382682,2.4543e+00,0.000000000,0.000000000,0.000000000,0.000000000,0.005453348
451,0.04455681,2.4978e+00,0.000000000,0.000000000,0.000000000,0.000000000,0.005537033
452,0.04528294,2.5412e+00,0.000000000,0.000000000,0.000000000,0.000000000,0.005469084
453,0.04600496,2.5844e+00,0.000000000,0.000000000,0.000000000,0.000000000,0.005468130
454,0.04672267,2.6274e+00,0.000000000,0.000000000,0.000000000,0.000000000,0.005467892
455,0.04743585,2.6703e+00,0.000000000,0.000000000,0.000000000,0.000000000,0.005471468
456,0.04814433,2.7129e+00,0.000000000,0.000000000,0.000000000,0.000000000,0.005462408
457,0.04884794,2.7553e+00,0.000000000,0.000000000,0.000000000,0.000000000,0.005491972
458,0.04954653,2.7975e+00,0.000000000,0.000000000,0.000000000,0.000000000,0.005460739
459,0.05023995,2.8395e+00,0.000000000,0.000000000,0.000000000,0.000000000,0.005465031
460,0.05092809,2.8811e+00,0.000000000,0.000000000,0.000000000,0.000000000,0.005463123
461,0.05161081,2.9226e+00,0.000000000,0.000000000,0.000000000,0.000000000,0.005469561
462,0.05228800,2.9637e+00,0.000000000,0.000000000,0.000000000,0.000000000,0.005467176
463,0.05295957,3.0046e+00,0.000000000,0.000000000,0.000000000,0.000000000,0.005467176
464,0.05362541,3.0452e+00,0.000000000,0.000000000,0.000000000,0.000000000,0.005617857
465,0.05428544,3.0856e+00,0.000000000,0.000000000,0.000000000,0.000000000,0.005457163
466,0.05493962,3.1256e+00,0.000000000,0.000000000,0.000000000,0.000000000,0.005460501
467,0.05558790,3.1653e+00,0.000000000,0.000000000,0.000000000,0.000000000,0.005455494
468,0.05623027,3.2047e+00,0.000000000,0.000000000,0.000000000,0.000000000,0.005458593
469,0.05686674,3.2438e+00,0.000000000,0.000000000,0.000000000,0.000000000,0.005452156
470,0.05749733,3.2826e+00,0.000000000,0.000000000,0.000000000,0.000000000,0.005439520
471,0.05812207,3.3211e+00,0.000000000,0.000000000,0.000000000,0.000000000,0.005426645
472,0.05874102,3.3593e+00,0.000000000,0.000000000,0.000000000,0.000000000,0.005451441
473,0.05935422,3.3972e+00,0.000000000,0.000000000,0.000000000,0.000000000,0.005452156
474,0.05996173,3.4347e+00,0.000000000,0.000000000,0.000000000,0.000000000,0.005452156
475,0.06056363,3.4720e+00,0.000000000,0.000000000,0.000000000,0.000000000,0.005452633
476,0.06115997,3.5090e+00,0.000000000,0.000000000,0.000000000,0.000000000,0.005470276
477,0.06175084,3.5457e+00,0.000000000,0.000000000,0.000000000,0.000000000,0.005436420
478,0.06233633,3.5821e+00,0.000000000,0.000000000,0.000000000,0.000000000,0.005442858
479,0.06291655,3.6182e+00,0.000000000,0.000000000,0.000000000,0.000000000,0.005446672
480,0.06349161,3.6540e+00,0.000000000,0.000000000,0.000000000,0.000000000,0.005450726
481,0.06406163,3.6895e+00,0.000000000,0.000000000,0.000000000,0.000000000,0.005449295
482,0.06462677,3.7248e+00,0.000000000,0.000000000,0.000000000,0.000000000,0.005460262
483,0.06518718,3.7598e+00,0.000000000,0.000000000,0.000000000,0.000000000,0.005434990
484,0.06574299,3.7945e+00,0.000000000,0.000000000,0.000000000,0.000000000,0.005454540
485,0.06629438,3.8290e+00,0.000000000,0.000000000,0.000000000,0.000000000,0.005456686
486,0.06684150,3.8633e+00,0.000000000,0.000000000,0.000000000,0.000000000,0.005450964
487,0.06738450,3.8973e+00,0.000000000,0.000000000,0.000000000,0.000000000,0.005457878
488,0.06792355,3.9311e+00,0.000000000,0.000000000,0.000000000,0.000000000,0.005456209
489,0.06845880,3.9647e+00,0.000000000,0.000000000,0.000000000,0.000000000,0.005438805
490,0.06899042,3.9981e+00,0.000000000,0.000000000,0.000000000,0.000000000,0.005451679
491,0.06951859,4.0313e+00,0.000000000,0.000000000,0.000000000,0.000000000,0.005456448
492,0.07004350,4.0644e+00,0.000000000,0.000000000,0.000000000,0.000000000,0.005460501
493,0.07056531,4.0972e+00,0.000000000,0.000000000,0.000000000,0.000000000,0.005454063
494,0.07108423,4.1299e+00,0.000000000,0.000000000,0.000000000,0.000000000,0.005475044
495,0.07160045,4.1624e+00,0.000000000,0.000000000,0.000000000,0.000000000,0.005436182
496,0.07211416,4.1948e+00,0.000000000,0.000000000,0.000000000,0.000000000,0.005456209
497,0.07262554,4.2271e+00,0.000000000,0.000000000,0.000000000,0.000000000,0.005450010
498,0.07313478,4.2592e+00,0.000000000,0.000000000,0.000000000,0.000000000,0.005454540
499,0.07364204,4.2913e+00,0.000000000,0.000000000,0.000000000,0.000000000,0.005445480
500,0.07414749,4.3232e+00,0.000000000,0.000000000,0.000000000,0.000000000,0.005448341
501,0.07465131,4.3551e+00,0.000000000,0.000000000,0.000000000,0.000000000,0.005557299
502,0.07515364,4.3868e+00,0.000000000,0.000000000,0.000000000,0.000000000,0.005465031
503,0.07565466,4.4186e+00,0.000000000,0.000000000,0.000000000,0.000000000,0.005464315
504,0.07615452,4.4502e+00,0.000000000,0.000000000,0.000000000,0.000000000,0.005461693
505,0.07665337,4.4818e+00,0.000000000,0.000000000,0.000000000,0.000000000,0.005464315
506,0.07715138,4.5134e+00,0.000000000,0.000000000,0.000000000,0.000000000,0.005467176
507,0.07764868,4.5449e+00,0.000000000,0.000000000,0.000000000,0.000000000,0.005451918
508,0.07814542,4.5764e+00,0.000000000,0.000000000,0.000000000,0.000000000,0.005464077
509,0.07864172,4.6079e+00,0.000000000,0.000000000,0.000000000,0.000000000,0.005472660
510,0.07913770,4.6394e+00,0.000000000,0.000000000,0.000000000,0.000000000,0.005460739
511,0.07963347,4.6709e+00,0.000000000,0.000000000,0.000000000,0.000000000,0.005444527
512,0.08012913,4.7024e+00,0.000000000,0.000000000,0.000000000,0.000000000,0.005467176
513,0.08062478,4.7339e+00,0.000000000,0.000000000,0.000000000,0.000000000,0.005459547
514,0.08112052,4.7655e+00,0.000000000,0.000000000,0.000000000,0.000000000,0.005494356
515,0.08161643,4.7971e+00,0.000000000,0.000000000,0.000000000,0.000000000,0.005443335
516,0.08211262,4.8287e+00,0.000000000,0.000000000,0.000000000,0.000000000,0.005453587
517,0.08260918,4.8603e+00,0.000000000,0.000000000,0.000000000,0.000000000,0.005455017
518,0.08310619,4.8920e+00,0.000000000,0.000000000,0.000000000,0.000000000,0.005464077
519,0.08360374,4.9238e+00,0.000000000,0.000000000,0.000000000,0.000000000,0.005455256
520,0.08410187,4.9556e+00,0.000000000,0.000000000,0.000000000,0.000000000,0.005489826
521,0.08460064,4.9874e+00,0.000000000,0.000000000,0.000000000,0.000000000,0.005509853
522,0.08510007,5.0194e+00,0.000000000,0.000000000,0.000000000,0.000000000,0.005460262
523,0.08560016,5.0514e+00,0.000000000,0.000000000,0.000000000,0.000000000,0.005463839
524,0.08610090,5.0834e+00,0.000000000,0.000000000,0.000000000,0.000000000,0.005469561
525,0.08660227,5.1155e+00,0.000000000,0.000000000,0.000000000,0.000000000,0.005465031
526,0.08710424,5.1477e+00,0.000000000,0.000000000,0.000000000,0.000000000,0.005460262
527,0.08760677,5.1800e+00,0.000000000,0.000000000,0.000000000,0.000000000,0.005477905
528,0.08810982,5.2122e+00,0.000000000,0.000000000,0.000000000,0.000000000,0.005453825
529,0.08861335,5.2446e+00,0.000000000,0.000000000,0.000000000,0.000000000,0.005458832
530,0.08911732,5.2770e+00,0.000000000,0.000000000,0.000000000,0.000000000,0.005440950
531,0.08962169,5.3095e+00,0.000000000,0.000000000,0.000000000,0.000000000,0.005461216
532,0.09012641,5.3420e+00,0.000000000,0.000000000,0.000000000,0.000000000,0.005437136
533,0.09063141,5.3745e+00,0.000000000,0.000000000,0.000000000,0.000000000,0.005465746
534,0.09113663,5.4071e+00,0.000000000,0.000000000,0.000000000,0.000000000,0.005450249
535,0.09164198,5.4397e+00,0.000000000,0.000000000,0.000000000,0.000000000,0.005469799
536,0.09214737,5.4724e+00,0.000000000,0.000000000,0.000000000,0.000000000,0.005456209
537,0.09265269,5.5051e+00,0.000000000,0.000000000,0.000000000,0.000000000,0.005462885
538,0.09315782,5.5378e+00,0.000000000,0.000000000,0.000000000,0.000000000,0.005459309
539,0.09366264,5.5705e+00,0.000000000,0.000000000,0.000000000,0.000000000,0.005442858
540,0.09416704,5.6032e+00,0.000000000,0.000000000,0.000000000,0.000000000,0.005451918
541,0.09467088,5.6359e+00,0.000000000,0.000000000,0.000000000,0.000000000,0.005460978
542,0.09517403,5.6686e+00,0.000000000,0.000000000,0.000000000,0.000000000,0.005462646
543,0.09567637,5.7012e+00,0.000000000,0.000000000,0.000000000,0.000000000,0.005449533
544,0.09617775,5.7339e+00,0.000000000,0.000000000,0.000000000,0.000000000,0.005464792
545,0.09667804,5.7664e+00,0.000000000,0.000000000,0.000000000,0.000000000,0.005436659
546,0.09717708,5.7990e+00,0.000000000,0.000000000,0.000000000,0.000000000,0.005454063
547,0.09767471,5.8314e+00,0.000000000,0.000000000,0.000000000,0.000000000,0.005441427
548,0.09817078,5.8638e+00,0.000000000,0.000000000,0.000000000,0.000000000,0.005447626
549,0.09866512,5.8962e+00,0.000000000,0.000000000,0.000000000,0.000000000,0.005447388
550,0.09915758,5.9284e+00,0.000000000,0.000000000,0.000000000,0.000000000,0.005441189
551,0.09964799,5.9605e+00,0.000000000,0.000000000,0.000000000,0.000000000,0.006559610
552,0.10013618,5.9925e+00,0.000000000,0.000000000,0.000000000,0.000000000,0.005479574
553,0.10062197,6.0244e+00,0.000000000,0.000000000,0.000000000,0.000000000,0.390951872
554,0.10110532,6.0561e+00,0.000000000,0.000000000,0.000000000,0.000000000,0.005716085
555,0.10158594,6.0877e+00,0.000000000,0.000000000,0.000000000,0.000000000,0.005567551
556,0.10206371,6.1191e+00,0.000000000,0.000000000,0.000000000,0.000000000,0.005509853
557,0.10253846,6.1504e+00,0.000000000,0.000000000,0.000000000,0.000000000,0.005511761
558,0.10301003,6.1815e+00,0.000000000,0.000000000,0.000000000,0.000000000,0.005484343
559,0.10347824,6.2123e+00,0.000000000,0.000000000,0.000000000,0.000000000,0.005497932
560,0.10394293,6.2430e+00,0.000000000,0.000000000,0.000000000,0.000000000,0.005491734
561,0.10440393,6.2735e+00,0.000000000,0.000000000,0.000000000,0.000000000,0.005512476
562,0.10486109,6.3037e+00,0.000000000,0.000000000,0.000000000,0.000000000,0.005486488
563,0.10531427,6.3337e+00,0.000000000,0.000000000,0.000000000,0.000000000,0.005480528
564,0.10576335,6.3634e+00,0.000000000,0.000000000,0.000000000,0.000000000,0.005466938
565,0.10620820,6.3929e+00,0.000000000,0.000000000,0.000000000,0.000000000,0.005532026
566,0.10664873,6.4221e+00,0.000000000,0.000000000,0.000000000,0.000000000,0.005475521
567,0.10708486,6.4511e+00,0.000000000,0.000000000,0.000000000,0.000000000,0.005469561
568,0.10751650,6.4798e+00,0.000000000,0.000000000,0.000000000,0.000000000,0.005467653
569,0.10794358,6.5081e+00,0.000000000,0.000000000,0.000000000,0.000000000,0.005465746
570,0.10836601,6.5362e+00,0.000000000,0.000000000,0.000000000,0.000000000,0.005464554
571,0.10878372,6.5640e+00,0.000000000,0.000000000,0.000000000,0.000000000,0.005456209
572,0.10919663,6.5915e+00,0.000000000,0.000000000,0.000000000,0.000000000,0.005471706
573,0.10960466,6.6187e+00,0.000000000,0.000000000,0.000000000,0.000000000,0.005465031
574,0.11000777,6.6456e+00,0.000000000,0.000000000,0.000000000,0.000000000,0.005520821
575,0.11040589,6.6722e+00,0.000000000,0.000000000,0.000000000,0.000000000,0.005474329
576,0.11079900,6.6984e+00,0.000000000,0.000000000,0.000000000,0.000000000,0.005468369
577,0.11118707,6.7244e+00,0.000000000,0.000000000,0.000000000,0.000000000,0.005473852
578,0.11157011,6.7500e+00,0.000000000,0.000000000,0.000000000,0.000000000,0.005458832
579,0.11194813,6.7752e+00,0.000000000,0.000000000,0.000000000,0.000000000,0.005473137
580,0.11232117,6.8002e+00,0.000000000,0.000000000,0.000000000,0.000000000,0.005465746
581,0.11268928,6.8248e+00,0.000000000,0.000000000,0.000000000,0.000000000,0.005470037
582,0.11305252,6.8491e+00,0.000000000,0.000000000,0.000000000,0.000000000,0.005452871
583,0.11341095,6.8731e+00,0.000000000,0.000000000,0.000000000,0.000000000,0.005470991
584,0.11376466,6.8968e+00,0.000000000,0.000000000,0.000000000,0.000000000,0.005504608
585,0.11411373,6.9202e+00,0.000000000,0.000000000,0.000000000,0.000000000,0.005486727
586,0.11445827,6.9433e+00,0.000000000,0.000000000,0.000000000,0.000000000,0.005455732
587,0.11479839,6.9661e+00,0.000000000,0.000000000,0.000000000,0.000000000,0.005486488
588,0.11513421,6.9886e+00,0.000000000,0.000000000,0.000000000,0.000000000,0.005458593
589,0.11546589,7.0109e+00,0.000000000,0.000000000,0.000000000,0.000000000,0.005462408
590,0.11579357,7.0329e+00,0.000000000,0.000000000,0.000000000,0.000000000,0.005476713
591,0.11611744,7.0546e+00,0.000000000,0.000000000,0.000000000,0.000000000,0.005469799
592,0.11643766,7.0761e+00,0.000000000,0.000000000,0.000000000,0.000000000,0.005480528
593,0.11675443,7.0974e+00,0.000000000,0.000000000,0.000000000,0.000000000,0.005463600
594,0.11706795,7.1184e+00,0.000000000,0.000000000,0.000000000,0.000000000,0.005459070
595,0.11737840,7.1392e+00,0.000000000,0.000000000,0.000000000,0.000000000,0.005475521
596,0.11768600,7.1599e+00,0.000000000,0.000000000,0.000000000,0.000000000,0.005476713
597,0.11799097,7.1804e+00,0.000000000,0.000000000,0.000000000,0.000000000,0.005472898
598,0.11829353,7.2007e+00,0.000000000,0.000000000,0.000000000,0.000000000,0.005470991
599,0.11859392,7.2209e+00,0.000000000,0.000000000,0.000000000,0.000000000,0.005450249
600,0.11889239,7.2409e+00,0.000000000,0.000000000,0.000000000,0.000000000,0.005462885
601,0.11918922,7.2608e+00,0.000000000,0.000000000,0.000000000,0.000000000,0.005555630
602,0.11948467,7.2807e+00,0.000000000,0.000000000,0.000000000,0.000000000,0.005480766
603,0.11977904,7.3005e+00,0.000000000,0.000000000,0.000000000,0.000000000,0.005482435
604,0.12007261,7.3202e+00,0.000000000,0.000000000,0.000000000,0.000000000,0.005452633
605,0.12036568,7.3399e+00,0.000000000,0.000000000,0.000000000,0.000000000,0.005486965
606,0.12065851,7.3596e+00,0.000000000,0.000000000,0.000000000,0.000000000,0.005464554
607,0.12095139,7.3793e+00,0.000000000,0.000000000,0.000000000,0.000000000,0.005464077
608,0.12124458,7.3990e+00,0.000000000,0.000000000,0.000000000,0.000000000,0.005463123
609,0.12153835,7.4187e+00,0.000000000,0.000000000,0.000000000,0.000000000,0.005453110
610,0.12183277,7.4385e+00,0.000000000,0.000000000,0.000000000,0.000000000,0.005456448
611,0.12212826,7.4584e+00,0.000000000,0.000000000,0.000000000,0.000000000,0.005460024
612,0.12242512,7.4784e+00,0.000000000,0.000000000,0.000000000,0.000000000,0.005446672
613,0.12272359,7.4986e+00,0.000000000,0.000000000,0.000000000,0.000000000,0.005512714
614,0.12302397,7.5188e+00,0.000000000,0.000000000,0.000000000,0.000000000,0.005490780
615,0.12332651,7.5392e+00,0.000000000,0.000000000,0.000000000,0.000000000,0.005466938
616,0.12363151,7.5598e+00,0.000000000,0.000000000,0.000000000,0.000000000,0.005469799
617,0.12393921,7.5806e+00,0.000000000,0.000000000,0.000000000,0.000000000,0.005455494
618,0.12424988,7.6016e+00,0.000000000,0.000000000,0.000000000,0.000000000,0.005472898
619,0.12456377,7.6228e+00,0.000000000,0.000000000,0.000000000,0.000000000,0.005457640
620,0.12488108,7.6443e+00,0.000000000,0.000000000,0.000000000,0.000000000,0.005455732
621,0.12520202,7.6660e+00,0.000000000,0.000000000,0.000000000,0.000000000,0.005455971
622,0.12552678,7.6880e+00,0.000000000,0.000000000,0.000000000,0.000000000,0.005462885
623,0.12585551,7.7103e+00,0.000000000,0.000000000,0.000000000,0.000000000,0.005457878
624,0.12618835,7.7329e+00,0.000000000,0.000000000,0.000000000,0.000000000,0.005458117
625,0.12652545,7.7558e+00,0.000000000,0.000000000,0.000000000,0.000000000,0.005457163
626,0.12686691,7.7790e+00,0.000000000,0.000000000,0.000000000,0.000000000,0.005454540
627,0.12721286,7.8026e+00,0.000000000,0.000000000,0.000000000,0.000000000,0.005452633
628,0.12756340,7.8265e+00,0.000000000,0.000000000,0.000000000,0.000000000,0.005451679
629,0.12791860,7.8507e+00,0.000000000,0.000000000,0.000000000,0.000000000,0.005455256
630,0.12827856,7.8753e+00,0.000000000,0.000000000,0.000000000,0.000000000,0.005451679
631,0.12864333,7.9002e+00,0.000000000,0.000000000,0.000000000,0.000000000,0.005455732
632,0.12901294,7.9255e+00,0.000000000,0.000000000,0.000000000,0.000000000,0.005539417
633,0.12938742,7.9512e+00,0.000000000,0.000000000,0.000000000,0.000000000,0.005481720
634,0.12976678,7.9772e+00,0.000000000,0.000000000,0.000000000,0.000000000,0.005456209
635,0.13015099,8.0036e+00,0.000000000,0.000000000,0.000000000,0.000000000,0.005500078
636,0.13054001,8.0303e+00,0.000000000,0.000000000,0.000000000,0.000000000,0.005462170
637,0.13093381,8.0574e+00,0.000000000,0.000000000,0.000000000,0.000000000,0.005471468
638,0.13133229,8.0849e+00,0.000000000,0.000000000,0.000000000,0.000000000,0.005464077
639,0.13173539,8.1127e+00,0.000000000,0.000000000,0.000000000,0.000000000,0.005454063
640,0.13214298,8.1409e+00,0.000000000,0.000000000,0.000000000,0.000000000,0.005454540
641,0.13255494,8.1694e+00,0.000000000,0.000000000,0.000000000,0.000000000,0.005477905
642,0.13297111,8.1982e+00,0.000000000,0.000000000,0.000000000,0.000000000,0.005451679
643,0.13339132,8.2274e+00,0.000000000,0.000000000,0.000000000,0.000000000,0.005475044
644,0.13381537,8.2568e+00,0.000000000,0.000000000,0.000000000,0.000000000,0.005463123
645,0.13424306,8.2866e+00,0.000000000,0.000000000,0.000000000,0.000000000,0.005454063
646,0.13467415,8.3166e+00,0.000000000,0.000000000,0.000000000,0.000000000,0.005458117
647,0.13510842,8.3469e+00,0.000000000,0.000000000,0.000000000,0.000000000,0.005434752
648,0.13554561,8.3775e+00,0.000000000,0.000000000,0.000000000,0.000000000,0.005465984
649,0.13598548,8.4082e+00,0.000000000,0.000000000,0.000000000,0.000000000,0.005456448
650,0.13642777,8.4392e+00,0.000000000,0.000000000,0.000000000,0.000000000,0.005465984
651,0.13687224,8.4704e+00,0.000000000,0.000000000,0.000000000,0.000000000,0.005548000
652,0.13731861,8.5018e+00,0.000000000,0.000000000,0.000000000,0.000000000,0.005474091
653,0.13776661,8.5333e+00,0.000000000,0.000000000,0.000000000,0.000000000,0.005462408
654,0.13821594,8.5650e+00,0.000000000,0.000000000,0.000000000,0.000000000,0.005466700
655,0.13866629,8.5967e+00,0.000000000,0.000000000,0.000000000,0.000000000,0.005476713
656,0.13911734,8.6286e+00,0.000000000,0.000000000,0.000000000,0.000000000,0.005474806
657,0.13956873,8.6606e+00,0.000000000,0.000000000,0.000000000,0.000000000,0.005470276
658,0.14002011,8.6926e+00,0.000000000,0.000000000,0.000000000,0.000000000,0.005463123
659,0.14047111,8.7246e+00,0.000000000,0.000000000,0.000000000,0.000000000,0.005462408
660,0.14092135,8.7566e+00,0.000000000,0.000000000,0.000000000,0.000000000,0.005458832
661,0.14137050,8.7885e+00,0.000000000,0.000000000,0.000000000,0.000000000,0.005450010
662,0.14181819,8.8205e+00,0.000000000,0.000000000,0.000000000,0.000000000,0.005465508
663,0.14226409,8.8523e+00,0.000000000,0.000000000,0.000000000,0.000000000,0.005459785
664,0.14270790,8.8840e+00,0.000000000,0.000000000,0.000000000,0.000000000,0.005473614
665,0.14314930,8.9156e+00,0.000000000,0.000000000,0.000000000,0.000000000,0.005440474
666,0.14358801,8.9471e+00,0.000000000,0.000000000,0.000000000,0.000000000,0.005481482
667,0.14402373,8.9784e+00,0.000000000,0.000000000,0.000000000,0.000000000,0.005452156
668,0.14445617,9.0095e+00,0.000000000,0.000000000,0.000000000,0.000000000,0.005483150
669,0.14488507,9.0403e+00,0.000000000,0.000000000,0.000000000,0.000000000,0.005454302
670,0.14531012,9.0710e+00,0.000000000,0.000000000,0.000000000,0.000000000,0.005460739
671,0.14573106,9.1014e+00,0.000000000,0.000000000,0.000000000,0.000000000,0.005452394
672,0.14614760,9.1315e+00,0.000000000,0.000000000,0.000000000,0.000000000,0.005463362
673,0.14655946,9.1613e+00,0.000000000,0.000000000,0.000000000,0.000000000,0.005486012
674,0.14696637,9.1908e+00,0.000000000,0.000000000,0.000000000,0.000000000,0.005488634
675,0.14736808,9.2200e+00,0.000000000,0.000000000,0.000000000,0.000000000,0.005470991
676,0.14776435,9.2488e+00,0.000000000,0.000000000,0.000000000,0.000000000,0.005456448
677,0.14815495,9.2772e+00,0.000000000,0.000000000,0.000000000,0.000000000,0.005466938
678,0.14853966,9.3052e+00,0.000000000,0.000000000,0.000000000,0.000000000,0.005456448
679,0.14891829,9.3328e+00,0.000000000,0.000000000,0.000000000,0.000000000,0.005476713
680,0.14929067,9.3600e+00,0.000000000,0.000000000,0.000000000,0.000000000,0.005471945
681,0.14965663,9.3868e+00,0.000000000,0.000000000,0.000000000,0.000000000,0.005478859
682,0.15001603,9.4131e+00,0.000000000,0.000000000,0.000000000,0.000000000,0.005473852
683,0.15036877,9.4389e+00,0.000000000,0.000000000,0.000000000,0.000000000,0.005460024
684,0.15071475,9.4643e+00,0.000000000,0.000000000,0.000000000,0.000000000,0.005454302
685,0.15105386,9.4892e+00,0.000000000,0.000000000,0.000000000,0.000000000,0.005475760
686,0.15138604,9.5136e+00,0.000000000,0.000000000,0.000000000,0.000000000,0.005464077
687,0.15171123,9.5375e+00,0.000000000,0.000000000,0.000000000,0.000000000,0.005477190
688,0.15202939,9.5609e+00,0.000000000,0.000000000,0.000000000,0.000000000,0.005474329
689,0.15234048,9.5838e+00,0.000000000,0.000000000,0.000000000,0.000000000,0.005474329
690,0.15264449,9.6062e+00,0.000000000,0.000000000,0.000000000,0.000000000,0.005469084
691,0.15294138,9.6281e+00,0.000000000,0.000000000,0.000000000,0.000000000,0.005472183
692,0.15323115,9.6495e+00,0.000000000,0.000000000,0.000000000,0.000000000,0.005464792
693,0.15351376,9.6704e+00,0.000000000,0.000000000,0.000000000,0.000000000,0.005462885
694,0.15378922,9.6907e+00,0.000000000,0.000000000,0.000000000,0.000000000,0.005480766
695,0.15405751,9.7106e+00,0.000000000,0.000000000,0.000000000,0.000000000,0.005568266
696,0.15431865,9.7299e+00,0.000000000,0.000000000,0.000000000,0.000000000,0.005486250
697,0.15457268,9.7487e+00,0.000000000,0.000000000,0.000000000,0.000000000,0.005453825
698,0.15481964,9.7670e+00,0.000000000,0.000000000,0.000000000,0.000000000,0.005485773
699,0.15505960,9.7848e+00,0.000000000,0.000000000,0.000000000,0.000000000,0.005482674
700,0.15529266,9.8021e+00,0.000000000,0.000000000,0.000000000,0.000000000,0.005484581
701,0.15551893,9.8189e+00,0.000000000,0.000000000,0.000000000,0.000000000,0.005537033
702,0.15573852,9.8352e+00,0.000000000,0.000000000,0.000000000,0.000000000,0.005482197
703,0.15595155,9.8510e+00,0.000000000,0.000000000,0.000000000,0.000000000,0.005474806
704,0.15615813,9.8664e+00,0.000000000,0.000000000,0.000000000,0.000000000,0.005438089
705,0.15635839,9.8812e+00,0.000000000,0.000000000,0.000000000,0.000000000,0.005470514
706,0.15655241,9.8957e+00,0.000000000,0.000000000,0.000000000,0.000000000,0.005453587
707,0.15674031,9.9097e+00,0.000000000,0.000000000,0.000000000,0.000000000,0.005474806
708,0.15692216,9.9232e+00,0.000000000,0.000000000,0.000000000,0.000000000,0.005442858
709,0.15709807,9.9363e+00,0.000000000,0.000000000,0.000000000,0.000000000,0.005462408
710,0.15726814,9.9490e+00,0.000000000,0.000000000,0.000000000,0.000000000,0.005450010
711,0.15743248,9.9612e+00,0.000000000,0.000000000,0.000000000,0.000000000,0.005450726
712,0.15759120,9.9731e+00,0.000000000,0.000000000,0.000000000,0.000000000,0.005466938
713,0.15774445,9.9845e+00,0.000000000,0.000000000,0.000000000,0.000000000,0.005463362
714,0.15789236,9.9956e+00,0.000000000,0.000000000,0.000000000,0.000000000,0.005442142
715,0.15803510,1.0006e+01,0.000000000,0.000000000,0.000000000,0.000000000,0.005466938
716,0.15817283,1.0017e+01,0.000000000,0.000000000,0.000000000,0.000000000,0.005446911
717,0.15830569,1.0027e+01,0.000000000,0.000000000,0.000000000,0.000000000,0.005467176
718,0.15843386,1.0036e+01,0.000000000,0.000000000,0.000000000,0.000000000,0.005455971
719,0.15855750,1.0045e+01,0.000000000,0.000000000,0.000000000,0.000000000,0.005451679
720,0.15867676,1.0054e+01,0.000000000,0.000000000,0.000000000,0.000000000,0.005464554
721,0.15879180,1.0063e+01,0.000000000,0.000000000,0.000000000,0.000000000,0.005472660
722,0.15890278,1.0071e+01,0.000000000,0.000000000,0.000000000,0.000000000,0.005464077
723,0.15900986,1.0080e+01,0.000000000,0.000000000,0.000000000,0.000000000,0.005465746
724,0.15911320,1.0087e+01,0.000000000,0.000000000,0.000000000,0.000000000,0.005448341
725,0.15921296,1.0095e+01,0.000000000,0.000000000,0.000000000,0.000000000,0.005451202
726,0.15930928,1.0102e+01,0.000000000,0.000000000,0.000000000,0.000000000,0.005463123
727,0.15940233,1.0109e+01,0.000000000,0.000000000,0.000000000,0.000000000,0.005464554
728,0.15949227,1.0116e+01,0.000000000,0.000000000,0.000000000,0.000000000,0.005448103
729,0.15957926,1.0123e+01,0.000000000,0.000000000,0.000000000,0.000000000,0.005452394
730,0.15966347,1.0129e+01,0.000000000,0.000000000,0.000000000,0.000000000,0.005455017
731,0.15974507,1.0135e+01,0.000000000,0.000000000,0.000000000,0.000000000,0.005456924
732,0.15982423,1.0141e+01,0.000000000,0.000000000,0.000000000,0.000000000,0.005467176
733,0.15990116,1.0147e+01,0.000000000,0.000000000,0.000000000,0.000000000,0.005454063
734,0.15997605,1.0153e+01,0.000000000,0.000000000,0.000000000,0.000000000,0.005467176
735,0.16004913,1.0159e+01,0.000000000,0.000000000,0.000000000,0.000000000,0.005463362
736,0.16012065,1.0164e+01,0.000000000,0.000000000,0.000000000,0.000000000,0.005468369
737,0.16019085,1.0170e+01,0.000000000,0.000000000,0.000000000,0.000000000,0.005461216
738,0.16025998,1.0175e+01,0.000000000,0.000000000,0.000000000,0.000000000,0.005470514
739,0.16032830,1.0180e+01,0.000000000,0.000000000,0.000000000,0.000000000,0.005462646
740,0.16039607,1.0186e+01,0.000000000,0.000000000,0.000000000,0.000000000,0.005502462
741,0.16046354,1.0191e+01,0.000000000,0.000000000,0.000000000,0.000000000,0.005464554
742,0.16053097,1.0196e+01,0.000000000,0.000000000,0.000000000,0.000000000,0.005482435
743,0.16059860,1.0202e+01,0.000000000,0.000000000,0.000000000,0.000000000,0.005468607
744,0.16066669,1.0207e+01,0.000000000,0.000000000,0.000000000,0.000000000,0.005491257
745,0.16073548,1.0212e+01,0.000000000,0.000000000,0.000000000,0.000000000,0.005464792
746,0.16080524,1.0218e+01,0.000000000,0.000000000,0.000000000,0.000000000,0.005467653
747,0.16087624,1.0223e+01,0.000000000,0.000000000,0.000000000,0.000000000,0.005467176
748,0.16094879,1.0229e+01,0.000000000,0.000000000,0.000000000,0.000000000,0.005481482
749,0.16102318,1.0235e+01,0.000000000,0.000000000,0.000000000,0.000000000,0.005476713
750,0.16109974,1.0241e+01,0.000000000,0.000000000,0.000000000,0.000000000,0.005484104
751,0.16117881,1.0247e+01,0.000000000,0.000000000,0.000000000,0.000000000,0.005552769
752,0.16126074,1.0254e+01,0.000000000,0.000000000,0.000000000,0.000000000,0.005463123
753,0.16134587,1.0260e+01,0.000000000,0.000000000,0.000000000,0.000000000,0.043210506
754,0.16143455,1.0267e+01,0.000000000,0.000000000,0.000000000,0.000000000,0.005466223
755,0.16152712,1.0274e+01,0.000000000,0.000000000,0.000000000,0.000000000,0.005496025
756,0.16162401,1.0282e+01,0.000000000,0.000000000,0.000000000,0.000000000,0.005480766
757,0.16172582,1.0290e+01,0.000000000,0.000000000,0.000000000,0.000000000,0.005480289
758,0.16183252,1.0298e+01,0.000000000,0.000000000,0.000000000,0.000000000,0.005476713
759,0.16194448,1.0307e+01,0.000000000,0.000000000,0.000000000,0.000000000,0.005475521
760,0.16206210,1.0316e+01,0.000000000,0.000000000,0.000000000,0.000000000,0.005471706
761,0.16218574,1.0325e+01,0.000000000,0.000000000,0.000000000,0.000000000,0.005462885
762,0.16231575,1.0335e+01,0.000000000,0.000000000,0.000000000,0.000000000,0.005465508
763,0.16245250,1.0345e+01,0.000000000,0.000000000,0.000000000,0.000000000,0.005476236
764,0.16259634,1.0356e+01,0.000000000,0.000000000,0.000000000,0.000000000,0.005452633
765,0.16274763,1.0368e+01,0.000000000,0.000000000,0.000000000,0.000000000,0.005449772
766,0.16290701,1.0380e+01,0.000000000,0.000000000,0.000000000,0.000000000,0.005450249
767,0.16307454,1.0393e+01,0.000000000,0.000000000,0.000000000,0.000000000,0.005466461
768,0.16325057,1.0406e+01,0.000000000,0.000000000,0.000000000,0.000000000,0.005456924
769,0.16343545,1.0420e+01,0.000000000,0.000000000,0.000000000,0.000000000,0.005466700
770,0.16362949,1.0435e+01,0.000000000,0.000000000,0.000000000,0.000000000,0.005474806
771,0.16383301,1.0450e+01,0.000000000,0.000000000,0.000000000,0.000000000,0.005462885
772,0.16404634,1.0466e+01,0.000000000,0.000000000,0.000000000,0.000000000,0.005473614
773,0.16426979,1.0483e+01,0.000000000,0.000000000,0.000000000,0.000000000,0.005453110
774,0.16450365,1.0500e+01,0.000000000,0.000000000,0.000000000,0.000000000,0.005470991
775,0.16474822,1.0519e+01,0.000000000,0.000000000,0.000000000,0.000000000,0.005455732
776,0.16500376,1.0538e+01,0.000000000,0.000000000,0.000000000,0.000000000,0.005470037
777,0.16527044,1.0558e+01,0.000000000,0.000000000,0.000000000,0.000000000,0.005455971
778,0.16554855,1.0579e+01,0.000000000,0.000000000,0.000000000,0.000000000,0.005483150
779,0.16583828,1.0600e+01,0.000000000,0.000000000,0.000000000,0.000000000,0.005447149
780,0.16613978,1.0623e+01,0.000000000,0.000000000,0.000000000,0.000000000,0.005472898
781,0.16645319,1.0646e+01,0.000000000,0.000000000,0.000000000,0.000000000,0.005447149
782,0.16677868,1.0670e+01,0.000000000,0.000000000,0.000000000,0.000000000,0.005483627
783,0.16711636,1.0696e+01,0.000000000,0.000000000,0.000000000,0.000000000,0.005455971
784,0.16746638,1.0722e+01,0.000000000,0.000000000,0.000000000,0.000000000,0.005461693
785,0.16782881,1.0749e+01,0.000000000,0.000000000,0.000000000,0.000000000,0.005460262
786,0.16820376,1.0777e+01,0.000000000,0.000000000,0.000000000,0.000000000,0.005452871
787,0.16859128,1.0806e+01,0.000000000,0.000000000,0.000000000,0.000000000,0.005448103
788,0.16899144,1.0836e+01,0.000000000,0.000000000,0.000000000,0.000000000,0.005463123
789,0.16940425,1.0867e+01,0.000000000,0.000000000,0.000000000,0.000000000,0.005456209
790,0.16982972,1.0898e+01,0.000000000,0.000000000,0.000000000,0.000000000,0.005460024
791,0.17026779,1.0931e+01,0.000000000,0.000000000,0.000000000,0.000000000,0.005461931
792,0.17071841,1.0965e+01,0.000000000,0.000000000,0.000000000,0.000000000,0.005457163
793,0.17118148,1.1000e+01,0.000000000,0.000000000,0.000000000,0.000000000,0.005454540
794,0.17165688,1.1035e+01,0.000000000,0.000000000,0.000000000,0.000000000,0.005465508
795,0.17214446,1.1072e+01,0.000000000,0.000000000,0.000000000,0.000000000,0.005451202
796,0.17264408,1.1109e+01,0.000000000,0.000000000,0.000000000,0.000000000,0.005445957
797,0.17315556,1.1148e+01,0.000000000,0.000000000,0.000000000,0.000000000,0.005460262
798,0.17367871,1.1187e+01,0.000000000,0.000000000,0.000000000,0.000000000,0.005448580
799,0.17421333,1.1227e+01,0.000000000,0.000000000,0.000000000,0.000000000,0.005446434
800,0.17475920,1.1268e+01,0.000000000,0.000000000,0.000000000,0.000000000,0.005455017
801,0.17531607,1.1310e+01,0.000000000,0.000000000,0.000000000,0.000000000,0.005553484
802,0.17588367,1.1353e+01,0.000000000,0.000000000,0.000000000,0.000000000,0.005464554
803,0.17646170,1.1397e+01,0.000000000,0.000000000,0.000000000,0.000000000,0.005471706
804,0.17704985,1.1441e+01,0.000000000,0.000000000,0.000000000,0.000000000,0.005475521
805,0.17764777,1.1486e+01,0.000000000,0.000000000,0.000000000,0.000000000,0.005489826
806,0.17825507,1.1532e+01,0.000000000,0.000000000,0.000000000,0.000000000,0.005469322
807,0.17887137,1.1579e+01,0.000000000,0.000000000,0.000000000,0.000000000,0.005489588
808,0.17949626,1.1626e+01,0.000000000,0.000000000,0.000000000,0.000000000,0.005454779
809,0.18012932,1.1674e+01,0.000000000,0.000000000,0.000000000,0.000000000,0.005464554
810,0.18077012,1.1723e+01,0.000000000,0.000000000,0.000000000,0.000000000,0.005482674
811,0.18141822,1.1773e+01,0.000000000,0.000000000,0.000000000,0.000000000,0.005474091
812,0.18207316,1.1822e+01,0.000000000,0.000000000,0.000000000,0.000000000,0.005460739
813,0.18273451,1.1873e+01,0.000000000,0.000000000,0.000000000,0.000000000,0.005479574
814,0.18340180,1.1924e+01,0.000000000,0.000000000,0.000000000,0.000000000,0.005472898
815,0.18407458,1.1975e+01,0.000000000,0.000000000,0.000000000,0.000000000,0.005476475
816,0.18475239,1.2027e+01,0.000000000,0.000000000,0.000000000,0.000000000,0.005481005
817,0.18543477,1.2080e+01,0.000000000,0.000000000,0.000000000,0.000000000,0.005477190
818,0.18612128,1.2133e+01,0.000000000,0.000000000,0.000000000,0.000000000,0.005473137
819,0.18681147,1.2186e+01,0.000000000,0.000000000,0.000000000,0.000000000,0.005455017
820,0.18750490,1.2239e+01,0.000000000,0.000000000,0.000000000,0.000000000,0.005482435
821,0.18820116,1.2293e+01,0.000000000,0.000000000,0.000000000,0.000000000,0.005459070
822,0.18889983,1.2347e+01,0.000000000,0.000000000,0.000000000,0.000000000,0.005480766
823,0.18960050,1.2401e+01,0.000000000,0.000000000,0.000000000,0.000000000,0.005464077
824,0.19030278,1.2456e+01,0.000000000,0.000000000,0.000000000,0.000000000,0.005470753
825,0.19100626,1.2510e+01,0.000000000,0.000000000,0.000000000,0.000000000,0.005458355
826,0.19171058,1.2565e+01,0.000000000,0.000000000,0.000000000,0.000000000,0.005489588
827,0.19241534,1.2620e+01,0.000000000,0.000000000,0.000000000,0.000000000,0.005464792
828,0.19312020,1.2675e+01,0.000000000,0.000000000,0.000000000,0.000000000,0.005479574
829,0.19382483,1.2730e+01,0.000000000,0.000000000,0.000000000,0.000000000,0.005453348
830,0.19452892,1.2785e+01,0.000000000,0.000000000,0.000000000,0.000000000,0.005461931
831,0.19523220,1.2840e+01,0.000000000,0.000000000,0.000000000,0.000000000,0.005461693
832,0.19593445,1.2895e+01,0.000000000,0.000000000,0.000000000,0.000000000,0.005468845
833,0.19663547,1.2950e+01,0.000000000,0.000000000,0.000000000,0.000000000,0.005465984
834,0.19733514,1.3005e+01,0.000000000,0.000000000,0.000000000,0.000000000,0.005461693
835,0.19803335,1.3060e+01,0.000000000,0.000000000,0.000000000,0.000000000,0.005461216
836,0.19873006,1.3115e+01,0.000000000,0.000000000,0.000000000,0.000000000,0.005458355
837,0.19942527,1.3169e+01,0.000000000,0.000000000,0.000000000,0.000000000,0.005475044
838,0.20011900,1.3224e+01,0.000000000,0.000000000,0.000000000,0.000000000,0.005464315
839,0.20081133,1.3279e+01,0.000000000,0.000000000,0.000000000,0.000000000,0.005472183
840,0.20150234,1.3334e+01,0.000000000,0.000000000,0.000000000,0.000000000,0.005478382
841,0.20219218,1.3388e+01,0.000000000,0.000000000,0.000000000,0.000000000,0.005487204
842,0.20288102,1.3443e+01,0.000000000,0.000000000,0.000000000,0.000000000,0.005462170
843,0.20356908,1.3497e+01,0.000000000,0.000000000,0.000000000,0.000000000,0.005479097
844,0.20425663,1.3552e+01,0.000000000,0.000000000,0.000000000,0.000000000,0.005464077
845,0.20494398,1.3606e+01,0.000000000,0.000000000,0.000000000,0.000000000,0.005474091
846,0.20563149,1.3661e+01,0.000000000,0.000000000,0.000000000,0.000000000,0.005470991
847,0.20631959,1.3716e+01,0.000000000,0.000000000,0.000000000,0.000000000,0.005447149
848,0.20700877,1.3770e+01,0.000000000,0.000000000,0.000000000,0.000000000,0.005466700
849,0.20769954,1.3825e+01,0.000000000,0.000000000,0.000000000,0.000000000,0.005470037
850,0.20839250,1.3881e+01,0.000000000,0.000000000,0.000000000,0.000000000,0.005482912
851,0.20908827,1.3936e+01,0.000000000,0.000000000,0.000000000,0.000000000,0.005550146
852,0.20978752,1.3992e+01,0.000000000,0.000000000,0.000000000,0.000000000,0.005476475
853,0.21049098,1.4048e+01,0.000000000,0.000000000,0.000000000,0.000000000,0.005475521
854,0.21119940,1.4104e+01,0.000000000,0.000000000,0.000000000,0.000000000,0.005450964
855,0.21191360,1.4161e+01,0.000000000,0.000000000,0.000000000,0.000000000,0.005463362
856,0.21263442,1.4219e+01,0.000000000,0.000000000,0.000000000,0.000000000,0.005465269
857,0.21336276,1.4277e+01,0.000000000,0.000000000,0.000000000,0.000000000,0.005471706
858,0.21409954,1.4336e+01,0.000000000,0.000000000,0.000000000,0.000000000,0.005472660
859,0.21484574,1.4395e+01,0.000000000,0.000000000,0.000000000,0.000000000,0.005473375
860,0.21560236,1.4456e+01,0.000000000,0.000000000,0.000000000,0.000000000,0.005473852
861,0.21637045,1.4517e+01,0.000000000,0.000000000,0.000000000,0.000000000,0.005459309
862,0.21715108,1.4579e+01,0.000000000,0.000000000,0.000000000,0.000000000,0.005489588
863,0.21794535,1.4643e+01,0.000000000,0.000000000,0.000000000,0.000000000,0.005468369
864,0.21875436,1.4708e+01,0.000000000,0.000000000,0.000000000,0.000000000,0.005485058
865,0.21957928,1.4774e+01,0.000000000,0.000000000,0.000000000,0.000000000,0.005462885
866,0.22042125,1.4841e+01,0.000000000,0.000000000,0.000000000,0.000000000,0.005476952
867,0.22128147,1.4910e+01,0.000000000,0.000000000,0.000000000,0.000000000,0.005461454
868,0.22216114,1.4980e+01,0.000000000,0.000000000,0.000000000,0.000000000,0.005482435
869,0.22306147,1.5053e+01,0.000000000,0.000000000,0.000000000,0.000000000,0.005465746
870,0.22398371,1.5127e+01,0.000000000,0.000000000,0.000000000,0.000000000,0.005469084
871,0.22492908,1.5203e+01,0.000000000,0.000000000,0.000000000,0.000000000,0.005469084
872,0.22589885,1.5281e+01,0.000000000,0.000000000,0.000000000,0.000000000,0.005444527
873,0.22689424,1.5361e+01,0.000000000,0.000000000,0.000000000,0.000000000,0.005452871
874,0.22791648,1.5444e+01,0.000000000,0.000000000,0.000000000,0.000000000,0.005465984
875,0.22896680,1.5529e+01,0.000000000,0.000000000,0.000000000,0.000000000,0.005453825
876,0.23004639,1.5616e+01,0.000000000,0.000000000,0.000000000,0.000000000,0.005450010
877,0.23115642,1.5706e+01,0.000000000,0.000000000,0.000000000,0.000000000,0.005465746
878,0.23229803,1.5799e+01,0.000000000,0.000000000,0.000000000,0.000000000,0.005425453
879,0.23347236,1.5895e+01,0.000000000,0.000000000,0.000000000,0.000000000,0.005446911
880,0.23468050,1.5993e+01,0.000000000,0.000000000,0.000000000,0.000000000,0.005460978
881,0.23592353,1.6095e+01,0.000000000,0.000000000,0.000000000,0.000000000,0.005459309
882,0.23720251,1.6200e+01,0.000000000,0.000000000,0.000000000,0.000000000,0.005466938
883,0.23851848,1.6308e+01,0.000000000,0.000000000,0.000000000,0.000000000,0.005459070
884,0.23987243,1.6420e+01,0.000000000,0.000000000,0.000000000,0.000000000,0.005447388
885,0.24126535,1.6535e+01,0.000000000,0.000000000,0.000000000,0.000000000,0.005464792
886,0.24269818,1.6654e+01,0.000000000,0.000000000,0.000000000,0.000000000,0.005465508
887,0.24417180,1.6776e+01,0.000000000,0.000000000,0.000000000,0.000000000,0.005479336
888,0.24568707,1.6903e+01,0.000000000,0.000000000,0.000000000,0.000000000,0.005468130
889,0.24724478,1.7033e+01,0.000000000,0.000000000,0.000000000,0.000000000,0.005460501
890,0.24884567,1.7167e+01,0.000000000,0.000000000,0.000000000,0.000000000,0.005460978
891,0.25049042,1.7306e+01,0.000000000,0.000000000,0.000000000,0.000000000,0.005485773
892,0.25217964,1.7449e+01,0.000000000,0.000000000,0.000000000,0.000000000,0.005458117
893,0.25391392,1.7596e+01,0.000000000,0.000000000,0.000000000,0.000000000,0.005461931
894,0.25569375,1.7748e+01,0.000000000,0.000000000,0.000000000,0.000000000,0.005455017
895,0.25751959,1.7904e+01,0.000000000,0.000000000,0.000000000,0.000000000,0.005467415
896,0.25939183,1.8065e+01,0.000000000,0.000000000,0.000000000,0.000000000,0.005468607
897,0.26131083,1.8230e+01,0.000000000,0.000000000,0.000000000,0.000000000,0.005427599
898,0.26327686,1.8400e+01,0.000000000,0.000000000,0.000000000,0.000000000,0.005470991
899,0.26529015,1.8576e+01,0.000000000,0.000000000,0.000000000,0.000000000,0.005467653
900,0.26735089,1.8756e+01,0.000000000,0.000000000,0.000000000,0.000000000,0.005455256
901,0.26945917,1.8941e+01,0.000000000,0.000000000,0.000000000,0.000000000,0.005568743
902,0.27161506,1.9131e+01,0.000000000,0.000000000,0.000000000,0.000000000,0.005483389
903,0.27381855,1.9327e+01,0.000000000,0.000000000,0.000000000,0.000000000,0.005490780
904,0.27606959,1.9527e+01,0.000000000,0.000000000,0.000000000,0.000000000,0.005476952
905,0.27836807,1.9733e+01,0.000000000,0.000000000,0.000000000,0.000000000,0.005477905
906,0.28071385,1.9945e+01,0.000000000,0.000000000,0.000000000,0.000000000,0.005483866
907,0.28310671,2.0162e+01,0.000000000,0.000000000,0.000000000,0.000000000,0.005460501
908,0.28554639,2.0384e+01,0.000000000,0.000000000,0.000000000,0.000000000,0.005485058
909,0.28803260,2.0612e+01,0.000000000,0.000000000,0.000000000,0.000000000,0.005456448
910,0.29056497,2.0845e+01,0.000000000,0.000000000,0.000000000,0.000000000,0.005478621
911,0.29314311,2.1084e+01,0.000000000,0.000000000,0.000000000,0.000000000,0.005456924
912,0.29576655,2.1329e+01,0.000000000,0.000000000,0.000000000,0.000000000,0.005465269
913,0.29843480,2.1579e+01,0.000000000,0.000000000,0.000000000,0.000000000,0.005461454
914,0.30114732,2.1836e+01,0.000000000,0.000000000,0.000000000,0.000000000,0.005476952
915,0.30390353,2.2098e+01,0.000000000,0.000000000,0.000000000,0.000000000,0.005477190
916,0.30670286,2.2366e+01,0.000000000,0.000000000,0.000000000,0.000000000,0.005478144
917,0.30954485,2.2640e+01,0.000000000,0.000000000,0.000000000,0.000000000,0.005466461
918,0.31242902,2.2919e+01,0.000000000,0.000000000,0.000000000,0.000000000,0.005450964
919,0.31535485,2.3205e+01,0.000000000,0.000000000,0.000000000,0.000000000,0.005462885
920,0.31832182,2.3497e+01,0.000000000,0.000000000,0.000000000,0.000000000,0.005453825
921,0.32132932,2.3795e+01,0.000000000,0.000000000,0.000000000,0.000000000,0.005469799
922,0.32437675,2.4099e+01,0.000000000,0.000000000,0.000000000,0.000000000,0.005460024
923,0.32746342,2.4410e+01,0.000000000,0.000000000,0.000000000,0.000000000,0.005484581
924,0.33058866,2.4726e+01,0.000000000,0.000000000,0.000000000,0.000000000,0.005451202
925,0.33375174,2.5049e+01,0.000000000,0.000000000,0.000000000,0.000000000,0.005467892
926,0.33695193,2.5379e+01,0.000000000,0.000000000,0.000000000,0.000000000,0.005452156
927,0.34018851,2.5714e+01,0.000000000,0.000000000,0.000000000,0.000000000,0.005475998
928,0.34346075,2.6057e+01,0.000000000,0.000000000,0.000000000,0.000000000,0.005458593
929,0.34676797,2.6405e+01,0.000000000,0.000000000,0.000000000,0.000000000,0.005455494
930,0.35010949,2.6760e+01,0.000000000,0.000000000,0.000000000,0.000000000,0.005445480
931,0.35348469,2.7122e+01,0.000000000,0.000000000,0.000000000,0.000000000,0.005473614
932,0.35689298,2.7491e+01,0.000000000,0.000000000,0.000000000,0.000000000,0.005465269
933,0.36033377,2.7866e+01,0.000000000,0.000000000,0.000000000,0.000000000,0.005485058
934,0.36380650,2.8248e+01,0.000000000,0.000000000,0.000000000,0.000000000,0.005454302
935,0.36731064,2.8637e+01,0.000000000,0.000000000,0.000000000,0.000000000,0.005482674
936,0.37084561,2.9032e+01,0.000000000,0.000000000,0.000000000,0.000000000,0.005461693
937,0.37441089,2.9435e+01,0.000000000,0.000000000,0.000000000,0.000000000,0.005472422
938,0.37800591,2.9845e+01,0.000000000,0.000000000,0.000000000,0.000000000,0.005461216
939,0.38163014,3.0263e+01,0.000000000,0.000000000,0.000000000,0.000000000,0.005476236
940,0.38528307,3.0687e+01,0.000000000,0.000000000,0.000000000,0.000000000,0.005475044
941,0.38896422,3.1119e+01,0.000000000,0.000000000,0.000000000,0.000000000,0.005459070
942,0.39267318,3.1559e+01,0.000000000,0.000000000,0.000000000,0.000000000,0.005467176
943,0.39640961,3.2006e+01,0.000000000,0.000000000,0.000000000,0.000000000,0.007140875
944,0.40017326,3.2461e+01,0.000000000,0.000000000,0.000000000,0.000000000,0.005701542
945,0.40396397,3.2923e+01,0.000000000,0.000000000,0.000000000,0.000000000,0.005503654
946,0.40778165,3.3394e+01,0.000000000,0.000000000,0.000000000,0.000000000,0.005459070
947,0.41162633,3.3874e+01,0.000000000,0.000000000,0.000000000,0.000000000,0.005464315
948,0.41549806,3.4361e+01,0.000000000,0.000000000,0.000000000,0.000000000,0.005465984
949,0.41939699,3.4858e+01,0.000000000,0.000000000,0.000000000,0.000000000,0.005470753
950,0.42332326,3.5363e+01,0.000000000,0.000000000,0.000000000,0.000000000,0.005456448
951,0.42727703,3.5877e+01,0.000000000,0.000000000,0.000000000,0.000000000,0.005558252
952,0.43125844,3.6401e+01,0.000000000,0.000000000,0.000000000,0.000000000,0.005501747
953,0.43526747,3.6934e+01,0.000000000,0.000000000,0.000000000,0.000000000,0.042218208
954,0.43930460,3.7477e+01,0.000000000,0.000000000,0.000000000,0.000000000,0.005506516
955,0.44336948,3.8030e+01,0.000000000,0.000000000,0.000000000,0.000000000,0.005477905
956,0.44746227,3.8594e+01,0.000000000,0.000000000,0.000000000,0.000000000,0.005496264
957,0.45158298,3.9168e+01,0.000000000,0.000000000,0.000000000,0.000000000,0.005468607
958,0.45573162,3.9753e+01,0.000000000,0.000000000,0.000000000,0.000000000,0.005492449
959,0.45990821,4.0349e+01,0.000000000,0.000000000,0.000000000,0.000000000,0.005477190
960,0.46411278,4.0957e+01,0.000000000,0.000000000,0.000000000,0.000000000,0.005485296
961,0.46834543,4.1577e+01,0.000000000,0.000000000,0.000000000,0.000000000,0.005482197
962,0.47260627,4.2208e+01,0.000000000,0.000000000,0.000000000,0.000000000,0.005475521
963,0.47689549,4.2852e+01,0.000000000,0.000000000,0.000000000,0.000000000,0.005476952
964,0.48121329,4.3509e+01,0.000000000,0.000000000,0.000000000,0.000000000,0.005474806
965,0.48555995,4.4180e+01,0.000000000,0.000000000,0.000000000,0.000000000,0.005486012
966,0.48993577,4.4864e+01,0.000000000,0.000000000,0.000000000,0.000000000,0.005477428
967,0.49434109,4.5562e+01,0.000000000,0.000000000,0.000000000,0.000000000,0.005489349
968,0.49877626,4.6275e+01,0.000000000,0.000000000,0.000000000,0.000000000,0.005457163
969,0.50324160,4.7003e+01,0.000000000,0.000000000,0.000000000,0.000000000,0.005495787
970,0.50773745,4.7747e+01,0.000000000,0.000000000,0.000000000,0.000000000,0.005463123
971,0.51226408,4.8506e+01,0.000000000,0.000000000,0.000000000,0.000000000,0.005478859
972,0.51682171,4.9283e+01,0.000000000,0.000000000,0.000000000,0.000000000,0.005477905
973,0.52141048,5.0077e+01,0.000000000,0.000000000,0.000000000,0.000000000,0.005521774
974,0.52603047,5.0889e+01,0.000000000,0.000000000,0.000000000,0.000000000,0.005493164
975,0.53068167,5.1719e+01,0.000000000,0.000000000,0.000000000,0.000000000,0.005487204
976,0.53536398,5.2569e+01,0.000000000,0.000000000,0.000000000,0.000000000,0.005509615
977,0.54007724,5.3438e+01,0.000000000,0.000000000,0.000000000,0.000000000,0.005477190
978,0.54482123,5.4328e+01,0.000000000,0.000000000,0.000000000,0.000000000,0.005482197
979,0.54959565,5.5239e+01,0.000000000,0.000000000,0.000000000,0.000000000,0.005474806
980,0.55440018,5.6172e+01,0.000000000,0.000000000,0.000000000,0.000000000,0.005473852
981,0.55923443,5.7127e+01,0.000000000,0.000000000,0.000000000,0.000000000,0.005482197
982,0.56409740,5.8106e+01,0.000000000,0.000000000,0.000000000,0.000000000,0.005475521
983,0.56898824,5.9109e+01,0.000000000,0.000000000,0.000000000,0.000000000,0.005465508
984,0.57390642,6.0137e+01,0.000000000,0.000000000,0.000000000,0.000000000,0.005470753
985,0.57885135,6.1190e+01,0.000000000,0.000000000,0.000000000,0.000000000,0.005473614
986,0.58382235,6.2271e+01,0.000000000,0.000000000,0.000000000,0.000000000,0.005461693
987,0.58881867,6.3378e+01,0.000000000,0.000000000,0.000000000,0.000000000,0.005474329
988,0.59383946,6.4515e+01,0.000000000,0.000000000,0.000000000,0.000000000,0.005475521
989,0.59888378,6.5681e+01,0.000000000,0.000000000,0.000000000,0.000000000,0.005488396
990,0.60395071,6.6877e+01,0.000000000,0.000000000,0.000000000,0.000000000,0.005458832
991,0.60903913,6.8105e+01,0.000000000,0.000000000,0.000000000,0.000000000,0.005480766
992,0.61414785,6.9366e+01,0.000000000,0.000000000,0.000000000,0.000000000,0.005460262
993,0.61927560,7.0660e+01,0.000000000,0.000000000,0.000000000,0.000000000,0.005472422
994,0.62442111,7.1990e+01,0.000000000,0.000000000,0.000000000,0.000000000,0.005447865
995,0.62958298,7.3355e+01,0.000000000,0.000000000,0.000000000,0.000000000,0.005470514
996,0.63475970,7.4758e+01,0.000000000,0.000000000,0.000000000,0.000000000,0.005448103
997,0.63994973,7.6199e+01,0.000000000,0.000000000,0.000000000,0.000000000,0.005481720
998,0.64515153,7.7680e+01,0.000000000,0.000000000,0.000000000,0.000000000,0.005470514
999,0.65036339,7.9202e+01,0.000000000,0.000000000,0.000000000,0.000000000,0.005462885
1000,0.65558380,8.0767e+01,0.000000000,0.000000000,0.000000000,0.000000000,0.005479574
1001,0.66082073,8.2377e+01,0.000000000,0.000000000,0.000000000,0.000000000,0.005577087
1002,0.66607492,8.4033e+01,0.000000000,0.000000000,0.000000000,0.000000000,0.005474806
1003,0.67134421,8.5739e+01,0.000000000,0.000000000,0.000000000,0.000000000,0.005470514
1004,0.67662634,8.7494e+01,0.000000000,0.000000000,0.000000000,0.000000000,0.005474806
1005,0.68191900,8.9301e+01,0.000000000,0.000000000,0.000000000,0.000000000,0.005476713
1006,0.68721980,9.1160e+01,0.000000000,0.000000000,0.000000000,0.000000000,0.005463839
1007,0.69252626,9.3075e+01,0.000000000,0.000000000,0.000000000,0.000000000,0.005460024
1008,0.69783587,9.5046e+01,0.000000000,0.000000000,0.000000000,0.000000000,0.005463362
1009,0.70314605,9.7075e+01,0.000000000,0.000000000,0.000000000,0.000000000,0.005452633
1010,0.70845415,9.9164e+01,0.000000000,0.000000000,0.000000000,0.000000000,0.005459070
1011,0.71375748,1.0131e+02,0.000000000,0.000000000,0.000000000,0.000000000,0.005459070
1012,0.71905326,1.0353e+02,0.000000000,0.000000000,0.000000000,0.000000000,0.005479336
1013,0.72434668,1.0581e+02,0.000000000,0.000000000,0.000000000,0.000000000,0.005463362
1014,0.72963498,1.0816e+02,0.000000000,0.000000000,0.000000000,0.000000000,0.005472898
1015,0.73491486,1.1058e+02,0.000000000,0.000000000,0.000000000,0.000000000,0.005460501
1016,0.74018294,1.1307e+02,0.000000000,0.000000000,0.000000000,0.000000000,0.005488873
1017,0.74543580,1.1564e+02,0.000000000,0.000000000,0.000000000,0.000000000,0.005454302
1018,0.75066997,1.1828e+02,0.000000000,0.000000000,0.000000000,0.000000000,0.005493641
1019,0.75588190,1.2101e+02,0.000000000,0.000000000,0.000000000,0.000000000,0.005458117
1020,0.76106802,1.2381e+02,0.000000000,0.000000000,0.000000000,0.000000000,0.005475998
1021,0.76622474,1.2670e+02,0.000000000,0.000000000,0.000000000,0.000000000,0.005468130
1022,0.77134842,1.2967e+02,0.000000000,0.000000000,0.000000000,0.000000000,0.005458117
1023,0.77643548,1.3273e+02,0.000000000,0.000000000,0.000000000,0.000000000,0.005451679
1024,0.78148233,1.3587e+02,0.000000000,0.000000000,0.000000000,0.000000000,0.005446434
1025,0.78648546,1.3911e+02,0.000000000,0.000000000,0.000000000,0.000000000,0.005440950
1026,0.79144142,1.4244e+02,0.000000000,0.000000000,0.000000000,0.000000000,0.005465508
1027,0.79634685,1.4587e+02,0.000000000,0.000000000,0.000000000,0.000000000,0.005460262
1028,0.80119847,1.4939e+02,0.000000000,0.000000000,0.000000000,0.000000000,0.005443096
1029,0.80599316,1.5301e+02,0.000000000,0.000000000,0.000000000,0.000000000,0.005457401
1030,0.81072788,1.5672e+02,0.000000000,0.000000000,0.000000000,0.000000000,0.005463839
1031,0.81539976,1.6055e+02,0.000000000,0.000000000,0.000000000,0.000000000,0.005457401
1032,0.82000603,1.6447e+02,0.000000000,0.000000000,0.000000000,0.000000000,0.005455732
1033,0.82454409,1.6850e+02,0.000000000,0.000000000,0.000000000,0.000000000,0.005466461
1034,0.82901148,1.7264e+02,0.000000000,0.000000000,0.000000000,0.000000000,0.005456686
1035,0.83340589,1.7689e+02,0.000000000,0.000000000,0.000000000,0.000000000,0.005458355
1036,0.83772521,1.8125e+02,0.000000000,0.000000000,0.000000000,0.000000000,0.005448818
1037,0.84196748,1.8573e+02,0.000000000,0.000000000,0.000000000,0.000000000,0.005458117
1038,0.84613090,1.9032e+02,0.000000000,0.000000000,0.000000000,0.000000000,0.005444765
1039,0.85021381,1.9502e+02,0.000000000,0.000000000,0.000000000,0.000000000,0.005446911
1040,0.85421471,1.9985e+02,0.000000000,0.000000000,0.000000000,0.000000000,0.005467415
1041,0.85813233,2.0479e+02,0.000000000,0.000000000,0.000000000,0.000000000,0.005470753
1042,0.86196561,2.0986e+02,0.000000000,0.000000000,0.000000000,0.000000000,0.005468845
1043,0.86571188,2.1505e+02,0.000000000,0.000000000,0.000000000,0.000000000,0.005458355
1044,0.86936955,2.2037e+02,0.000000000,0.000000000,0.000000000,0.000000000,0.005458355
1045,0.87293819,2.2581e+02,0.000000000,0.000000000,0.000000000,0.000000000,0.005444765
1046,0.87641765,2.3138e+02,0.000000000,0.000000000,0.000000000,0.000000000,0.005472660
1047,0.87980797,2.3708e+02,0.000000000,0.000000000,0.000000000,0.000000000,0.005462885
1048,0.88310957,2.4292e+02,0.000000000,0.000000000,0.000000000,0.000000000,0.005452871
1049,0.88632292,2.4888e+02,0.000000000,0.000000000,0.000000000,0.000000000,0.005454063
1050,0.88944872,2.5499e+02,0.000000000,0.000000000,0.000000000,0.000000000,0.005467415
1051,0.89248787,2.6123e+02,0.000000000,0.000000000,0.000000000,0.000000000,0.005577564
1052,0.89544149,2.6761e+02,0.000000000,0.000000000,0.000000000,0.000000000,0.005503893
1053,0.89831075,2.7414e+02,0.000000000,0.000000000,0.000000000,0.000000000,0.006176233
1054,0.90109537,2.8081e+02,0.000000000,0.000000000,0.000000000,0.000000000,0.005604029
1055,0.90379102,2.8763e+02,0.000000000,0.000000000,0.000000000,0.000000000,0.005513191
1056,0.90639882,2.9460e+02,0.000000000,0.000000000,0.000000000,0.000000000,0.005491495
1057,0.90891959,3.0173e+02,0.000000000,0.000000000,0.000000000,0.000000000,0.005495071
1058,0.91135541,3.0902e+02,0.000000000,0.000000000,0.000000000,0.000000000,0.005494595
1059,0.91370847,3.1647e+02,0.000000000,0.000000000,0.000000000,0.000000000,0.005476236
1060,0.91598101,3.2409e+02,0.000000000,0.000000000,0.000000000,0.000000000,0.005467176
1061,0.91817534,3.3189e+02,0.000000000,0.000000000,0.000000000,0.000000000,0.005468130
1062,0.92029385,3.3985e+02,0.000000000,0.000000000,0.000000000,0.000000000,0.005487680
1063,0.92233891,3.4800e+02,0.000000000,0.000000000,0.000000000,0.000000000,0.005470037
1064,0.92431316,3.5633e+02,0.000000000,0.000000000,0.000000000,0.000000000,0.005484343
1065,0.92621903,3.6485e+02,0.000000000,0.000000000,0.000000000,0.000000000,0.005464554
1066,0.92806555,3.7357e+02,0.000000000,0.000000000,0.000000000,0.000000000,0.005069733
1067,0.92984205,3.8248e+02,0.000000000,0.000000000,0.000000000,0.000000000,0.005093336
1068,0.93155724,3.9161e+02,0.000000000,0.000000000,0.000000000,0.000000000,0.005095959
1069,0.93321348,4.0093e+02,0.000000000,0.000000000,0.000000000,0.000000000,0.005078077
1070,0.93481308,4.1048e+02,0.000000000,0.000000000,0.000000000,0.000000000,0.005090475
1071,0.93635830,4.2024e+02,0.000000000,0.000000000,0.000000000,0.000000000,0.005073786
1072,0.93785136,4.3022e+02,0.000000000,0.000000000,0.000000000,0.000000000,0.005103111
1073,0.93929443,4.4043e+02,0.000000000,0.000000000,0.000000000,0.000000000,0.005095005
1074,0.94068961,4.5088e+02,0.000000000,0.000000000,0.000000000,0.000000000,0.005086422
1075,0.94203900,4.6155e+02,0.000000000,0.000000000,0.000000000,0.000000000,0.005081892
1076,0.94334459,4.7246e+02,0.000000000,0.000000000,0.000000000,0.000000000,0.005077362
1077,0.94460833,4.8362e+02,0.000000000,0.000000000,0.000000000,0.000000000,0.005088329
1078,0.94583173,4.9501e+02,0.000000000,0.000000000,0.000000000,0.000000000,0.005086422
1079,0.94701660,5.0665e+02,0.000000000,0.000000000,0.000000000,0.000000000,0.005080938
1080,0.94816470,5.1853e+02,0.000000000,0.000000000,0.000000000,0.000000000,0.005087137
1081,0.94927774,5.3066e+02,0.000000000,0.000000000,0.000000000,0.000000000,0.005082369
1082,0.95035735,5.4303e+02,0.000000000,0.000000000,0.000000000,0.000000000,0.005074501
1083,0.95140507,5.5564e+02,0.000000000,0.000000000,0.000000000,0.000000000,0.005086899
1084,0.95242236,5.6849e+02,0.000000000,0.000000000,0.000000000,0.000000000,0.005081415
1085,0.95341059,5.8158e+02,0.000000000,0.000000000,0.000000000,0.000000000,0.005083799
1086,0.95437102,5.9490e+02,0.000000000,0.000000000,0.000000000,0.000000000,0.005064011
1087,0.95530489,6.0845e+02,0.000000000,0.000000000,0.000000000,0.000000000,0.005088329
1088,0.95621329,6.2223e+02,0.000000000,0.000000000,0.000000000,0.000000000,0.005077124
1089,0.95709726,6.3621e+02,0.000000000,0.000000000,0.000000000,0.000000000,0.005084753
1090,0.95795771,6.5041e+02,0.000000000,0.000000000,0.000000000,0.000000000,0.005092859
1091,0.95879553,6.6480e+02,0.000000000,0.000000000,0.000000000,0.000000000,0.005079985
1092,0.95961150,6.7938e+02,0.000000000,0.000000000,0.000000000,0.000000000,0.005044699
1093,0.96040633,6.9413e+02,0.000000000,0.000000000,0.000000000,0.000000000,0.005067110
1094,0.96118069,7.0905e+02,0.000000000,0.000000000,0.000000000,0.000000000,0.005061865
1095,0.96193523,7.2413e+02,0.000000000,0.000000000,0.000000000,0.000000000,0.005062103
1096,0.96267050,7.3935e+02,0.000000000,0.000000000,0.000000000,0.000000000,0.005075693
1097,0.96338696,7.5469e+02,0.000000000,0.000000000,0.000000000,0.000000000,0.005073071
1098,0.96408496,7.7014e+02,0.000000000,0.000000000,0.000000000,0.000000000,0.005074263
1099,0.96476476,7.8569e+02,0.000000000,0.000000000,0.000000000,0.000000000,0.005061626
1100,0.96542661,8.0131e+02,0.000000000,0.000000000,0.000000000,0.000000000,0.005054474
1101,0.96607069,8.1700e+02,0.000000000,0.000000000,0.000000000,0.000000000,0.005185604
1102,0.96669711,8.3273e+02,0.000000000,0.000000000,0.000000000,0.000000000,0.005113840
1103,0.96730596,8.4848e+02,0.000000000,0.000000000,0.000000000,0.000000000,0.005095482
1104,0.96789734,8.6423e+02,0.000000000,0.000000000,0.000000000,0.000000000,0.005083799
1105,0.96847136,8.7996e+02,0.000000000,0.000000000,0.000000000,0.000000000,0.005094528
1106,0.96902999,8.9566e+02,0.000000000,0.000000000,0.000000000,0.000000000,0.005100012
1107,0.96957411,9.1130e+02,0.000000000,0.000000000,0.000000000,0.000000000,0.005062342
1108,0.97010386,9.2687e+02,0.000000000,0.000000000,0.000000000,0.000000000,0.005094528
1109,0.97061941,9.4234e+02,0.000000000,0.000000000,0.000000000,0.000000000,0.005076647
1110,0.97112017,9.5770e+02,0.000000000,0.000000000,0.000000000,0.000000000,0.005092859
1111,0.97160576,9.7294e+02,0.000000000,0.000000000,0.000000000,0.000000000,0.005075216
1112,0.97207652,9.8803e+02,0.000000000,0.000000000,0.000000000,0.000000000,0.005093575
1113,0.97253270,1.0030e+03,0.000000000,0.000000000,0.000000000,0.000000000,0.005081654
1114,0.97297464,1.0177e+03,0.000000000,0.000000000,0.000000000,0.000000000,0.005097151
1115,0.97340279,1.0323e+03,0.000000000,0.000000000,0.000000000,0.000000000,0.005092859
1116,0.97381765,1.0467e+03,0.000000000,0.000000000,0.000000000,0.000000000,0.005092859
1117,0.97421969,1.0608e+03,0.000000000,0.000000000,0.000000000,0.000000000,0.005085945
1118,0.97460938,1.0748e+03,0.000000000,0.000000000,0.000000000,0.000000000,0.005087137
1119,0.97498717,1.0885e+03,0.000000000,0.000000000,0.000000000,0.000000000,0.005088806
1120,0.97535352,1.1019e+03,0.000000000,0.000000000,0.000000000,0.000000000,0.005098820
1121,0.97570890,1.1152e+03,0.000000000,0.000000000,0.000000000,0.000000000,0.005055666
1122,0.97605368,1.1282e+03,0.000000000,0.000000000,0.000000000,0.000000000,0.005071402
1123,0.97638825,1.1409e+03,0.000000000,0.000000000,0.000000000,0.000000000,0.005080938
1124,0.97671297,1.1535e+03,0.000000000,0.000000000,0.000000000,0.000000000,0.005076647
1125,0.97702813,1.1658e+03,0.000000000,0.000000000,0.000000000,0.000000000,0.005083799
1126,0.97733401,1.1780e+03,0.000000000,0.000000000,0.000000000,0.000000000,0.005083084
1127,0.97763088,1.1899e+03,0.000000000,0.000000000,0.000000000,0.000000000,0.005078316
1128,0.97791895,1.2016e+03,0.000000000,0.000000000,0.000000000,0.000000000,0.005057096
1129,0.97819840,1.2132e+03,0.000000000,0.000000000,0.000000000,0.000000000,0.005070210
1130,0.97846940,1.2246e+03,0.000000000,0.000000000,0.000000000,0.000000000,0.005062103
1131,0.97873210,1.2359e+03,0.000000000,0.000000000,0.000000000,0.000000000,0.005072832
1132,0.97898668,1.2470e+03,0.000000000,0.000000000,0.000000000,0.000000000,0.005071163
1133,0.97923326,1.2579e+03,0.000000000,0.000000000,0.000000000,0.000000000,0.005091667
1134,0.97947201,1.2687e+03,0.000000000,0.000000000,0.000000000,0.000000000,0.005078316
1135,0.97970306,1.2794e+03,0.000000000,0.000000000,0.000000000,0.000000000,0.005089760
1136,0.97992659,1.2900e+03,0.000000000,0.000000000,0.000000000,0.000000000,0.005065680
1137,0.98014276,1.3005e+03,0.000000000,0.000000000,0.000000000,0.000000000,0.005082130
1138,0.98035177,1.3109e+03,0.000000000,0.000000000,0.000000000,0.000000000,0.005075693
1139,0.98055379,1.3212e+03,0.000000000,0.000000000,0.000000000,0.000000000,0.005069494
1140,0.98074903,1.3314e+03,0.000000000,0.000000000,0.000000000,0.000000000,0.005073309
1141,0.98093768,1.3416e+03,0.000000000,0.000000000,0.000000000,0.000000000,0.005069733
1142,0.98111998,1.3517e+03,0.000000000,0.000000000,0.000000000,0.000000000,0.005068541
1143,0.98129614,1.3617e+03,0.000000000,0.000000000,0.000000000,0.000000000,0.005083323
1144,0.98146646,1.3716e+03,0.000000000,0.000000000,0.000000000,0.000000000,0.005070448
1145,0.98163120,1.3816e+03,0.000000000,0.000000000,0.000000000,0.000000000,0.005075932
1146,0.98179068,1.3914e+03,0.000000000,0.000000000,0.000000000,0.000000000,0.005050659
1147,0.98194527,1.4013e+03,0.000000000,0.000000000,0.000000000,0.000000000,0.005061150
1148,0.98209536,1.4112e+03,0.000000000,0.000000000,0.000000000,0.000000000,0.005065680
1149,0.98224138,1.4210e+03,0.000000000,0.000000000,0.000000000,0.000000000,0.005069256
1150,0.98238377,1.4309e+03,0.000000000,0.000000000,0.000000000,0.000000000,0.005065680
1151,0.98252301,1.4408e+03,0.000000000,0.000000000,0.000000000,0.000000000,0.005177736
1152,0.98265951,1.4508e+03,0.000000000,0.000000000,0.000000000,0.000000000,0.005102396
1153,0.98279374,1.4608e+03,0.000000000,0.000000000,0.000000000,0.000000000,0.005096436
1154,0.98292607,1.4709e+03,0.000000000,0.000000000,0.000000000,0.000000000,0.005093575
1155,0.98305685,1.4811e+03,0.000000000,0.000000000,0.000000000,0.000000000,0.005096674
1156,0.98318627,1.4914e+03,0.000000000,0.000000000,0.000000000,0.000000000,0.005105257
1157,0.98331460,1.5017e+03,0.000000000,0.000000000,0.000000000,0.000000000,0.005097389
1158,0.98344200,1.5122e+03,0.000000000,0.000000000,0.000000000,0.000000000,0.005083323
1159,0.98356856,1.5228e+03,0.000000000,0.000000000,0.000000000,0.000000000,0.005089283
1160,0.98369430,1.5335e+03,0.000000000,0.000000000,0.000000000,0.000000000,0.005071640
1161,0.98381919,1.5443e+03,0.000000000,0.000000000,0.000000000,0.000000000,0.005077839
1162,0.98394316,1.5552e+03,0.000000000,0.000000000,0.000000000,0.000000000,0.005084276
1163,0.98406612,1.5662e+03,0.000000000,0.000000000,0.000000000,0.000000000,0.005072832
1164,0.98418798,1.5773e+03,0.000000000,0.000000000,0.000000000,0.000000000,0.005087614
1165,0.98430858,1.5884e+03,0.000000000,0.000000000,0.000000000,0.000000000,0.005089521
1166,0.98442744,1.5996e+03,0.000000000,0.000000000,0.000000000,0.000000000,0.005065203
1167,0.98454464,1.6109e+03,0.000000000,0.000000000,0.000000000,0.000000000,0.005089521
1168,0.98466013,1.6221e+03,0.000000000,0.000000000,0.000000000,0.000000000,0.005078077
1169,0.98477376,1.6334e+03,0.000000000,0.000000000,0.000000000,0.000000000,0.005084515
1170,0.98488540,1.6446e+03,0.000000000,0.000000000,0.000000000,0.000000000,0.005086422
1171,0.98499492,1.6559e+03,0.000000000,0.000000000,0.000000000,0.000000000,0.005079985
1172,0.98510225,1.6671e+03,0.000000000,0.000000000,0.000000000,0.000000000,0.005090952
1173,0.98520732,1.6783e+03,0.000000000,0.000000000,0.000000000,0.000000000,0.005077362
1174,0.98531009,1.6894e+03,0.000000000,0.000000000,0.000000000,0.000000000,0.006145716
1175,0.98541057,1.7004e+03,0.000000000,0.000000000,0.000000000,0.000000000,0.005133390
1176,0.98550877,1.7114e+03,0.000000000,0.000000000,0.000000000,0.000000000,0.005108595
1177,0.98560473,1.7223e+03,0.000000000,0.000000000,0.000000000,0.000000000,0.005110979
1178,0.98569852,1.7331e+03,0.000000000,0.000000000,0.000000000,0.000000000,0.005107641
1179,0.98579020,1.7439e+03,0.000000000,0.000000000,0.000000000,0.000000000,0.005096674
1180,0.98587982,1.7545e+03,0.000000000,0.000000000,0.000000000,0.000000000,0.005157232
1181,0.98596744,1.7650e+03,0.000000000,0.000000000,0.000000000,0.000000000,0.005096197
1182,0.98605310,1.7754e+03,0.000000000,0.000000000,0.000000000,0.000000000,0.005081892
1183,0.98613683,1.7857e+03,0.000000000,0.000000000,0.000000000,0.000000000,0.005069256
1184,0.98621863,1.7959e+03,0.000000000,0.000000000,0.000000000,0.000000000,0.005093336
1185,0.98629849,1.8060e+03,0.000000000,0.000000000,0.000000000,0.000000000,0.005085707
1186,0.98637641,1.8159e+03,0.000000000,0.000000000,0.000000000,0.000000000,0.005077362
1187,0.98645233,1.8257e+03,0.000000000,0.000000000,0.000000000,0.000000000,0.005087852
1188,0.98652624,1.8353e+03,0.000000000,0.000000000,0.000000000,0.000000000,0.005096674
1189,0.98659807,1.8448e+03,0.000000000,0.000000000,0.000000000,0.000000000,0.005069256
1190,0.98666778,1.8541e+03,0.000000000,0.000000000,0.000000000,0.000000000,0.005100012
1191,0.98673532,1.8633e+03,0.000000000,0.000000000,0.000000000,0.000000000,0.005082369
1192,0.98680065,1.8722e+03,0.000000000,0.000000000,0.000000000,0.000000000,0.005105019
1193,0.98686372,1.8810e+03,0.000000000,0.000000000,0.000000000,0.000000000,0.005073071
1194,0.98692450,1.8896e+03,0.000000000,0.000000000,0.000000000,0.000000000,0.005082130
1195,0.98698298,1.8980e+03,0.000000000,0.000000000,0.000000000,0.000000000,0.005089045
1196,0.98703915,1.9061e+03,0.000000000,0.000000000,0.000000000,0.000000000,0.005085707
1197,0.98709306,1.9141e+03,0.000000000,0.000000000,0.000000000,0.000000000,0.005085468
1198,0.98714473,1.9219e+03,0.000000000,0.000000000,0.000000000,0.000000000,0.005090475
1199,0.98719424,1.9295e+03,0.000000000,0.000000000,0.000000000,0.000000000,0.005077362
1200,0.98724168,1.9369e+03,0.000000000,0.000000000,0.000000000,0.000000000,0.005087376
1201,0.98728712,1.9441e+03,0.000000000,0.000000000,0.000000000,0.000000000,0.005191803
1202,0.98733070,1.9512e+03,0.000000000,0.000000000,0.000000000,0.000000000,0.005116224
1203,0.98737252,1.9581e+03,0.000000000,0.000000000,0.000000000,0.000000000,0.005096436
1204,0.98741273,1.9648e+03,0.000000000,0.000000000,0.000000000,0.000000000,0.005072832
1205,0.98745146,1.9714e+03,0.000000000,0.000000000,0.000000000,0.000000000,0.005085230
1206,0.98748887,1.9779e+03,0.000000000,0.000000000,0.000000000,0.000000000,0.005108356
1207,0.98752510,1.9842e+03,0.000000000,0.000000000,0.000000000,0.000000000,0.005074978
1208,0.98756033,1.9905e+03,0.000000000,0.000000000,0.000000000,0.000000000,0.005069971
1209,0.98759470,1.9967e+03,0.000000000,0.000000000,0.000000000,0.000000000,0.005097628
1210,0.98762838,2.0029e+03,0.000000000,0.000000000,0.000000000,0.000000000,0.005106211
1211,0.98766155,2.0090e+03,0.000000000,0.000000000,0.000000000,0.000000000,0.005100489
1212,0.98769435,2.0151e+03,0.000000000,0.000000000,0.000000000,0.000000000,0.005065680
1213,0.98772695,2.0211e+03,0.000000000,0.000000000,0.000000000,0.000000000,0.005095005
1214,0.98775946,2.0272e+03,0.000000000,0.000000000,0.000000000,0.000000000,0.005093336
1215,0.98779199,2.0334e+03,0.000000000,0.000000000,0.000000000,0.000000000,0.005098581
1216,0.98782464,2.0396e+03,0.000000000,0.000000000,0.000000000,0.000000000,0.005098581
1217,0.98785747,2.0458e+03,0.000000000,0.000000000,0.000000000,0.000000000,0.005069017
1218,0.98789051,2.0521e+03,0.000000000,0.000000000,0.000000000,0.000000000,0.005080223
1219,0.98792377,2.0585e+03,0.000000000,0.000000000,0.000000000,0.000000000,0.005081892
1220,0.98795725,2.0649e+03,0.000000000,0.000000000,0.000000000,0.000000000,0.005093575
1221,0.98799094,2.0715e+03,0.000000000,0.000000000,0.000000000,0.000000000,0.005092859
1222,0.98802482,2.0781e+03,0.000000000,0.000000000,0.000000000,0.000000000,0.005095720
1223,0.98805888,2.0848e+03,0.000000000,0.000000000,0.000000000,0.000000000,0.005091190
1224,0.98809312,2.0916e+03,0.000000000,0.000000000,0.000000000,0.000000000,0.005081892
1225,0.98812754,2.0986e+03,0.000000000,0.000000000,0.000000000,0.000000000,0.005064726
1226,0.98818641,2.1056e+03,0.000000000,0.000000000,0.000000000,0.000000000,0.004692793
1227,0.98822157,2.1128e+03,0.000000000,0.000000000,0.000000000,0.000000000,0.004679918
1228,0.98825658,2.1201e+03,0.000000000,0.000000000,0.000000000,0.000000000,0.004675388
1229,0.98829192,2.1275e+03,0.000000000,0.000000000,0.000000000,0.000000000,0.004689932
1230,0.98832765,2.1351e+03,0.000000000,0.000000000,0.000000000,0.000000000,0.004694939
1231,0.98836382,2.1428e+03,0.000000000,0.000000000,0.000000000,0.000000000,0.004663706
1232,0.98840049,2.1506e+03,0.000000000,0.000000000,0.000000000,0.000000000,0.004698277
1233,0.98843769,2.1586e+03,0.000000000,0.000000000,0.000000000,0.000000000,0.004688501
1234,0.98847545,2.1668e+03,0.000000000,0.000000000,0.000000000,0.000000000,0.004692554
1235,0.98851381,2.1751e+03,0.000000000,0.000000000,0.000000000,0.000000000,0.004689932
1236,0.98855278,2.1836e+03,0.000000000,0.000000000,0.000000000,0.000000000,0.004678726
1237,0.98859235,2.1922e+03,0.000000000,0.000000000,0.000000000,0.000000000,0.004690170
1238,0.98863251,2.2010e+03,0.000000000,0.000000000,0.000000000,0.000000000,0.004685879
1239,0.98867326,2.2100e+03,0.000000000,0.000000000,0.000000000,0.000000000,0.004690170
1240,0.98871457,2.2191e+03,0.000000000,0.000000000,0.000000000,0.000000000,0.004688263
1241,0.98875640,2.2284e+03,0.000000000,0.000000000,0.000000000,0.000000000,0.004681587
1242,0.98879872,2.2378e+03,0.000000000,0.000000000,0.000000000,0.000000000,0.004679203
1243,0.98884146,2.2473e+03,0.000000000,0.000000000,0.000000000,0.000000000,0.004683971
1244,0.98888454,2.2570e+03,0.000000000,0.000000000,0.000000000,0.000000000,0.004695177
1245,0.98892789,2.2668e+03,0.000000000,0.000000000,0.000000000,0.000000000,0.004737377
1246,0.98897141,2.2766e+03,0.000000000,0.000000000,0.000000000,0.000000000,0.004710436
1247,0.98901501,2.2866e+03,0.000000000,0.000000000,0.000000000,0.000000000,0.004704714
1248,0.98905858,2.2966e+03,0.000000000,0.000000000,0.000000000,0.000000000,0.004695415
1249,0.98910203,2.3066e+03,0.000000000,0.000000000,0.000000000,0.000000000,0.004695892
1250,0.98914528,2.3167e+03,0.000000000,0.000000000,0.000000000,0.000000000,0.004700661
1251,0.98918824,2.3268e+03,0.000000000,0.000000000,0.000000000,0.000000000,0.004781008
1252,0.98923084,2.3370e+03,0.000000000,0.000000000,0.000000000,0.000000000,0.004717827
1253,0.98927300,2.3471e+03,0.000000000,0.000000000,0.000000000,0.000000000,0.004708052
1254,0.98931468,2.3572e+03,0.000000000,0.000000000,0.000000000,0.000000000,0.004703760
1255,0.98935584,2.3673e+03,0.000000000,0.000000000,0.000000000,0.000000000,0.004697084
1256,0.98939643,2.3773e+03,0.000000000,0.000000000,0.000000000,0.000000000,0.004683495
1257,0.98943645,2.3873e+03,0.000000000,0.000000000,0.000000000,0.000000000,0.004696369
1258,0.98947587,2.3973e+03,0.000000000,0.000000000,0.000000000,0.000000000,0.004688740
1259,0.98951470,2.4072e+03,0.000000000,0.000000000,0.000000000,0.000000000,0.004696131
1260,0.98955296,2.4170e+03,0.000000000,0.000000000,0.000000000,0.000000000,0.004692793
1261,0.98959066,2.4268e+03,0.000000000,0.000000000,0.000000000,0.000000000,0.004705191
1262,0.98962783,2.4365e+03,0.000000000,0.000000000,0.000000000,0.000000000,0.004689932
1263,0.98966452,2.4461e+03,0.000000000,0.000000000,0.000000000,0.000000000,0.004714012
1264,0.98970078,2.4557e+03,0.000000000,0.000000000,0.000000000,0.000000000,0.004697800
1265,0.98973665,2.4652e+03,0.000000000,0.000000000,0.000000000,0.000000000,0.004694223
1266,0.98977218,2.4747e+03,0.000000000,0.000000000,0.000000000,0.000000000,0.004703999
1267,0.98980743,2.4842e+03,0.000000000,0.000000000,0.000000000,0.000000000,0.004693747
1268,0.98984243,2.4936e+03,0.000000000,0.000000000,0.000000000,0.000000000,0.004686594
1269,0.98987722,2.5030e+03,0.000000000,0.000000000,0.000000000,0.000000000,0.004682779
1270,0.98991184,2.5124e+03,0.000000000,0.000000000,0.000000000,0.000000000,0.004688501
1271,0.98994632,2.5217e+03,0.000000000,0.000000000,0.000000000,0.000000000,0.004728556
1272,0.98998065,2.5311e+03,0.000000000,0.000000000,0.000000000,0.000000000,0.004678965
1273,0.99001486,2.5404e+03,0.000000000,0.000000000,0.000000000,0.000000000,0.004686832
1274,0.99004895,2.5497e+03,0.000000000,0.000000000,0.000000000,0.000000000,0.004696369
1275,0.99008294,2.5590e+03,0.000000000,0.000000000,0.000000000,0.000000000,0.004692793
1276,0.99011682,2.5684e+03,0.000000000,0.000000000,0.000000000,0.000000000,0.004688501
1277,0.99015062,2.5777e+03,0.000000000,0.000000000,0.000000000,0.000000000,0.004699469
1278,0.99018435,2.5871e+03,0.000000000,0.000000000,0.000000000,0.000000000,0.004700422
1279,0.99021801,2.5965e+03,0.000000000,0.000000000,0.000000000,0.000000000,0.004693270
1280,0.99025161,2.6059e+03,0.000000000,0.000000000,0.000000000,0.000000000,0.004699230
1281,0.99028521,2.6153e+03,0.000000000,0.000000000,0.000000000,0.000000000,0.004684925
1282,0.99031882,2.6248e+03,0.000000000,0.000000000,0.000000000,0.000000000,0.004688978
1283,0.99035246,2.6343e+03,0.000000000,0.000000000,0.000000000,0.000000000,0.004689455
1284,0.99038618,2.6439e+03,0.000000000,0.000000000,0.000000000,0.000000000,0.004690170
1285,0.99041999,2.6536e+03,0.000000000,0.000000000,0.000000000,0.000000000,0.004671335
1286,0.99045394,2.6633e+03,0.000000000,0.000000000,0.000000000,0.000000000,0.004707813
1287,0.99048808,2.6732e+03,0.000000000,0.000000000,0.000000000,0.000000000,0.004684210
1288,0.99052248,2.6831e+03,0.000000000,0.000000000,0.000000000,0.000000000,0.004689693
1289,0.99055723,2.6932e+03,0.000000000,0.000000000,0.000000000,0.000000000,0.004662275
1290,0.99059237,2.7034e+03,0.000000000,0.000000000,0.000000000,0.000000000,0.004693031
1291,0.99062797,2.7138e+03,0.000000000,0.000000000,0.000000000,0.000000000,0.004677534
1292,0.99066407,2.7243e+03,0.000000000,0.000000000,0.000000000,0.000000000,0.004683971
1293,0.99070070,2.7349e+03,0.000000000,0.000000000,0.000000000,0.000000000,0.004667997
1294,0.99073788,2.7458e+03,0.000000000,0.000000000,0.000000000,0.000000000,0.004685163
1295,0.99077560,2.7568e+03,0.000000000,0.000000000,0.000000000,0.000000000,0.004680395
1296,0.99081386,2.7680e+03,0.000000000,0.000000000,0.000000000,0.000000000,0.004682064
1297,0.99085264,2.7793e+03,0.000000000,0.000000000,0.000000000,0.000000000,0.004682779
1298,0.99089191,2.7909e+03,0.000000000,0.000000000,0.000000000,0.000000000,0.004687071
1299,0.99093163,2.8026e+03,0.000000000,0.000000000,0.000000000,0.000000000,0.004681349
1300,0.99097177,2.8145e+03,0.000000000,0.000000000,0.000000000,0.000000000,0.004680395
1301,0.99101228,2.8265e+03,0.000000000,0.000000000,0.000000000,0.000000000,0.005060673
1302,0.99105311,2.8387e+03,0.000000000,0.000000000,0.000000000,0.000000000,0.004722118
1303,0.99109422,2.8511e+03,0.000000000,0.000000000,0.000000000,0.000000000,0.004713297
1304,0.99113556,2.8635e+03,0.000000000,0.000000000,0.000000000,0.000000000,0.004703045
1305,0.99117705,2.8761e+03,0.000000000,0.000000000,0.000000000,0.000000000,0.004692316
1306,0.99121864,2.8889e+03,0.000000000,0.000000000,0.000000000,0.000000000,0.004694700
1307,0.99126026,2.9017e+03,0.000000000,0.000000000,0.000000000,0.000000000,0.004703760
1308,0.99130183,2.9146e+03,0.000000000,0.000000000,0.000000000,0.000000000,0.004697561
1309,0.99134329,2.9276e+03,0.000000000,0.000000000,0.000000000,0.000000000,0.004681587
1310,0.99138456,2.9406e+03,0.000000000,0.000000000,0.000000000,0.000000000,0.004682779
1311,0.99142556,2.9537e+03,0.000000000,0.000000000,0.000000000,0.000000000,0.004704237
1312,0.99146623,2.9668e+03,0.000000000,0.000000000,0.000000000,0.000000000,0.004700661
1313,0.99150651,2.9799e+03,0.000000000,0.000000000,0.000000000,0.000000000,0.004690886
1314,0.99154634,2.9929e+03,0.000000000,0.000000000,0.000000000,0.000000000,0.004688501
1315,0.99158570,3.0060e+03,0.000000000,0.000000000,0.000000000,0.000000000,0.004693747
1316,0.99162455,3.0189e+03,0.000000000,0.000000000,0.000000000,0.000000000,0.004699945
1317,0.99166288,3.0319e+03,0.000000000,0.000000000,0.000000000,0.000000000,0.004684925
1318,0.99170067,3.0448e+03,0.000000000,0.000000000,0.000000000,0.000000000,0.004684925
1319,0.99173793,3.0575e+03,0.000000000,0.000000000,0.000000000,0.000000000,0.004688263
1320,0.99177464,3.0703e+03,0.000000000,0.000000000,0.000000000,0.000000000,0.004691124
1321,0.99181082,3.0829e+03,0.000000000,0.000000000,0.000000000,0.000000000,0.004679441
1322,0.99184644,3.0954e+03,0.000000000,0.000000000,0.000000000,0.000000000,0.004686356
1323,0.99188151,3.1078e+03,0.000000000,0.000000000,0.000000000,0.000000000,0.004683971
1324,0.99191602,3.1201e+03,0.000000000,0.000000000,0.000000000,0.000000000,0.004683256
1325,0.99194997,3.1323e+03,0.000000000,0.000000000,0.000000000,0.000000000,0.004681349
1326,0.99198335,3.1444e+03,0.000000000,0.000000000,0.000000000,0.000000000,0.004683256
1327,0.99201614,3.1563e+03,0.000000000,0.000000000,0.000000000,0.000000000,0.004689693
1328,0.99204829,3.1681e+03,0.000000000,0.000000000,0.000000000,0.000000000,0.004695654
1329,0.99207979,3.1797e+03,0.000000000,0.000000000,0.000000000,0.000000000,0.004682779
1330,0.99211060,3.1911e+03,0.000000000,0.000000000,0.000000000,0.000000000,0.004677296
1331,0.99214068,3.2024e+03,0.000000000,0.000000000,0.000000000,0.000000000,0.004687548
1332,0.99217002,3.2135e+03,0.000000000,0.000000000,0.000000000,0.000000000,0.004693508
1333,0.99219860,3.2243e+03,0.000000000,0.000000000,0.000000000,0.000000000,0.004679441
1334,0.99222639,3.2350e+03,0.000000000,0.000000000,0.000000000,0.000000000,0.004679441
1335,0.99225339,3.2455e+03,0.000000000,0.000000000,0.000000000,0.000000000,0.004688740
1336,0.99227959,3.2558e+03,0.000000000,0.000000000,0.000000000,0.000000000,0.004693985
1337,0.99230502,3.2659e+03,0.000000000,0.000000000,0.000000000,0.000000000,0.004684448
1338,0.99232968,3.2759e+03,0.000000000,0.000000000,0.000000000,0.000000000,0.004680634
1339,0.99235361,3.2856e+03,0.000000000,0.000000000,0.000000000,0.000000000,0.004684448
1340,0.99237685,3.2951e+03,0.000000000,0.000000000,0.000000000,0.000000000,0.004676342
1341,0.99239942,3.3045e+03,0.000000000,0.000000000,0.000000000,0.000000000,0.004673243
1342,0.99242139,3.3138e+03,0.000000000,0.000000000,0.000000000,0.000000000,0.004695415
1343,0.99244279,3.3229e+03,0.000000000,0.000000000,0.000000000,0.000000000,0.004695654
1344,0.99246370,3.3319e+03,0.000000000,0.000000000,0.000000000,0.000000000,0.004683971
1345,0.99248415,3.3408e+03,0.000000000,0.000000000,0.000000000,0.000000000,0.004682302
1346,0.99250419,3.3496e+03,0.000000000,0.000000000,0.000000000,0.000000000,0.004688263
1347,0.99252389,3.3583e+03,0.000000000,0.000000000,0.000000000,0.000000000,0.004687548
1348,0.99254329,3.3670e+03,0.000000000,0.000000000,0.000000000,0.000000000,0.004675388
1349,0.99256244,3.3756e+03,0.000000000,0.000000000,0.000000000,0.000000000,0.004661798
1350,0.99258137,3.3842e+03,0.000000000,0.000000000,0.000000000,0.000000000,0.004687786
1351,0.99260013,3.3928e+03,0.000000000,0.000000000,0.000000000,0.000000000,0.004774094
1352,0.99261875,3.4014e+03,0.000000000,0.000000000,0.000000000,0.000000000,0.004717827
1353,0.99263727,3.4099e+03,0.000000000,0.000000000,0.000000000,0.000000000,0.004706383
1354,0.99265572,3.4185e+03,0.000000000,0.000000000,0.000000000,0.000000000,0.004708052
1355,0.99267413,3.4271e+03,0.000000000,0.000000000,0.000000000,0.000000000,0.004707813
1356,0.99269251,3.4358e+03,0.000000000,0.000000000,0.000000000,0.000000000,0.004697800
1357,0.99271088,3.4445e+03,0.000000000,0.000000000,0.000000000,0.000000000,0.004691839
1358,0.99272924,3.4532e+03,0.000000000,0.000000000,0.000000000,0.000000000,0.004690409
1359,0.99274761,3.4620e+03,0.000000000,0.000000000,0.000000000,0.000000000,0.004720211
1360,0.99276601,3.4708e+03,0.000000000,0.000000000,0.000000000,0.000000000,0.004697800
1361,0.99278442,3.4798e+03,0.000000000,0.000000000,0.000000000,0.000000000,0.004698992
1362,0.99280288,3.4887e+03,0.000000000,0.000000000,0.000000000,0.000000000,0.004685163
1363,0.99282139,3.4978e+03,0.000000000,0.000000000,0.000000000,0.000000000,0.004684925
1364,0.99283997,3.5070e+03,0.000000000,0.000000000,0.000000000,0.000000000,0.004709482
1365,0.99285861,3.5162e+03,0.000000000,0.000000000,0.000000000,0.000000000,0.004707098
1366,0.99287735,3.5256e+03,0.000000000,0.000000000,0.000000000,0.000000000,0.004688025
1367,0.99289618,3.5350e+03,0.000000000,0.000000000,0.000000000,0.000000000,0.004704952
1368,0.99291513,3.5446e+03,0.000000000,0.000000000,0.000000000,0.000000000,0.004715919
1369,0.99293420,3.5543e+03,0.000000000,0.000000000,0.000000000,0.000000000,0.004703283
1370,0.99295339,3.5641e+03,0.000000000,0.000000000,0.000000000,0.000000000,0.004696608
1371,0.99297271,3.5740e+03,0.000000000,0.000000000,0.000000000,0.000000000,0.004698277
1372,0.99299216,3.5841e+03,0.000000000,0.000000000,0.000000000,0.000000000,0.004691362
1373,0.99301175,3.5942e+03,0.000000000,0.000000000,0.000000000,0.000000000,0.004699707
1374,0.99303147,3.6045e+03,0.000000000,0.000000000,0.000000000,0.000000000,0.004717112
1375,0.99305135,3.6149e+03,0.000000000,0.000000000,0.000000000,0.000000000,0.004694700
1376,0.99307139,3.6255e+03,0.000000000,0.000000000,0.000000000,0.000000000,0.004687786
1377,0.99309161,3.6362e+03,0.000000000,0.000000000,0.000000000,0.000000000,0.004702806
1378,0.99311202,3.6470e+03,0.000000000,0.000000000,0.000000000,0.000000000,0.004699469
1379,0.99313264,3.6580e+03,0.000000000,0.000000000,0.000000000,0.000000000,0.004693985
1380,0.99315348,3.6691e+03,0.000000000,0.000000000,0.000000000,0.000000000,0.004711151
1381,0.99317454,3.6804e+03,0.000000000,0.000000000,0.000000000,0.000000000,0.004695415
1382,0.99319583,3.6918e+03,0.000000000,0.000000000,0.000000000,0.000000000,0.004720688
1383,0.99321732,3.7034e+03,0.000000000,0.000000000,0.000000000,0.000000000,0.004682541
1384,0.99323900,3.7151e+03,0.000000000,0.000000000,0.000000000,0.000000000,0.004706621
1385,0.99326085,3.7269e+03,0.000000000,0.000000000,0.000000000,0.000000000,0.004700899
1386,0.99328281,3.7389e+03,0.000000000,0.000000000,0.000000000,0.000000000,0.004699945
1387,0.99330487,3.7509e+03,0.000000000,0.000000000,0.000000000,0.000000000,0.004707813
1388,0.99332697,3.7630e+03,0.000000000,0.000000000,0.000000000,0.000000000,0.004694223
1389,0.99334908,3.7752e+03,0.000000000,0.000000000,0.000000000,0.000000000,0.004696131
1390,0.99337115,3.7875e+03,0.000000000,0.000000000,0.000000000,0.000000000,0.004701138
1391,0.99339314,3.7998e+03,0.000000000,0.000000000,0.000000000,0.000000000,0.004690647
1392,0.99341503,3.8121e+03,0.000000000,0.000000000,0.000000000,0.000000000,0.004695415
1393,0.99343677,3.8244e+03,0.000000000,0.000000000,0.000000000,0.000000000,0.004693031
1394,0.99345831,3.8367e+03,0.000000000,0.000000000,0.000000000,0.000000000,0.004684210
1395,0.99347962,3.8489e+03,0.000000000,0.000000000,0.000000000,0.000000000,0.004691839
1396,0.99350066,3.8611e+03,0.000000000,0.000000000,0.000000000,0.000000000,0.004676819
1397,0.99352140,3.8732e+03,0.000000000,0.000000000,0.000000000,0.000000000,0.004690886
1398,0.99354182,3.8853e+03,0.000000000,0.000000000,0.000000000,0.000000000,0.004694223
1399,0.99356190,3.8972e+03,0.000000000,0.000000000,0.000000000,0.000000000,0.004668951
1400,0.99358162,3.9090e+03,0.000000000,0.000000000,0.000000000,0.000000000,0.004675388
1401,0.99360099,3.9207e+03,0.000000000,0.000000000,0.000000000,0.000000000,0.004784822
1402,0.99361997,3.9322e+03,0.000000000,0.000000000,0.000000000,0.000000000,0.004734516
1403,0.99363859,3.9436e+03,0.000000000,0.000000000,0.000000000,0.000000000,0.004703522
1404,0.99365684,3.9549e+03,0.000000000,0.000000000,0.000000000,0.000000000,0.004695177
1405,0.99367471,3.9660e+03,0.000000000,0.000000000,0.000000000,0.000000000,0.004716396
1406,0.99369220,3.9769e+03,0.000000000,0.000000000,0.000000000,0.000000000,0.004737377
1407,0.99370933,3.9877e+03,0.000000000,0.000000000,0.000000000,0.000000000,0.004697323
1408,0.99372611,3.9984e+03,0.000000000,0.000000000,0.000000000,0.000000000,0.004714966
1409,0.99374254,4.0089e+03,0.000000000,0.000000000,0.000000000,0.000000000,0.004693985
1410,0.99375864,4.0192e+03,0.000000000,0.000000000,0.000000000,0.000000000,0.004710674
1411,0.99377442,4.0294e+03,0.000000000,0.000000000,0.000000000,0.000000000,0.004698753
1412,0.99378989,4.0395e+03,0.000000000,0.000000000,0.000000000,0.000000000,0.004685879
1413,0.99380507,4.0494e+03,0.000000000,0.000000000,0.000000000,0.000000000,0.004696131
1414,0.99381998,4.0591e+03,0.000000000,0.000000000,0.000000000,0.000000000,0.004691124
1415,0.99383464,4.0688e+03,0.000000000,0.000000000,0.000000000,0.000000000,0.004687309
1416,0.99384905,4.0783e+03,0.000000000,0.000000000,0.000000000,0.000000000,0.004691839
1417,0.99386323,4.0877e+03,0.000000000,0.000000000,0.000000000,0.000000000,0.004692078
1418,0.99387720,4.0969e+03,0.000000000,0.000000000,0.000000000,0.000000000,0.004682541
1419,0.99389095,4.1061e+03,0.000000000,0.000000000,0.000000000,0.000000000,0.004698038
1420,0.99390450,4.1151e+03,0.000000000,0.000000000,0.000000000,0.000000000,0.004696608
1421,0.99391785,4.1240e+03,0.000000000,0.000000000,0.000000000,0.000000000,0.004705667
1422,0.99393101,4.1328e+03,0.000000000,0.000000000,0.000000000,0.000000000,0.004702806
1423,0.99394396,4.1415e+03,0.000000000,0.000000000,0.000000000,0.000000000,0.004724503
1424,0.99395673,4.1501e+03,0.000000000,0.000000000,0.000000000,0.000000000,0.004700899
1425,0.99396931,4.1586e+03,0.000000000,0.000000000,0.000000000,0.000000000,0.004700422
1426,0.99398170,4.1670e+03,0.000000000,0.000000000,0.000000000,0.000000000,0.004710197
1427,0.99399392,4.1753e+03,0.000000000,0.000000000,0.000000000,0.000000000,0.004711151
1428,0.99400596,4.1835e+03,0.000000000,0.000000000,0.000000000,0.000000000,0.004703999
1429,0.99401784,4.1916e+03,0.000000000,0.000000000,0.000000000,0.000000000,0.004697084
1430,0.99402956,4.1997e+03,0.000000000,0.000000000,0.000000000,0.000000000,0.004696846
1431,0.99404112,4.2077e+03,0.000000000,0.000000000,0.000000000,0.000000000,0.004698515
1432,0.99405253,4.2156e+03,0.000000000,0.000000000,0.000000000,0.000000000,0.004682541
1433,0.99406379,4.2235e+03,0.000000000,0.000000000,0.000000000,0.000000000,0.004684210
1434,0.99407489,4.2313e+03,0.000000000,0.000000000,0.000000000,0.000000000,0.004692078
1435,0.99408585,4.2390e+03,0.000000000,0.000000000,0.000000000,0.000000000,0.004700661
1436,0.99409666,4.2467e+03,0.000000000,0.000000000,0.000000000,0.000000000,0.004697084
1437,0.99410733,4.2543e+03,0.000000000,0.000000000,0.000000000,0.000000000,0.004689693
1438,0.99411786,4.2618e+03,0.000000000,0.000000000,0.000000000,0.000000000,0.004681110
1439,0.99412826,4.2693e+03,0.000000000,0.000000000,0.000000000,0.000000000,0.004695892
1440,0.99413852,4.2766e+03,0.000000000,0.000000000,0.000000000,0.000000000,0.004695654
1441,0.99414866,4.2839e+03,0.000000000,0.000000000,0.000000000,0.000000000,0.004683495
1442,0.99415866,4.2912e+03,0.000000000,0.000000000,0.000000000,0.000000000,0.004690647
1443,0.99416854,4.2984e+03,0.000000000,0.000000000,0.000000000,0.000000000,0.004705667
1444,0.99417829,4.3055e+03,0.000000000,0.000000000,0.000000000,0.000000000,0.004699945
1445,0.99418790,4.3125e+03,0.000000000,0.000000000,0.000000000,0.000000000,0.004694462
1446,0.99419737,4.3195e+03,0.000000000,0.000000000,0.000000000,0.000000000,0.004687786
1447,0.99420671,4.3265e+03,0.000000000,0.000000000,0.000000000,0.000000000,0.004699230
1448,0.99421590,4.3334e+03,0.000000000,0.000000000,0.000000000,0.000000000,0.004686117
1449,0.99422497,4.3402e+03,0.000000000,0.000000000,0.000000000,0.000000000,0.004714727
1450,0.99423390,4.3470e+03,0.000000000,0.000000000,0.000000000,0.000000000,0.004673958
1451,0.99424270,4.3538e+03,0.000000000,0.000000000,0.000000000,0.000000000,0.004794121
1452,0.99425140,4.3605e+03,0.000000000,0.000000000,0.000000000,0.000000000,0.004719257
1453,0.99425999,4.3672e+03,0.000000000,0.000000000,0.000000000,0.000000000,0.004699945
1454,0.99426850,4.3739e+03,0.000000000,0.000000000,0.000000000,0.000000000,0.004717588
1455,0.99427694,4.3806e+03,0.000000000,0.000000000,0.000000000,0.000000000,0.004722595
1456,0.99428534,4.3873e+03,0.000000000,0.000000000,0.000000000,0.000000000,0.004709005
1457,0.99429371,4.3941e+03,0.000000000,0.000000000,0.000000000,0.000000000,0.004719734
1458,0.99430207,4.4009e+03,0.000000000,0.000000000,0.000000000,0.000000000,0.004698753
1459,0.99431043,4.4077e+03,0.000000000,0.000000000,0.000000000,0.000000000,0.004700184
1460,0.99431881,4.4145e+03,0.000000000,0.000000000,0.000000000,0.000000000,0.004696369
1461,0.99432724,4.4215e+03,0.000000000,0.000000000,0.000000000,0.000000000,0.004700422
1462,0.99433572,4.4285e+03,0.000000000,0.000000000,0.000000000,0.000000000,0.004711628
1463,0.99434427,4.4356e+03,0.000000000,0.000000000,0.000000000,0.000000000,0.004696846
1464,0.99435292,4.4429e+03,0.000000000,0.000000000,0.000000000,0.000000000,0.004696608
1465,0.99436169,4.4502e+03,0.000000000,0.000000000,0.000000000,0.000000000,0.004717112
1466,0.99437058,4.4577e+03,0.000000000,0.000000000,0.000000000,0.000000000,0.004695177
1467,0.99437964,4.4653e+03,0.000000000,0.000000000,0.000000000,0.000000000,0.004698753
1468,0.99438887,4.4731e+03,0.000000000,0.000000000,0.000000000,0.000000000,0.004696846
1469,0.99439830,4.4810e+03,0.000000000,0.000000000,0.000000000,0.000000000,0.004696369
1470,0.99440795,4.4892e+03,0.000000000,0.000000000,0.000000000,0.000000000,0.004703522
1471,0.99441784,4.4975e+03,0.000000000,0.000000000,0.000000000,0.000000000,0.004697323
1472,0.99442797,4.5060e+03,0.000000000,0.000000000,0.000000000,0.000000000,0.004695654
1473,0.99443836,4.5147e+03,0.000000000,0.000000000,0.000000000,0.000000000,0.004707336
1474,0.99444900,4.5236e+03,0.000000000,0.000000000,0.000000000,0.000000000,0.004695654
1475,0.99445991,4.5328e+03,0.000000000,0.000000000,0.000000000,0.000000000,0.004701138
1476,0.99447108,4.5421e+03,0.000000000,0.000000000,0.000000000,0.000000000,0.004689932
1477,0.99448251,4.5516e+03,0.000000000,0.000000000,0.000000000,0.000000000,0.004695415
1478,0.99449418,4.5614e+03,0.000000000,0.000000000,0.000000000,0.000000000,0.004697800
1479,0.99450609,4.5713e+03,0.000000000,0.000000000,0.000000000,0.000000000,0.004700184
1480,0.99451822,4.5814e+03,0.000000000,0.000000000,0.000000000,0.000000000,0.004686832
1481,0.99453056,4.5917e+03,0.000000000,0.000000000,0.000000000,0.000000000,0.005255461
1482,0.99454310,4.6022e+03,0.000000000,0.000000000,0.000000000,0.000000000,0.004945993
1483,0.99455582,4.6129e+03,0.000000000,0.000000000,0.000000000,0.000000000,0.004727125
1484,0.99456871,4.6237e+03,0.000000000,0.000000000,0.000000000,0.000000000,0.004691601
1485,0.99458174,4.6346e+03,0.000000000,0.000000000,0.000000000,0.000000000,0.004698992
1486,0.99459492,4.6457e+03,0.000000000,0.000000000,0.000000000,0.000000000,0.004698753
1487,0.99460823,4.6568e+03,0.000000000,0.000000000,0.000000000,0.000000000,0.004700899
1488,0.99462168,4.6681e+03,0.000000000,0.000000000,0.000000000,0.000000000,0.004703522
1489,0.99463526,4.6795e+03,0.000000000,0.000000000,0.000000000,0.000000000,0.004699707
1490,0.99464897,4.6910e+03,0.000000000,0.000000000,0.000000000,0.000000000,0.004693985
1491,0.99466282,4.7026e+03,0.000000000,0.000000000,0.000000000,0.000000000,0.004712820
1492,0.99467680,4.7143e+03,0.000000000,0.000000000,0.000000000,0.000000000,0.004693985
1493,0.99469092,4.7261e+03,0.000000000,0.000000000,0.000000000,0.000000000,0.004707575
1494,0.99470514,4.7380e+03,0.000000000,0.000000000,0.000000000,0.000000000,0.004703999
1495,0.99471948,4.7499e+03,0.000000000,0.000000000,0.000000000,0.000000000,0.004682064
1496,0.99473390,4.7619e+03,0.000000000,0.000000000,0.000000000,0.000000000,0.004694462
1497,0.99474838,4.7739e+03,0.000000000,0.000000000,0.000000000,0.000000000,0.004690647
1498,0.99476290,4.7860e+03,0.000000000,0.000000000,0.000000000,0.000000000,0.004689217
1499,0.99477745,4.7981e+03,0.000000000,0.000000000,0.000000000,0.000000000,0.004700184
1500,0.99479198,4.8103e+03,0.000000000,0.000000000,0.000000000,0.000000000,0.004677773
1501,0.99480649,4.8224e+03,0.000000000,0.000000000,0.000000000,0.000000000,0.004783392
1502,0.99482095,4.8346e+03,0.000000000,0.000000000,0.000000000,0.000000000,0.004721403
1503,0.99483535,4.8467e+03,0.000000000,0.000000000,0.000000000,0.000000000,0.004711390
1504,0.99484967,4.8589e+03,0.000000000,0.000000000,0.000000000,0.000000000,0.004720926
1505,0.99486389,4.8710e+03,0.000000000,0.000000000,0.000000000,0.000000000,0.004711628
1506,0.99487798,4.8831e+03,0.000000000,0.000000000,0.000000000,0.000000000,0.004694939
1507,0.99489195,4.8951e+03,0.000000000,0.000000000,0.000000000,0.000000000,0.004712820
1508,0.99490577,4.9071e+03,0.000000000,0.000000000,0.000000000,0.000000000,0.004709005
1509,0.99491942,4.9191e+03,0.000000000,0.000000000,0.000000000,0.000000000,0.004695177
1510,0.99493290,4.9310e+03,0.000000000,0.000000000,0.000000000,0.000000000,0.004712820
1511,0.99494619,4.9428e+03,0.000000000,0.000000000,0.000000000,0.000000000,0.004701138
1512,0.99495929,4.9546e+03,0.000000000,0.000000000,0.000000000,0.000000000,0.004702091
1513,0.99497219,4.9663e+03,0.000000000,0.000000000,0.000000000,0.000000000,0.004689455
1514,0.99498488,4.9779e+03,0.000000000,0.000000000,0.000000000,0.000000000,0.004693508
1515,0.99499739,4.9894e+03,0.000000000,0.000000000,0.000000000,0.000000000,0.004699230
1516,0.99500972,5.0009e+03,0.000000000,0.000000000,0.000000000,0.000000000,0.004691124
1517,0.99502187,5.0123e+03,0.000000000,0.000000000,0.000000000,0.000000000,0.004707336
1518,0.99503385,5.0236e+03,0.000000000,0.000000000,0.000000000,0.000000000,0.004693747
1519,0.99504568,5.0348e+03,0.000000000,0.000000000,0.000000000,0.000000000,0.004717588
1520,0.99505738,5.0460e+03,0.000000000,0.000000000,0.000000000,0.000000000,0.004693270
1521,0.99506893,5.0571e+03,0.000000000,0.000000000,0.000000000,0.000000000,0.004688263
1522,0.99508036,5.0682e+03,0.000000000,0.000000000,0.000000000,0.000000000,0.004674435
1523,0.99509168,5.0792e+03,0.000000000,0.000000000,0.000000000,0.000000000,0.004702091
1524,0.99510288,5.0902e+03,0.000000000,0.000000000,0.000000000,0.000000000,0.004691601
1525,0.99511398,5.1011e+03,0.000000000,0.000000000,0.000000000,0.000000000,0.004690170
1526,0.99512498,5.1120e+03,0.000000000,0.000000000,0.000000000,0.000000000,0.004686117
1527,0.99513590,5.1229e+03,0.000000000,0.000000000,0.000000000,0.000000000,0.004705429
1528,0.99514673,5.1337e+03,0.000000000,0.000000000,0.000000000,0.000000000,0.004706621
1529,0.99515748,5.1446e+03,0.000000000,0.000000000,0.000000000,0.000000000,0.004689217
1530,0.99516815,5.1554e+03,0.000000000,0.000000000,0.000000000,0.000000000,0.004692078
1531,0.99517875,5.1662e+03,0.000000000,0.000000000,0.000000000,0.000000000,0.004689693
1532,0.99518927,5.1771e+03,0.000000000,0.000000000,0.000000000,0.000000000,0.004687548
1533,0.99519972,5.1879e+03,0.000000000,0.000000000,0.000000000,0.000000000,0.004693985
1534,0.99521010,5.1987e+03,0.000000000,0.000000000,0.000000000,0.000000000,0.004676342
1535,0.99522040,5.2096e+03,0.000000000,0.000000000,0.000000000,0.000000000,0.004697084
1536,0.99523063,5.2205e+03,0.000000000,0.000000000,0.000000000,0.000000000,0.004710913
1537,0.99524077,5.2313e+03,0.000000000,0.000000000,0.000000000,0.000000000,0.004684687
1538,0.99525083,5.2422e+03,0.000000000,0.000000000,0.000000000,0.000000000,0.004694700
1539,0.99526081,5.2531e+03,0.000000000,0.000000000,0.000000000,0.000000000,0.004713058
1540,0.99527071,5.2640e+03,0.000000000,0.000000000,0.000000000,0.000000000,0.004711866
1541,0.99528052,5.2750e+03,0.000000000,0.000000000,0.000000000,0.000000000,0.004696131
1542,0.99529026,5.2859e+03,0.000000000,0.000000000,0.000000000,0.000000000,0.004692078
1543,0.99529993,5.2968e+03,0.000000000,0.000000000,0.000000000,0.000000000,0.004692793
1544,0.99530952,5.3078e+03,0.000000000,0.000000000,0.000000000,0.000000000,0.004706383
1545,0.99531905,5.3188e+03,0.000000000,0.000000000,0.000000000,0.000000000,0.004688025
1546,0.99532852,5.3298e+03,0.000000000,0.000000000,0.000000000,0.000000000,0.004679680
1547,0.99533792,5.3408e+03,0.000000000,0.000000000,0.000000000,0.000000000,0.004694939
1548,0.99534727,5.3518e+03,0.000000000,0.000000000,0.000000000,0.000000000,0.004690886
1549,0.99535657,5.3628e+03,0.000000000,0.000000000,0.000000000,0.000000000,0.004690409
1550,0.99536581,5.3739e+03,0.000000000,0.000000000,0.000000000,0.000000000,0.004691601
1551,0.99537501,5.3850e+03,0.000000000,0.000000000,0.000000000,0.000000000,0.004788160
1552,0.99538418,5.3960e+03,0.000000000,0.000000000,0.000000000,0.000000000,0.004748106
1553,0.99539330,5.4071e+03,0.000000000,0.000000000,0.000000000,0.000000000,0.004709482
1554,0.99540239,5.4182e+03,0.000000000,0.000000000,0.000000000,0.000000000,0.004732370
1555,0.99541144,5.4294e+03,0.000000000,0.000000000,0.000000000,0.000000000,0.004710913
1556,0.99542047,5.4405e+03,0.000000000,0.000000000,0.000000000,0.000000000,0.004711390
1557,0.99542947,5.4516e+03,0.000000000,0.000000000,0.000000000,0.000000000,0.004713535
1558,0.99543845,5.4627e+03,0.000000000,0.000000000,0.000000000,0.000000000,0.004712582
1559,0.99544741,5.4738e+03,0.000000000,0.000000000,0.000000000,0.000000000,0.004694939
1560,0.99545635,5.4849e+03,0.000000000,0.000000000,0.000000000,0.000000000,0.004705429
1561,0.99546527,5.4961e+03,0.000000000,0.000000000,0.000000000,0.000000000,0.004724264
1562,0.99547417,5.5072e+03,0.000000000,0.000000000,0.000000000,0.000000000,0.004714966
1563,0.99548307,5.5183e+03,0.000000000,0.000000000,0.000000000,0.000000000,0.004715919
1564,0.99549195,5.5294e+03,0.000000000,0.000000000,0.000000000,0.000000000,0.004696369
1565,0.99550084,5.5405e+03,0.000000000,0.000000000,0.000000000,0.000000000,0.004722834
1566,0.99550973,5.5516e+03,0.000000000,0.000000000,0.000000000,0.000000000,0.004717112
1567,0.99551863,5.5627e+03,0.000000000,0.000000000,0.000000000,0.000000000,0.004713535
1568,0.99552753,5.5738e+03,0.000000000,0.000000000,0.000000000,0.000000000,0.004692793
1569,0.99553644,5.5849e+03,0.000000000,0.000000000,0.000000000,0.000000000,0.004684448
1570,0.99554535,5.5960e+03,0.000000000,0.000000000,0.000000000,0.000000000,0.004696608
1571,0.99555426,5.6071e+03,0.000000000,0.000000000,0.000000000,0.000000000,0.004704475
1572,0.99556316,5.6182e+03,0.000000000,0.000000000,0.000000000,0.000000000,0.004693031
1573,0.99557206,5.6293e+03,0.000000000,0.000000000,0.000000000,0.000000000,0.004699230
1574,0.99558095,5.6403e+03,0.000000000,0.000000000,0.000000000,0.000000000,0.004714012
1575,0.99558982,5.6514e+03,0.000000000,0.000000000,0.000000000,0.000000000,0.004710674
1576,0.99559869,5.6624e+03,0.000000000,0.000000000,0.000000000,0.000000000,0.004702091
1577,0.99560755,5.6735e+03,0.000000000,0.000000000,0.000000000,0.000000000,0.004704714
1578,0.99561642,5.6845e+03,0.000000000,0.000000000,0.000000000,0.000000000,0.004707098
1579,0.99562530,5.6955e+03,0.000000000,0.000000000,0.000000000,0.000000000,0.004711866
1580,0.99563420,5.7065e+03,0.000000000,0.000000000,0.000000000,0.000000000,0.004705429
1581,0.99564313,5.7176e+03,0.000000000,0.000000000,0.000000000,0.000000000,0.004698515
1582,0.99565209,5.7287e+03,0.000000000,0.000000000,0.000000000,0.000000000,0.004704952
1583,0.99566110,5.7398e+03,0.000000000,0.000000000,0.000000000,0.000000000,0.004709721
1584,0.99567014,5.7509e+03,0.000000000,0.000000000,0.000000000,0.000000000,0.004702806
1585,0.99567922,5.7621e+03,0.000000000,0.000000000,0.000000000,0.000000000,0.004738092
1586,0.99568833,5.7733e+03,0.000000000,0.000000000,0.000000000,0.000000000,0.004705667
1587,0.99569748,5.7845e+03,0.000000000,0.000000000,0.000000000,0.000000000,0.004721403
1588,0.99570666,5.7958e+03,0.000000000,0.000000000,0.000000000,0.000000000,0.004702091
1589,0.99571586,5.8071e+03,0.000000000,0.000000000,0.000000000,0.000000000,0.004724503
1590,0.99572508,5.8185e+03,0.000000000,0.000000000,0.000000000,0.000000000,0.004706383
1591,0.99573431,5.8300e+03,0.000000000,0.000000000,0.000000000,0.000000000,0.004692793
1592,0.99574355,5.8414e+03,0.000000000,0.000000000,0.000000000,0.000000000,0.004721165
1593,0.99575280,5.8530e+03,0.000000000,0.000000000,0.000000000,0.000000000,0.004710674
1594,0.99576205,5.8645e+03,0.000000000,0.000000000,0.000000000,0.000000000,0.004709721
1595,0.99577130,5.8761e+03,0.000000000,0.000000000,0.000000000,0.000000000,0.004693508
1596,0.99578054,5.8878e+03,0.000000000,0.000000000,0.000000000,0.000000000,0.004717112
1597,0.99578977,5.8995e+03,0.000000000,0.000000000,0.000000000,0.000000000,0.004724026
1598,0.99579898,5.9112e+03,0.000000000,0.000000000,0.000000000,0.000000000,0.004698277
1599,0.99580816,5.9229e+03,0.000000000,0.000000000,0.000000000,0.000000000,0.004701614
1600,0.99581730,5.9347e+03,0.000000000,0.000000000,0.000000000,0.000000000,0.004723072
1601,0.99582640,5.9464e+03,0.000000000,0.000000000,0.000000000,0.000000000,0.004768610
1602,0.99583545,5.9582e+03,0.000000000,0.000000000,0.000000000,0.000000000,0.004723072
1603,0.99584444,5.9699e+03,0.000000000,0.000000000,0.000000000,0.000000000,0.004723549
1604,0.99585338,5.9816e+03,0.000000000,0.000000000,0.000000000,0.000000000,0.004709959
1605,0.99586225,5.9933e+03,0.000000000,0.000000000,0.000000000,0.000000000,0.004714012
1606,0.99587106,6.0050e+03,0.000000000,0.000000000,0.000000000,0.000000000,0.004710913
1607,0.99587979,6.0166e+03,0.000000000,0.000000000,0.000000000,0.000000000,0.004712105
1608,0.99588846,6.0282e+03,0.000000000,0.000000000,0.000000000,0.000000000,0.004691124
1609,0.99589705,6.0398e+03,0.000000000,0.000000000,0.000000000,0.000000000,0.004697800
1610,0.99590556,6.0513e+03,0.000000000,0.000000000,0.000000000,0.000000000,0.004705429
1611,0.99591399,6.0628e+03,0.000000000,0.000000000,0.000000000,0.000000000,0.004702568
1612,0.99592233,6.0742e+03,0.000000000,0.000000000,0.000000000,0.000000000,0.004714966
1613,0.99593059,6.0856e+03,0.000000000,0.000000000,0.000000000,0.000000000,0.004701376
1614,0.99593876,6.0969e+03,0.000000000,0.000000000,0.000000000,0.000000000,0.004721403
1615,0.99594685,6.1082e+03,0.000000000,0.000000000,0.000000000,0.000000000,0.004707575
1616,0.99595484,6.1194e+03,0.000000000,0.000000000,0.000000000,0.000000000,0.004697800
1617,0.99596273,6.1306e+03,0.000000000,0.000000000,0.000000000,0.000000000,0.004706860
1618,0.99597054,6.1417e+03,0.000000000,0.000000000,0.000000000,0.000000000,0.004702091
1619,0.99597824,6.1528e+03,0.000000000,0.000000000,0.000000000,0.000000000,0.004697323
1620,0.99598585,6.1638e+03,0.000000000,0.000000000,0.000000000,0.000000000,0.004701853
1621,0.99599336,6.1748e+03,0.000000000,0.000000000,0.000000000,0.000000000,0.004693508
1622,0.99600076,6.1858e+03,0.000000000,0.000000000,0.000000000,0.000000000,0.004698277
1623,0.99600806,6.1967e+03,0.000000000,0.000000000,0.000000000,0.000000000,0.004715204
1624,0.99601525,6.2075e+03,0.000000000,0.000000000,0.000000000,0.000000000,0.004707336
1625,0.99602233,6.2183e+03,0.000000000,0.000000000,0.000000000,0.000000000,0.006427288
1626,0.99602930,6.2291e+03,0.000000000,0.000000000,0.000000000,0.000000000,0.004702091
1627,0.99603615,6.2398e+03,0.000000000,0.000000000,0.000000000,0.000000000,0.004701138
1628,0.99604288,6.2504e+03,0.000000000,0.000000000,0.000000000,0.000000000,0.004688263
1629,0.99604949,6.2610e+03,0.000000000,0.000000000,0.000000000,0.000000000,0.004693985
1630,0.99605599,6.2716e+03,0.000000000,0.000000000,0.000000000,0.000000000,0.004708052
1631,0.99606237,6.2821e+03,0.000000000,0.000000000,0.000000000,0.000000000,0.004705429
1632,0.99606862,6.2925e+03,0.000000000,0.000000000,0.000000000,0.000000000,0.004695892
1633,0.99607475,6.3029e+03,0.000000000,0.000000000,0.000000000,0.000000000,0.004691839
1634,0.99608076,6.3131e+03,0.000000000,0.000000000,0.000000000,0.000000000,0.004680872
1635,0.99608664,6.3233e+03,0.000000000,0.000000000,0.000000000,0.000000000,0.004690170
1636,0.99609238,6.3334e+03,0.000000000,0.000000000,0.000000000,0.000000000,0.004693747
1637,0.99609800,6.3434e+03,0.000000000,0.000000000,0.000000000,0.000000000,0.004710674
1638,0.99610347,6.3532e+03,0.000000000,0.000000000,0.000000000,0.000000000,0.004688025
1639,0.99610882,6.3630e+03,0.000000000,0.000000000,0.000000000,0.000000000,0.004691362
1640,0.99611403,6.3726e+03,0.000000000,0.000000000,0.000000000,0.000000000,0.004678965
1641,0.99611910,6.3820e+03,0.000000000,0.000000000,0.000000000,0.000000000,0.004695654
1642,0.99612405,6.3913e+03,0.000000000,0.000000000,0.000000000,0.000000000,0.004690409
1643,0.99612887,6.4005e+03,0.000000000,0.000000000,0.000000000,0.000000000,0.004687548
1644,0.99613356,6.4095e+03,0.000000000,0.000000000,0.000000000,0.000000000,0.004683733
1645,0.99613813,6.4183e+03,0.000000000,0.000000000,0.000000000,0.000000000,0.004671097
1646,0.99614259,6.4270e+03,0.000000000,0.000000000,0.000000000,0.000000000,0.004695415
1647,0.99614694,6.4355e+03,0.000000000,0.000000000,0.000000000,0.000000000,0.004692793
1648,0.99615119,6.4439e+03,0.000000000,0.000000000,0.000000000,0.000000000,0.004684448
1649,0.99615534,6.4522e+03,0.000000000,0.000000000,0.000000000,0.000000000,0.004666567
1650,0.99615940,6.4603e+03,0.000000000,0.000000000,0.000000000,0.000000000,0.004687548
1651,0.99616339,6.4683e+03,0.000000000,0.000000000,0.000000000,0.000000000,0.004993439
1652,0.99616732,6.4762e+03,0.000000000,0.000000000,0.000000000,0.000000000,0.004725933
1653,0.99617120,6.4839e+03,0.000000000,0.000000000,0.000000000,0.000000000,0.004725695
1654,0.99617504,6.4916e+03,0.000000000,0.000000000,0.000000000,0.000000000,0.004725695
1655,0.99617886,6.4992e+03,0.000000000,0.000000000,0.000000000,0.000000000,0.004710436
1656,0.99618266,6.5068e+03,0.000000000,0.000000000,0.000000000,0.000000000,0.004734516
1657,0.99618646,6.5143e+03,0.000000000,0.000000000,0.000000000,0.000000000,0.004704952
1658,0.99619027,6.5217e+03,0.000000000,0.000000000,0.000000000,0.000000000,0.004709244
1659,0.99619409,6.5292e+03,0.000000000,0.000000000,0.000000000,0.000000000,0.004713535
1660,0.99619793,6.5366e+03,0.000000000,0.000000000,0.000000000,0.000000000,0.004709244
1661,0.99620179,6.5440e+03,0.000000000,0.000000000,0.000000000,0.000000000,0.004684448
1662,0.99620567,6.5514e+03,0.000000000,0.000000000,0.000000000,0.000000000,0.004705429
1663,0.99620957,6.5588e+03,0.000000000,0.000000000,0.000000000,0.000000000,0.004695415
1664,0.99621351,6.5662e+03,0.000000000,0.000000000,0.000000000,0.000000000,0.004706621
1665,0.99621749,6.5737e+03,0.000000000,0.000000000,0.000000000,0.000000000,0.004674196
1666,0.99622152,6.5811e+03,0.000000000,0.000000000,0.000000000,0.000000000,0.004703999
1667,0.99622560,6.5886e+03,0.000000000,0.000000000,0.000000000,0.000000000,0.004693985
1668,0.99622975,6.5962e+03,0.000000000,0.000000000,0.000000000,0.000000000,0.004695415
1669,0.99623398,6.6038e+03,0.000000000,0.000000000,0.000000000,0.000000000,0.004693747
1670,0.99623830,6.6115e+03,0.000000000,0.000000000,0.000000000,0.000000000,0.004716635
1671,0.99624272,6.6193e+03,0.000000000,0.000000000,0.000000000,0.000000000,0.004693508
1672,0.99624725,6.6272e+03,0.000000000,0.000000000,0.000000000,0.000000000,0.004705429
1673,0.99625189,6.6352e+03,0.000000000,0.000000000,0.000000000,0.000000000,0.004680157
1674,0.99625665,6.6433e+03,0.000000000,0.000000000,0.000000000,0.000000000,0.004690170
1675,0.99626153,6.6515e+03,0.000000000,0.000000000,0.000000000,0.000000000,0.004703999
1676,0.99626652,6.6598e+03,0.000000000,0.000000000,0.000000000,0.000000000,0.004700661
1677,0.99627163,6.6682e+03,0.000000000,0.000000000,0.000000000,0.000000000,0.004690886
1678,0.99627684,6.6767e+03,0.000000000,0.000000000,0.000000000,0.000000000,0.004706144
1679,0.99628216,6.6854e+03,0.000000000,0.000000000,0.000000000,0.000000000,0.004706621
1680,0.99628757,6.6941e+03,0.000000000,0.000000000,0.000000000,0.000000000,0.004712820
1681,0.99629307,6.7030e+03,0.000000000,0.000000000,0.000000000,0.000000000,0.004690170
1682,0.99629865,6.7120e+03,0.000000000,0.000000000,0.000000000,0.000000000,0.004703045
1683,0.99630429,6.7211e+03,0.000000000,0.000000000,0.000000000,0.000000000,0.004701614
1684,0.99630999,6.7302e+03,0.000000000,0.000000000,0.000000000,0.000000000,0.004706144
1685,0.99631574,6.7395e+03,0.000000000,0.000000000,0.000000000,0.000000000,0.004691839
1686,0.99632151,6.7489e+03,0.000000000,0.000000000,0.000000000,0.000000000,0.004683733
1687,0.99632731,6.7583e+03,0.000000000,0.000000000,0.000000000,0.000000000,0.004693031
1688,0.99633312,6.7678e+03,0.000000000,0.000000000,0.000000000,0.000000000,0.004703999
1689,0.99633892,6.7773e+03,0.000000000,0.000000000,0.000000000,0.000000000,0.004692554
1690,0.99634472,6.7869e+03,0.000000000,0.000000000,0.000000000,0.000000000,0.004691839
1691,0.99635051,6.7965e+03,0.000000000,0.000000000,0.000000000,0.000000000,0.004698515
1692,0.99635627,6.8062e+03,0.000000000,0.000000000,0.000000000,0.000000000,0.004705429
1693,0.99636202,6.8159e+03,0.000000000,0.000000000,0.000000000,0.000000000,0.004705191
1694,0.99636772,6.8256e+03,0.000000000,0.000000000,0.000000000,0.000000000,0.004683018
1695,0.99637340,6.8352e+03,0.000000000,0.000000000,0.000000000,0.000000000,0.004699469
1696,0.99637903,6.8449e+03,0.000000000,0.000000000,0.000000000,0.000000000,0.004696846
1697,0.99638462,6.8546e+03,0.000000000,0.000000000,0.000000000,0.000000000,0.004679680
1698,0.99639016,6.8643e+03,0.000000000,0.000000000,0.000000000,0.000000000,0.004694223
1699,0.99639565,6.8739e+03,0.000000000,0.000000000,0.000000000,0.000000000,0.004697084
1700,0.99640108,6.8835e+03,0.000000000,0.000000000,0.000000000,0.000000000,0.004682779
1701,0.99640644,6.8930e+03,0.000000000,0.000000000,0.000000000,0.000000000,0.004770517
1702,0.99641174,6.9025e+03,0.000000000,0.000000000,0.000000000,0.000000000,0.004717827
1703,0.99641697,6.9120e+03,0.000000000,0.000000000,0.000000000,0.000000000,0.004697084
1704,0.99642212,6.9213e+03,0.000000000,0.000000000,0.000000000,0.000000000,0.004703522
1705,0.99642719,6.9306e+03,0.000000000,0.000000000,0.000000000,0.000000000,0.004700899
1706,0.99643218,6.9398e+03,0.000000000,0.000000000,0.000000000,0.000000000,0.004691839
1707,0.99643707,6.9489e+03,0.000000000,0.000000000,0.000000000,0.000000000,0.004703999
1708,0.99644187,6.9579e+03,0.000000000,0.000000000,0.000000000,0.000000000,0.004699707
1709,0.99644656,6.9668e+03,0.000000000,0.000000000,0.000000000,0.000000000,0.004694700
1710,0.99645113,6.9755e+03,0.000000000,0.000000000,0.000000000,0.000000000,0.004708290
1711,0.99645559,6.9841e+03,0.000000000,0.000000000,0.000000000,0.000000000,0.004692793
1712,0.99645992,6.9925e+03,0.000000000,0.000000000,0.000000000,0.000000000,0.004704475
1713,0.99646412,7.0008e+03,0.000000000,0.000000000,0.000000000,0.000000000,0.004714251
1714,0.99646818,7.0089e+03,0.000000000,0.000000000,0.000000000,0.000000000,0.004692793
1715,0.99647212,7.0169e+03,0.000000000,0.000000000,0.000000000,0.000000000,0.004686832
1716,0.99647592,7.0247e+03,0.000000000,0.000000000,0.000000000,0.000000000,0.004695892
1717,0.99647960,7.0323e+03,0.000000000,0.000000000,0.000000000,0.000000000,0.004693747
1718,0.99648317,7.0398e+03,0.000000000,0.000000000,0.000000000,0.000000000,0.004696131
1719,0.99648662,7.0472e+03,0.000000000,0.000000000,0.000000000,0.000000000,0.004681349
1720,0.99648998,7.0544e+03,0.000000000,0.000000000,0.000000000,0.000000000,0.004671574
1721,0.99649324,7.0615e+03,0.000000000,0.000000000,0.000000000,0.000000000,0.004691362
1722,0.99649643,7.0685e+03,0.000000000,0.000000000,0.000000000,0.000000000,0.004686356
1723,0.99649954,7.0754e+03,0.000000000,0.000000000,0.000000000,0.000000000,0.004694462
1724,0.99650258,7.0821e+03,0.000000000,0.000000000,0.000000000,0.000000000,0.004680872
1725,0.99650557,7.0888e+03,0.000000000,0.000000000,0.000000000,0.000000000,0.004697800
1726,0.99654272,7.0954e+03,0.000000000,0.000000000,0.000000000,0.000000000,0.004067183
1727,0.99654272,7.1019e+03,0.000000000,0.000000000,0.000000000,0.000000000,0.004684448
1728,0.99654272,7.1084e+03,0.000000000,0.000000000,0.000000000,0.000000000,0.004691839
1729,0.99654272,7.1148e+03,0.000000000,0.000000000,0.000000000,0.000000000,0.004672766
1730,0.99654272,7.1212e+03,0.000000000,0.000000000,0.000000000,0.000000000,0.004688740
1731,0.99655774,7.1275e+03,0.000000000,0.000000000,0.000000000,0.000000000,0.004052639
1732,0.99655774,7.1337e+03,0.000000000,0.000000000,0.000000000,0.000000000,0.004702330
1733,0.99656373,7.1400e+03,0.000000000,0.000000000,0.000000000,0.000000000,0.004059315
1734,0.99656373,7.1461e+03,0.000000000,0.000000000,0.000000000,0.000000000,0.004688501
1735,0.99656913,7.1523e+03,0.000000000,0.000000000,0.000000000,0.000000000,0.004067183
1736,0.99656913,7.1584e+03,0.000000000,0.000000000,0.000000000,0.000000000,0.004684925
1737,0.99657437,7.1644e+03,0.000000000,0.000000000,0.000000000,0.000000000,0.004058123
1738,0.99657437,7.1704e+03,0.000000000,0.000000000,0.000000000,0.000000000,0.004682779
1739,0.99657945,7.1764e+03,0.000000000,0.000000000,0.000000000,0.000000000,0.004075527
1740,0.99657945,7.1823e+03,0.000000000,0.000000000,0.000000000,0.000000000,0.004681826
1741,0.99658438,7.1881e+03,0.000000000,0.000000000,0.000000000,0.000000000,0.004069328
1742,0.99658716,7.1940e+03,0.000000000,0.000000000,0.000000000,0.000000000,0.004084110
1743,0.99658957,7.1997e+03,0.000000000,0.000000000,0.000000000,0.000000000,0.004077673
1744,0.99659195,7.2055e+03,0.000000000,0.000000000,0.000000000,0.000000000,0.004070997
1745,0.99659431,7.2112e+03,0.000000000,0.000000000,0.000000000,0.000000000,0.004070044
1746,0.99659668,7.2169e+03,0.000000000,0.000000000,0.000000000,0.000000000,0.004056454
1747,0.99659905,7.2226e+03,0.000000000,0.000000000,0.000000000,0.000000000,0.004062891
1748,0.99660143,7.2283e+03,0.000000000,0.000000000,0.000000000,0.000000000,0.004064083
1749,0.99660382,7.2340e+03,0.000000000,0.000000000,0.000000000,0.000000000,0.004075527
1750,0.99660623,7.2396e+03,0.000000000,0.000000000,0.000000000,0.000000000,0.004063368
1751,0.99660864,7.2453e+03,0.000000000,0.000000000,0.000000000,0.000000000,0.004164696
1752,0.99661108,7.2510e+03,0.000000000,0.000000000,0.000000000,0.000000000,0.004094124
1753,0.99661351,7.2567e+03,0.000000000,0.000000000,0.000000000,0.000000000,0.004089594
1754,0.99661596,7.2624e+03,0.000000000,0.000000000,0.000000000,0.000000000,0.004074812
1755,0.99661841,7.2681e+03,0.000000000,0.000000000,0.000000000,0.000000000,0.004076004
1756,0.99662085,7.2737e+03,0.000000000,0.000000000,0.000000000,0.000000000,0.004070759
1757,0.99662330,7.2793e+03,0.000000000,0.000000000,0.000000000,0.000000000,0.004072189
1758,0.99662573,7.2849e+03,0.000000000,0.000000000,0.000000000,0.000000000,0.004065990
1759,0.99662815,7.2905e+03,0.000000000,0.000000000,0.000000000,0.000000000,0.004075050
1760,0.99663055,7.2959e+03,0.000000000,0.000000000,0.000000000,0.000000000,0.004066229
1761,0.99663293,7.3014e+03,0.000000000,0.000000000,0.000000000,0.000000000,0.004075527
1762,0.99663528,7.3067e+03,0.000000000,0.000000000,0.000000000,0.000000000,0.004068851
1763,0.99663760,7.3120e+03,0.000000000,0.000000000,0.000000000,0.000000000,0.004076004
1764,0.99663989,7.3172e+03,0.000000000,0.000000000,0.000000000,0.000000000,0.004079342
1765,0.99664213,7.3222e+03,0.000000000,0.000000000,0.000000000,0.000000000,0.004067421
1766,0.99664434,7.3272e+03,0.000000000,0.000000000,0.000000000,0.000000000,0.004071712
1767,0.99664651,7.3321e+03,0.000000000,0.000000000,0.000000000,0.000000000,0.004064560
1768,0.99664863,7.3369e+03,0.000000000,0.000000000,0.000000000,0.000000000,0.004070520
1769,0.99665071,7.3416e+03,0.000000000,0.000000000,0.000000000,0.000000000,0.004065752
1770,0.99665274,7.3461e+03,0.000000000,0.000000000,0.000000000,0.000000000,0.004078150
1771,0.99665472,7.3506e+03,0.000000000,0.000000000,0.000000000,0.000000000,0.004070282
1772,0.99665665,7.3549e+03,0.000000000,0.000000000,0.000000000,0.000000000,0.004058361
1773,0.99665853,7.3592e+03,0.000000000,0.000000000,0.000000000,0.000000000,0.004074574
1774,0.99666035,7.3633e+03,0.000000000,0.000000000,0.000000000,0.000000000,0.004076719
1775,0.99666211,7.3674e+03,0.000000000,0.000000000,0.000000000,0.000000000,0.004069328
1776,0.99666380,7.3713e+03,0.000000000,0.000000000,0.000000000,0.000000000,0.004067659
1777,0.99666543,7.3751e+03,0.000000000,0.000000000,0.000000000,0.000000000,0.004064560
1778,0.99666700,7.3788e+03,0.000000000,0.000000000,0.000000000,0.000000000,0.004083872
1779,0.99666849,7.3824e+03,0.000000000,0.000000000,0.000000000,0.000000000,0.004065752
1780,0.99666992,7.3858e+03,0.000000000,0.000000000,0.000000000,0.000000000,0.004067898
1781,0.99667128,7.3892e+03,0.000000000,0.000000000,0.000000000,0.000000000,0.004074335
1782,0.99667257,7.3924e+03,0.000000000,0.000000000,0.000000000,0.000000000,0.004055023
1783,0.99667379,7.3955e+03,0.000000000,0.000000000,0.000000000,0.000000000,0.004078865
1784,0.99667494,7.3985e+03,0.000000000,0.000000000,0.000000000,0.000000000,0.004077196
1785,0.99667602,7.4013e+03,0.000000000,0.000000000,0.000000000,0.000000000,0.004057169
1786,0.99667703,7.4041e+03,0.000000000,0.000000000,0.000000000,0.000000000,0.004081011
1787,0.99667798,7.4067e+03,0.000000000,0.000000000,0.000000000,0.000000000,0.004071474
1788,0.99667885,7.4092e+03,0.000000000,0.000000000,0.000000000,0.000000000,0.004066944
1789,0.99667967,7.4115e+03,0.000000000,0.000000000,0.000000000,0.000000000,0.004107714
1790,0.99668042,7.4138e+03,0.000000000,0.000000000,0.000000000,0.000000000,0.004086018
1791,0.99668112,7.4159e+03,0.000000000,0.000000000,0.000000000,0.000000000,0.004081726
1792,0.99668178,7.4179e+03,0.000000000,0.000000000,0.000000000,0.000000000,0.004070997
1793,0.99668239,7.4198e+03,0.000000000,0.000000000,0.000000000,0.000000000,0.004071951
1794,0.99668296,7.4216e+03,0.000000000,0.000000000,0.000000000,0.000000000,0.004070997
1795,0.99668351,7.4233e+03,0.000000000,0.000000000,0.000000000,0.000000000,0.004071236
1796,0.99668402,7.4250e+03,0.000000000,0.000000000,0.000000000,0.000000000,0.004073620
1797,0.99668450,7.4265e+03,0.000000000,0.000000000,0.000000000,0.000000000,0.004065037
1798,0.99668496,7.4279e+03,0.000000000,0.000000000,0.000000000,0.000000000,0.004074574
1799,0.99668538,7.4293e+03,0.000000000,0.000000000,0.000000000,0.000000000,0.004077911
1800,0.99668577,7.4306e+03,0.000000000,0.000000000,0.000000000,0.000000000,0.004064798
1801,0.99668613,7.4317e+03,0.000000000,0.000000000,0.000000000,0.000000000,0.004161835
1802,0.99668646,7.4328e+03,0.000000000,0.000000000,0.000000000,0.000000000,0.004075050
1803,0.99668674,7.4338e+03,0.000000000,0.000000000,0.000000000,0.000000000,0.004082918
1804,0.99668699,7.4347e+03,0.000000000,0.000000000,0.000000000,0.000000000,0.004069328
1805,0.99668721,7.4355e+03,0.000000000,0.000000000,0.000000000,0.000000000,0.004085064
1806,0.99668738,7.4363e+03,0.000000000,0.000000000,0.000000000,0.000000000,0.004076004
1807,0.99668753,7.4369e+03,0.000000000,0.000000000,0.000000000,0.000000000,0.004072428
1808,0.99668764,7.4375e+03,0.000000000,0.000000000,0.000000000,0.000000000,0.004060984
1809,0.99668773,7.4380e+03,0.000000000,0.000000000,0.000000000,0.000000000,0.004057169
1810,0.99668779,7.4385e+03,0.000000000,0.000000000,0.000000000,0.000000000,0.004069090
1811,0.99668782,7.4388e+03,0.000000000,0.000000000,0.000000000,0.000000000,0.004064083
1812,0.99668783,7.4391e+03,0.000000000,0.000000000,0.000000000,0.000000000,0.004072428
1813,0.99668783,7.4394e+03,0.000000000,0.000000000,0.000000000,0.000000000,0.004070997
1814,0.99668783,7.4396e+03,0.000000000,0.000000000,0.000000000,0.000000000,0.004064322
1815,0.99668783,7.4398e+03,0.000000000,0.000000000,0.000000000,0.000000000,0.004071712
1816,0.99668783,7.4400e+03,0.000000000,0.000000000,0.000000000,0.000000000,0.004076004
1817,0.99668783,7.4401e+03,0.000000000,0.000000000,0.000000000,0.000000000,0.004057169
1818,0.99668783,7.4402e+03,0.000000000,0.000000000,0.000000000,0.000000000,0.004064083
1819,0.99668783,7.4404e+03,0.000000000,0.000000000,0.000000000,0.000000000,0.004061222
1820,0.99668783,7.4405e+03,0.000000000,0.000000000,0.000000000,0.000000000,0.004068613
1821,0.99668783,7.4406e+03,0.000000000,0.000000000,0.000000000,0.000000000,0.004070044
1822,0.99668786,7.4408e+03,0.000000000,0.000000000,0.000000000,0.000000000,0.004067183
1823,0.99668802,7.4410e+03,0.000000000,0.000000000,0.000000000,0.000000000,0.004062414
1824,0.99668821,7.4413e+03,0.000000000,0.000000000,0.000000000,0.000000000,0.004064322
1825,0.99668842,7.4416e+03,0.000000000,0.000000000,0.000000000,0.000000000,0.004057646
1826,0.99668866,7.4419e+03,0.000000000,0.000000000,0.000000000,0.000000000,0.004070044
1827,0.99668889,7.4423e+03,0.000000000,0.000000000,0.000000000,0.000000000,0.004069328
1828,0.99668915,7.4427e+03,0.000000000,0.000000000,0.000000000,0.000000000,0.004060268
1829,0.99668942,7.4431e+03,0.000000000,0.000000000,0.000000000,0.000000000,0.004072666
1830,0.99668972,7.4436e+03,0.000000000,0.000000000,0.000000000,0.000000000,0.004049301
1831,0.99669004,7.4441e+03,0.000000000,0.000000000,0.000000000,0.000000000,0.005546093
1832,0.99669041,7.4446e+03,0.000000000,0.000000000,0.000000000,0.000000000,0.004220486
1833,0.99669081,7.4452e+03,0.000000000,0.000000000,0.000000000,0.000000000,0.004102468
1834,0.99669126,7.4458e+03,0.000000000,0.000000000,0.000000000,0.000000000,0.004103661
1835,0.99669177,7.4465e+03,0.000000000,0.000000000,0.000000000,0.000000000,0.004078150
1836,0.99669234,7.4472e+03,0.000000000,0.000000000,0.000000000,0.000000000,0.004087210
1837,0.99669300,7.4479e+03,0.000000000,0.000000000,0.000000000,0.000000000,0.004079819
1838,0.99669374,7.4488e+03,0.000000000,0.000000000,0.000000000,0.000000000,0.004108191
1839,0.99669451,7.4498e+03,0.000000000,0.000000000,0.000000000,0.000000000,0.004070044
1840,0.99669516,7.4508e+03,0.000000000,0.000000000,0.000000000,0.000000000,0.004081249
1841,0.99669586,7.4520e+03,0.000000000,0.000000000,0.000000000,0.000000000,0.004073143
1842,0.99669661,7.4533e+03,0.000000000,0.000000000,0.000000000,0.000000000,0.004084110
1843,0.99669742,7.4547e+03,0.000000000,0.000000000,0.000000000,0.000000000,0.004073858
1844,0.99669830,7.4563e+03,0.000000000,0.000000000,0.000000000,0.000000000,0.004072905
1845,0.99669926,7.4580e+03,0.000000000,0.000000000,0.000000000,0.000000000,0.004056215
1846,0.99670029,7.4599e+03,0.000000000,0.000000000,0.000000000,0.000000000,0.004074335
1847,0.99670141,7.4620e+03,0.000000000,0.000000000,0.000000000,0.000000000,0.004063606
1848,0.99670246,7.4643e+03,0.000000000,0.000000000,0.000000000,0.000000000,0.004072189
1849,0.99670355,7.4668e+03,0.000000000,0.000000000,0.000000000,0.000000000,0.004070520
1850,0.99670467,7.4694e+03,0.000000000,0.000000000,0.000000000,0.000000000,0.004072905
1851,0.99670589,7.4723e+03,0.000000000,0.000000000,0.000000000,0.000000000,0.004165411
1852,0.99670726,7.4753e+03,0.000000000,0.000000000,0.000000000,0.000000000,0.004089355
1853,0.99670872,7.4785e+03,0.000000000,0.000000000,0.000000000,0.000000000,0.004089832
1854,0.99671026,7.4818e+03,0.000000000,0.000000000,0.000000000,0.000000000,0.004075289
1855,0.99671187,7.4854e+03,0.000000000,0.000000000,0.000000000,0.000000000,0.004078865
1856,0.99671356,7.4890e+03,0.000000000,0.000000000,0.000000000,0.000000000,0.004086018
1857,0.99671531,7.4929e+03,0.000000000,0.000000000,0.000000000,0.000000000,0.004064083
1858,0.99671714,7.4969e+03,0.000000000,0.000000000,0.000000000,0.000000000,0.004055500
1859,0.99671904,7.5011e+03,0.000000000,0.000000000,0.000000000,0.000000000,0.004049778
1860,0.99672100,7.5054e+03,0.000000000,0.000000000,0.000000000,0.000000000,0.004073858
1861,0.99672303,7.5098e+03,0.000000000,0.000000000,0.000000000,0.000000000,0.004072666
1862,0.99672512,7.5144e+03,0.000000000,0.000000000,0.000000000,0.000000000,0.004065275
1863,0.99672727,7.5190e+03,0.000000000,0.000000000,0.000000000,0.000000000,0.004052877
1864,0.99672949,7.5239e+03,0.000000000,0.000000000,0.000000000,0.000000000,0.004050732
1865,0.99673177,7.5288e+03,0.000000000,0.000000000,0.000000000,0.000000000,0.004072905
1866,0.99673412,7.5338e+03,0.000000000,0.000000000,0.000000000,0.000000000,0.004062653
1867,0.99673652,7.5390e+03,0.000000000,0.000000000,0.000000000,0.000000000,0.004060507
1868,0.99673899,7.5442e+03,0.000000000,0.000000000,0.000000000,0.000000000,0.004089832
1869,0.99674153,7.5496e+03,0.000000000,0.000000000,0.000000000,0.000000000,0.004081249
1870,0.99674413,7.5551e+03,0.000000000,0.000000000,0.000000000,0.000000000,0.004065990
1871,0.99674679,7.5606e+03,0.000000000,0.000000000,0.000000000,0.000000000,0.004073858
1872,0.99674950,7.5662e+03,0.000000000,0.000000000,0.000000000,0.000000000,0.004052877
1873,0.99675227,7.5719e+03,0.000000000,0.000000000,0.000000000,0.000000000,0.004063845
1874,0.99675508,7.5777e+03,0.000000000,0.000000000,0.000000000,0.000000000,0.004061937
1875,0.99675792,7.5834e+03,0.000000000,0.000000000,0.000000000,0.000000000,0.004064083
1876,0.99676078,7.5893e+03,0.000000000,0.000000000,0.000000000,0.000000000,0.004062176
1877,0.99676367,7.5951e+03,0.000000000,0.000000000,0.000000000,0.000000000,0.004069805
1878,0.99676655,7.6009e+03,0.000000000,0.000000000,0.000000000,0.000000000,0.004061937
1879,0.99676940,7.6067e+03,0.000000000,0.000000000,0.000000000,0.000000000,0.004061699
1880,0.99677221,7.6124e+03,0.000000000,0.000000000,0.000000000,0.000000000,0.004049301
1881,0.99677500,7.6182e+03,0.000000000,0.000000000,0.000000000,0.000000000,0.004067659
1882,0.99677777,7.6239e+03,0.000000000,0.000000000,0.000000000,0.000000000,0.004053831
1883,0.99678051,7.6295e+03,0.000000000,0.000000000,0.000000000,0.000000000,0.004064798
1884,0.99678322,7.6351e+03,0.000000000,0.000000000,0.000000000,0.000000000,0.004060984
1885,0.99678588,7.6406e+03,0.000000000,0.000000000,0.000000000,0.000000000,0.004063845
1886,0.99678851,7.6460e+03,0.000000000,0.000000000,0.000000000,0.000000000,0.004059553
1887,0.99679108,7.6513e+03,0.000000000,0.000000000,0.000000000,0.000000000,0.004068136
1888,0.99679353,7.6566e+03,0.000000000,0.000000000,0.000000000,0.000000000,0.004047632
1889,0.99679590,7.6618e+03,0.000000000,0.000000000,0.000000000,0.000000000,0.004049540
1890,0.99679819,7.6668e+03,0.000000000,0.000000000,0.000000000,0.000000000,0.004065037
1891,0.99680045,7.6717e+03,0.000000000,0.000000000,0.000000000,0.000000000,0.004060268
1892,0.99680266,7.6766e+03,0.000000000,0.000000000,0.000000000,0.000000000,0.004066229
1893,0.99680478,7.6813e+03,0.000000000,0.000000000,0.000000000,0.000000000,0.004067898
1894,0.99680685,7.6858e+03,0.000000000,0.000000000,0.000000000,0.000000000,0.004056215
1895,0.99680886,7.6903e+03,0.000000000,0.000000000,0.000000000,0.000000000,0.004061699
1896,0.99681080,7.6946e+03,0.000000000,0.000000000,0.000000000,0.000000000,0.004060507
1897,0.99681265,7.6988e+03,0.000000000,0.000000000,0.000000000,0.000000000,0.004066229
1898,0.99681441,7.7029e+03,0.000000000,0.000000000,0.000000000,0.000000000,0.004046440
1899,0.99681608,7.7068e+03,0.000000000,0.000000000,0.000000000,0.000000000,0.004067659
1900,0.99681766,7.7105e+03,0.000000000,0.000000000,0.000000000,0.000000000,0.004067421
1901,0.99681913,7.7142e+03,0.000000000,0.000000000,0.000000000,0.000000000,0.004170179
1902,0.99682051,7.7176e+03,0.000000000,0.000000000,0.000000000,0.000000000,0.004097223
1903,0.99682179,7.7210e+03,0.000000000,0.000000000,0.000000000,0.000000000,0.004072905
1904,0.99682298,7.7242e+03,0.000000000,0.000000000,0.000000000,0.000000000,0.004073620
1905,0.99682407,7.7272e+03,0.000000000,0.000000000,0.000000000,0.000000000,0.004068851
1906,0.99682507,7.7302e+03,0.000000000,0.000000000,0.000000000,0.000000000,0.004086494
1907,0.99682599,7.7329e+03,0.000000000,0.000000000,0.000000000,0.000000000,0.004077911
1908,0.99682683,7.7356e+03,0.000000000,0.000000000,0.000000000,0.000000000,0.004074097
1909,0.99682761,7.7382e+03,0.000000000,0.000000000,0.000000000,0.000000000,0.004076004
1910,0.99682833,7.7407e+03,0.000000000,0.000000000,0.000000000,0.000000000,0.004066467
1911,0.99682899,7.7430e+03,0.000000000,0.000000000,0.000000000,0.000000000,0.004072189
1912,0.99682961,7.7454e+03,0.000000000,0.000000000,0.000000000,0.000000000,0.004063606
1913,0.99683020,7.7476e+03,0.000000000,0.000000000,0.000000000,0.000000000,0.004066706
1914,0.99683076,7.7498e+03,0.000000000,0.000000000,0.000000000,0.000000000,0.004068136
1915,0.99683131,7.7520e+03,0.000000000,0.000000000,0.000000000,0.000000000,0.004064560
1916,0.99683185,7.7541e+03,0.000000000,0.000000000,0.000000000,0.000000000,0.004083157
1917,0.99683239,7.7563e+03,0.000000000,0.000000000,0.000000000,0.000000000,0.004065037
1918,0.99683295,7.7584e+03,0.000000000,0.000000000,0.000000000,0.000000000,0.004067659
1919,0.99683352,7.7606e+03,0.000000000,0.000000000,0.000000000,0.000000000,0.004070282
1920,0.99683413,7.7629e+03,0.000000000,0.000000000,0.000000000,0.000000000,0.004076481
1921,0.99683476,7.7651e+03,0.000000000,0.000000000,0.000000000,0.000000000,0.004060984
1922,0.99683544,7.7674e+03,0.000000000,0.000000000,0.000000000,0.000000000,0.004067183
1923,0.99683616,7.7698e+03,0.000000000,0.000000000,0.000000000,0.000000000,0.004080534
1924,0.99683693,7.7722e+03,0.000000000,0.000000000,0.000000000,0.000000000,0.004075527
1925,0.99683774,7.7747e+03,0.000000000,0.000000000,0.000000000,0.000000000,0.004062414
1926,0.99683860,7.7773e+03,0.000000000,0.000000000,0.000000000,0.000000000,0.004065990
1927,0.99683951,7.7799e+03,0.000000000,0.000000000,0.000000000,0.000000000,0.004071474
1928,0.99684046,7.7826e+03,0.000000000,0.000000000,0.000000000,0.000000000,0.004067659
1929,0.99684146,7.7854e+03,0.000000000,0.000000000,0.000000000,0.000000000,0.004074335
1930,0.99684251,7.7882e+03,0.000000000,0.000000000,0.000000000,0.000000000,0.004068613
1931,0.99684359,7.7911e+03,0.000000000,0.000000000,0.000000000,0.000000000,0.004072905
1932,0.99684472,7.7940e+03,0.000000000,0.000000000,0.000000000,0.000000000,0.004069805
1933,0.99684589,7.7970e+03,0.000000000,0.000000000,0.000000000,0.000000000,0.004082680
1934,0.99684709,7.8000e+03,0.000000000,0.000000000,0.000000000,0.000000000,0.004067183
1935,0.99684832,7.8031e+03,0.000000000,0.000000000,0.000000000,0.000000000,0.004080772
1936,0.99684958,7.8063e+03,0.000000000,0.000000000,0.000000000,0.000000000,0.004076242
1937,0.99685086,7.8094e+03,0.000000000,0.000000000,0.000000000,0.000000000,0.004057169
1938,0.99685215,7.8126e+03,0.000000000,0.000000000,0.000000000,0.000000000,0.004072666
1939,0.99685346,7.8158e+03,0.000000000,0.000000000,0.000000000,0.000000000,0.004069805
1940,0.99685478,7.8190e+03,0.000000000,0.000000000,0.000000000,0.000000000,0.004067183
1941,0.99685609,7.8222e+03,0.000000000,0.000000000,0.000000000,0.000000000,0.004064083
1942,0.99685740,7.8254e+03,0.000000000,0.000000000,0.000000000,0.000000000,0.004059553
1943,0.99685870,7.8285e+03,0.000000000,0.000000000,0.000000000,0.000000000,0.004062653
1944,0.99685998,7.8316e+03,0.000000000,0.000000000,0.000000000,0.000000000,0.004054546
1945,0.99686123,7.8346e+03,0.000000000,0.000000000,0.000000000,0.000000000,0.004062414
1946,0.99686244,7.8374e+03,0.000000000,0.000000000,0.000000000,0.000000000,0.004068136
1947,0.99686360,7.8402e+03,0.000000000,0.000000000,0.000000000,0.000000000,0.004059792
1948,0.99686468,7.8428e+03,0.000000000,0.000000000,0.000000000,0.000000000,0.004061460
1949,0.99686569,7.8453e+03,0.000000000,0.000000000,0.000000000,0.000000000,0.004053593
1950,0.99686659,7.8476e+03,0.000000000,0.000000000,0.000000000,0.000000000,0.004067898
1951,0.99686738,7.8496e+03,0.000000000,0.000000000,0.000000000,0.000000000,0.004156351
1952,0.99686805,7.8514e+03,0.000000000,0.000000000,0.000000000,0.000000000,0.004075766
1953,0.99686856,7.8529e+03,0.000000000,0.000000000,0.000000000,0.000000000,0.004089594
1954,0.99686896,7.8543e+03,0.000000000,0.000000000,0.000000000,0.000000000,0.004077911
1955,0.99686927,7.8554e+03,0.000000000,0.000000000,0.000000000,0.000000000,0.004076242
1956,0.99686949,7.8565e+03,0.000000000,0.000000000,0.000000000,0.000000000,0.004076719
1957,0.99686961,7.8573e+03,0.000000000,0.000000000,0.000000000,0.000000000,0.004077911
1958,0.99686965,7.8580e+03,0.000000000,0.000000000,0.000000000,0.000000000,0.004065037
1959,0.99686965,7.8585e+03,0.000000000,0.000000000,0.000000000,0.000000000,0.004070282
1960,0.99686965,7.8588e+03,0.000000000,0.000000000,0.000000000,0.000000000,0.004072905
1961,0.99686965,7.8589e+03,0.000000000,0.000000000,0.000000000,0.000000000,0.004073381
1962,0.99686965,7.8589e+03,0.000000000,0.000000000,0.000000000,0.000000000,0.004080057
1963,0.99686965,7.8589e+03,0.000000000,0.000000000,0.000000000,0.000000000,0.004072666
1964,0.99686965,7.8589e+03,0.000000000,0.000000000,0.000000000,0.000000000,0.004069805
1965,0.99686965,7.8589e+03,0.000000000,0.000000000,0.000000000,0.000000000,0.004073143
1966,0.99686965,7.8589e+03,0.000000000,0.000000000,0.000000000,0.000000000,0.004071951
1967,0.99686965,7.8589e+03,0.000000000,0.000000000,0.000000000,0.000000000,0.004074097
1968,0.99686965,7.8589e+03,0.000000000,0.000000000,0.000000000,0.000000000,0.004066944
1969,0.99686965,7.8589e+03,0.000000000,0.000000000,0.000000000,0.000000000,0.004060745
1970,0.99686965,7.8589e+03,0.000000000,0.000000000,0.000000000,0.000000000,0.004059553
1971,0.99686965,7.8589e+03,0.000000000,0.000000000,0.000000000,0.000000000,0.004049778
1972,0.99686965,7.8589e+03,0.000000000,0.000000000,0.000000000,0.000000000,0.004065275
1973,0.99686965,7.8589e+03,0.000000000,0.000000000,0.000000000,0.000000000,0.004070520
1974,0.99686965,7.8589e+03,0.000000000,0.000000000,0.000000000,0.000000000,0.004064322
1975,0.99686965,7.8589e+03,0.000000000,0.000000000,0.000000000,0.000000000,0.004064560
1976,0.99686965,7.8589e+03,0.000000000,0.000000000,0.000000000,0.000000000,0.004071236
1977,0.99686965,7.8589e+03,0.000000000,0.000000000,0.000000000,0.000000000,0.004072905
1978,0.99686965,7.8589e+03,0.000000000,0.000000000,0.000000000,0.000000000,0.004065037
1979,0.99686965,7.8589e+03,0.000000000,0.000000000,0.000000000,0.000000000,0.004062891
1980,0.99686965,7.8589e+03,0.000000000,0.000000000,0.000000000,0.000000000,0.004065275
1981,0.99686965,7.8589e+03,0.000000000,0.000000000,0.000000000,0.000000000,0.004064083
1982,0.99686965,7.8589e+03,0.000000000,0.000000000,0.000000000,0.000000000,0.004068375
1983,0.99686965,7.8589e+03,0.000000000,0.000000000,0.000000000,0.000000000,0.004074335
1984,0.99686965,7.8589e+03,0.000000000,0.000000000,0.000000000,0.000000000,0.004082203
1985,0.99686965,7.8589e+03,0.000000000,0.000000000,0.000000000,0.000000000,0.004076958
1986,0.99686965,7.8589e+03,0.000000000,0.000000000,0.000000000,0.000000000,0.004075527
1987,0.99686965,7.8589e+03,0.000000000,0.000000000,0.000000000,0.000000000,0.004084110
1988,0.99686965,7.8589e+03,0.000000000,0.000000000,0.000000000,0.000000000,0.004056692
1989,0.99686965,7.8589e+03,0.000000000,0.000000000,0.000000000,0.000000000,0.004056931
1990,0.99686965,7.8589e+03,0.000000000,0.000000000,0.000000000,0.000000000,0.004064798
1991,0.99686965,7.8589e+03,0.000000000,0.000000000,0.000000000,0.000000000,0.004056931
1992,0.99686965,7.8589e+03,0.000000000,0.000000000,0.000000000,0.000000000,0.004069090
1993,0.99686965,7.8589e+03,0.000000000,0.000000000,0.000000000,0.000000000,0.004057884
1994,0.99686965,7.8589e+03,0.000000000,0.000000000,0.000000000,0.000000000,0.004065990
1995,0.99686965,7.8589e+03,0.000000000,0.000000000,0.000000000,0.000000000,0.004062653
1996,0.99686965,7.8589e+03,0.000000000,0.000000000,0.000000000,0.000000000,0.004077435
1997,0.99686965,7.8589e+03,0.000000000,0.000000000,0.000000000,0.000000000,0.004076719
1998,0.99686965,7.8589e+03,0.000000000,0.000000000,0.000000000,0.000000000,0.004050016
1999,0.99686965,7.8589e+03,0.000000000,0.000000000,0.000000000,0.000000000,0.004058599
2000,0.99686965,7.8589e+03,0.000000000,0.000000000,0.000000000,0.000000000,0.004053116
2001,0.99686965,7.8589e+03,0.000000000,0.000000000,0.000000000,0.000000000,0.004155159
2002,0.99686965,7.8589e+03,0.000000000,0.000000000,0.000000000,0.000000000,0.004097939
2003,0.99686965,7.8589e+03,0.000000000,0.000000000,0.000000000,0.000000000,0.004083872
2004,0.99686965,7.8589e+03,0.000000000,0.000000000,0.000000000,0.000000000,0.004088163
2005,0.99686965,7.8589e+03,0.000000000,0.000000000,0.000000000,0.000000000,0.004084587
2006,0.99686965,7.8589e+03,0.000000000,0.000000000,0.000000000,0.000000000,0.004074574
2007,0.99686965,7.8589e+03,0.000000000,0.000000000,0.000000000,0.000000000,0.004078150
2008,0.99686965,7.8589e+03,0.000000000,0.000000000,0.000000000,0.000000000,0.004073381
2009,0.99686965,7.8589e+03,0.000000000,0.000000000,0.000000000,0.000000000,0.004070997
2010,0.99686965,7.8589e+03,0.000000000,0.000000000,0.000000000,0.000000000,0.004076481
2011,0.99686965,7.8589e+03,0.000000000,0.000000000,0.000000000,0.000000000,0.004071712
2012,0.99686965,7.8589e+03,0.000000000,0.000000000,0.000000000,0.000000000,0.004068613
2013,0.99686965,7.8589e+03,0.000000000,0.000000000,0.000000000,0.000000000,0.004065037
2014,0.99686965,7.8589e+03,0.000000000,0.000000000,0.000000000,0.000000000,0.004080534
2015,0.99686965,7.8589e+03,0.000000000,0.000000000,0.000000000,0.000000000,0.004078865
2016,0.99686965,7.8589e+03,0.000000000,0.000000000,0.000000000,0.000000000,0.004075527
2017,0.99686965,7.8589e+03,0.000000000,0.000000000,0.000000000,0.000000000,0.004082680
2018,0.99686965,7.8589e+03,0.000000000,0.000000000,0.000000000,0.000000000,0.004080296
2019,0.99686965,7.8589e+03,0.000000000,0.000000000,0.000000000,0.000000000,0.004074335
2020,0.99686965,7.8589e+03,0.000000000,0.000000000,0.000000000,0.000000000,0.004083395
2021,0.99686965,7.8589e+03,0.000000000,0.000000000,0.000000000,0.000000000,0.004074097
2022,0.99686965,7.8589e+03,0.000000000,0.000000000,0.000000000,0.000000000,0.004079342
2023,0.99686965,7.8589e+03,0.000000000,0.000000000,0.000000000,0.000000000,0.004194260
2024,0.99686965,7.8589e+03,0.000000000,0.000000000,0.000000000,0.000000000,0.004063845
2025,0.99686965,7.8589e+03,0.000000000,0.000000000,0.000000000,0.000000000,0.004055023
2026,0.99686965,7.8589e+03,0.000000000,0.000000000,0.000000000,0.000000000,0.004060268
2027,0.99686965,7.8589e+03,0.000000000,0.000000000,0.000000000,0.000000000,0.004072189
2028,0.99686965,7.8589e+03,0.000000000,0.000000000,0.000000000,0.000000000,0.004067183
2029,0.99686965,7.8589e+03,0.000000000,0.000000000,0.000000000,0.000000000,0.004082918
2030,0.99686965,7.8589e+03,0.000000000,0.000000000,0.000000000,0.000000000,0.004065275
2031,0.99686965,7.8589e+03,0.000000000,0.000000000,0.000000000,0.000000000,0.004069805
2032,0.99686965,7.8589e+03,0.000000000,0.000000000,0.000000000,0.000000000,0.004062176
2033,0.99686965,7.8589e+03,0.000000000,0.000000000,0.000000000,0.000000000,0.004066229
2034,0.99686965,7.8589e+03,0.000000000,0.000000000,0.000000000,0.000000000,0.004051447
2035,0.99686965,7.8589e+03,0.000000000,0.000000000,0.000000000,0.000000000,0.004063845
2036,0.99686965,7.8589e+03,0.000000000,0.000000000,0.000000000,0.000000000,0.004076719
2037,0.99686965,7.8589e+03,0.000000000,0.000000000,0.000000000,0.000000000,0.004076004
2038,0.99686965,7.8589e+03,0.000000000,0.000000000,0.000000000,0.000000000,0.004069805
2039,0.99686965,7.8589e+03,0.000000000,0.000000000,0.000000000,0.000000000,0.004067183
2040,0.99686965,7.8589e+03,0.000000000,0.000000000,0.000000000,0.000000000,0.004073381
2041,0.99686965,7.8589e+03,0.000000000,0.000000000,0.000000000,0.000000000,0.004084349
2042,0.99686965,7.8589e+03,0.000000000,0.000000000,0.000000000,0.000000000,0.004077673
2043,0.99686965,7.8589e+03,0.000000000,0.000000000,0.000000000,0.000000000,0.004083395
2044,0.99686965,7.8589e+03,0.000000000,0.000000000,0.000000000,0.000000000,0.004065514
2045,0.99686965,7.8589e+03,0.000000000,0.000000000,0.000000000,0.000000000,0.004075050
2046,0.99686965,7.8589e+03,0.000000000,0.000000000,0.000000000,0.000000000,0.004070520
2047,0.99686965,7.8589e+03,0.000000000,0.000000000,0.000000000,0.000000000,0.004062891
2048,0.99686965,7.8589e+03,0.000000000,0.000000000,0.000000000,0.000000000,0.004068851
2049,0.99686965,7.8589e+03,0.000000000,0.000000000,0.000000000,0.000000000,0.004055023
2050,0.99686965,7.8589e+03,0.000000000,0.000000000,0.000000000,0.000000000,0.004053831
2051,0.99686965,7.8589e+03,0.000000000,0.000000000,0.000000000,0.000000000,0.004163980
2052,0.99686965,7.8589e+03,0.000000000,0.000000000,0.000000000,0.000000000,0.004088402
2053,0.99686965,7.8589e+03,0.000000000,0.000000000,0.000000000,0.000000000,0.004078627
2054,0.99686965,7.8589e+03,0.000000000,0.000000000,0.000000000,0.000000000,0.004078865
2055,0.99686965,7.8589e+03,0.000000000,0.000000000,0.000000000,0.000000000,0.004070282
2056,0.99686965,7.8589e+03,0.000000000,0.000000000,0.000000000,0.000000000,0.004086733
2057,0.99686965,7.8589e+03,0.000000000,0.000000000,0.000000000,0.000000000,0.004073620
2058,0.99686965,7.8589e+03,0.000000000,0.000000000,0.000000000,0.000000000,0.004073858
2059,0.99686965,7.8589e+03,0.000000000,0.000000000,0.000000000,0.000000000,0.004067421
2060,0.99686965,7.8589e+03,0.000000000,0.000000000,0.000000000,0.000000000,0.004069567
2061,0.99686965,7.8589e+03,0.000000000,0.000000000,0.000000000,0.000000000,0.004093647
2062,0.99686965,7.8589e+03,0.000000000,0.000000000,0.000000000,0.000000000,0.004063606
2063,0.99686965,7.8589e+03,0.000000000,0.000000000,0.000000000,0.000000000,0.004082918
2064,0.99686965,7.8589e+03,0.000000000,0.000000000,0.000000000,0.000000000,0.004067183
2065,0.99686965,7.8589e+03,0.000000000,0.000000000,0.000000000,0.000000000,0.004083395
2066,0.99686965,7.8589e+03,0.000000000,0.000000000,0.000000000,0.000000000,0.004067183
2067,0.99686965,7.8589e+03,0.000000000,0.000000000,0.000000000,0.000000000,0.004071951
2068,0.99686965,7.8589e+03,0.000000000,0.000000000,0.000000000,0.000000000,0.004076004
2069,0.99686965,7.8589e+03,0.000000000,0.000000000,0.000000000,0.000000000,0.004080772
2070,0.99686965,7.8589e+03,0.000000000,0.000000000,0.000000000,0.000000000,0.004073858
2071,0.99686965,7.8589e+03,0.000000000,0.000000000,0.000000000,0.000000000,0.004079580
2072,0.99686965,7.8589e+03,0.000000000,0.000000000,0.000000000,0.000000000,0.004073620
2073,0.99686965,7.8589e+03,0.000000000,0.000000000,0.000000000,0.000000000,0.004068136
2074,0.99686965,7.8589e+03,0.000000000,0.000000000,0.000000000,0.000000000,0.004065037
2075,0.99686965,7.8589e+03,0.000000000,0.000000000,0.000000000,0.000000000,0.004059315
2076,0.99686965,7.8589e+03,0.000000000,0.000000000,0.000000000,0.000000000,0.004055738
2077,0.99686965,7.8589e+03,0.000000000,0.000000000,0.000000000,0.000000000,0.004071951
2078,0.99686965,7.8589e+03,0.000000000,0.000000000,0.000000000,0.000000000,0.004070997
2079,0.99686965,7.8589e+03,0.000000000,0.000000000,0.000000000,0.000000000,0.004056215
2080,0.99686965,7.8589e+03,0.000000000,0.000000000,0.000000000,0.000000000,0.004061222
2081,0.99686965,7.8589e+03,0.000000000,0.000000000,0.000000000,0.000000000,0.004066467
2082,0.99686965,7.8589e+03,0.000000000,0.000000000,0.000000000,0.000000000,0.004059076
2083,0.99686965,7.8589e+03,0.000000000,0.000000000,0.000000000,0.000000000,0.004063129
2084,0.99686965,7.8589e+03,0.000000000,0.000000000,0.000000000,0.000000000,0.004066229
2085,0.99686965,7.8589e+03,0.000000000,0.000000000,0.000000000,0.000000000,0.004070044
2086,0.99686965,7.8589e+03,0.000000000,0.000000000,0.000000000,0.000000000,0.004058838
2087,0.99686965,7.8589e+03,0.000000000,0.000000000,0.000000000,0.000000000,0.004086971
2088,0.99686965,7.8589e+03,0.000000000,0.000000000,0.000000000,0.000000000,0.004071951
2089,0.99686965,7.8589e+03,0.000000000,0.000000000,0.000000000,0.000000000,0.004064083
2090,0.99686965,7.8589e+03,0.000000000,0.000000000,0.000000000,0.000000000,0.004071951
2091,0.99686965,7.8589e+03,0.000000000,0.000000000,0.000000000,0.000000000,0.004062891
2092,0.99686965,7.8589e+03,0.000000000,0.000000000,0.000000000,0.000000000,0.004062891
2093,0.99686965,7.8589e+03,0.000000000,0.000000000,0.000000000,0.000000000,0.004070997
2094,0.99686965,7.8589e+03,0.000000000,0.000000000,0.000000000,0.000000000,0.004045486
2095,0.99686965,7.8589e+03,0.000000000,0.000000000,0.000000000,0.000000000,0.004053116
2096,0.99686965,7.8589e+03,0.000000000,0.000000000,0.000000000,0.000000000,0.004061460
2097,0.99686965,7.8589e+03,0.000000000,0.000000000,0.000000000,0.000000000,0.004054785
2098,0.99686965,7.8589e+03,0.000000000,0.000000000,0.000000000,0.000000000,0.004050732
2099,0.99686965,7.8589e+03,0.000000000,0.000000000,0.000000000,0.000000000,0.004064083
2100,0.99686965,7.8589e+03,0.000000000,0.000000000,0.000000000,0.000000000,0.004054308
2101,0.99686965,7.8589e+03,0.000000000,0.000000000,0.000000000,0.000000000,0.004155636
2102,0.99686965,7.8589e+03,0.000000000,0.000000000,0.000000000,0.000000000,0.004076481
2103,0.99686965,7.8589e+03,0.000000000,0.000000000,0.000000000,0.000000000,0.004082918
2104,0.99686965,7.8589e+03,0.000000000,0.000000000,0.000000000,0.000000000,0.004084587
2105,0.99686965,7.8589e+03,0.000000000,0.000000000,0.000000000,0.000000000,0.004074574
2106,0.99686965,7.8589e+03,0.000000000,0.000000000,0.000000000,0.000000000,0.004067183
2107,0.99686965,7.8589e+03,0.000000000,0.000000000,0.000000000,0.000000000,0.004071951
2108,0.99686965,7.8589e+03,0.000000000,0.000000000,0.000000000,0.000000000,0.004081011
2109,0.99686965,7.8589e+03,0.000000000,0.000000000,0.000000000,0.000000000,0.004073143
2110,0.99686965,7.8589e+03,0.000000000,0.000000000,0.000000000,0.000000000,0.004084349
2111,0.99686965,7.8589e+03,0.000000000,0.000000000,0.000000000,0.000000000,0.004075527
2112,0.99686965,7.8589e+03,0.000000000,0.000000000,0.000000000,0.000000000,0.004075527
2113,0.99686965,7.8589e+03,0.000000000,0.000000000,0.000000000,0.000000000,0.004050255
2114,0.99686965,7.8589e+03,0.000000000,0.000000000,0.000000000,0.000000000,0.004058123
2115,0.99686965,7.8589e+03,0.000000000,0.000000000,0.000000000,0.000000000,0.004069090
2116,0.99686965,7.8589e+03,0.000000000,0.000000000,0.000000000,0.000000000,0.004063845
2117,0.99686965,7.8589e+03,0.000000000,0.000000000,0.000000000,0.000000000,0.004074335
2118,0.99686965,7.8589e+03,0.000000000,0.000000000,0.000000000,0.000000000,0.004067421
2119,0.99686965,7.8589e+03,0.000000000,0.000000000,0.000000000,0.000000000,0.004068613
2120,0.99686965,7.8589e+03,0.000000000,0.000000000,0.000000000,0.000000000,0.004068851
2121,0.99686965,7.8589e+03,0.000000000,0.000000000,0.000000000,0.000000000,0.004075289
2122,0.99686965,7.8589e+03,0.000000000,0.000000000,0.000000000,0.000000000,0.004076242
2123,0.99686965,7.8589e+03,0.000000000,0.000000000,0.000000000,0.000000000,0.004066706
2124,0.99686965,7.8589e+03,0.000000000,0.000000000,0.000000000,0.000000000,0.004087687
2125,0.99686965,7.8589e+03,0.000000000,0.000000000,0.000000000,0.000000000,0.004067421
2126,0.99686965,7.8589e+03,0.000000000,0.000000000,0.000000000,0.000000000,0.004078627
2127,0.99686965,7.8589e+03,0.000000000,0.000000000,0.000000000,0.000000000,0.004082680
2128,0.99686965,7.8589e+03,0.000000000,0.000000000,0.000000000,0.000000000,0.004063368
2129,0.99686965,7.8589e+03,0.000000000,0.000000000,0.000000000,0.000000000,0.004080772
2130,0.99686965,7.8589e+03,0.000000000,0.000000000,0.000000000,0.000000000,0.004081726
2131,0.99686965,7.8589e+03,0.000000000,0.000000000,0.000000000,0.000000000,0.004070997
2132,0.99686965,7.8589e+03,0.000000000,0.000000000,0.000000000,0.000000000,0.004065275
2133,0.99686965,7.8589e+03,0.000000000,0.000000000,0.000000000,0.000000000,0.004076481
2134,0.99686965,7.8589e+03,0.000000000,0.000000000,0.000000000,0.000000000,0.004077673
2135,0.99686965,7.8589e+03,0.000000000,0.000000000,0.000000000,0.000000000,0.004067898
2136,0.99686965,7.8589e+03,0.000000000,0.000000000,0.000000000,0.000000000,0.004073620
2137,0.99686965,7.8589e+03,0.000000000,0.000000000,0.000000000,0.000000000,0.004064560
2138,0.99686965,7.8589e+03,0.000000000,0.000000000,0.000000000,0.000000000,0.004082918
2139,0.99686965,7.8589e+03,0.000000000,0.000000000,0.000000000,0.000000000,0.004070759
2140,0.99686965,7.8589e+03,0.000000000,0.000000000,0.000000000,0.000000000,0.004070044
2141,0.99686965,7.8589e+03,0.000000000,0.000000000,0.000000000,0.000000000,0.004066944
2142,0.99686965,7.8589e+03,0.000000000,0.000000000,0.000000000,0.000000000,0.004068613
2143,0.99686965,7.8589e+03,0.000000000,0.000000000,0.000000000,0.000000000,0.004054785
2144,0.99686965,7.8589e+03,0.000000000,0.000000000,0.000000000,0.000000000,0.004062891
2145,0.99686965,7.8589e+03,0.000000000,0.000000000,0.000000000,0.000000000,0.004061460
2146,0.99686965,7.8589e+03,0.000000000,0.000000000,0.000000000,0.000000000,0.004056931
2147,0.99686965,7.8589e+03,0.000000000,0.000000000,0.000000000,0.000000000,0.004057646
2148,0.99686965,7.8589e+03,0.000000000,0.000000000,0.000000000,0.000000000,0.004059553
2149,0.99686965,7.8589e+03,0.000000000,0.000000000,0.000000000,0.000000000,0.004040241
2150,0.99686965,7.8589e+03,0.000000000,0.000000000,0.000000000,0.000000000,0.004048109
2151,0.99686965,7.8589e+03,0.000000000,0.000000000,0.000000000,0.000000000,0.004137993
2152,0.99686965,7.8589e+03,0.000000000,0.000000000,0.000000000,0.000000000,0.004077673
2153,0.99686965,7.8589e+03,0.000000000,0.000000000,0.000000000,0.000000000,0.004078388
2154,0.99686965,7.8589e+03,0.000000000,0.000000000,0.000000000,0.000000000,0.004088640
2155,0.99686965,7.8589e+03,0.000000000,0.000000000,0.000000000,0.000000000,0.004085302
2156,0.99686965,7.8589e+03,0.000000000,0.000000000,0.000000000,0.000000000,0.004079580
2157,0.99686965,7.8589e+03,0.000000000,0.000000000,0.000000000,0.000000000,0.004061460
2158,0.99686965,7.8589e+03,0.000000000,0.000000000,0.000000000,0.000000000,0.004071712
2159,0.99686965,7.8589e+03,0.000000000,0.000000000,0.000000000,0.000000000,0.004063368
2160,0.99686965,7.8589e+03,0.000000000,0.000000000,0.000000000,0.000000000,0.004062891
2161,0.99686965,7.8589e+03,0.000000000,0.000000000,0.000000000,0.000000000,0.004064083
2162,0.99686965,7.8589e+03,0.000000000,0.000000000,0.000000000,0.000000000,0.004069090
2163,0.99686965,7.8589e+03,0.000000000,0.000000000,0.000000000,0.000000000,0.004073620
2164,0.99686965,7.8589e+03,0.000000000,0.000000000,0.000000000,0.000000000,0.004054070
2165,0.99686965,7.8589e+03,0.000000000,0.000000000,0.000000000,0.000000000,0.004061937
2166,0.99686965,7.8589e+03,0.000000000,0.000000000,0.000000000,0.000000000,0.004049778
2167,0.99686965,7.8589e+03,0.000000000,0.000000000,0.000000000,0.000000000,0.004054070
2168,0.99686965,7.8589e+03,0.000000000,0.000000000,0.000000000,0.000000000,0.004063368
2169,0.99686965,7.8589e+03,0.000000000,0.000000000,0.000000000,0.000000000,0.004061460
2170,0.99686965,7.8589e+03,0.000000000,0.000000000,0.000000000,0.000000000,0.004050732
2171,0.99686965,7.8589e+03,0.000000000,0.000000000,0.000000000,0.000000000,0.004073143
2172,0.99686965,7.8589e+03,0.000000000,0.000000000,0.000000000,0.000000000,0.004050016
2173,0.99686965,7.8589e+03,0.000000000,0.000000000,0.000000000,0.000000000,0.004050255
2174,0.99686965,7.8589e+03,0.000000000,0.000000000,0.000000000,0.000000000,0.004055023
2175,0.99686965,7.8589e+03,0.000000000,0.000000000,0.000000000,0.000000000,0.004055023
2176,0.99686965,7.8589e+03,0.000000000,0.000000000,0.000000000,0.000000000,0.004058123
2177,0.99686965,7.8589e+03,0.000000000,0.000000000,0.000000000,0.000000000,0.004076004
2178,0.99686965,7.8589e+03,0.000000000,0.000000000,0.000000000,0.000000000,0.004057407
2179,0.99686965,7.8589e+03,0.000000000,0.000000000,0.000000000,0.000000000,0.004061460
2180,0.99686965,7.8589e+03,0.000000000,0.000000000,0.000000000,0.000000000,0.004063606
2181,0.99686965,7.8589e+03,0.000000000,0.000000000,0.000000000,0.000000000,0.004063606
2182,0.99686965,7.8589e+03,0.000000000,0.000000000,0.000000000,0.000000000,0.004063845
2183,0.99686965,7.8589e+03,0.000000000,0.000000000,0.000000000,0.000000000,0.004061222
2184,0.99686965,7.8589e+03,0.000000000,0.000000000,0.000000000,0.000000000,0.004066467
2185,0.99686965,7.8589e+03,0.000000000,0.000000000,0.000000000,0.000000000,0.004067898
2186,0.99686965,7.8589e+03,0.000000000,0.000000000,0.000000000,0.000000000,0.004061699
2187,0.99686965,7.8589e+03,0.000000000,0.000000000,0.000000000,0.000000000,0.004054070
2188,0.99686965,7.8589e+03,0.000000000,0.000000000,0.000000000,0.000000000,0.004073858
2189,0.99686965,7.8589e+03,0.000000000,0.000000000,0.000000000,0.000000000,0.004099131
2190,0.99686965,7.8589e+03,0.000000000,0.000000000,0.000000000,0.000000000,0.004077196
2191,0.99686965,7.8589e+03,0.000000000,0.000000000,0.000000000,0.000000000,0.004076004
2192,0.99686965,7.8589e+03,0.000000000,0.000000000,0.000000000,0.000000000,0.004077435
2193,0.99686965,7.8589e+03,0.000000000,0.000000000,0.000000000,0.000000000,0.004197121
2194,0.99686965,7.8589e+03,0.000000000,0.000000000,0.000000000,0.000000000,0.004095793
2195,0.99686965,7.8589e+03,0.000000000,0.000000000,0.000000000,0.000000000,0.004064322
2196,0.99686965,7.8589e+03,0.000000000,0.000000000,0.000000000,0.000000000,0.004084826
2197,0.99686965,7.8589e+03,0.000000000,0.000000000,0.000000000,0.000000000,0.004072666
2198,0.99686965,7.8589e+03,0.000000000,0.000000000,0.000000000,0.000000000,0.004095316
2199,0.99686965,7.8589e+03,0.000000000,0.000000000,0.000000000,0.000000000,0.004495621
2200,0.99686965,7.8589e+03,0.000000000,0.000000000,0.000000000,0.000000000,0.004342794
2201,0.99686965,7.8589e+03,0.000000000,0.000000000,0.000000000,0.000000000,0.004142284
2202,0.99686965,7.8589e+03,0.000000000,0.000000000,0.000000000,0.000000000,0.004108667
2203,0.99686965,7.8589e+03,0.000000000,0.000000000,0.000000000,0.000000000,0.004076481
2204,0.99686965,7.8589e+03,0.000000000,0.000000000,0.000000000,0.000000000,0.004087925
2205,0.99686965,7.8589e+03,0.000000000,0.000000000,0.000000000,0.000000000,0.004077196
2206,0.99686965,7.8589e+03,0.000000000,0.000000000,0.000000000,0.000000000,0.004076004
2207,0.99686965,7.8589e+03,0.000000000,0.000000000,0.000000000,0.000000000,0.004076719
2208,0.99686965,7.8589e+03,0.000000000,0.000000000,0.000000000,0.000000000,0.004073381
2209,0.99686965,7.8589e+03,0.000000000,0.000000000,0.000000000,0.000000000,0.004075766
2210,0.99686965,7.8589e+03,0.000000000,0.000000000,0.000000000,0.000000000,0.004077435
2211,0.99686965,7.8589e+03,0.000000000,0.000000000,0.000000000,0.000000000,0.004074097
2212,0.99686965,7.8589e+03,0.000000000,0.000000000,0.000000000,0.000000000,0.004075289
2213,0.99686965,7.8589e+03,0.000000000,0.000000000,0.000000000,0.000000000,0.004067898
2214,0.99686965,7.8589e+03,0.000000000,0.000000000,0.000000000,0.000000000,0.004059553
2215,0.99686965,7.8589e+03,0.000000000,0.000000000,0.000000000,0.000000000,0.004060030
2216,0.99686965,7.8589e+03,0.000000000,0.000000000,0.000000000,0.000000000,0.004795074
2217,0.99686965,7.8589e+03,0.000000000,0.000000000,0.000000000,0.000000000,0.004089832
2218,0.99686965,7.8589e+03,0.000000000,0.000000000,0.000000000,0.000000000,0.004100084
2219,0.99686965,7.8589e+03,0.000000000,0.000000000,0.000000000,0.000000000,0.004064798
2220,0.99686965,7.8589e+03,0.000000000,0.000000000,0.000000000,0.000000000,0.004071712
2221,0.99686965,7.8589e+03,0.000000000,0.000000000,0.000000000,0.000000000,0.004060507
2222,0.99686965,7.8589e+03,0.000000000,0.000000000,0.000000000,0.000000000,0.004076719
2223,0.99686965,7.8589e+03,0.000000000,0.000000000,0.000000000,0.000000000,0.004060984
2224,0.99686965,7.8589e+03,0.000000000,0.000000000,0.000000000,0.000000000,0.004066706
2225,0.99686965,7.8589e+03,0.000000000,0.000000000,0.000000000,0.000000000,0.004071951
2226,0.99686965,7.8589e+03,0.000000000,0.000000000,0.000000000,0.000000000,0.004074574
2227,0.99686965,7.8589e+03,0.000000000,0.000000000,0.000000000,0.000000000,0.004068375
2228,0.99686965,7.8589e+03,0.000000000,0.000000000,0.000000000,0.000000000,0.004068136
2229,0.99686965,7.8589e+03,0.000000000,0.000000000,0.000000000,0.000000000,0.004071951
2230,0.99686965,7.8589e+03,0.000000000,0.000000000,0.000000000,0.000000000,0.004066706
2231,0.99686965,7.8589e+03,0.000000000,0.000000000,0.000000000,0.000000000,0.004068851
2232,0.99686965,7.8589e+03,0.000000000,0.000000000,0.000000000,0.000000000,0.004065275
2233,0.99686965,7.8589e+03,0.000000000,0.000000000,0.000000000,0.000000000,0.004052162
2234,0.99686965,7.8589e+03,0.000000000,0.000000000,0.000000000,0.000000000,0.004058123
2235,0.99686965,7.8589e+03,0.000000000,0.000000000,0.000000000,0.000000000,0.004067659
2236,0.99686965,7.8589e+03,0.000000000,0.000000000,0.000000000,0.000000000,0.004064083
2237,0.99686965,7.8589e+03,0.000000000,0.000000000,0.000000000,0.000000000,0.004066944
2238,0.99686965,7.8589e+03,0.000000000,0.000000000,0.000000000,0.000000000,0.004067183
2239,0.99686965,7.8589e+03,0.000000000,0.000000000,0.000000000,0.000000000,0.004062653
2240,0.99686965,7.8589e+03,0.000000000,0.000000000,0.000000000,0.000000000,0.004064560
2241,0.99686965,7.8589e+03,0.000000000,0.000000000,0.000000000,0.000000000,0.004068851
2242,0.99686965,7.8589e+03,0.000000000,0.000000000,0.000000000,0.000000000,0.004070759
2243,0.99686965,7.8589e+03,0.000000000,0.000000000,0.000000000,0.000000000,0.004059076
2244,0.99686965,7.8589e+03,0.000000000,0.000000000,0.000000000,0.000000000,0.004064798
2245,0.99686965,7.8589e+03,0.000000000,0.000000000,0.000000000,0.000000000,0.004067659
2246,0.99686965,7.8589e+03,0.000000000,0.000000000,0.000000000,0.000000000,0.004056931
2247,0.99686965,7.8589e+03,0.000000000,0.000000000,0.000000000,0.000000000,0.004048586
2248,0.99686965,7.8589e+03,0.000000000,0.000000000,0.000000000,0.000000000,0.004065037
2249,0.99686965,7.8589e+03,0.000000000,0.000000000,0.000000000,0.000000000,0.004057407
2250,0.99686965,7.8589e+03,0.000000000,0.000000000,0.000000000,0.000000000,0.004060030
2251,0.99686965,7.8589e+03,0.000000000,0.000000000,0.000000000,0.000000000,0.004154444
2252,0.99686965,7.8589e+03,0.000000000,0.000000000,0.000000000,0.000000000,0.004076958
2253,0.99686965,7.8589e+03,0.000000000,0.000000000,0.000000000,0.000000000,0.004063845
2254,0.99686965,7.8589e+03,0.000000000,0.000000000,0.000000000,0.000000000,0.004085302
2255,0.99686965,7.8589e+03,0.000000000,0.000000000,0.000000000,0.000000000,0.004076004
2256,0.99686965,7.8589e+03,0.000000000,0.000000000,0.000000000,0.000000000,0.004080296
2257,0.99686965,7.8589e+03,0.000000000,0.000000000,0.000000000,0.000000000,0.004062414
2258,0.99686965,7.8589e+03,0.000000000,0.000000000,0.000000000,0.000000000,0.004072905
2259,0.99686965,7.8589e+03,0.000000000,0.000000000,0.000000000,0.000000000,0.004074097
2260,0.99686965,7.8589e+03,0.000000000,0.000000000,0.000000000,0.000000000,0.004067898
2261,0.99686965,7.8589e+03,0.000000000,0.000000000,0.000000000,0.000000000,0.004069090
2262,0.99686965,7.8589e+03,0.000000000,0.000000000,0.000000000,0.000000000,0.004070282
2263,0.99686965,7.8589e+03,0.000000000,0.000000000,0.000000000,0.000000000,0.004061699
2264,0.99686965,7.8589e+03,0.000000000,0.000000000,0.000000000,0.000000000,0.004069805
2265,0.99686965,7.8589e+03,0.000000000,0.000000000,0.000000000,0.000000000,0.004059553
2266,0.99686965,7.8589e+03,0.000000000,0.000000000,0.000000000,0.000000000,0.004059315
2267,0.99686965,7.8589e+03,0.000000000,0.000000000,0.000000000,0.000000000,0.004067421
2268,0.99686965,7.8589e+03,0.000000000,0.000000000,0.000000000,0.000000000,0.004058123
2269,0.99686965,7.8589e+03,0.000000000,0.000000000,0.000000000,0.000000000,0.004069090
2270,0.99686965,7.8589e+03,0.000000000,0.000000000,0.000000000,0.000000000,0.004073858
2271,0.99686965,7.8589e+03,0.000000000,0.000000000,0.000000000,0.000000000,0.004073620
2272,0.99686965,7.8589e+03,0.000000000,0.000000000,0.000000000,0.000000000,0.004064083
2273,0.99686965,7.8589e+03,0.000000000,0.000000000,0.000000000,0.000000000,0.004086971
2274,0.99686965,7.8589e+03,0.000000000,0.000000000,0.000000000,0.000000000,0.004083872
2275,0.99686965,7.8589e+03,0.000000000,0.000000000,0.000000000,0.000000000,0.004075766
2276,0.99686965,7.8589e+03,0.000000000,0.000000000,0.000000000,0.000000000,0.004074812
2277,0.99686965,7.8589e+03,0.000000000,0.000000000,0.000000000,0.000000000,0.004067421
2278,0.99686965,7.8589e+03,0.000000000,0.000000000,0.000000000,0.000000000,0.004064322
2279,0.99686965,7.8589e+03,0.000000000,0.000000000,0.000000000,0.000000000,0.004070044
2280,0.99686965,7.8589e+03,0.000000000,0.000000000,0.000000000,0.000000000,0.004069567
2281,0.99686965,7.8589e+03,0.000000000,0.000000000,0.000000000,0.000000000,0.004068375
2282,0.99686965,7.8589e+03,0.000000000,0.000000000,0.000000000,0.000000000,0.004058123
2283,0.99686965,7.8589e+03,0.000000000,0.000000000,0.000000000,0.000000000,0.004057407
2284,0.99686965,7.8589e+03,0.000000000,0.000000000,0.000000000,0.000000000,0.004066229
2285,0.99686965,7.8589e+03,0.000000000,0.000000000,0.000000000,0.000000000,0.004068375
2286,0.99686965,7.8589e+03,0.000000000,0.000000000,0.000000000,0.000000000,0.004083157
2287,0.99686965,7.8589e+03,0.000000000,0.000000000,0.000000000,0.000000000,0.004060507
2288,0.99686965,7.8589e+03,0.000000000,0.000000000,0.000000000,0.000000000,0.004075527
2289,0.99686965,7.8589e+03,0.000000000,0.000000000,0.000000000,0.000000000,0.004068851
2290,0.99686965,7.8589e+03,0.000000000,0.000000000,0.000000000,0.000000000,0.004069328
2291,0.99686965,7.8589e+03,0.000000000,0.000000000,0.000000000,0.000000000,0.004070044
2292,0.99686965,7.8589e+03,0.000000000,0.000000000,0.000000000,0.000000000,0.004067659
2293,0.99686965,7.8589e+03,0.000000000,0.000000000,0.000000000,0.000000000,0.004080296
2294,0.99686965,7.8589e+03,0.000000000,0.000000000,0.000000000,0.000000000,0.004067659
2295,0.99686965,7.8589e+03,0.000000000,0.000000000,0.000000000,0.000000000,0.004066706
2296,0.99686965,7.8589e+03,0.000000000,0.000000000,0.000000000,0.000000000,0.004060507
2297,0.99686965,7.8589e+03,0.000000000,0.000000000,0.000000000,0.000000000,0.004075289
2298,0.99686965,7.8589e+03,0.000000000,0.000000000,0.000000000,0.000000000,0.004055023
2299,0.99686965,7.8589e+03,0.000000000,0.000000000,0.000000000,0.000000000,0.004060030
2300,0.99686965,7.8589e+03,0.000000000,0.000000000,0.000000000,0.000000000,0.004063606
2301,0.99686965,7.8589e+03,0.000000000,0.000000000,0.000000000,0.000000000,0.004126072
2302,0.99686965,7.8589e+03,0.000000000,0.000000000,0.000000000,0.000000000,0.004080057
2303,0.99686965,7.8589e+03,0.000000000,0.000000000,0.000000000,0.000000000,0.004081249
2304,0.99686965,7.8589e+03,0.000000000,0.000000000,0.000000000,0.000000000,0.004069090
2305,0.99686965,7.8589e+03,0.000000000,0.000000000,0.000000000,0.000000000,0.004066944
2306,0.99686965,7.8589e+03,0.000000000,0.000000000,0.000000000,0.000000000,0.004082918
2307,0.99686965,7.8589e+03,0.000000000,0.000000000,0.000000000,0.000000000,0.004067659
2308,0.99686965,7.8589e+03,0.000000000,0.000000000,0.000000000,0.000000000,0.004074335
2309,0.99686965,7.8589e+03,0.000000000,0.000000000,0.000000000,0.000000000,0.004071712
2310,0.99686965,7.8589e+03,0.000000000,0.000000000,0.000000000,0.000000000,0.004070997
2311,0.99686965,7.8589e+03,0.000000000,0.000000000,0.000000000,0.000000000,0.004065752
2312,0.99686965,7.8589e+03,0.000000000,0.000000000,0.000000000,0.000000000,0.004064322
2313,0.99686965,7.8589e+03,0.000000000,0.000000000,0.000000000,0.000000000,0.004071236
2314,0.99686965,7.8589e+03,0.000000000,0.000000000,0.000000000,0.000000000,0.004064322
2315,0.99686965,7.8589e+03,0.000000000,0.000000000,0.000000000,0.000000000,0.004065275
2316,0.99686965,7.8589e+03,0.000000000,0.000000000,0.000000000,0.000000000,0.004080057
2317,0.99686965,7.8589e+03,0.000000000,0.000000000,0.000000000,0.000000000,0.004090548
2318,0.99686965,7.8589e+03,0.000000000,0.000000000,0.000000000,0.000000000,0.004066944
2319,0.99686965,7.8589e+03,0.000000000,0.000000000,0.000000000,0.000000000,0.004066944
2320,0.99686965,7.8589e+03,0.000000000,0.000000000,0.000000000,0.000000000,0.004071951
2321,0.99686965,7.8589e+03,0.000000000,0.000000000,0.000000000,0.000000000,0.004062891
2322,0.99686965,7.8589e+03,0.000000000,0.000000000,0.000000000,0.000000000,0.004066944
2323,0.99686965,7.8589e+03,0.000000000,0.000000000,0.000000000,0.000000000,0.004058361
2324,0.99686965,7.8589e+03,0.000000000,0.000000000,0.000000000,0.000000000,0.004069328
2325,0.99686965,7.8589e+03,0.000000000,0.000000000,0.000000000,0.000000000,0.004064798
2326,0.99686965,7.8589e+03,0.000000000,0.000000000,0.000000000,0.000000000,0.004069328
2327,0.99686965,7.8589e+03,0.000000000,0.000000000,0.000000000,0.000000000,0.004060984
2328,0.99686965,7.8589e+03,0.000000000,0.000000000,0.000000000,0.000000000,0.004055738
2329,0.99686965,7.8589e+03,0.000000000,0.000000000,0.000000000,0.000000000,0.004068851
2330,0.99686965,7.8589e+03,0.000000000,0.000000000,0.000000000,0.000000000,0.004063606
2331,0.99686965,7.8589e+03,0.000000000,0.000000000,0.000000000,0.000000000,0.004069567
2332,0.99686965,7.8589e+03,0.000000000,0.000000000,0.000000000,0.000000000,0.004065990
2333,0.99686965,7.8589e+03,0.000000000,0.000000000,0.000000000,0.000000000,0.004071951
2334,0.99686965,7.8589e+03,0.000000000,0.000000000,0.000000000,0.000000000,0.004069328
2335,0.99686965,7.8589e+03,0.000000000,0.000000000,0.000000000,0.000000000,0.004060030
2336,0.99686965,7.8589e+03,0.000000000,0.000000000,0.000000000,0.000000000,0.004050732
2337,0.99686965,7.8589e+03,0.000000000,0.000000000,0.000000000,0.000000000,0.004053593
2338,0.99686965,7.8589e+03,0.000000000,0.000000000,0.000000000,0.000000000,0.004054070
2339,0.99686965,7.8589e+03,0.000000000,0.000000000,0.000000000,0.000000000,0.004076958
2340,0.99686965,7.8589e+03,0.000000000,0.000000000,0.000000000,0.000000000,0.004074812
2341,0.99686965,7.8589e+03,0.000000000,0.000000000,0.000000000,0.000000000,0.004058599
2342,0.99686965,7.8589e+03,0.000000000,0.000000000,0.000000000,0.000000000,0.004074335
2343,0.99686965,7.8589e+03,0.000000000,0.000000000,0.000000000,0.000000000,0.004071474
2344,0.99686965,7.8589e+03,0.000000000,0.000000000,0.000000000,0.000000000,0.004058123
2345,0.99686965,7.8589e+03,0.000000000,0.000000000,0.000000000,0.000000000,0.004048586
2346,0.99686965,7.8589e+03,0.000000000,0.000000000,0.000000000,0.000000000,0.004046917
2347,0.99686965,7.8589e+03,0.000000000,0.000000000,0.000000000,0.000000000,0.004066706
2348,0.99686965,7.8589e+03,0.000000000,0.000000000,0.000000000,0.000000000,0.004059076
2349,0.99686965,7.8589e+03,0.000000000,0.000000000,0.000000000,0.000000000,0.004065514
2350,0.99686965,7.8589e+03,0.000000000,0.000000000,0.000000000,0.000000000,0.004060030
2351,0.99686965,7.8589e+03,0.000000000,0.000000000,0.000000000,0.000000000,0.004152775
2352,0.99686965,7.8589e+03,0.000000000,0.000000000,0.000000000,0.000000000,0.004086018
2353,0.99686965,7.8589e+03,0.000000000,0.000000000,0.000000000,0.000000000,0.004072666
2354,0.99686965,7.8589e+03,0.000000000,0.000000000,0.000000000,0.000000000,0.004089832
2355,0.99686965,7.8589e+03,0.000000000,0.000000000,0.000000000,0.000000000,0.004076242
2356,0.99686965,7.8589e+03,0.000000000,0.000000000,0.000000000,0.000000000,0.004067898
2357,0.99686965,7.8589e+03,0.000000000,0.000000000,0.000000000,0.000000000,0.004074335
2358,0.99686965,7.8589e+03,0.000000000,0.000000000,0.000000000,0.000000000,0.004084587
2359,0.99686965,7.8589e+03,0.000000000,0.000000000,0.000000000,0.000000000,0.004084826
2360,0.99686965,7.8589e+03,0.000000000,0.000000000,0.000000000,0.000000000,0.004079103
2361,0.99686965,7.8589e+03,0.000000000,0.000000000,0.000000000,0.000000000,0.004067898
2362,0.99686965,7.8589e+03,0.000000000,0.000000000,0.000000000,0.000000000,0.004081011
2363,0.99686965,7.8589e+03,0.000000000,0.000000000,0.000000000,0.000000000,0.004075766
2364,0.99686965,7.8589e+03,0.000000000,0.000000000,0.000000000,0.000000000,0.004078388
2365,0.99686965,7.8589e+03,0.000000000,0.000000000,0.000000000,0.000000000,0.004066229
2366,0.99686965,7.8589e+03,0.000000000,0.000000000,0.000000000,0.000000000,0.004077911
2367,0.99686965,7.8589e+03,0.000000000,0.000000000,0.000000000,0.000000000,0.004070997
2368,0.99686965,7.8589e+03,0.000000000,0.000000000,0.000000000,0.000000000,0.004067898
2369,0.99686965,7.8589e+03,0.000000000,0.000000000,0.000000000,0.000000000,0.004085064
2370,0.99686965,7.8589e+03,0.000000000,0.000000000,0.000000000,0.000000000,0.004095078
2371,0.99686965,7.8589e+03,0.000000000,0.000000000,0.000000000,0.000000000,0.004076004
2372,0.99686965,7.8589e+03,0.000000000,0.000000000,0.000000000,0.000000000,0.004074812
2373,0.99686965,7.8589e+03,0.000000000,0.000000000,0.000000000,0.000000000,0.004070044
2374,0.99686965,7.8589e+03,0.000000000,0.000000000,0.000000000,0.000000000,0.004072666
2375,0.99686965,7.8589e+03,0.000000000,0.000000000,0.000000000,0.000000000,0.004068613
2376,0.99686965,7.8589e+03,0.000000000,0.000000000,0.000000000,0.000000000,0.004067421
2377,0.99686965,7.8589e+03,0.000000000,0.000000000,0.000000000,0.000000000,0.004056692
2378,0.99686965,7.8589e+03,0.000000000,0.000000000,0.000000000,0.000000000,0.004075527
2379,0.99686965,7.8589e+03,0.000000000,0.000000000,0.000000000,0.000000000,0.004078865
2380,0.99686965,7.8589e+03,0.000000000,0.000000000,0.000000000,0.000000000,0.004062891
2381,0.99686965,7.8589e+03,0.000000000,0.000000000,0.000000000,0.000000000,0.004065752
2382,0.99686965,7.8589e+03,0.000000000,0.000000000,0.000000000,0.000000000,0.004066944
2383,0.99686965,7.8589e+03,0.000000000,0.000000000,0.000000000,0.000000000,0.004067183
2384,0.99686965,7.8589e+03,0.000000000,0.000000000,0.000000000,0.000000000,0.004070997
2385,0.99686965,7.8589e+03,0.000000000,0.000000000,0.000000000,0.000000000,0.004081726
2386,0.99686965,7.8589e+03,0.000000000,0.000000000,0.000000000,0.000000000,0.004075766
2387,0.99686965,7.8589e+03,0.000000000,0.000000000,0.000000000,0.000000000,0.004065275
2388,0.99686965,7.8589e+03,0.000000000,0.000000000,0.000000000,0.000000000,0.004066706
2389,0.99686965,7.8589e+03,0.000000000,0.000000000,0.000000000,0.000000000,0.004063129
2390,0.99686965,7.8589e+03,0.000000000,0.000000000,0.000000000,0.000000000,0.004066467
2391,0.99686965,7.8589e+03,0.000000000,0.000000000,0.000000000,0.000000000,0.004078150
2392,0.99686965,7.8589e+03,0.000000000,0.000000000,0.000000000,0.000000000,0.004080296
2393,0.99686965,7.8589e+03,0.000000000,0.000000000,0.000000000,0.000000000,0.004079103
2394,0.99686965,7.8589e+03,0.000000000,0.000000000,0.000000000,0.000000000,0.004066229
2395,0.99686965,7.8589e+03,0.000000000,0.000000000,0.000000000,0.000000000,0.004066229
2396,0.99686965,7.8589e+03,0.000000000,0.000000000,0.000000000,0.000000000,0.004064322
2397,0.99686965,7.8589e+03,0.000000000,0.000000000,0.000000000,0.000000000,0.004056454
2398,0.99686965,7.8589e+03,0.000000000,0.000000000,0.000000000,0.000000000,0.004060268
2399,0.99686965,7.8589e+03,0.000000000,0.000000000,0.000000000,0.000000000,0.004056931
2400,0.99686965,7.8589e+03,0.000000000,0.000000000,0.000000000,0.000000000,0.004043102
2401,0.99686965,7.8589e+03,0.000000000,0.000000000,0.000000000,0.000000000,0.004153013
2402,0.99686965,7.8589e+03,0.000000000,0.000000000,0.000000000,0.000000000,0.004083633
2403,0.99686965,7.8589e+03,0.000000000,0.000000000,0.000000000,0.000000000,0.004071712
2404,0.99686965,7.8589e+03,0.000000000,0.000000000,0.000000000,0.000000000,0.004080772
2405,0.99686965,7.8589e+03,0.000000000,0.000000000,0.000000000,0.000000000,0.004069090
2406,0.99686965,7.8589e+03,0.000000000,0.000000000,0.000000000,0.000000000,0.004077196
2407,0.99686965,7.8589e+03,0.000000000,0.000000000,0.000000000,0.000000000,0.004056931
2408,0.99686965,7.8589e+03,0.000000000,0.000000000,0.000000000,0.000000000,0.004062653
2409,0.99686965,7.8589e+03,0.000000000,0.000000000,0.000000000,0.000000000,0.004074574
2410,0.99686965,7.8589e+03,0.000000000,0.000000000,0.000000000,0.000000000,0.004061222
2411,0.99686965,7.8589e+03,0.000000000,0.000000000,0.000000000,0.000000000,0.004073620
2412,0.99686965,7.8589e+03,0.000000000,0.000000000,0.000000000,0.000000000,0.004066944
2413,0.99686965,7.8589e+03,0.000000000,0.000000000,0.000000000,0.000000000,0.004076958
2414,0.99686965,7.8589e+03,0.000000000,0.000000000,0.000000000,0.000000000,0.004073143
2415,0.99686965,7.8589e+03,0.000000000,0.000000000,0.000000000,0.000000000,0.004069328
2416,0.99686965,7.8589e+03,0.000000000,0.000000000,0.000000000,0.000000000,0.004065990
2417,0.99686965,7.8589e+03,0.000000000,0.000000000,0.000000000,0.000000000,0.004070759
2418,0.99686965,7.8589e+03,0.000000000,0.000000000,0.000000000,0.000000000,0.004065275
2419,0.99686965,7.8589e+03,0.000000000,0.000000000,0.000000000,0.000000000,0.004072905
2420,0.99686965,7.8589e+03,0.000000000,0.000000000,0.000000000,0.000000000,0.004062176
2421,0.99686965,7.8589e+03,0.000000000,0.000000000,0.000000000,0.000000000,0.004065752
2422,0.99686965,7.8589e+03,0.000000000,0.000000000,0.000000000,0.000000000,0.004083872
2423,0.99686965,7.8589e+03,0.000000000,0.000000000,0.000000000,0.000000000,0.004077435
2424,0.99686965,7.8589e+03,0.000000000,0.000000000,0.000000000,0.000000000,0.004061460
2425,0.99686965,7.8589e+03,0.000000000,0.000000000,0.000000000,0.000000000,0.004081964
2426,0.99686965,7.8589e+03,0.000000000,0.000000000,0.000000000,0.000000000,0.004063606
2427,0.99686965,7.8589e+03,0.000000000,0.000000000,0.000000000,0.000000000,0.004063368
2428,0.99686965,7.8589e+03,0.000000000,0.000000000,0.000000000,0.000000000,0.004064083
2429,0.99686965,7.8589e+03,0.000000000,0.000000000,0.000000000,0.000000000,0.004072905
2430,0.99686965,7.8589e+03,0.000000000,0.000000000,0.000000000,0.000000000,0.004060030
2431,0.99686965,7.8589e+03,0.000000000,0.000000000,0.000000000,0.000000000,0.004090548
2432,0.99686965,7.8589e+03,0.000000000,0.000000000,0.000000000,0.000000000,0.004057407
2433,0.99686965,7.8589e+03,0.000000000,0.000000000,0.000000000,0.000000000,0.004057169
2434,0.99686965,7.8589e+03,0.000000000,0.000000000,0.000000000,0.000000000,0.004071474
2435,0.99686965,7.8589e+03,0.000000000,0.000000000,0.000000000,0.000000000,0.004069805
2436,0.99686965,7.8589e+03,0.000000000,0.000000000,0.000000000,0.000000000,0.004064560
2437,0.99686965,7.8589e+03,0.000000000,0.000000000,0.000000000,0.000000000,0.004073858
2438,0.99686965,7.8589e+03,0.000000000,0.000000000,0.000000000,0.000000000,0.004062176
2439,0.99686965,7.8589e+03,0.000000000,0.000000000,0.000000000,0.000000000,0.004070997
2440,0.99686965,7.8589e+03,0.000000000,0.000000000,0.000000000,0.000000000,0.004068613
2441,0.99686965,7.8589e+03,0.000000000,0.000000000,0.000000000,0.000000000,0.004073858
2442,0.99686965,7.8589e+03,0.000000000,0.000000000,0.000000000,0.000000000,0.004063368
2443,0.99686965,7.8589e+03,0.000000000,0.000000000,0.000000000,0.000000000,0.004077911
2444,0.99686965,7.8589e+03,0.000000000,0.000000000,0.000000000,0.000000000,0.004064798
2445,0.99686965,7.8589e+03,0.000000000,0.000000000,0.000000000,0.000000000,0.004065514
2446,0.99686965,7.8589e+03,0.000000000,0.000000000,0.000000000,0.000000000,0.004083157
2447,0.99686965,7.8589e+03,0.000000000,0.000000000,0.000000000,0.000000000,0.004064083
2448,0.99686965,7.8589e+03,0.000000000,0.000000000,0.000000000,0.000000000,0.004056215
2449,0.99686965,7.8589e+03,0.000000000,0.000000000,0.000000000,0.000000000,0.004073858
2450,0.99686965,7.8589e+03,0.000000000,0.000000000,0.000000000,0.000000000,0.004047155
2451,0.99686965,7.8589e+03,0.000000000,0.000000000,0.000000000,0.000000000,0.004144669
2452,0.99686965,7.8589e+03,0.000000000,0.000000000,0.000000000,0.000000000,0.004089594
2453,0.99686965,7.8589e+03,0.000000000,0.000000000,0.000000000,0.000000000,0.004094362
2454,0.99686965,7.8589e+03,0.000000000,0.000000000,0.000000000,0.000000000,0.004083157
2455,0.99686965,7.8589e+03,0.000000000,0.000000000,0.000000000,0.000000000,0.004087687
2456,0.99686965,7.8589e+03,0.000000000,0.000000000,0.000000000,0.000000000,0.004064083
2457,0.99686965,7.8589e+03,0.000000000,0.000000000,0.000000000,0.000000000,0.004063129
2458,0.99686965,7.8589e+03,0.000000000,0.000000000,0.000000000,0.000000000,0.004070520
2459,0.99686965,7.8589e+03,0.000000000,0.000000000,0.000000000,0.000000000,0.004080772
2460,0.99686965,7.8589e+03,0.000000000,0.000000000,0.000000000,0.000000000,0.004065037
2461,0.99686965,7.8589e+03,0.000000000,0.000000000,0.000000000,0.000000000,0.004068136
2462,0.99686965,7.8589e+03,0.000000000,0.000000000,0.000000000,0.000000000,0.004070997
2463,0.99686965,7.8589e+03,0.000000000,0.000000000,0.000000000,0.000000000,0.004054785
2464,0.99686965,7.8589e+03,0.000000000,0.000000000,0.000000000,0.000000000,0.004054546
2465,0.99686965,7.8589e+03,0.000000000,0.000000000,0.000000000,0.000000000,0.004060268
2466,0.99686965,7.8589e+03,0.000000000,0.000000000,0.000000000,0.000000000,0.004059315
2467,0.99686965,7.8589e+03,0.000000000,0.000000000,0.000000000,0.000000000,0.004513741
2468,0.99686965,7.8589e+03,0.000000000,0.000000000,0.000000000,0.000000000,0.004111052
2469,0.99686965,7.8589e+03,0.000000000,0.000000000,0.000000000,0.000000000,0.004076719
2470,0.99686965,7.8589e+03,0.000000000,0.000000000,0.000000000,0.000000000,0.004075527
2471,0.99686965,7.8589e+03,0.000000000,0.000000000,0.000000000,0.000000000,0.004072905
2472,0.99686965,7.8589e+03,0.000000000,0.000000000,0.000000000,0.000000000,0.004059553
2473,0.99686965,7.8589e+03,0.000000000,0.000000000,0.000000000,0.000000000,0.004084587
2474,0.99686965,7.8589e+03,0.000000000,0.000000000,0.000000000,0.000000000,0.004084349
2475,0.99686965,7.8589e+03,0.000000000,0.000000000,0.000000000,0.000000000,0.004080772
2476,0.99686965,7.8589e+03,0.000000000,0.000000000,0.000000000,0.000000000,0.004067898
2477,0.99686965,7.8589e+03,0.000000000,0.000000000,0.000000000,0.000000000,0.004068136
2478,0.99686965,7.8589e+03,0.000000000,0.000000000,0.000000000,0.000000000,0.004070997
2479,0.99686965,7.8589e+03,0.000000000,0.000000000,0.000000000,0.000000000,0.004072666
2480,0.99686965,7.8589e+03,0.000000000,0.000000000,0.000000000,0.000000000,0.004084587
2481,0.99686965,7.8589e+03,0.000000000,0.000000000,0.000000000,0.000000000,0.004076719
2482,0.99686965,7.8589e+03,0.000000000,0.000000000,0.000000000,0.000000000,0.004056692
2483,0.99686965,7.8589e+03,0.000000000,0.000000000,0.000000000,0.000000000,0.004066229
2484,0.99686965,7.8589e+03,0.000000000,0.000000000,0.000000000,0.000000000,0.004063845
2485,0.99686965,7.8589e+03,0.000000000,0.000000000,0.000000000,0.000000000,0.004052162
2486,0.99686965,7.8589e+03,0.000000000,0.000000000,0.000000000,0.000000000,0.004059553
2487,0.99686965,7.8589e+03,0.000000000,0.000000000,0.000000000,0.000000000,0.004061937
2488,0.99686965,7.8589e+03,0.000000000,0.000000000,0.000000000,0.000000000,0.004064560
2489,0.99686965,7.8589e+03,0.000000000,0.000000000,0.000000000,0.000000000,0.004086733
2490,0.99686965,7.8589e+03,0.000000000,0.000000000,0.000000000,0.000000000,0.004063606
2491,0.99686965,7.8589e+03,0.000000000,0.000000000,0.000000000,0.000000000,0.004062653
2492,0.99686965,7.8589e+03,0.000000000,0.000000000,0.000000000,0.000000000,0.004063606
2493,0.99686965,7.8589e+03,0.000000000,0.000000000,0.000000000,0.000000000,0.004068136
2494,0.99686965,7.8589e+03,0.000000000,0.000000000,0.000000000,0.000000000,0.004057407
2495,0.99686965,7.8589e+03,0.000000000,0.000000000,0.000000000,0.000000000,0.004063845
2496,0.99686965,7.8589e+03,0.000000000,0.000000000,0.000000000,0.000000000,0.004055738
2497,0.99686965,7.8589e+03,0.000000000,0.000000000,0.000000000,0.000000000,0.004059076
2498,0.99686965,7.8589e+03,0.000000000,0.000000000,0.000000000,0.000000000,0.004061699
2499,0.99686965,7.8589e+03,0.000000000,0.000000000,0.000000000,0.000000000,0.004041195
2500,0.99686965,7.8589e+03,0.000000000,0.000000000,0.000000000,0.000000000,0.004050016
2501,0.99686965,7.8589e+03,0.000000000,0.000000000,0.000000000,0.000000000,0.004169464
2502,0.99686965,7.8589e+03,0.000000000,0.000000000,0.000000000,0.000000000,0.004092693
2503,0.99686965,7.8589e+03,0.000000000,0.000000000,0.000000000,0.000000000,0.004098654
2504,0.99686965,7.8589e+03,0.000000000,0.000000000,0.000000000,0.000000000,0.004090071
2505,0.99686965,7.8589e+03,0.000000000,0.000000000,0.000000000,0.000000000,0.004088163
2506,0.99686965,7.8589e+03,0.000000000,0.000000000,0.000000000,0.000000000,0.004089832
2507,0.99686965,7.8589e+03,0.000000000,0.000000000,0.000000000,0.000000000,0.004086971
2508,0.99686965,7.8589e+03,0.000000000,0.000000000,0.000000000,0.000000000,0.004079342
2509,0.99686965,7.8589e+03,0.000000000,0.000000000,0.000000000,0.000000000,0.004076481
2510,0.99686965,7.8589e+03,0.000000000,0.000000000,0.000000000,0.000000000,0.004083872
2511,0.99686965,7.8589e+03,0.000000000,0.000000000,0.000000000,0.000000000,0.004067659
2512,0.99686965,7.8589e+03,0.000000000,0.000000000,0.000000000,0.000000000,0.004076242
2513,0.99686965,7.8589e+03,0.000000000,0.000000000,0.000000000,0.000000000,0.004076481
2514,0.99686965,7.8589e+03,0.000000000,0.000000000,0.000000000,0.000000000,0.004059076
2515,0.99686965,7.8589e+03,0.000000000,0.000000000,0.000000000,0.000000000,0.004065275
2516,0.99686965,7.8589e+03,0.000000000,0.000000000,0.000000000,0.000000000,0.004070044
2517,0.99686965,7.8589e+03,0.000000000,0.000000000,0.000000000,0.000000000,0.004069805
2518,0.99686965,7.8589e+03,0.000000000,0.000000000,0.000000000,0.000000000,0.004074812
2519,0.99686965,7.8589e+03,0.000000000,0.000000000,0.000000000,0.000000000,0.004083872
2520,0.99686965,7.8589e+03,0.000000000,0.000000000,0.000000000,0.000000000,0.004072666
2521,0.99686965,7.8589e+03,0.000000000,0.000000000,0.000000000,0.000000000,0.004075289
2522,0.99686965,7.8589e+03,0.000000000,0.000000000,0.000000000,0.000000000,0.004077435
2523,0.99686965,7.8589e+03,0.000000000,0.000000000,0.000000000,0.000000000,0.004064798
2524,0.99686965,7.8589e+03,0.000000000,0.000000000,0.000000000,0.000000000,0.004078150
2525,0.99686965,7.8589e+03,0.000000000,0.000000000,0.000000000,0.000000000,0.004074812
2526,0.99686965,7.8589e+03,0.000000000,0.000000000,0.000000000,0.000000000,0.004065752
2527,0.99686965,7.8589e+03,0.000000000,0.000000000,0.000000000,0.000000000,0.004067898
2528,0.99686965,7.8589e+03,0.000000000,0.000000000,0.000000000,0.000000000,0.004076004
2529,0.99686965,7.8589e+03,0.000000000,0.000000000,0.000000000,0.000000000,0.004062176
2530,0.99686965,7.8589e+03,0.000000000,0.000000000,0.000000000,0.000000000,0.004082680
2531,0.99686965,7.8589e+03,0.000000000,0.000000000,0.000000000,0.000000000,0.004082441
2532,0.99686965,7.8589e+03,0.000000000,0.000000000,0.000000000,0.000000000,0.004084110
2533,0.99686965,7.8589e+03,0.000000000,0.000000000,0.000000000,0.000000000,0.004077673
2534,0.99686965,7.8589e+03,0.000000000,0.000000000,0.000000000,0.000000000,0.004074574
2535,0.99686965,7.8589e+03,0.000000000,0.000000000,0.000000000,0.000000000,0.004091978
2536,0.99686965,7.8589e+03,0.000000000,0.000000000,0.000000000,0.000000000,0.004065514
2537,0.99686965,7.8589e+03,0.000000000,0.000000000,0.000000000,0.000000000,0.004075527
2538,0.99686965,7.8589e+03,0.000000000,0.000000000,0.000000000,0.000000000,0.004067898
2539,0.99686965,7.8589e+03,0.000000000,0.000000000,0.000000000,0.000000000,0.004077435
2540,0.99686965,7.8589e+03,0.000000000,0.000000000,0.000000000,0.000000000,0.004076242
2541,0.99686965,7.8589e+03,0.000000000,0.000000000,0.000000000,0.000000000,0.004081726
2542,0.99686965,7.8589e+03,0.000000000,0.000000000,0.000000000,0.000000000,0.004067183
2543,0.99686965,7.8589e+03,0.000000000,0.000000000,0.000000000,0.000000000,0.004070044
2544,0.99686965,7.8589e+03,0.000000000,0.000000000,0.000000000,0.000000000,0.004067898
2545,0.99686965,7.8589e+03,0.000000000,0.000000000,0.000000000,0.000000000,0.004072905
2546,0.99686965,7.8589e+03,0.000000000,0.000000000,0.000000000,0.000000000,0.004065752
2547,0.99686965,7.8589e+03,0.000000000,0.000000000,0.000000000,0.000000000,0.004064560
2548,0.99686965,7.8589e+03,0.000000000,0.000000000,0.000000000,0.000000000,0.004057646
2549,0.99686965,7.8589e+03,0.000000000,0.000000000,0.000000000,0.000000000,0.004044294
2550,0.99686965,7.8589e+03,0.000000000,0.000000000,0.000000000,0.000000000,0.004057884
2551,0.99686965,7.8589e+03,0.000000000,0.000000000,0.000000000,0.000000000,0.004148960
2552,0.99686965,7.8589e+03,0.000000000,0.000000000,0.000000000,0.000000000,0.004087687
2553,0.99686965,7.8589e+03,0.000000000,0.000000000,0.000000000,0.000000000,0.004086256
2554,0.99686965,7.8589e+03,0.000000000,0.000000000,0.000000000,0.000000000,0.004068851
2555,0.99686965,7.8589e+03,0.000000000,0.000000000,0.000000000,0.000000000,0.004083395
2556,0.99686965,7.8589e+03,0.000000000,0.000000000,0.000000000,0.000000000,0.004082680
2557,0.99686965,7.8589e+03,0.000000000,0.000000000,0.000000000,0.000000000,0.004079342
2558,0.99686965,7.8589e+03,0.000000000,0.000000000,0.000000000,0.000000000,0.004070520
2559,0.99686965,7.8589e+03,0.000000000,0.000000000,0.000000000,0.000000000,0.004081488
2560,0.99686965,7.8589e+03,0.000000000,0.000000000,0.000000000,0.000000000,0.004071474
2561,0.99686965,7.8589e+03,0.000000000,0.000000000,0.000000000,0.000000000,0.004087925
2562,0.99686965,7.8589e+03,0.000000000,0.000000000,0.000000000,0.000000000,0.004070759
2563,0.99686965,7.8589e+03,0.000000000,0.000000000,0.000000000,0.000000000,0.004082680
2564,0.99686965,7.8589e+03,0.000000000,0.000000000,0.000000000,0.000000000,0.004071236
2565,0.99686965,7.8589e+03,0.000000000,0.000000000,0.000000000,0.000000000,0.004091501
2566,0.99686965,7.8589e+03,0.000000000,0.000000000,0.000000000,0.000000000,0.004073858
2567,0.99686965,7.8589e+03,0.000000000,0.000000000,0.000000000,0.000000000,0.004072189
2568,0.99686965,7.8589e+03,0.000000000,0.000000000,0.000000000,0.000000000,0.004063845
2569,0.99686965,7.8589e+03,0.000000000,0.000000000,0.000000000,0.000000000,0.004071474
2570,0.99686965,7.8589e+03,0.000000000,0.000000000,0.000000000,0.000000000,0.004052639
2571,0.99686965,7.8589e+03,0.000000000,0.000000000,0.000000000,0.000000000,0.004079580
2572,0.99686965,7.8589e+03,0.000000000,0.000000000,0.000000000,0.000000000,0.004065514
2573,0.99686965,7.8589e+03,0.000000000,0.000000000,0.000000000,0.000000000,0.004068136
2574,0.99686965,7.8589e+03,0.000000000,0.000000000,0.000000000,0.000000000,0.004069805
2575,0.99686965,7.8589e+03,0.000000000,0.000000000,0.000000000,0.000000000,0.004066706
2576,0.99686965,7.8589e+03,0.000000000,0.000000000,0.000000000,0.000000000,0.004076958
2577,0.99686965,7.8589e+03,0.000000000,0.000000000,0.000000000,0.000000000,0.004059553
2578,0.99686965,7.8589e+03,0.000000000,0.000000000,0.000000000,0.000000000,0.004067659
2579,0.99686965,7.8589e+03,0.000000000,0.000000000,0.000000000,0.000000000,0.004073381
2580,0.99686965,7.8589e+03,0.000000000,0.000000000,0.000000000,0.000000000,0.004075050
2581,0.99686965,7.8589e+03,0.000000000,0.000000000,0.000000000,0.000000000,0.004067659
2582,0.99686965,7.8589e+03,0.000000000,0.000000000,0.000000000,0.000000000,0.004066944
2583,0.99686965,7.8589e+03,0.000000000,0.000000000,0.000000000,0.000000000,0.004067659
2584,0.99686965,7.8589e+03,0.000000000,0.000000000,0.000000000,0.000000000,0.004056931
2585,0.99686965,7.8589e+03,0.000000000,0.000000000,0.000000000,0.000000000,0.004065037
2586,0.99686965,7.8589e+03,0.000000000,0.000000000,0.000000000,0.000000000,0.004070520
2587,0.99686965,7.8589e+03,0.000000000,0.000000000,0.000000000,0.000000000,0.004062891
2588,0.99686965,7.8589e+03,0.000000000,0.000000000,0.000000000,0.000000000,0.004065275
2589,0.99686965,7.8589e+03,0.000000000,0.000000000,0.000000000,0.000000000,0.004066229
2590,0.99686965,7.8589e+03,0.000000000,0.000000000,0.000000000,0.000000000,0.004064798
2591,0.99686965,7.8589e+03,0.000000000,0.000000000,0.000000000,0.000000000,0.004070759
2592,0.99686965,7.8589e+03,0.000000000,0.000000000,0.000000000,0.000000000,0.004068136
2593,0.99686965,7.8589e+03,0.000000000,0.000000000,0.000000000,0.000000000,0.004076242
2594,0.99686965,7.8589e+03,0.000000000,0.000000000,0.000000000,0.000000000,0.004066229
2595,0.99686965,7.8589e+03,0.000000000,0.000000000,0.000000000,0.000000000,0.004072428
2596,0.99686965,7.8589e+03,0.000000000,0.000000000,0.000000000,0.000000000,0.004065275
2597,0.99686965,7.8589e+03,0.000000000,0.000000000,0.000000000,0.000000000,0.004066706
2598,0.99686965,7.8589e+03,0.000000000,0.000000000,0.000000000,0.000000000,0.004081726
2599,0.99686965,7.8589e+03,0.000000000,0.000000000,0.000000000,0.000000000,0.004061699
2600,0.99686965,7.8589e+03,0.000000000,0.000000000,0.000000000,0.000000000,0.004062891
2601,0.99686965,7.8589e+03,0.000000000,0.000000000,0.000000000,0.000000000,0.004151821
2602,0.99686965,7.8589e+03,0.000000000,0.000000000,0.000000000,0.000000000,0.004090071
2603,0.99686965,7.8589e+03,0.000000000,0.000000000,0.000000000,0.000000000,0.004102230
2604,0.99686965,7.8589e+03,0.000000000,0.000000000,0.000000000,0.000000000,0.004079342
2605,0.99686965,7.8589e+03,0.000000000,0.000000000,0.000000000,0.000000000,0.004089117
2606,0.99686965,7.8589e+03,0.000000000,0.000000000,0.000000000,0.000000000,0.004082918
2607,0.99686965,7.8589e+03,0.000000000,0.000000000,0.000000000,0.000000000,0.004076958
2608,0.99686965,7.8589e+03,0.000000000,0.000000000,0.000000000,0.000000000,0.004072905
2609,0.99686965,7.8589e+03,0.000000000,0.000000000,0.000000000,0.000000000,0.004071712
2610,0.99686965,7.8589e+03,0.000000000,0.000000000,0.000000000,0.000000000,0.004071236
2611,0.99686965,7.8589e+03,0.000000000,0.000000000,0.000000000,0.000000000,0.004092693
2612,0.99686965,7.8589e+03,0.000000000,0.000000000,0.000000000,0.000000000,0.004078388
2613,0.99686965,7.8589e+03,0.000000000,0.000000000,0.000000000,0.000000000,0.004085302
2614,0.99686965,7.8589e+03,0.000000000,0.000000000,0.000000000,0.000000000,0.004080534
2615,0.99686965,7.8589e+03,0.000000000,0.000000000,0.000000000,0.000000000,0.004083633
2616,0.99686965,7.8589e+03,0.000000000,0.000000000,0.000000000,0.000000000,0.004078388
2617,0.99686965,7.8589e+03,0.000000000,0.000000000,0.000000000,0.000000000,0.004066944
2618,0.99686965,7.8589e+03,0.000000000,0.000000000,0.000000000,0.000000000,0.004077911
2619,0.99686965,7.8589e+03,0.000000000,0.000000000,0.000000000,0.000000000,0.004073143
2620,0.99686965,7.8589e+03,0.000000000,0.000000000,0.000000000,0.000000000,0.004065275
2621,0.99686965,7.8589e+03,0.000000000,0.000000000,0.000000000,0.000000000,0.004070282
2622,0.99686965,7.8589e+03,0.000000000,0.000000000,0.000000000,0.000000000,0.004053831
2623,0.99686965,7.8589e+03,0.000000000,0.000000000,0.000000000,0.000000000,0.004069805
2624,0.99686965,7.8589e+03,0.000000000,0.000000000,0.000000000,0.000000000,0.004080534
2625,0.99686965,7.8589e+03,0.000000000,0.000000000,0.000000000,0.000000000,0.004063129
2626,0.99686965,7.8589e+03,0.000000000,0.000000000,0.000000000,0.000000000,0.004071236
2627,0.99686965,7.8589e+03,0.000000000,0.000000000,0.000000000,0.000000000,0.004062414
2628,0.99686965,7.8589e+03,0.000000000,0.000000000,0.000000000,0.000000000,0.004069805
2629,0.99686965,7.8589e+03,0.000000000,0.000000000,0.000000000,0.000000000,0.004066229
2630,0.99686965,7.8589e+03,0.000000000,0.000000000,0.000000000,0.000000000,0.004050970
2631,0.99686965,7.8589e+03,0.000000000,0.000000000,0.000000000,0.000000000,0.004051924
2632,0.99686965,7.8589e+03,0.000000000,0.000000000,0.000000000,0.000000000,0.004063606
2633,0.99686965,7.8589e+03,0.000000000,0.000000000,0.000000000,0.000000000,0.004052162
2634,0.99686965,7.8589e+03,0.000000000,0.000000000,0.000000000,0.000000000,0.004079819
2635,0.99686965,7.8589e+03,0.000000000,0.000000000,0.000000000,0.000000000,0.004061460
2636,0.99686965,7.8589e+03,0.000000000,0.000000000,0.000000000,0.000000000,0.004070520
2637,0.99686965,7.8589e+03,0.000000000,0.000000000,0.000000000,0.000000000,0.004055500
2638,0.99686965,7.8589e+03,0.000000000,0.000000000,0.000000000,0.000000000,0.004064560
2639,0.99686965,7.8589e+03,0.000000000,0.000000000,0.000000000,0.000000000,0.004062891
2640,0.99686965,7.8589e+03,0.000000000,0.000000000,0.000000000,0.000000000,0.004065752
2641,0.99686965,7.8589e+03,0.000000000,0.000000000,0.000000000,0.000000000,0.004061937
2642,0.99686965,7.8589e+03,0.000000000,0.000000000,0.000000000,0.000000000,0.004069567
2643,0.99686965,7.8589e+03,0.000000000,0.000000000,0.000000000,0.000000000,0.004042864
2644,0.99686965,7.8589e+03,0.000000000,0.000000000,0.000000000,0.000000000,0.004064322
2645,0.99686965,7.8589e+03,0.000000000,0.000000000,0.000000000,0.000000000,0.004103184
2646,0.99686965,7.8589e+03,0.000000000,0.000000000,0.000000000,0.000000000,0.004061699
2647,0.99686965,7.8589e+03,0.000000000,0.000000000,0.000000000,0.000000000,0.004054308
2648,0.99686965,7.8589e+03,0.000000000,0.000000000,0.000000000,0.000000000,0.004073381
2649,0.99686965,7.8589e+03,0.000000000,0.000000000,0.000000000,0.000000000,0.004052639
2650,0.99686965,7.8589e+03,0.000000000,0.000000000,0.000000000,0.000000000,0.004065752
2651,0.99686965,7.8589e+03,0.000000000,0.000000000,0.000000000,0.000000000,0.004132986
2652,0.99686965,7.8589e+03,0.000000000,0.000000000,0.000000000,0.000000000,0.004086733
2653,0.99686965,7.8589e+03,0.000000000,0.000000000,0.000000000,0.000000000,0.004088163
2654,0.99686965,7.8589e+03,0.000000000,0.000000000,0.000000000,0.000000000,0.004090786
2655,0.99686965,7.8589e+03,0.000000000,0.000000000,0.000000000,0.000000000,0.004092932
2656,0.99686965,7.8589e+03,0.000000000,0.000000000,0.000000000,0.000000000,0.004096508
2657,0.99686965,7.8589e+03,0.000000000,0.000000000,0.000000000,0.000000000,0.004084826
2658,0.99686965,7.8589e+03,0.000000000,0.000000000,0.000000000,0.000000000,0.004090071
2659,0.99686965,7.8589e+03,0.000000000,0.000000000,0.000000000,0.000000000,0.004093170
2660,0.99686965,7.8589e+03,0.000000000,0.000000000,0.000000000,0.000000000,0.004077435
2661,0.99686965,7.8589e+03,0.000000000,0.000000000,0.000000000,0.000000000,0.004071236
2662,0.99686965,7.8589e+03,0.000000000,0.000000000,0.000000000,0.000000000,0.004079103
2663,0.99686965,7.8589e+03,0.000000000,0.000000000,0.000000000,0.000000000,0.004072666
2664,0.99686965,7.8589e+03,0.000000000,0.000000000,0.000000000,0.000000000,0.004068851
2665,0.99686965,7.8589e+03,0.000000000,0.000000000,0.000000000,0.000000000,0.004071712
2666,0.99686965,7.8589e+03,0.000000000,0.000000000,0.000000000,0.000000000,0.004073143
2667,0.99686965,7.8589e+03,0.000000000,0.000000000,0.000000000,0.000000000,0.004059553
2668,0.99686965,7.8589e+03,0.000000000,0.000000000,0.000000000,0.000000000,0.004058361
2669,0.99686965,7.8589e+03,0.000000000,0.000000000,0.000000000,0.000000000,0.004065752
2670,0.99686965,7.8589e+03,0.000000000,0.000000000,0.000000000,0.000000000,0.004056692
2671,0.99686965,7.8589e+03,0.000000000,0.000000000,0.000000000,0.000000000,0.004077196
2672,0.99686965,7.8589e+03,0.000000000,0.000000000,0.000000000,0.000000000,0.004066467
2673,0.99686965,7.8589e+03,0.000000000,0.000000000,0.000000000,0.000000000,0.004064798
2674,0.99686965,7.8589e+03,0.000000000,0.000000000,0.000000000,0.000000000,0.004074574
2675,0.99686965,7.8589e+03,0.000000000,0.000000000,0.000000000,0.000000000,0.004085064
2676,0.99686965,7.8589e+03,0.000000000,0.000000000,0.000000000,0.000000000,0.004062176
2677,0.99686965,7.8589e+03,0.000000000,0.000000000,0.000000000,0.000000000,0.004063368
2678,0.99686965,7.8589e+03,0.000000000,0.000000000,0.000000000,0.000000000,0.004059792
2679,0.99686965,7.8589e+03,0.000000000,0.000000000,0.000000000,0.000000000,0.004063368
2680,0.99686965,7.8589e+03,0.000000000,0.000000000,0.000000000,0.000000000,0.004070759
2681,0.99686965,7.8589e+03,0.000000000,0.000000000,0.000000000,0.000000000,0.004062176
2682,0.99686965,7.8589e+03,0.000000000,0.000000000,0.000000000,0.000000000,0.004070282
2683,0.99686965,7.8589e+03,0.000000000,0.000000000,0.000000000,0.000000000,0.004064560
2684,0.99686965,7.8589e+03,0.000000000,0.000000000,0.000000000,0.000000000,0.004064083
2685,0.99686965,7.8589e+03,0.000000000,0.000000000,0.000000000,0.000000000,0.004066706
2686,0.99686965,7.8589e+03,0.000000000,0.000000000,0.000000000,0.000000000,0.004057407
2687,0.99686965,7.8589e+03,0.000000000,0.000000000,0.000000000,0.000000000,0.004072905
2688,0.99686965,7.8589e+03,0.000000000,0.000000000,0.000000000,0.000000000,0.004069567
2689,0.99686965,7.8589e+03,0.000000000,0.000000000,0.000000000,0.000000000,0.004068613
2690,0.99686965,7.8589e+03,0.000000000,0.000000000,0.000000000,0.000000000,0.004065514
2691,0.99686965,7.8589e+03,0.000000000,0.000000000,0.000000000,0.000000000,0.004067183
2692,0.99686965,7.8589e+03,0.000000000,0.000000000,0.000000000,0.000000000,0.004059792
2693,0.99686965,7.8589e+03,0.000000000,0.000000000,0.000000000,0.000000000,0.004071951
2694,0.99686965,7.8589e+03,0.000000000,0.000000000,0.000000000,0.000000000,0.004065275
2695,0.99686965,7.8589e+03,0.000000000,0.000000000,0.000000000,0.000000000,0.004066229
2696,0.99686965,7.8589e+03,0.000000000,0.000000000,0.000000000,0.000000000,0.004070044
2697,0.99686965,7.8589e+03,0.000000000,0.000000000,0.000000000,0.000000000,0.004058599
2698,0.99686965,7.8589e+03,0.000000000,0.000000000,0.000000000,0.000000000,0.004070282
2699,0.99686965,7.8589e+03,0.000000000,0.000000000,0.000000000,0.000000000,0.004061699
2700,0.99686965,7.8589e+03,0.000000000,0.000000000,0.000000000,0.000000000,0.004068136
2701,0.99686965,7.8589e+03,0.000000000,0.000000000,0.000000000,0.000000000,0.004143238
2702,0.99686965,7.8589e+03,0.000000000,0.000000000,0.000000000,0.000000000,0.004086971
2703,0.99686965,7.8589e+03,0.000000000,0.000000000,0.000000000,0.000000000,0.004080296
2704,0.99686965,7.8589e+03,0.000000000,0.000000000,0.000000000,0.000000000,0.004085779
2705,0.99686965,7.8589e+03,0.000000000,0.000000000,0.000000000,0.000000000,0.004086733
2706,0.99686965,7.8589e+03,0.000000000,0.000000000,0.000000000,0.000000000,0.004082680
2707,0.99686965,7.8589e+03,0.000000000,0.000000000,0.000000000,0.000000000,0.004089117
2708,0.99686965,7.8589e+03,0.000000000,0.000000000,0.000000000,0.000000000,0.004065990
2709,0.99686965,7.8589e+03,0.000000000,0.000000000,0.000000000,0.000000000,0.004081488
2710,0.99686965,7.8589e+03,0.000000000,0.000000000,0.000000000,0.000000000,0.004081726
2711,0.99686965,7.8589e+03,0.000000000,0.000000000,0.000000000,0.000000000,0.004083633
2712,0.99686965,7.8589e+03,0.000000000,0.000000000,0.000000000,0.000000000,0.004081488
2713,0.99686965,7.8589e+03,0.000000000,0.000000000,0.000000000,0.000000000,0.004071712
2714,0.99686965,7.8589e+03,0.000000000,0.000000000,0.000000000,0.000000000,0.004081964
2715,0.99686965,7.8589e+03,0.000000000,0.000000000,0.000000000,0.000000000,0.004067183
2716,0.99686965,7.8589e+03,0.000000000,0.000000000,0.000000000,0.000000000,0.004062414
2717,0.99686965,7.8589e+03,0.000000000,0.000000000,0.000000000,0.000000000,0.004075527
2718,0.99686965,7.8589e+03,0.000000000,0.000000000,0.000000000,0.000000000,0.005136013
2719,0.99686965,7.8589e+03,0.000000000,0.000000000,0.000000000,0.000000000,0.004156113
2720,0.99686965,7.8589e+03,0.000000000,0.000000000,0.000000000,0.000000000,0.004109621
2721,0.99686965,7.8589e+03,0.000000000,0.000000000,0.000000000,0.000000000,0.004106522
2722,0.99686965,7.8589e+03,0.000000000,0.000000000,0.000000000,0.000000000,0.004090309
2723,0.99686965,7.8589e+03,0.000000000,0.000000000,0.000000000,0.000000000,0.004103899
2724,0.99686965,7.8589e+03,0.000000000,0.000000000,0.000000000,0.000000000,0.004088640
2725,0.99686965,7.8589e+03,0.000000000,0.000000000,0.000000000,0.000000000,0.004101276
2726,0.99686965,7.8589e+03,0.000000000,0.000000000,0.000000000,0.000000000,0.004087448
2727,0.99686965,7.8589e+03,0.000000000,0.000000000,0.000000000,0.000000000,0.004090309
2728,0.99686965,7.8589e+03,0.000000000,0.000000000,0.000000000,0.000000000,0.004107714
2729,0.99686965,7.8589e+03,0.000000000,0.000000000,0.000000000,0.000000000,0.004084110
2730,0.99686965,7.8589e+03,0.000000000,0.000000000,0.000000000,0.000000000,0.004091263
2731,0.99686965,7.8589e+03,0.000000000,0.000000000,0.000000000,0.000000000,0.004078150
2732,0.99686965,7.8589e+03,0.000000000,0.000000000,0.000000000,0.000000000,0.004087687
2733,0.99686965,7.8589e+03,0.000000000,0.000000000,0.000000000,0.000000000,0.004080534
2734,0.99686965,7.8589e+03,0.000000000,0.000000000,0.000000000,0.000000000,0.004084826
2735,0.99686965,7.8589e+03,0.000000000,0.000000000,0.000000000,0.000000000,0.004081011
2736,0.99686965,7.8589e+03,0.000000000,0.000000000,0.000000000,0.000000000,0.004087687
2737,0.99686965,7.8589e+03,0.000000000,0.000000000,0.000000000,0.000000000,0.004075050
2738,0.99686965,7.8589e+03,0.000000000,0.000000000,0.000000000,0.000000000,0.004091501
2739,0.99686965,7.8589e+03,0.000000000,0.000000000,0.000000000,0.000000000,0.004067421
2740,0.99686965,7.8589e+03,0.000000000,0.000000000,0.000000000,0.000000000,0.004087448
2741,0.99686965,7.8589e+03,0.000000000,0.000000000,0.000000000,0.000000000,0.004084110
2742,0.99686965,7.8589e+03,0.000000000,0.000000000,0.000000000,0.000000000,0.004087210
2743,0.99686965,7.8589e+03,0.000000000,0.000000000,0.000000000,0.000000000,0.004066944
2744,0.99686965,7.8589e+03,0.000000000,0.000000000,0.000000000,0.000000000,0.004064798
2745,0.99686965,7.8589e+03,0.000000000,0.000000000,0.000000000,0.000000000,0.004056931
2746,0.99686965,7.8589e+03,0.000000000,0.000000000,0.000000000,0.000000000,0.004071951
2747,0.99686965,7.8589e+03,0.000000000,0.000000000,0.000000000,0.000000000,0.004061699
2748,0.99686965,7.8589e+03,0.000000000,0.000000000,0.000000000,0.000000000,0.004052877
2749,0.99686965,7.8589e+03,0.000000000,0.000000000,0.000000000,0.000000000,0.004069567
2750,0.99686965,7.8589e+03,0.000000000,0.000000000,0.000000000,0.000000000,0.004075766
2751,0.99686965,7.8589e+03,0.000000000,0.000000000,0.000000000,0.000000000,0.004175663
2752,0.99686965,7.8589e+03,0.000000000,0.000000000,0.000000000,0.000000000,0.004084349
2753,0.99686965,7.8589e+03,0.000000000,0.000000000,0.000000000,0.000000000,0.004085064
2754,0.99686965,7.8589e+03,0.000000000,0.000000000,0.000000000,0.000000000,0.004082441
2755,0.99686965,7.8589e+03,0.000000000,0.000000000,0.000000000,0.000000000,0.004073381
2756,0.99686965,7.8589e+03,0.000000000,0.000000000,0.000000000,0.000000000,0.004100561
2757,0.99686965,7.8589e+03,0.000000000,0.000000000,0.000000000,0.000000000,0.004082203
2758,0.99686965,7.8589e+03,0.000000000,0.000000000,0.000000000,0.000000000,0.004072428
2759,0.99686965,7.8589e+03,0.000000000,0.000000000,0.000000000,0.000000000,0.004076481
2760,0.99686965,7.8589e+03,0.000000000,0.000000000,0.000000000,0.000000000,0.004071236
2761,0.99686965,7.8589e+03,0.000000000,0.000000000,0.000000000,0.000000000,0.004080296
2762,0.99686965,7.8589e+03,0.000000000,0.000000000,0.000000000,0.000000000,0.004087925
2763,0.99686965,7.8589e+03,0.000000000,0.000000000,0.000000000,0.000000000,0.004076004
2764,0.99686965,7.8589e+03,0.000000000,0.000000000,0.000000000,0.000000000,0.004070997
2765,0.99686965,7.8589e+03,0.000000000,0.000000000,0.000000000,0.000000000,0.004091263
2766,0.99686965,7.8589e+03,0.000000000,0.000000000,0.000000000,0.000000000,0.004073143
2767,0.99686965,7.8589e+03,0.000000000,0.000000000,0.000000000,0.000000000,0.004069567
2768,0.99686965,7.8589e+03,0.000000000,0.000000000,0.000000000,0.000000000,0.004077196
2769,0.99686965,7.8589e+03,0.000000000,0.000000000,0.000000000,0.000000000,0.004082203
2770,0.99686965,7.8589e+03,0.000000000,0.000000000,0.000000000,0.000000000,0.004073143
2771,0.99686965,7.8589e+03,0.000000000,0.000000000,0.000000000,0.000000000,0.004070997
2772,0.99686965,7.8589e+03,0.000000000,0.000000000,0.000000000,0.000000000,0.004071236
2773,0.99686965,7.8589e+03,0.000000000,0.000000000,0.000000000,0.000000000,0.004082441
2774,0.99686965,7.8589e+03,0.000000000,0.000000000,0.000000000,0.000000000,0.004067421
2775,0.99686965,7.8589e+03,0.000000000,0.000000000,0.000000000,0.000000000,0.004063129
2776,0.99686965,7.8589e+03,0.000000000,0.000000000,0.000000000,0.000000000,0.004079342
2777,0.99686965,7.8589e+03,0.000000000,0.000000000,0.000000000,0.000000000,0.004076481
2778,0.99686965,7.8589e+03,0.000000000,0.000000000,0.000000000,0.000000000,0.004082441
2779,0.99686965,7.8589e+03,0.000000000,0.000000000,0.000000000,0.000000000,0.004065990
2780,0.99686965,7.8589e+03,0.000000000,0.000000000,0.000000000,0.000000000,0.004071951
2781,0.99686965,7.8589e+03,0.000000000,0.000000000,0.000000000,0.000000000,0.004079819
2782,0.99686965,7.8589e+03,0.000000000,0.000000000,0.000000000,0.000000000,0.004075289
2783,0.99686965,7.8589e+03,0.000000000,0.000000000,0.000000000,0.000000000,0.004074335
2784,0.99686965,7.8589e+03,0.000000000,0.000000000,0.000000000,0.000000000,0.004068136
2785,0.99686965,7.8589e+03,0.000000000,0.000000000,0.000000000,0.000000000,0.004076004
2786,0.99686965,7.8589e+03,0.000000000,0.000000000,0.000000000,0.000000000,0.004075766
2787,0.99686965,7.8589e+03,0.000000000,0.000000000,0.000000000,0.000000000,0.004069090
2788,0.99686965,7.8589e+03,0.000000000,0.000000000,0.000000000,0.000000000,0.004072428
2789,0.99686965,7.8589e+03,0.000000000,0.000000000,0.000000000,0.000000000,0.004070997
2790,0.99686965,7.8589e+03,0.000000000,0.000000000,0.000000000,0.000000000,0.004060745
2791,0.99686965,7.8589e+03,0.000000000,0.000000000,0.000000000,0.000000000,0.004071951
2792,0.99686965,7.8589e+03,0.000000000,0.000000000,0.000000000,0.000000000,0.004068375
2793,0.99686965,7.8589e+03,0.000000000,0.000000000,0.000000000,0.000000000,0.004062414
2794,0.99686965,7.8589e+03,0.000000000,0.000000000,0.000000000,0.000000000,0.004088640
2795,0.99686965,7.8589e+03,0.000000000,0.000000000,0.000000000,0.000000000,0.004059076
2796,0.99686965,7.8589e+03,0.000000000,0.000000000,0.000000000,0.000000000,0.004065990
2797,0.99686965,7.8589e+03,0.000000000,0.000000000,0.000000000,0.000000000,0.004061222
2798,0.99686965,7.8589e+03,0.000000000,0.000000000,0.000000000,0.000000000,0.004075766
2799,0.99686965,7.8589e+03,0.000000000,0.000000000,0.000000000,0.000000000,0.004083395
2800,0.99686965,7.8589e+03,0.000000000,0.000000000,0.000000000,0.000000000,0.004063368
2801,0.99686965,7.8589e+03,0.000000000,0.000000000,0.000000000,0.000000000,0.004154682
2802,0.99686965,7.8589e+03,0.000000000,0.000000000,0.000000000,0.000000000,0.004086733
2803,0.99686965,7.8589e+03,0.000000000,0.000000000,0.000000000,0.000000000,0.004084110
2804,0.99686965,7.8589e+03,0.000000000,0.000000000,0.000000000,0.000000000,0.004078865
2805,0.99686965,7.8589e+03,0.000000000,0.000000000,0.000000000,0.000000000,0.004083872
2806,0.99686965,7.8589e+03,0.000000000,0.000000000,0.000000000,0.000000000,0.004084349
2807,0.99686965,7.8589e+03,0.000000000,0.000000000,0.000000000,0.000000000,0.004069328
2808,0.99686965,7.8589e+03,0.000000000,0.000000000,0.000000000,0.000000000,0.004069328
2809,0.99686965,7.8589e+03,0.000000000,0.000000000,0.000000000,0.000000000,0.004063368
2810,0.99686965,7.8589e+03,0.000000000,0.000000000,0.000000000,0.000000000,0.004065514
2811,0.99686965,7.8589e+03,0.000000000,0.000000000,0.000000000,0.000000000,0.004079819
2812,0.99686965,7.8589e+03,0.000000000,0.000000000,0.000000000,0.000000000,0.004066706
2813,0.99686965,7.8589e+03,0.000000000,0.000000000,0.000000000,0.000000000,0.004058599
2814,0.99686965,7.8589e+03,0.000000000,0.000000000,0.000000000,0.000000000,0.004072666
2815,0.99686965,7.8589e+03,0.000000000,0.000000000,0.000000000,0.000000000,0.004068375
2816,0.99686965,7.8589e+03,0.000000000,0.000000000,0.000000000,0.000000000,0.004076719
2817,0.99686965,7.8589e+03,0.000000000,0.000000000,0.000000000,0.000000000,0.004064560
2818,0.99686965,7.8589e+03,0.000000000,0.000000000,0.000000000,0.000000000,0.004077435
2819,0.99686965,7.8589e+03,0.000000000,0.000000000,0.000000000,0.000000000,0.004061699
2820,0.99686965,7.8589e+03,0.000000000,0.000000000,0.000000000,0.000000000,0.004076958
2821,0.99686965,7.8589e+03,0.000000000,0.000000000,0.000000000,0.000000000,0.004073143
2822,0.99686965,7.8589e+03,0.000000000,0.000000000,0.000000000,0.000000000,0.004065037
2823,0.99686965,7.8589e+03,0.000000000,0.000000000,0.000000000,0.000000000,0.004076004
2824,0.99686965,7.8589e+03,0.000000000,0.000000000,0.000000000,0.000000000,0.004068613
2825,0.99686965,7.8589e+03,0.000000000,0.000000000,0.000000000,0.000000000,0.004077196
2826,0.99686965,7.8589e+03,0.000000000,0.000000000,0.000000000,0.000000000,0.004090071
2827,0.99686965,7.8589e+03,0.000000000,0.000000000,0.000000000,0.000000000,0.004067659
2828,0.99686965,7.8589e+03,0.000000000,0.000000000,0.000000000,0.000000000,0.004077196
2829,0.99686965,7.8589e+03,0.000000000,0.000000000,0.000000000,0.000000000,0.004078388
2830,0.99686965,7.8589e+03,0.000000000,0.000000000,0.000000000,0.000000000,0.004070997
2831,0.99686965,7.8589e+03,0.000000000,0.000000000,0.000000000,0.000000000,0.004084349
2832,0.99686965,7.8589e+03,0.000000000,0.000000000,0.000000000,0.000000000,0.004072666
2833,0.99686965,7.8589e+03,0.000000000,0.000000000,0.000000000,0.000000000,0.004063845
2834,0.99686965,7.8589e+03,0.000000000,0.000000000,0.000000000,0.000000000,0.004075289
2835,0.99686965,7.8589e+03,0.000000000,0.000000000,0.000000000,0.000000000,0.004072905
2836,0.99686965,7.8589e+03,0.000000000,0.000000000,0.000000000,0.000000000,0.004074574
2837,0.99686965,7.8589e+03,0.000000000,0.000000000,0.000000000,0.000000000,0.004070282
2838,0.99686965,7.8589e+03,0.000000000,0.000000000,0.000000000,0.000000000,0.004070044
2839,0.99686965,7.8589e+03,0.000000000,0.000000000,0.000000000,0.000000000,0.004082441
2840,0.99686965,7.8589e+03,0.000000000,0.000000000,0.000000000,0.000000000,0.004060984
2841,0.99686965,7.8589e+03,0.000000000,0.000000000,0.000000000,0.000000000,0.004058361
2842,0.99686965,7.8589e+03,0.000000000,0.000000000,0.000000000,0.000000000,0.004072428
2843,0.99686965,7.8589e+03,0.000000000,0.000000000,0.000000000,0.000000000,0.004059792
2844,0.99686965,7.8589e+03,0.000000000,0.000000000,0.000000000,0.000000000,0.004062891
2845,0.99686965,7.8589e+03,0.000000000,0.000000000,0.000000000,0.000000000,0.004054785
2846,0.99686965,7.8589e+03,0.000000000,0.000000000,0.000000000,0.000000000,0.004067898
2847,0.99686965,7.8589e+03,0.000000000,0.000000000,0.000000000,0.000000000,0.004053593
2848,0.99686965,7.8589e+03,0.000000000,0.000000000,0.000000000,0.000000000,0.004050016
2849,0.99686965,7.8589e+03,0.000000000,0.000000000,0.000000000,0.000000000,0.004045725
2850,0.99686965,7.8589e+03,0.000000000,0.000000000,0.000000000,0.000000000,0.004053116
2851,0.99686965,7.8589e+03,0.000000000,0.000000000,0.000000000,0.000000000,0.004147768
2852,0.99686965,7.8589e+03,0.000000000,0.000000000,0.000000000,0.000000000,0.004078865
2853,0.99686965,7.8589e+03,0.000000000,0.000000000,0.000000000,0.000000000,0.004077673
2854,0.99686965,7.8589e+03,0.000000000,0.000000000,0.000000000,0.000000000,0.004094362
2855,0.99686965,7.8589e+03,0.000000000,0.000000000,0.000000000,0.000000000,0.004086018
2856,0.99686965,7.8589e+03,0.000000000,0.000000000,0.000000000,0.000000000,0.004081249
2857,0.99686965,7.8589e+03,0.000000000,0.000000000,0.000000000,0.000000000,0.004071474
2858,0.99686965,7.8589e+03,0.000000000,0.000000000,0.000000000,0.000000000,0.004079342
2859,0.99686965,7.8589e+03,0.000000000,0.000000000,0.000000000,0.000000000,0.004075050
2860,0.99686965,7.8589e+03,0.000000000,0.000000000,0.000000000,0.000000000,0.004070044
2861,0.99686965,7.8589e+03,0.000000000,0.000000000,0.000000000,0.000000000,0.004086971
2862,0.99686965,7.8589e+03,0.000000000,0.000000000,0.000000000,0.000000000,0.004071474
2863,0.99686965,7.8589e+03,0.000000000,0.000000000,0.000000000,0.000000000,0.004085302
2864,0.99686965,7.8589e+03,0.000000000,0.000000000,0.000000000,0.000000000,0.004069567
2865,0.99686965,7.8589e+03,0.000000000,0.000000000,0.000000000,0.000000000,0.004062176
2866,0.99686965,7.8589e+03,0.000000000,0.000000000,0.000000000,0.000000000,0.004058361
2867,0.99686965,7.8589e+03,0.000000000,0.000000000,0.000000000,0.000000000,0.004065990
2868,0.99686965,7.8589e+03,0.000000000,0.000000000,0.000000000,0.000000000,0.004065990
2869,0.99686965,7.8589e+03,0.000000000,0.000000000,0.000000000,0.000000000,0.004073620
2870,0.99686965,7.8589e+03,0.000000000,0.000000000,0.000000000,0.000000000,0.004073620
2871,0.99686965,7.8589e+03,0.000000000,0.000000000,0.000000000,0.000000000,0.004080057
2872,0.99686965,7.8589e+03,0.000000000,0.000000000,0.000000000,0.000000000,0.004069567
2873,0.99686965,7.8589e+03,0.000000000,0.000000000,0.000000000,0.000000000,0.004068851
2874,0.99686965,7.8589e+03,0.000000000,0.000000000,0.000000000,0.000000000,0.004064798
2875,0.99686965,7.8589e+03,0.000000000,0.000000000,0.000000000,0.000000000,0.004069805
2876,0.99686965,7.8589e+03,0.000000000,0.000000000,0.000000000,0.000000000,0.004077911
2877,0.99686965,7.8589e+03,0.000000000,0.000000000,0.000000000,0.000000000,0.004079580
2878,0.99686965,7.8589e+03,0.000000000,0.000000000,0.000000000,0.000000000,0.004062653
2879,0.99686965,7.8589e+03,0.000000000,0.000000000,0.000000000,0.000000000,0.004075289
2880,0.99686965,7.8589e+03,0.000000000,0.000000000,0.000000000,0.000000000,0.004067898
2881,0.99686965,7.8589e+03,0.000000000,0.000000000,0.000000000,0.000000000,0.004070759
2882,0.99686965,7.8589e+03,0.000000000,0.000000000,0.000000000,0.000000000,0.004082680
2883,0.99686965,7.8589e+03,0.000000000,0.000000000,0.000000000,0.000000000,0.004077911
2884,0.99686965,7.8589e+03,0.000000000,0.000000000,0.000000000,0.000000000,0.004080057
2885,0.99686965,7.8589e+03,0.000000000,0.000000000,0.000000000,0.000000000,0.004092693
2886,0.99686965,7.8589e+03,0.000000000,0.000000000,0.000000000,0.000000000,0.004079103
2887,0.99686965,7.8589e+03,0.000000000,0.000000000,0.000000000,0.000000000,0.004081488
2888,0.99686965,7.8589e+03,0.000000000,0.000000000,0.000000000,0.000000000,0.004089594
2889,0.99686965,7.8589e+03,0.000000000,0.000000000,0.000000000,0.000000000,0.004086733
2890,0.99686965,7.8589e+03,0.000000000,0.000000000,0.000000000,0.000000000,0.004084826
2891,0.99686965,7.8589e+03,0.000000000,0.000000000,0.000000000,0.000000000,0.004071712
2892,0.99686965,7.8589e+03,0.000000000,0.000000000,0.000000000,0.000000000,0.004074574
2893,0.99686965,7.8589e+03,0.000000000,0.000000000,0.000000000,0.000000000,0.004086256
2894,0.99686965,7.8589e+03,0.000000000,0.000000000,0.000000000,0.000000000,0.004075766
2895,0.99686965,7.8589e+03,0.000000000,0.000000000,0.000000000,0.000000000,0.004058599
2896,0.99686965,7.8589e+03,0.000000000,0.000000000,0.000000000,0.000000000,0.004085302
2897,0.99686965,7.8589e+03,0.000000000,0.000000000,0.000000000,0.000000000,0.004083633
2898,0.99686965,7.8589e+03,0.000000000,0.000000000,0.000000000,0.000000000,0.004078150
2899,0.99686965,7.8589e+03,0.000000000,0.000000000,0.000000000,0.000000000,0.004063368
2900,0.99686965,7.8589e+03,0.000000000,0.000000000,0.000000000,0.000000000,0.004074812
2901,0.99686965,7.8589e+03,0.000000000,0.000000000,0.000000000,0.000000000,0.004158020
2902,0.99686965,7.8589e+03,0.000000000,0.000000000,0.000000000,0.000000000,0.004097462
2903,0.99686965,7.8589e+03,0.000000000,0.000000000,0.000000000,0.000000000,0.004091501
2904,0.99686965,7.8589e+03,0.000000000,0.000000000,0.000000000,0.000000000,0.004093409
2905,0.99686965,7.8589e+03,0.000000000,0.000000000,0.000000000,0.000000000,0.004083872
2906,0.99686965,7.8589e+03,0.000000000,0.000000000,0.000000000,0.000000000,0.004091978
2907,0.99686965,7.8589e+03,0.000000000,0.000000000,0.000000000,0.000000000,0.004080057
2908,0.99686965,7.8589e+03,0.000000000,0.000000000,0.000000000,0.000000000,0.004069090
2909,0.99686965,7.8589e+03,0.000000000,0.000000000,0.000000000,0.000000000,0.004076719
2910,0.99686965,7.8589e+03,0.000000000,0.000000000,0.000000000,0.000000000,0.004072428
2911,0.99686965,7.8589e+03,0.000000000,0.000000000,0.000000000,0.000000000,0.004100561
2912,0.99686965,7.8589e+03,0.000000000,0.000000000,0.000000000,0.000000000,0.004068851
2913,0.99686965,7.8589e+03,0.000000000,0.000000000,0.000000000,0.000000000,0.004071236
2914,0.99686965,7.8589e+03,0.000000000,0.000000000,0.000000000,0.000000000,0.004078150
2915,0.99686965,7.8589e+03,0.000000000,0.000000000,0.000000000,0.000000000,0.004071474
2916,0.99686965,7.8589e+03,0.000000000,0.000000000,0.000000000,0.000000000,0.004065037
2917,0.99686965,7.8589e+03,0.000000000,0.000000000,0.000000000,0.000000000,0.004065275
2918,0.99686965,7.8589e+03,0.000000000,0.000000000,0.000000000,0.000000000,0.004061699
2919,0.99686965,7.8589e+03,0.000000000,0.000000000,0.000000000,0.000000000,0.004068613
2920,0.99686965,7.8589e+03,0.000000000,0.000000000,0.000000000,0.000000000,0.004067421
2921,0.99686965,7.8589e+03,0.000000000,0.000000000,0.000000000,0.000000000,0.004075050
2922,0.99686965,7.8589e+03,0.000000000,0.000000000,0.000000000,0.000000000,0.004071236
2923,0.99686965,7.8589e+03,0.000000000,0.000000000,0.000000000,0.000000000,0.004076004
2924,0.99686965,7.8589e+03,0.000000000,0.000000000,0.000000000,0.000000000,0.004059553
2925,0.99686965,7.8589e+03,0.000000000,0.000000000,0.000000000,0.000000000,0.004080772
2926,0.99686965,7.8589e+03,0.000000000,0.000000000,0.000000000,0.000000000,0.004072428
2927,0.99686965,7.8589e+03,0.000000000,0.000000000,0.000000000,0.000000000,0.004080296
2928,0.99686965,7.8589e+03,0.000000000,0.000000000,0.000000000,0.000000000,0.004071474
2929,0.99686965,7.8589e+03,0.000000000,0.000000000,0.000000000,0.000000000,0.004072666
2930,0.99686965,7.8589e+03,0.000000000,0.000000000,0.000000000,0.000000000,0.004068613
2931,0.99686965,7.8589e+03,0.000000000,0.000000000,0.000000000,0.000000000,0.004077673
2932,0.99686965,7.8589e+03,0.000000000,0.000000000,0.000000000,0.000000000,0.004055738
2933,0.99686965,7.8589e+03,0.000000000,0.000000000,0.000000000,0.000000000,0.004075766
2934,0.99686965,7.8589e+03,0.000000000,0.000000000,0.000000000,0.000000000,0.004065275
2935,0.99686965,7.8589e+03,0.000000000,0.000000000,0.000000000,0.000000000,0.004062653
2936,0.99686965,7.8589e+03,0.000000000,0.000000000,0.000000000,0.000000000,0.004064322
2937,0.99686965,7.8589e+03,0.000000000,0.000000000,0.000000000,0.000000000,0.004053116
2938,0.99686965,7.8589e+03,0.000000000,0.000000000,0.000000000,0.000000000,0.004066706
2939,0.99686965,7.8589e+03,0.000000000,0.000000000,0.000000000,0.000000000,0.004058361
2940,0.99686965,7.8589e+03,0.000000000,0.000000000,0.000000000,0.000000000,0.004057646
2941,0.99686965,7.8589e+03,0.000000000,0.000000000,0.000000000,0.000000000,0.004067421
2942,0.99686965,7.8589e+03,0.000000000,0.000000000,0.000000000,0.000000000,0.004054070
2943,0.99686965,7.8589e+03,0.000000000,0.000000000,0.000000000,0.000000000,0.004066467
2944,0.99686965,7.8589e+03,0.000000000,0.000000000,0.000000000,0.000000000,0.004055738
2945,0.99686965,7.8589e+03,0.000000000,0.000000000,0.000000000,0.000000000,0.004063606
2946,0.99686965,7.8589e+03,0.000000000,0.000000000,0.000000000,0.000000000,0.004060030
2947,0.99686965,7.8589e+03,0.000000000,0.000000000,0.000000000,0.000000000,0.004068375
2948,0.99686965,7.8589e+03,0.000000000,0.000000000,0.000000000,0.000000000,0.004050016
2949,0.99686965,7.8589e+03,0.000000000,0.000000000,0.000000000,0.000000000,0.004062891
2950,0.99686965,7.8589e+03,0.000000000,0.000000000,0.000000000,0.000000000,0.004053116
2951,0.99686965,7.8589e+03,0.000000000,0.000000000,0.000000000,0.000000000,0.004143953
2952,0.99686965,7.8589e+03,0.000000000,0.000000000,0.000000000,0.000000000,0.004079103
2953,0.99686965,7.8589e+03,0.000000000,0.000000000,0.000000000,0.000000000,0.004094601
2954,0.99686965,7.8589e+03,0.000000000,0.000000000,0.000000000,0.000000000,0.004089117
2955,0.99686965,7.8589e+03,0.000000000,0.000000000,0.000000000,0.000000000,0.004077435
2956,0.99686965,7.8589e+03,0.000000000,0.000000000,0.000000000,0.000000000,0.004081249
2957,0.99686965,7.8589e+03,0.000000000,0.000000000,0.000000000,0.000000000,0.004081488
2958,0.99686965,7.8589e+03,0.000000000,0.000000000,0.000000000,0.000000000,0.004080296
2959,0.99686965,7.8589e+03,0.000000000,0.000000000,0.000000000,0.000000000,0.004074812
2960,0.99686965,7.8589e+03,0.000000000,0.000000000,0.000000000,0.000000000,0.004067898
2961,0.99686965,7.8589e+03,0.000000000,0.000000000,0.000000000,0.000000000,0.004062176
2962,0.99686965,7.8589e+03,0.000000000,0.000000000,0.000000000,0.000000000,0.004071951
2963,0.99686965,7.8589e+03,0.000000000,0.000000000,0.000000000,0.000000000,0.004065752
2964,0.99686965,7.8589e+03,0.000000000,0.000000000,0.000000000,0.000000000,0.004068613
2965,0.99686965,7.8589e+03,0.000000000,0.000000000,0.000000000,0.000000000,0.004072428
2966,0.99686965,7.8589e+03,0.000000000,0.000000000,0.000000000,0.000000000,0.004076242
2967,0.99686965,7.8589e+03,0.000000000,0.000000000,0.000000000,0.000000000,0.004059315
2968,0.99686965,7.8589e+03,0.000000000,0.000000000,0.000000000,0.000000000,0.004193783
2969,0.99686965,7.8589e+03,0.000000000,0.000000000,0.000000000,0.000000000,0.004076242
2970,0.99686965,7.8589e+03,0.000000000,0.000000000,0.000000000,0.000000000,0.004072666
2971,0.99686965,7.8589e+03,0.000000000,0.000000000,0.000000000,0.000000000,0.004071951
2972,0.99686965,7.8589e+03,0.000000000,0.000000000,0.000000000,0.000000000,0.004067659
2973,0.99686965,7.8589e+03,0.000000000,0.000000000,0.000000000,0.000000000,0.004081249
2974,0.99686965,7.8589e+03,0.000000000,0.000000000,0.000000000,0.000000000,0.004062414
2975,0.99686965,7.8589e+03,0.000000000,0.000000000,0.000000000,0.000000000,0.004085064
2976,0.99686965,7.8589e+03,0.000000000,0.000000000,0.000000000,0.000000000,0.004061460
2977,0.99686965,7.8589e+03,0.000000000,0.000000000,0.000000000,0.000000000,0.004064322
2978,0.99686965,7.8589e+03,0.000000000,0.000000000,0.000000000,0.000000000,0.004070520
2979,0.99686965,7.8589e+03,0.000000000,0.000000000,0.000000000,0.000000000,0.004066229
2980,0.99686965,7.8589e+03,0.000000000,0.000000000,0.000000000,0.000000000,0.004072189
2981,0.99686965,7.8589e+03,0.000000000,0.000000000,0.000000000,0.000000000,0.004072189
2982,0.99686965,7.8589e+03,0.000000000,0.000000000,0.000000000,0.000000000,0.004059076
2983,0.99686965,7.8589e+03,0.000000000,0.000000000,0.000000000,0.000000000,0.004069328
2984,0.99686965,7.8589e+03,0.000000000,0.000000000,0.000000000,0.000000000,0.004063368
2985,0.99686965,7.8589e+03,0.000000000,0.000000000,0.000000000,0.000000000,0.004077673
2986,0.99686965,7.8589e+03,0.000000000,0.000000000,0.000000000,0.000000000,0.004063368
2987,0.99686965,7.8589e+03,0.000000000,0.000000000,0.000000000,0.000000000,0.004082203
2988,0.99686965,7.8589e+03,0.000000000,0.000000000,0.000000000,0.000000000,0.004064083
2989,0.99686965,7.8589e+03,0.000000000,0.000000000,0.000000000,0.000000000,0.004060268
2990,0.99686965,7.8589e+03,0.000000000,0.000000000,0.000000000,0.000000000,0.004065514
2991,0.99686965,7.8589e+03,0.000000000,0.000000000,0.000000000,0.000000000,0.004067898
2992,0.99686965,7.8589e+03,0.000000000,0.000000000,0.000000000,0.000000000,0.004061699
2993,0.99686965,7.8589e+03,0.000000000,0.000000000,0.000000000,0.000000000,0.004064798
2994,0.99686965,7.8589e+03,0.000000000,0.000000000,0.000000000,0.000000000,0.004057407
2995,0.99686965,7.8589e+03,0.000000000,0.000000000,0.000000000,0.000000000,0.004060268
2996,0.99686965,7.8589e+03,0.000000000,0.000000000,0.000000000,0.000000000,0.004061937
2997,0.99686965,7.8589e+03,0.000000000,0.000000000,0.000000000,0.000000000,0.004068375
2998,0.99686965,7.8589e+03,0.000000000,0.000000000,0.000000000,0.000000000,0.004055262
2999,0.99686965,7.8589e+03,0.000000000,0.000000000,0.000000000,0.000000000,0.004068613
3000,0.99686965,7.8589e+03,0.000000000,0.000000000,0.000000000,0.000000000,0.004062891
3001,0.99686965,7.8589e+03,0.000000000,0.000000000,0.000000000,0.000000000,0.004151344
3002,0.99686965,7.8589e+03,0.000000000,0.000000000,0.000000000,0.000000000,0.004086733
3003,0.99686965,7.8589e+03,0.000000000,0.000000000,0.000000000,0.000000000,0.004082203
3004,0.99686965,7.8589e+03,0.000000000,0.000000000,0.000000000,0.000000000,0.004076958
3005,0.99686965,7.8589e+03,0.000000000,0.000000000,0.000000000,0.000000000,0.004083157
3006,0.99686965,7.8589e+03,0.000000000,0.000000000,0.000000000,0.000000000,0.004079342
3007,0.99686965,7.8589e+03,0.000000000,0.000000000,0.000000000,0.000000000,0.004100084
3008,0.99686965,7.8589e+03,0.000000000,0.000000000,0.000000000,0.000000000,0.004092216
3009,0.99686965,7.8589e+03,0.000000000,0.000000000,0.000000000,0.000000000,0.004081726
3010,0.99686965,7.8589e+03,0.000000000,0.000000000,0.000000000,0.000000000,0.004085779
3011,0.99686965,7.8589e+03,0.000000000,0.000000000,0.000000000,0.000000000,0.004080534
3012,0.99686965,7.8589e+03,0.000000000,0.000000000,0.000000000,0.000000000,0.004076004
3013,0.99686965,7.8589e+03,0.000000000,0.000000000,0.000000000,0.000000000,0.004087925
3014,0.99686965,7.8589e+03,0.000000000,0.000000000,0.000000000,0.000000000,0.004070044
3015,0.99686965,7.8589e+03,0.000000000,0.000000000,0.000000000,0.000000000,0.004072189
3016,0.99686965,7.8589e+03,0.000000000,0.000000000,0.000000000,0.000000000,0.004077673
3017,0.99686965,7.8589e+03,0.000000000,0.000000000,0.000000000,0.000000000,0.004088640
3018,0.99686965,7.8589e+03,0.000000000,0.000000000,0.000000000,0.000000000,0.004067421
3019,0.99686965,7.8589e+03,0.000000000,0.000000000,0.000000000,0.000000000,0.004075050
3020,0.99686965,7.8589e+03,0.000000000,0.000000000,0.000000000,0.000000000,0.004063606
3021,0.99686965,7.8589e+03,0.000000000,0.000000000,0.000000000,0.000000000,0.004070044
3022,0.99686965,7.8589e+03,0.000000000,0.000000000,0.000000000,0.000000000,0.004074335
3023,0.99686965,7.8589e+03,0.000000000,0.000000000,0.000000000,0.000000000,0.004088640
3024,0.99686965,7.8589e+03,0.000000000,0.000000000,0.000000000,0.000000000,0.004072905
3025,0.99686965,7.8589e+03,0.000000000,0.000000000,0.000000000,0.000000000,0.004064322
3026,0.99686965,7.8589e+03,0.000000000,0.000000000,0.000000000,0.000000000,0.004065275
3027,0.99686965,7.8589e+03,0.000000000,0.000000000,0.000000000,0.000000000,0.004074335
3028,0.99686965,7.8589e+03,0.000000000,0.000000000,0.000000000,0.000000000,0.004073381
3029,0.99686965,7.8589e+03,0.000000000,0.000000000,0.000000000,0.000000000,0.004075766
3030,0.99686965,7.8589e+03,0.000000000,0.000000000,0.000000000,0.000000000,0.004079580
3031,0.99686965,7.8589e+03,0.000000000,0.000000000,0.000000000,0.000000000,0.004072428
3032,0.99686965,7.8589e+03,0.000000000,0.000000000,0.000000000,0.000000000,0.004070520
3033,0.99686965,7.8589e+03,0.000000000,0.000000000,0.000000000,0.000000000,0.004065752
3034,0.99686965,7.8589e+03,0.000000000,0.000000000,0.000000000,0.000000000,0.004067898
3035,0.99686965,7.8589e+03,0.000000000,0.000000000,0.000000000,0.000000000,0.004075289
3036,0.99686965,7.8589e+03,0.000000000,0.000000000,0.000000000,0.000000000,0.004076719
3037,0.99686965,7.8589e+03,0.000000000,0.000000000,0.000000000,0.000000000,0.004070997
3038,0.99686965,7.8589e+03,0.000000000,0.000000000,0.000000000,0.000000000,0.004074097
3039,0.99686965,7.8589e+03,0.000000000,0.000000000,0.000000000,0.000000000,0.004083872
3040,0.99686965,7.8589e+03,0.000000000,0.000000000,0.000000000,0.000000000,0.004068136
3041,0.99686965,7.8589e+03,0.000000000,0.000000000,0.000000000,0.000000000,0.004072666
3042,0.99686965,7.8589e+03,0.000000000,0.000000000,0.000000000,0.000000000,0.004074097
3043,0.99686965,7.8589e+03,0.000000000,0.000000000,0.000000000,0.000000000,0.004066706
3044,0.99686965,7.8589e+03,0.000000000,0.000000000,0.000000000,0.000000000,0.004065037
3045,0.99686965,7.8589e+03,0.000000000,0.000000000,0.000000000,0.000000000,0.004068851
3046,0.99686965,7.8589e+03,0.000000000,0.000000000,0.000000000,0.000000000,0.004066229
3047,0.99686965,7.8589e+03,0.000000000,0.000000000,0.000000000,0.000000000,0.004064083
3048,0.99686965,7.8589e+03,0.000000000,0.000000000,0.000000000,0.000000000,0.004060507
3049,0.99686965,7.8589e+03,0.000000000,0.000000000,0.000000000,0.000000000,0.004068136
3050,0.99686965,7.8589e+03,0.000000000,0.000000000,0.000000000,0.000000000,0.004061699
3051,0.99686965,7.8589e+03,0.000000000,0.000000000,0.000000000,0.000000000,0.004165173
3052,0.99686965,7.8589e+03,0.000000000,0.000000000,0.000000000,0.000000000,0.004079342
3053,0.99686965,7.8589e+03,0.000000000,0.000000000,0.000000000,0.000000000,0.004079342
3054,0.99686965,7.8589e+03,0.000000000,0.000000000,0.000000000,0.000000000,0.004086018
3055,0.99686965,7.8589e+03,0.000000000,0.000000000,0.000000000,0.000000000,0.004076242
3056,0.99686965,7.8589e+03,0.000000000,0.000000000,0.000000000,0.000000000,0.004078388
3057,0.99686965,7.8589e+03,0.000000000,0.000000000,0.000000000,0.000000000,0.004095078
3058,0.99686965,7.8589e+03,0.000000000,0.000000000,0.000000000,0.000000000,0.004062653
3059,0.99686965,7.8589e+03,0.000000000,0.000000000,0.000000000,0.000000000,0.004082441
3060,0.99686965,7.8589e+03,0.000000000,0.000000000,0.000000000,0.000000000,0.004077196
3061,0.99686965,7.8589e+03,0.000000000,0.000000000,0.000000000,0.000000000,0.004073858
3062,0.99686965,7.8589e+03,0.000000000,0.000000000,0.000000000,0.000000000,0.004065752
3063,0.99686965,7.8589e+03,0.000000000,0.000000000,0.000000000,0.000000000,0.004081249
3064,0.99686965,7.8589e+03,0.000000000,0.000000000,0.000000000,0.000000000,0.004067898
3065,0.99686965,7.8589e+03,0.000000000,0.000000000,0.000000000,0.000000000,0.004078865
3066,0.99686965,7.8589e+03,0.000000000,0.000000000,0.000000000,0.000000000,0.004080534
3067,0.99686965,7.8589e+03,0.000000000,0.000000000,0.000000000,0.000000000,0.004073143
3068,0.99686965,7.8589e+03,0.000000000,0.000000000,0.000000000,0.000000000,0.004067659
3069,0.99686965,7.8589e+03,0.000000000,0.000000000,0.000000000,0.000000000,0.004079342
3070,0.99686965,7.8589e+03,0.000000000,0.000000000,0.000000000,0.000000000,0.004072189
3071,0.99686965,7.8589e+03,0.000000000,0.000000000,0.000000000,0.000000000,0.004065514
3072,0.99686965,7.8589e+03,0.000000000,0.000000000,0.000000000,0.000000000,0.004067183
3073,0.99686965,7.8589e+03,0.000000000,0.000000000,0.000000000,0.000000000,0.004059553
3074,0.99686965,7.8589e+03,0.000000000,0.000000000,0.000000000,0.000000000,0.004070282
3075,0.99686965,7.8589e+03,0.000000000,0.000000000,0.000000000,0.000000000,0.004068851
3076,0.99686965,7.8589e+03,0.000000000,0.000000000,0.000000000,0.000000000,0.004065275
3077,0.99686965,7.8589e+03,0.000000000,0.000000000,0.000000000,0.000000000,0.004074335
3078,0.99686965,7.8589e+03,0.000000000,0.000000000,0.000000000,0.000000000,0.004059315
3079,0.99686965,7.8589e+03,0.000000000,0.000000000,0.000000000,0.000000000,0.004064798
3080,0.99686965,7.8589e+03,0.000000000,0.000000000,0.000000000,0.000000000,0.004071236
3081,0.99686965,7.8589e+03,0.000000000,0.000000000,0.000000000,0.000000000,0.004079819
3082,0.99686965,7.8589e+03,0.000000000,0.000000000,0.000000000,0.000000000,0.004060745
3083,0.99686965,7.8589e+03,0.000000000,0.000000000,0.000000000,0.000000000,0.004085302
3084,0.99686965,7.8589e+03,0.000000000,0.000000000,0.000000000,0.000000000,0.004055262
3085,0.99686965,7.8589e+03,0.000000000,0.000000000,0.000000000,0.000000000,0.004067421
3086,0.99686965,7.8589e+03,0.000000000,0.000000000,0.000000000,0.000000000,0.004077435
3087,0.99686965,7.8589e+03,0.000000000,0.000000000,0.000000000,0.000000000,0.004059315
3088,0.99686965,7.8589e+03,0.000000000,0.000000000,0.000000000,0.000000000,0.004050493
3089,0.99686965,7.8589e+03,0.000000000,0.000000000,0.000000000,0.000000000,0.004055262
3090,0.99686965,7.8589e+03,0.000000000,0.000000000,0.000000000,0.000000000,0.004074097
3091,0.99686965,7.8589e+03,0.000000000,0.000000000,0.000000000,0.000000000,0.004068136
3092,0.99686965,7.8589e+03,0.000000000,0.000000000,0.000000000,0.000000000,0.004062891
3093,0.99686965,7.8589e+03,0.000000000,0.000000000,0.000000000,0.000000000,0.004065037
3094,0.99686965,7.8589e+03,0.000000000,0.000000000,0.000000000,0.000000000,0.004054785
3095,0.99686965,7.8589e+03,0.000000000,0.000000000,0.000000000,0.000000000,0.004065275
3096,0.99686965,7.8589e+03,0.000000000,0.000000000,0.000000000,0.000000000,0.004051208
3097,0.99686965,7.8589e+03,0.000000000,0.000000000,0.000000000,0.000000000,0.004060745
3098,0.99686965,7.8589e+03,0.000000000,0.000000000,0.000000000,0.000000000,0.004054785
3099,0.99686965,7.8589e+03,0.000000000,0.000000000,0.000000000,0.000000000,0.004061222
3100,0.99686965,7.8589e+03,0.000000000,0.000000000,0.000000000,0.000000000,0.004061222
3101,0.99686965,7.8589e+03,0.000000000,0.000000000,0.000000000,0.000000000,0.004143000
3102,0.99686965,7.8589e+03,0.000000000,0.000000000,0.000000000,0.000000000,0.004070759
3103,0.99686965,7.8589e+03,0.000000000,0.000000000,0.000000000,0.000000000,0.004078865
3104,0.99686965,7.8589e+03,0.000000000,0.000000000,0.000000000,0.000000000,0.004076242
3105,0.99686965,7.8589e+03,0.000000000,0.000000000,0.000000000,0.000000000,0.004087210
3106,0.99686965,7.8589e+03,0.000000000,0.000000000,0.000000000,0.000000000,0.004081964
3107,0.99686965,7.8589e+03,0.000000000,0.000000000,0.000000000,0.000000000,0.004094839
3108,0.99686965,7.8589e+03,0.000000000,0.000000000,0.000000000,0.000000000,0.004073381
3109,0.99686965,7.8589e+03,0.000000000,0.000000000,0.000000000,0.000000000,0.004094601
3110,0.99686965,7.8589e+03,0.000000000,0.000000000,0.000000000,0.000000000,0.004059792
3111,0.99686965,7.8589e+03,0.000000000,0.000000000,0.000000000,0.000000000,0.004076004
3112,0.99686965,7.8589e+03,0.000000000,0.000000000,0.000000000,0.000000000,0.004080772
3113,0.99686965,7.8589e+03,0.000000000,0.000000000,0.000000000,0.000000000,0.004082441
3114,0.99686965,7.8589e+03,0.000000000,0.000000000,0.000000000,0.000000000,0.004072666
3115,0.99686965,7.8589e+03,0.000000000,0.000000000,0.000000000,0.000000000,0.004080057
3116,0.99686965,7.8589e+03,0.000000000,0.000000000,0.000000000,0.000000000,0.004066706
3117,0.99686965,7.8589e+03,0.000000000,0.000000000,0.000000000,0.000000000,0.004062891
3118,0.99686965,7.8589e+03,0.000000000,0.000000000,0.000000000,0.000000000,0.004083872
3119,0.99686965,7.8589e+03,0.000000000,0.000000000,0.000000000,0.000000000,0.004064798
3120,0.99686965,7.8589e+03,0.000000000,0.000000000,0.000000000,0.000000000,0.004084587
3121,0.99686965,7.8589e+03,0.000000000,0.000000000,0.000000000,0.000000000,0.004115105
3122,0.99686965,7.8589e+03,0.000000000,0.000000000,0.000000000,0.000000000,0.004076958
3123,0.99686965,7.8589e+03,0.000000000,0.000000000,0.000000000,0.000000000,0.004063368
3124,0.99686965,7.8589e+03,0.000000000,0.000000000,0.000000000,0.000000000,0.004062653
3125,0.99686965,7.8589e+03,0.000000000,0.000000000,0.000000000,0.000000000,0.004073143
3126,0.99686965,7.8589e+03,0.000000000,0.000000000,0.000000000,0.000000000,0.004068851
3127,0.99686965,7.8589e+03,0.000000000,0.000000000,0.000000000,0.000000000,0.004066229
3128,0.99686965,7.8589e+03,0.000000000,0.000000000,0.000000000,0.000000000,0.004057646
3129,0.99686965,7.8589e+03,0.000000000,0.000000000,0.000000000,0.000000000,0.004069567
3130,0.99686965,7.8589e+03,0.000000000,0.000000000,0.000000000,0.000000000,0.004070997
3131,0.99686965,7.8589e+03,0.000000000,0.000000000,0.000000000,0.000000000,0.004063368
3132,0.99686965,7.8589e+03,0.000000000,0.000000000,0.000000000,0.000000000,0.004055262
3133,0.99686965,7.8589e+03,0.000000000,0.000000000,0.000000000,0.000000000,0.004086733
3134,0.99686965,7.8589e+03,0.000000000,0.000000000,0.000000000,0.000000000,0.004063845
3135,0.99686965,7.8589e+03,0.000000000,0.000000000,0.000000000,0.000000000,0.004067898
3136,0.99686965,7.8589e+03,0.000000000,0.000000000,0.000000000,0.000000000,0.004072189
3137,0.99686965,7.8589e+03,0.000000000,0.000000000,0.000000000,0.000000000,0.004069090
3138,0.99686965,7.8589e+03,0.000000000,0.000000000,0.000000000,0.000000000,0.004071474
3139,0.99686965,7.8589e+03,0.000000000,0.000000000,0.000000000,0.000000000,0.004065514
3140,0.99686965,7.8589e+03,0.000000000,0.000000000,0.000000000,0.000000000,0.004066467
3141,0.99686965,7.8589e+03,0.000000000,0.000000000,0.000000000,0.000000000,0.004077911
3142,0.99686965,7.8589e+03,0.000000000,0.000000000,0.000000000,0.000000000,0.004061937
3143,0.99686965,7.8589e+03,0.000000000,0.000000000,0.000000000,0.000000000,0.004064083
3144,0.99686965,7.8589e+03,0.000000000,0.000000000,0.000000000,0.000000000,0.004066467
3145,0.99686965,7.8589e+03,0.000000000,0.000000000,0.000000000,0.000000000,0.004068613
3146,0.99686965,7.8589e+03,0.000000000,0.000000000,0.000000000,0.000000000,0.004057169
3147,0.99686965,7.8589e+03,0.000000000,0.000000000,0.000000000,0.000000000,0.004059315
3148,0.99686965,7.8589e+03,0.000000000,0.000000000,0.000000000,0.000000000,0.004070282
3149,0.99686965,7.8589e+03,0.000000000,0.000000000,0.000000000,0.000000000,0.004070282
3150,0.99686965,7.8589e+03,0.000000000,0.000000000,0.000000000,0.000000000,0.004070759
3151,0.99686965,7.8589e+03,0.000000000,0.000000000,0.000000000,0.000000000,0.004153013
3152,0.99686965,7.8589e+03,0.000000000,0.000000000,0.000000000,0.000000000,0.004072666
3153,0.99686965,7.8589e+03,0.000000000,0.000000000,0.000000000,0.000000000,0.004091024
3154,0.99686965,7.8589e+03,0.000000000,0.000000000,0.000000000,0.000000000,0.004101515
3155,0.99686965,7.8589e+03,0.000000000,0.000000000,0.000000000,0.000000000,0.004091978
3156,0.99686965,7.8589e+03,0.000000000,0.000000000,0.000000000,0.000000000,0.004091024
3157,0.99686965,7.8589e+03,0.000000000,0.000000000,0.000000000,0.000000000,0.004087687
3158,0.99686965,7.8589e+03,0.000000000,0.000000000,0.000000000,0.000000000,0.004086971
3159,0.99686965,7.8589e+03,0.000000000,0.000000000,0.000000000,0.000000000,0.004076481
3160,0.99686965,7.8589e+03,0.000000000,0.000000000,0.000000000,0.000000000,0.004081488
3161,0.99686965,7.8589e+03,0.000000000,0.000000000,0.000000000,0.000000000,0.004090786
3162,0.99686965,7.8589e+03,0.000000000,0.000000000,0.000000000,0.000000000,0.004081011
3163,0.99686965,7.8589e+03,0.000000000,0.000000000,0.000000000,0.000000000,0.004068851
3164,0.99686965,7.8589e+03,0.000000000,0.000000000,0.000000000,0.000000000,0.004087687
3165,0.99686965,7.8589e+03,0.000000000,0.000000000,0.000000000,0.000000000,0.004055500
3166,0.99686965,7.8589e+03,0.000000000,0.000000000,0.000000000,0.000000000,0.004068613
3167,0.99686965,7.8589e+03,0.000000000,0.000000000,0.000000000,0.000000000,0.004071474
3168,0.99686965,7.8589e+03,0.000000000,0.000000000,0.000000000,0.000000000,0.004069328
3169,0.99686965,7.8589e+03,0.000000000,0.000000000,0.000000000,0.000000000,0.004067421
3170,0.99686965,7.8589e+03,0.000000000,0.000000000,0.000000000,0.000000000,0.004079103
3171,0.99686965,7.8589e+03,0.000000000,0.000000000,0.000000000,0.000000000,0.004067659
3172,0.99686965,7.8589e+03,0.000000000,0.000000000,0.000000000,0.000000000,0.004075050
3173,0.99686965,7.8589e+03,0.000000000,0.000000000,0.000000000,0.000000000,0.004077435
3174,0.99686965,7.8589e+03,0.000000000,0.000000000,0.000000000,0.000000000,0.004077435
3175,0.99686965,7.8589e+03,0.000000000,0.000000000,0.000000000,0.000000000,0.004083157
3176,0.99686965,7.8589e+03,0.000000000,0.000000000,0.000000000,0.000000000,0.004084826
3177,0.99686965,7.8589e+03,0.000000000,0.000000000,0.000000000,0.000000000,0.004089117
3178,0.99686965,7.8589e+03,0.000000000,0.000000000,0.000000000,0.000000000,0.004081488
3179,0.99686965,7.8589e+03,0.000000000,0.000000000,0.000000000,0.000000000,0.004076242
3180,0.99686965,7.8589e+03,0.000000000,0.000000000,0.000000000,0.000000000,0.004073858
3181,0.99686965,7.8589e+03,0.000000000,0.000000000,0.000000000,0.000000000,0.004079103
3182,0.99686965,7.8589e+03,0.000000000,0.000000000,0.000000000,0.000000000,0.004069090
3183,0.99686965,7.8589e+03,0.000000000,0.000000000,0.000000000,0.000000000,0.004080057
3184,0.99686965,7.8589e+03,0.000000000,0.000000000,0.000000000,0.000000000,0.004073381
3185,0.99686965,7.8589e+03,0.000000000,0.000000000,0.000000000,0.000000000,0.004082918
3186,0.99686965,7.8589e+03,0.000000000,0.000000000,0.000000000,0.000000000,0.004063606
3187,0.99686965,7.8589e+03,0.000000000,0.000000000,0.000000000,0.000000000,0.004076242
3188,0.99686965,7.8589e+03,0.000000000,0.000000000,0.000000000,0.000000000,0.004066467
3189,0.99686965,7.8589e+03,0.000000000,0.000000000,0.000000000,0.000000000,0.004063606
3190,0.99686965,7.8589e+03,0.000000000,0.000000000,0.000000000,0.000000000,0.004068375
3191,0.99686965,7.8589e+03,0.000000000,0.000000000,0.000000000,0.000000000,0.004066467
3192,0.99686965,7.8589e+03,0.000000000,0.000000000,0.000000000,0.000000000,0.004069805
3193,0.99686965,7.8589e+03,0.000000000,0.000000000,0.000000000,0.000000000,0.004078865
3194,0.99686965,7.8589e+03,0.000000000,0.000000000,0.000000000,0.000000000,0.004060745
3195,0.99686965,7.8589e+03,0.000000000,0.000000000,0.000000000,0.000000000,0.004065275
3196,0.99686965,7.8589e+03,0.000000000,0.000000000,0.000000000,0.000000000,0.004052877
3197,0.99686965,7.8589e+03,0.000000000,0.000000000,0.000000000,0.000000000,0.004070520
3198,0.99686965,7.8589e+03,0.000000000,0.000000000,0.000000000,0.000000000,0.004051685
3199,0.99686965,7.8589e+03,0.000000000,0.000000000,0.000000000,0.000000000,0.004072666
3200,0.99686965,7.8589e+03,0.000000000,0.000000000,0.000000000,0.000000000,0.004055977
3201,0.99686965,7.8589e+03,0.000000000,0.000000000,0.000000000,0.000000000,0.004162788
3202,0.99686965,7.8589e+03,0.000000000,0.000000000,0.000000000,0.000000000,0.004068851
3203,0.99686965,7.8589e+03,0.000000000,0.000000000,0.000000000,0.000000000,0.004087687
3204,0.99686965,7.8589e+03,0.000000000,0.000000000,0.000000000,0.000000000,0.004087210
3205,0.99686965,7.8589e+03,0.000000000,0.000000000,0.000000000,0.000000000,0.004081488
3206,0.99686965,7.8589e+03,0.000000000,0.000000000,0.000000000,0.000000000,0.004077435
3207,0.99686965,7.8589e+03,0.000000000,0.000000000,0.000000000,0.000000000,0.004083633
3208,0.99686965,7.8589e+03,0.000000000,0.000000000,0.000000000,0.000000000,0.004084349
3209,0.99686965,7.8589e+03,0.000000000,0.000000000,0.000000000,0.000000000,0.004075050
3210,0.99686965,7.8589e+03,0.000000000,0.000000000,0.000000000,0.000000000,0.004072666
3211,0.99686965,7.8589e+03,0.000000000,0.000000000,0.000000000,0.000000000,0.004091263
3212,0.99686965,7.8589e+03,0.000000000,0.000000000,0.000000000,0.000000000,0.004085064
3213,0.99686965,7.8589e+03,0.000000000,0.000000000,0.000000000,0.000000000,0.004083633
3214,0.99686965,7.8589e+03,0.000000000,0.000000000,0.000000000,0.000000000,0.004091501
3215,0.99686965,7.8589e+03,0.000000000,0.000000000,0.000000000,0.000000000,0.004065037
3216,0.99686965,7.8589e+03,0.000000000,0.000000000,0.000000000,0.000000000,0.004078627
3217,0.99686965,7.8589e+03,0.000000000,0.000000000,0.000000000,0.000000000,0.004073858
3218,0.99686965,7.8589e+03,0.000000000,0.000000000,0.000000000,0.000000000,0.004081726
3219,0.99686965,7.8589e+03,0.000000000,0.000000000,0.000000000,0.000000000,0.004596233
3220,0.99686965,7.8589e+03,0.000000000,0.000000000,0.000000000,0.000000000,0.004305601
3221,0.99686965,7.8589e+03,0.000000000,0.000000000,0.000000000,0.000000000,0.004093647
3222,0.99686965,7.8589e+03,0.000000000,0.000000000,0.000000000,0.000000000,0.004083157
3223,0.99686965,7.8589e+03,0.000000000,0.000000000,0.000000000,0.000000000,0.004086494
3224,0.99686965,7.8589e+03,0.000000000,0.000000000,0.000000000,0.000000000,0.004061222
3225,0.99686965,7.8589e+03,0.000000000,0.000000000,0.000000000,0.000000000,0.004065275
3226,0.99686965,7.8589e+03,0.000000000,0.000000000,0.000000000,0.000000000,0.004071712
3227,0.99686965,7.8589e+03,0.000000000,0.000000000,0.000000000,0.000000000,0.004077196
3228,0.99686965,7.8589e+03,0.000000000,0.000000000,0.000000000,0.000000000,0.004079819
3229,0.99686965,7.8589e+03,0.000000000,0.000000000,0.000000000,0.000000000,0.004089832
3230,0.99686965,7.8589e+03,0.000000000,0.000000000,0.000000000,0.000000000,0.004077435
3231,0.99686965,7.8589e+03,0.000000000,0.000000000,0.000000000,0.000000000,0.004075050
3232,0.99686965,7.8589e+03,0.000000000,0.000000000,0.000000000,0.000000000,0.004070759
3233,0.99686965,7.8589e+03,0.000000000,0.000000000,0.000000000,0.000000000,0.004070044
3234,0.99686965,7.8589e+03,0.000000000,0.000000000,0.000000000,0.000000000,0.004085779
3235,0.99686965,7.8589e+03,0.000000000,0.000000000,0.000000000,0.000000000,0.004070044
3236,0.99686965,7.8589e+03,0.000000000,0.000000000,0.000000000,0.000000000,0.004076004
3237,0.99686965,7.8589e+03,0.000000000,0.000000000,0.000000000,0.000000000,0.004068851
3238,0.99686965,7.8589e+03,0.000000000,0.000000000,0.000000000,0.000000000,0.004072905
3239,0.99686965,7.8589e+03,0.000000000,0.000000000,0.000000000,0.000000000,0.004072189
3240,0.99686965,7.8589e+03,0.000000000,0.000000000,0.000000000,0.000000000,0.004082918
3241,0.99686965,7.8589e+03,0.000000000,0.000000000,0.000000000,0.000000000,0.004071951
3242,0.99686965,7.8589e+03,0.000000000,0.000000000,0.000000000,0.000000000,0.004056931
3243,0.99686965,7.8589e+03,0.000000000,0.000000000,0.000000000,0.000000000,0.004065275
3244,0.99686965,7.8589e+03,0.000000000,0.000000000,0.000000000,0.000000000,0.004055977
3245,0.99686965,7.8589e+03,0.000000000,0.000000000,0.000000000,0.000000000,0.004061699
3246,0.99686965,7.8589e+03,0.000000000,0.000000000,0.000000000,0.000000000,0.004068136
3247,0.99686965,7.8589e+03,0.000000000,0.000000000,0.000000000,0.000000000,0.004059792
3248,0.99686965,7.8589e+03,0.000000000,0.000000000,0.000000000,0.000000000,0.004055977
3249,0.99686965,7.8589e+03,0.000000000,0.000000000,0.000000000,0.000000000,0.004106283
3250,0.99686965,7.8589e+03,0.000000000,0.000000000,0.000000000,0.000000000,0.004069567
3251,0.99686965,7.8589e+03,0.000000000,0.000000000,0.000000000,0.000000000,0.004140377
3252,0.99686965,7.8589e+03,0.000000000,0.000000000,0.000000000,0.000000000,0.004089117
3253,0.99686965,7.8589e+03,0.000000000,0.000000000,0.000000000,0.000000000,0.004085302
3254,0.99686965,7.8589e+03,0.000000000,0.000000000,0.000000000,0.000000000,0.004089355
3255,0.99686965,7.8589e+03,0.000000000,0.000000000,0.000000000,0.000000000,0.004096270
3256,0.99686965,7.8589e+03,0.000000000,0.000000000,0.000000000,0.000000000,0.004093647
3257,0.99686965,7.8589e+03,0.000000000,0.000000000,0.000000000,0.000000000,0.004086733
3258,0.99686965,7.8589e+03,0.000000000,0.000000000,0.000000000,0.000000000,0.004080772
3259,0.99686965,7.8589e+03,0.000000000,0.000000000,0.000000000,0.000000000,0.004077435
3260,0.99686965,7.8589e+03,0.000000000,0.000000000,0.000000000,0.000000000,0.004076481
3261,0.99686965,7.8589e+03,0.000000000,0.000000000,0.000000000,0.000000000,0.004080296
3262,0.99686965,7.8589e+03,0.000000000,0.000000000,0.000000000,0.000000000,0.004085541
3263,0.99686965,7.8589e+03,0.000000000,0.000000000,0.000000000,0.000000000,0.004065275
3264,0.99686965,7.8589e+03,0.000000000,0.000000000,0.000000000,0.000000000,0.004073858
3265,0.99686965,7.8589e+03,0.000000000,0.000000000,0.000000000,0.000000000,0.004085302
3266,0.99686965,7.8589e+03,0.000000000,0.000000000,0.000000000,0.000000000,0.004065275
3267,0.99686965,7.8589e+03,0.000000000,0.000000000,0.000000000,0.000000000,0.004087687
3268,0.99686965,7.8589e+03,0.000000000,0.000000000,0.000000000,0.000000000,0.004084349
3269,0.99686965,7.8589e+03,0.000000000,0.000000000,0.000000000,0.000000000,0.004065275
3270,0.99686965,7.8589e+03,0.000000000,0.000000000,0.000000000,0.000000000,0.004083872
3271,0.99686965,7.8589e+03,0.000000000,0.000000000,0.000000000,0.000000000,0.004064322
3272,0.99686965,7.8589e+03,0.000000000,0.000000000,0.000000000,0.000000000,0.004068136
3273,0.99686965,7.8589e+03,0.000000000,0.000000000,0.000000000,0.000000000,0.004065275
3274,0.99686965,7.8589e+03,0.000000000,0.000000000,0.000000000,0.000000000,0.004069328
3275,0.99686965,7.8589e+03,0.000000000,0.000000000,0.000000000,0.000000000,0.004051685
3276,0.99686965,7.8589e+03,0.000000000,0.000000000,0.000000000,0.000000000,0.004062176
3277,0.99686965,7.8589e+03,0.000000000,0.000000000,0.000000000,0.000000000,0.004066944
3278,0.99686965,7.8589e+03,0.000000000,0.000000000,0.000000000,0.000000000,0.004076481
3279,0.99686965,7.8589e+03,0.000000000,0.000000000,0.000000000,0.000000000,0.004088163
3280,0.99686965,7.8589e+03,0.000000000,0.000000000,0.000000000,0.000000000,0.004059076
3281,0.99686965,7.8589e+03,0.000000000,0.000000000,0.000000000,0.000000000,0.004070044
3282,0.99686965,7.8589e+03,0.000000000,0.000000000,0.000000000,0.000000000,0.004068613
3283,0.99686965,7.8589e+03,0.000000000,0.000000000,0.000000000,0.000000000,0.004080296
3284,0.99686965,7.8589e+03,0.000000000,0.000000000,0.000000000,0.000000000,0.004068851
3285,0.99686965,7.8589e+03,0.000000000,0.000000000,0.000000000,0.000000000,0.004070044
3286,0.99686965,7.8589e+03,0.000000000,0.000000000,0.000000000,0.000000000,0.004070282
3287,0.99686965,7.8589e+03,0.000000000,0.000000000,0.000000000,0.000000000,0.004066467
3288,0.99686965,7.8589e+03,0.000000000,0.000000000,0.000000000,0.000000000,0.004074574
3289,0.99686965,7.8589e+03,0.000000000,0.000000000,0.000000000,0.000000000,0.004081726
3290,0.99686965,7.8589e+03,0.000000000,0.000000000,0.000000000,0.000000000,0.004079819
3291,0.99686965,7.8589e+03,0.000000000,0.000000000,0.000000000,0.000000000,0.004069090
3292,0.99686965,7.8589e+03,0.000000000,0.000000000,0.000000000,0.000000000,0.004069805
3293,0.99686965,7.8589e+03,0.000000000,0.000000000,0.000000000,0.000000000,0.004069805
3294,0.99686965,7.8589e+03,0.000000000,0.000000000,0.000000000,0.000000000,0.004068613
3295,0.99686965,7.8589e+03,0.000000000,0.000000000,0.000000000,0.000000000,0.004058599
3296,0.99686965,7.8589e+03,0.000000000,0.000000000,0.000000000,0.000000000,0.004060268
3297,0.99686965,7.8589e+03,0.000000000,0.000000000,0.000000000,0.000000000,0.004064560
3298,0.99686965,7.8589e+03,0.000000000,0.000000000,0.000000000,0.000000000,0.004052639
3299,0.99686965,7.8589e+03,0.000000000,0.000000000,0.000000000,0.000000000,0.004066706
3300,0.99686965,7.8589e+03,0.000000000,0.000000000,0.000000000,0.000000000,0.004056454
3301,0.99686965,7.8589e+03,0.000000000,0.000000000,0.000000000,0.000000000,0.004145384
3302,0.99686965,7.8589e+03,0.000000000,0.000000000,0.000000000,0.000000000,0.004090071
3303,0.99686965,7.8589e+03,0.000000000,0.000000000,0.000000000,0.000000000,0.004082918
3304,0.99686965,7.8589e+03,0.000000000,0.000000000,0.000000000,0.000000000,0.004090309
3305,0.99686965,7.8589e+03,0.000000000,0.000000000,0.000000000,0.000000000,0.004087448
3306,0.99686965,7.8589e+03,0.000000000,0.000000000,0.000000000,0.000000000,0.004076004
3307,0.99686965,7.8589e+03,0.000000000,0.000000000,0.000000000,0.000000000,0.004095316
3308,0.99686965,7.8589e+03,0.000000000,0.000000000,0.000000000,0.000000000,0.004087925
3309,0.99686965,7.8589e+03,0.000000000,0.000000000,0.000000000,0.000000000,0.004076004
3310,0.99686965,7.8589e+03,0.000000000,0.000000000,0.000000000,0.000000000,0.004079580
3311,0.99686965,7.8589e+03,0.000000000,0.000000000,0.000000000,0.000000000,0.004058599
3312,0.99686965,7.8589e+03,0.000000000,0.000000000,0.000000000,0.000000000,0.004074097
3313,0.99686965,7.8589e+03,0.000000000,0.000000000,0.000000000,0.000000000,0.004080057
3314,0.99686965,7.8589e+03,0.000000000,0.000000000,0.000000000,0.000000000,0.004074335
3315,0.99686965,7.8589e+03,0.000000000,0.000000000,0.000000000,0.000000000,0.004076958
3316,0.99686965,7.8589e+03,0.000000000,0.000000000,0.000000000,0.000000000,0.004069805
3317,0.99686965,7.8589e+03,0.000000000,0.000000000,0.000000000,0.000000000,0.004068613
3318,0.99686965,7.8589e+03,0.000000000,0.000000000,0.000000000,0.000000000,0.004061222
3319,0.99686965,7.8589e+03,0.000000000,0.000000000,0.000000000,0.000000000,0.004074097
3320,0.99686965,7.8589e+03,0.000000000,0.000000000,0.000000000,0.000000000,0.004072428
3321,0.99686965,7.8589e+03,0.000000000,0.000000000,0.000000000,0.000000000,0.004062891
3322,0.99686965,7.8589e+03,0.000000000,0.000000000,0.000000000,0.000000000,0.004058838
3323,0.99686965,7.8589e+03,0.000000000,0.000000000,0.000000000,0.000000000,0.004077435
3324,0.99686965,7.8589e+03,0.000000000,0.000000000,0.000000000,0.000000000,0.004076481
3325,0.99686965,7.8589e+03,0.000000000,0.000000000,0.000000000,0.000000000,0.004075050
3326,0.99686965,7.8589e+03,0.000000000,0.000000000,0.000000000,0.000000000,0.004083157
3327,0.99686965,7.8589e+03,0.000000000,0.000000000,0.000000000,0.000000000,0.004076481
3328,0.99686965,7.8589e+03,0.000000000,0.000000000,0.000000000,0.000000000,0.004068136
3329,0.99686965,7.8589e+03,0.000000000,0.000000000,0.000000000,0.000000000,0.004061460
3330,0.99686965,7.8589e+03,0.000000000,0.000000000,0.000000000,0.000000000,0.004071474
3331,0.99686965,7.8589e+03,0.000000000,0.000000000,0.000000000,0.000000000,0.004067898
3332,0.99686965,7.8589e+03,0.000000000,0.000000000,0.000000000,0.000000000,0.004059553
3333,0.99686965,7.8589e+03,0.000000000,0.000000000,0.000000000,0.000000000,0.004058123
3334,0.99686965,7.8589e+03,0.000000000,0.000000000,0.000000000,0.000000000,0.004060984
3335,0.99686965,7.8589e+03,0.000000000,0.000000000,0.000000000,0.000000000,0.004076242
3336,0.99686965,7.8589e+03,0.000000000,0.000000000,0.000000000,0.000000000,0.004069328
3337,0.99686965,7.8589e+03,0.000000000,0.000000000,0.000000000,0.000000000,0.004072189
3338,0.99686965,7.8589e+03,0.000000000,0.000000000,0.000000000,0.000000000,0.004063606
3339,0.99686965,7.8589e+03,0.000000000,0.000000000,0.000000000,0.000000000,0.004052877
3340,0.99686965,7.8589e+03,0.000000000,0.000000000,0.000000000,0.000000000,0.004058123
3341,0.99686965,7.8589e+03,0.000000000,0.000000000,0.000000000,0.000000000,0.004068375
3342,0.99686965,7.8589e+03,0.000000000,0.000000000,0.000000000,0.000000000,0.004060745
3343,0.99686965,7.8589e+03,0.000000000,0.000000000,0.000000000,0.000000000,0.004070520
3344,0.99686965,7.8589e+03,0.000000000,0.000000000,0.000000000,0.000000000,0.004055262
3345,0.99686965,7.8589e+03,0.000000000,0.000000000,0.000000000,0.000000000,0.004065037
3346,0.99686965,7.8589e+03,0.000000000,0.000000000,0.000000000,0.000000000,0.004045010
3347,0.99686965,7.8589e+03,0.000000000,0.000000000,0.000000000,0.000000000,0.004058123
3348,0.99686965,7.8589e+03,0.000000000,0.000000000,0.000000000,0.000000000,0.004066467
3349,0.99686965,7.8589e+03,0.000000000,0.000000000,0.000000000,0.000000000,0.004056454
3350,0.99686965,7.8589e+03,0.000000000,0.000000000,0.000000000,0.000000000,0.004061699
3351,0.99686965,7.8589e+03,0.000000000,0.000000000,0.000000000,0.000000000,0.004135132
3352,0.99686965,7.8589e+03,0.000000000,0.000000000,0.000000000,0.000000000,0.004084349
3353,0.99686965,7.8589e+03,0.000000000,0.000000000,0.000000000,0.000000000,0.004091740
3354,0.99686965,7.8589e+03,0.000000000,0.000000000,0.000000000,0.000000000,0.004073143
3355,0.99686965,7.8589e+03,0.000000000,0.000000000,0.000000000,0.000000000,0.004103899
3356,0.99686965,7.8589e+03,0.000000000,0.000000000,0.000000000,0.000000000,0.004079342
3357,0.99686965,7.8589e+03,0.000000000,0.000000000,0.000000000,0.000000000,0.004091740
3358,0.99686965,7.8589e+03,0.000000000,0.000000000,0.000000000,0.000000000,0.004081011
3359,0.99686965,7.8589e+03,0.000000000,0.000000000,0.000000000,0.000000000,0.004084587
3360,0.99686965,7.8589e+03,0.000000000,0.000000000,0.000000000,0.000000000,0.004072189
3361,0.99686965,7.8589e+03,0.000000000,0.000000000,0.000000000,0.000000000,0.004074812
3362,0.99686965,7.8589e+03,0.000000000,0.000000000,0.000000000,0.000000000,0.004082441
3363,0.99686965,7.8589e+03,0.000000000,0.000000000,0.000000000,0.000000000,0.004079819
3364,0.99686965,7.8589e+03,0.000000000,0.000000000,0.000000000,0.000000000,0.004079580
3365,0.99686965,7.8589e+03,0.000000000,0.000000000,0.000000000,0.000000000,0.004087210
3366,0.99686965,7.8589e+03,0.000000000,0.000000000,0.000000000,0.000000000,0.004078388
3367,0.99686965,7.8589e+03,0.000000000,0.000000000,0.000000000,0.000000000,0.004079342
3368,0.99686965,7.8589e+03,0.000000000,0.000000000,0.000000000,0.000000000,0.004081011
3369,0.99686965,7.8589e+03,0.000000000,0.000000000,0.000000000,0.000000000,0.004085302
3370,0.99686965,7.8589e+03,0.000000000,0.000000000,0.000000000,0.000000000,0.004070282
3371,0.99686965,7.8589e+03,0.000000000,0.000000000,0.000000000,0.000000000,0.004078627
3372,0.99686965,7.8589e+03,0.000000000,0.000000000,0.000000000,0.000000000,0.004078865
3373,0.99686965,7.8589e+03,0.000000000,0.000000000,0.000000000,0.000000000,0.004085541
3374,0.99686965,7.8589e+03,0.000000000,0.000000000,0.000000000,0.000000000,0.004075527
3375,0.99686965,7.8589e+03,0.000000000,0.000000000,0.000000000,0.000000000,0.004080296
3376,0.99686965,7.8589e+03,0.000000000,0.000000000,0.000000000,0.000000000,0.004072905
3377,0.99686965,7.8589e+03,0.000000000,0.000000000,0.000000000,0.000000000,0.004075527
3378,0.99686965,7.8589e+03,0.000000000,0.000000000,0.000000000,0.000000000,0.004072189
3379,0.99686965,7.8589e+03,0.000000000,0.000000000,0.000000000,0.000000000,0.004070044
3380,0.99686965,7.8589e+03,0.000000000,0.000000000,0.000000000,0.000000000,0.004084587
3381,0.99686965,7.8589e+03,0.000000000,0.000000000,0.000000000,0.000000000,0.004070997
3382,0.99686965,7.8589e+03,0.000000000,0.000000000,0.000000000,0.000000000,0.004070044
3383,0.99686965,7.8589e+03,0.000000000,0.000000000,0.000000000,0.000000000,0.004083157
3384,0.99686965,7.8589e+03,0.000000000,0.000000000,0.000000000,0.000000000,0.004067659
3385,0.99686965,7.8589e+03,0.000000000,0.000000000,0.000000000,0.000000000,0.004071951
3386,0.99686965,7.8589e+03,0.000000000,0.000000000,0.000000000,0.000000000,0.004067659
3387,0.99686965,7.8589e+03,0.000000000,0.000000000,0.000000000,0.000000000,0.004062176
3388,0.99686965,7.8589e+03,0.000000000,0.000000000,0.000000000,0.000000000,0.004070044
3389,0.99686965,7.8589e+03,0.000000000,0.000000000,0.000000000,0.000000000,0.004065990
3390,0.99686965,7.8589e+03,0.000000000,0.000000000,0.000000000,0.000000000,0.004063606
3391,0.99686965,7.8589e+03,0.000000000,0.000000000,0.000000000,0.000000000,0.004065037
3392,0.99686965,7.8589e+03,0.000000000,0.000000000,0.000000000,0.000000000,0.004058838
3393,0.99686965,7.8589e+03,0.000000000,0.000000000,0.000000000,0.000000000,0.004062653
3394,0.99686965,7.8589e+03,0.000000000,0.000000000,0.000000000,0.000000000,0.004069090
3395,0.99686965,7.8589e+03,0.000000000,0.000000000,0.000000000,0.000000000,0.004049301
3396,0.99686965,7.8589e+03,0.000000000,0.000000000,0.000000000,0.000000000,0.004056931
3397,0.99686965,7.8589e+03,0.000000000,0.000000000,0.000000000,0.000000000,0.004058599
3398,0.99686965,7.8589e+03,0.000000000,0.000000000,0.000000000,0.000000000,0.004058361
3399,0.99686965,7.8589e+03,0.000000000,0.000000000,0.000000000,0.000000000,0.004068375
3400,0.99686965,7.8589e+03,0.000000000,0.000000000,0.000000000,0.000000000,0.004048824
3401,0.99686965,7.8589e+03,0.000000000,0.000000000,0.000000000,0.000000000,0.004142284
3402,0.99686965,7.8589e+03,0.000000000,0.000000000,0.000000000,0.000000000,0.004094839
3403,0.99686965,7.8589e+03,0.000000000,0.000000000,0.000000000,0.000000000,0.004077911
3404,0.99686965,7.8589e+03,0.000000000,0.000000000,0.000000000,0.000000000,0.004077196
3405,0.99686965,7.8589e+03,0.000000000,0.000000000,0.000000000,0.000000000,0.004085064
3406,0.99686965,7.8589e+03,0.000000000,0.000000000,0.000000000,0.000000000,0.004080772
3407,0.99686965,7.8589e+03,0.000000000,0.000000000,0.000000000,0.000000000,0.004092693
3408,0.99686965,7.8589e+03,0.000000000,0.000000000,0.000000000,0.000000000,0.004088879
3409,0.99686965,7.8589e+03,0.000000000,0.000000000,0.000000000,0.000000000,0.004069567
3410,0.99686965,7.8589e+03,0.000000000,0.000000000,0.000000000,0.000000000,0.004079580
3411,0.99686965,7.8589e+03,0.000000000,0.000000000,0.000000000,0.000000000,0.004075766
3412,0.99686965,7.8589e+03,0.000000000,0.000000000,0.000000000,0.000000000,0.004075289
3413,0.99686965,7.8589e+03,0.000000000,0.000000000,0.000000000,0.000000000,0.004080057
3414,0.99686965,7.8589e+03,0.000000000,0.000000000,0.000000000,0.000000000,0.004080772
3415,0.99686965,7.8589e+03,0.000000000,0.000000000,0.000000000,0.000000000,0.004064560
3416,0.99686965,7.8589e+03,0.000000000,0.000000000,0.000000000,0.000000000,0.004066944
3417,0.99686965,7.8589e+03,0.000000000,0.000000000,0.000000000,0.000000000,0.004072905
3418,0.99686965,7.8589e+03,0.000000000,0.000000000,0.000000000,0.000000000,0.004058361
3419,0.99686965,7.8589e+03,0.000000000,0.000000000,0.000000000,0.000000000,0.004060030
3420,0.99686965,7.8589e+03,0.000000000,0.000000000,0.000000000,0.000000000,0.004069805
3421,0.99686965,7.8589e+03,0.000000000,0.000000000,0.000000000,0.000000000,0.004078627
3422,0.99686965,7.8589e+03,0.000000000,0.000000000,0.000000000,0.000000000,0.004070044
3423,0.99686965,7.8589e+03,0.000000000,0.000000000,0.000000000,0.000000000,0.004071712
3424,0.99686965,7.8589e+03,0.000000000,0.000000000,0.000000000,0.000000000,0.004063368
3425,0.99686965,7.8589e+03,0.000000000,0.000000000,0.000000000,0.000000000,0.004064322
3426,0.99686965,7.8589e+03,0.000000000,0.000000000,0.000000000,0.000000000,0.004083395
3427,0.99686965,7.8589e+03,0.000000000,0.000000000,0.000000000,0.000000000,0.004061222
3428,0.99686965,7.8589e+03,0.000000000,0.000000000,0.000000000,0.000000000,0.004076719
3429,0.99686965,7.8589e+03,0.000000000,0.000000000,0.000000000,0.000000000,0.004080772
3430,0.99686965,7.8589e+03,0.000000000,0.000000000,0.000000000,0.000000000,0.004072666
3431,0.99686965,7.8589e+03,0.000000000,0.000000000,0.000000000,0.000000000,0.004089355
3432,0.99686965,7.8589e+03,0.000000000,0.000000000,0.000000000,0.000000000,0.004052877
3433,0.99686965,7.8589e+03,0.000000000,0.000000000,0.000000000,0.000000000,0.004063606
3434,0.99686965,7.8589e+03,0.000000000,0.000000000,0.000000000,0.000000000,0.004052877
3435,0.99686965,7.8589e+03,0.000000000,0.000000000,0.000000000,0.000000000,0.004067421
3436,0.99686965,7.8589e+03,0.000000000,0.000000000,0.000000000,0.000000000,0.004071951
3437,0.99686965,7.8589e+03,0.000000000,0.000000000,0.000000000,0.000000000,0.004070282
3438,0.99686965,7.8589e+03,0.000000000,0.000000000,0.000000000,0.000000000,0.004078150
3439,0.99686965,7.8589e+03,0.000000000,0.000000000,0.000000000,0.000000000,0.004059076
3440,0.99686965,7.8589e+03,0.000000000,0.000000000,0.000000000,0.000000000,0.004064560
3441,0.99686965,7.8589e+03,0.000000000,0.000000000,0.000000000,0.000000000,0.004067421
3442,0.99686965,7.8589e+03,0.000000000,0.000000000,0.000000000,0.000000000,0.004065514
3443,0.99686965,7.8589e+03,0.000000000,0.000000000,0.000000000,0.000000000,0.004050732
3444,0.99686965,7.8589e+03,0.000000000,0.000000000,0.000000000,0.000000000,0.004060507
3445,0.99686965,7.8589e+03,0.000000000,0.000000000,0.000000000,0.000000000,0.004058123
3446,0.99686965,7.8589e+03,0.000000000,0.000000000,0.000000000,0.000000000,0.004065752
3447,0.99686965,7.8589e+03,0.000000000,0.000000000,0.000000000,0.000000000,0.004081488
3448,0.99686965,7.8589e+03,0.000000000,0.000000000,0.000000000,0.000000000,0.004060507
3449,0.99686965,7.8589e+03,0.000000000,0.000000000,0.000000000,0.000000000,0.004068613
3450,0.99686965,7.8589e+03,0.000000000,0.000000000,0.000000000,0.000000000,0.004060268
3451,0.99686965,7.8589e+03,0.000000000,0.000000000,0.000000000,0.000000000,0.004157066
3452,0.99686965,7.8589e+03,0.000000000,0.000000000,0.000000000,0.000000000,0.004081488
3453,0.99686965,7.8589e+03,0.000000000,0.000000000,0.000000000,0.000000000,0.004090309
3454,0.99686965,7.8589e+03,0.000000000,0.000000000,0.000000000,0.000000000,0.004074812
3455,0.99686965,7.8589e+03,0.000000000,0.000000000,0.000000000,0.000000000,0.004083633
3456,0.99686965,7.8589e+03,0.000000000,0.000000000,0.000000000,0.000000000,0.004066467
3457,0.99686965,7.8589e+03,0.000000000,0.000000000,0.000000000,0.000000000,0.004095554
3458,0.99686965,7.8589e+03,0.000000000,0.000000000,0.000000000,0.000000000,0.004083633
3459,0.99686965,7.8589e+03,0.000000000,0.000000000,0.000000000,0.000000000,0.004081726
3460,0.99686965,7.8589e+03,0.000000000,0.000000000,0.000000000,0.000000000,0.004073381
3461,0.99686965,7.8589e+03,0.000000000,0.000000000,0.000000000,0.000000000,0.004077673
3462,0.99686965,7.8589e+03,0.000000000,0.000000000,0.000000000,0.000000000,0.004080534
3463,0.99686965,7.8589e+03,0.000000000,0.000000000,0.000000000,0.000000000,0.004079103
3464,0.99686965,7.8589e+03,0.000000000,0.000000000,0.000000000,0.000000000,0.004067421
3465,0.99686965,7.8589e+03,0.000000000,0.000000000,0.000000000,0.000000000,0.004085064
3466,0.99686965,7.8589e+03,0.000000000,0.000000000,0.000000000,0.000000000,0.004075527
3467,0.99686965,7.8589e+03,0.000000000,0.000000000,0.000000000,0.000000000,0.004071712
3468,0.99686965,7.8589e+03,0.000000000,0.000000000,0.000000000,0.000000000,0.004074574
3469,0.99686965,7.8589e+03,0.000000000,0.000000000,0.000000000,0.000000000,0.004069328
3470,0.99686965,7.8589e+03,0.000000000,0.000000000,0.000000000,0.000000000,0.004072666
3471,0.99686965,7.8589e+03,0.000000000,0.000000000,0.000000000,0.000000000,0.004060268
3472,0.99686965,7.8589e+03,0.000000000,0.000000000,0.000000000,0.000000000,0.004061460
3473,0.99686965,7.8589e+03,0.000000000,0.000000000,0.000000000,0.000000000,0.004073858
3474,0.99686965,7.8589e+03,0.000000000,0.000000000,0.000000000,0.000000000,0.004060268
3475,0.99686965,7.8589e+03,0.000000000,0.000000000,0.000000000,0.000000000,0.004064083
3476,0.99686965,7.8589e+03,0.000000000,0.000000000,0.000000000,0.000000000,0.004069090
3477,0.99686965,7.8589e+03,0.000000000,0.000000000,0.000000000,0.000000000,0.004059792
3478,0.99686965,7.8589e+03,0.000000000,0.000000000,0.000000000,0.000000000,0.004057646
3479,0.99686965,7.8589e+03,0.000000000,0.000000000,0.000000000,0.000000000,0.004076242
3480,0.99686965,7.8589e+03,0.000000000,0.000000000,0.000000000,0.000000000,0.004073620
3481,0.99686965,7.8589e+03,0.000000000,0.000000000,0.000000000,0.000000000,0.004062414
3482,0.99686965,7.8589e+03,0.000000000,0.000000000,0.000000000,0.000000000,0.004083633
3483,0.99686965,7.8589e+03,0.000000000,0.000000000,0.000000000,0.000000000,0.004077435
3484,0.99686965,7.8589e+03,0.000000000,0.000000000,0.000000000,0.000000000,0.004070282
3485,0.99686965,7.8589e+03,0.000000000,0.000000000,0.000000000,0.000000000,0.004078627
3486,0.99686965,7.8589e+03,0.000000000,0.000000000,0.000000000,0.000000000,0.004073858
3487,0.99686965,7.8589e+03,0.000000000,0.000000000,0.000000000,0.000000000,0.004076004
3488,0.99686965,7.8589e+03,0.000000000,0.000000000,0.000000000,0.000000000,0.004058361
3489,0.99686965,7.8589e+03,0.000000000,0.000000000,0.000000000,0.000000000,0.004073143
3490,0.99686965,7.8589e+03,0.000000000,0.000000000,0.000000000,0.000000000,0.004070520
3491,0.99686965,7.8589e+03,0.000000000,0.000000000,0.000000000,0.000000000,0.004074097
3492,0.99686965,7.8589e+03,0.000000000,0.000000000,0.000000000,0.000000000,0.004063845
3493,0.99686965,7.8589e+03,0.000000000,0.000000000,0.000000000,0.000000000,0.004056692
3494,0.99686965,7.8589e+03,0.000000000,0.000000000,0.000000000,0.000000000,0.004049063
3495,0.99686965,7.8589e+03,0.000000000,0.000000000,0.000000000,0.000000000,0.004075289
3496,0.99686965,7.8589e+03,0.000000000,0.000000000,0.000000000,0.000000000,0.004067183
3497,0.99686965,7.8589e+03,0.000000000,0.000000000,0.000000000,0.000000000,0.004071474
3498,0.99686965,7.8589e+03,0.000000000,0.000000000,0.000000000,0.000000000,0.004059315
3499,0.99686965,7.8589e+03,0.000000000,0.000000000,0.000000000,0.000000000,0.004065037
3500,0.99686965,7.8589e+03,0.000000000,0.000000000,0.000000000,0.000000000,0.004059792
3501,0.99686965,7.8589e+03,0.000000000,0.000000000,0.000000000,0.000000000,0.004156351
3502,0.99686965,7.8589e+03,0.000000000,0.000000000,0.000000000,0.000000000,0.004098415
3503,0.99686965,7.8589e+03,0.000000000,0.000000000,0.000000000,0.000000000,0.004078150
3504,0.99686965,7.8589e+03,0.000000000,0.000000000,0.000000000,0.000000000,0.004089117
3505,0.99686965,7.8589e+03,0.000000000,0.000000000,0.000000000,0.000000000,0.004084826
3506,0.99686965,7.8589e+03,0.000000000,0.000000000,0.000000000,0.000000000,0.004074335
3507,0.99686965,7.8589e+03,0.000000000,0.000000000,0.000000000,0.000000000,0.004102707
3508,0.99686965,7.8589e+03,0.000000000,0.000000000,0.000000000,0.000000000,0.004075527
3509,0.99686965,7.8589e+03,0.000000000,0.000000000,0.000000000,0.000000000,0.004095316
3510,0.99686965,7.8589e+03,0.000000000,0.000000000,0.000000000,0.000000000,0.004092932
3511,0.99686965,7.8589e+03,0.000000000,0.000000000,0.000000000,0.000000000,0.004077911
3512,0.99686965,7.8589e+03,0.000000000,0.000000000,0.000000000,0.000000000,0.004094601
3513,0.99686965,7.8589e+03,0.000000000,0.000000000,0.000000000,0.000000000,0.004084826
3514,0.99686965,7.8589e+03,0.000000000,0.000000000,0.000000000,0.000000000,0.004082918
3515,0.99686965,7.8589e+03,0.000000000,0.000000000,0.000000000,0.000000000,0.004076242
3516,0.99686965,7.8589e+03,0.000000000,0.000000000,0.000000000,0.000000000,0.004079819
3517,0.99686965,7.8589e+03,0.000000000,0.000000000,0.000000000,0.000000000,0.004078388
3518,0.99686965,7.8589e+03,0.000000000,0.000000000,0.000000000,0.000000000,0.004080534
3519,0.99686965,7.8589e+03,0.000000000,0.000000000,0.000000000,0.000000000,0.004068375
3520,0.99686965,7.8589e+03,0.000000000,0.000000000,0.000000000,0.000000000,0.004075050
3521,0.99686965,7.8589e+03,0.000000000,0.000000000,0.000000000,0.000000000,0.004073381
3522,0.99686965,7.8589e+03,0.000000000,0.000000000,0.000000000,0.000000000,0.004066706
3523,0.99686965,7.8589e+03,0.000000000,0.000000000,0.000000000,0.000000000,0.004089117
3524,0.99686965,7.8589e+03,0.000000000,0.000000000,0.000000000,0.000000000,0.004080772
3525,0.99686965,7.8589e+03,0.000000000,0.000000000,0.000000000,0.000000000,0.004069567
3526,0.99686965,7.8589e+03,0.000000000,0.000000000,0.000000000,0.000000000,0.004085779
3527,0.99686965,7.8589e+03,0.000000000,0.000000000,0.000000000,0.000000000,0.004080772
3528,0.99686965,7.8589e+03,0.000000000,0.000000000,0.000000000,0.000000000,0.004077196
3529,0.99686965,7.8589e+03,0.000000000,0.000000000,0.000000000,0.000000000,0.004075766
3530,0.99686965,7.8589e+03,0.000000000,0.000000000,0.000000000,0.000000000,0.004074335
3531,0.99686965,7.8589e+03,0.000000000,0.000000000,0.000000000,0.000000000,0.004071236
3532,0.99686965,7.8589e+03,0.000000000,0.000000000,0.000000000,0.000000000,0.004074574
3533,0.99686965,7.8589e+03,0.000000000,0.000000000,0.000000000,0.000000000,0.004075527
3534,0.99686965,7.8589e+03,0.000000000,0.000000000,0.000000000,0.000000000,0.004058838
3535,0.99686965,7.8589e+03,0.000000000,0.000000000,0.000000000,0.000000000,0.004066706
3536,0.99686965,7.8589e+03,0.000000000,0.000000000,0.000000000,0.000000000,0.004071474
3537,0.99686965,7.8589e+03,0.000000000,0.000000000,0.000000000,0.000000000,0.004077673
3538,0.99686965,7.8589e+03,0.000000000,0.000000000,0.000000000,0.000000000,0.004079103
3539,0.99686965,7.8589e+03,0.000000000,0.000000000,0.000000000,0.000000000,0.004068613
3540,0.99686965,7.8589e+03,0.000000000,0.000000000,0.000000000,0.000000000,0.004074574
3541,0.99686965,7.8589e+03,0.000000000,0.000000000,0.000000000,0.000000000,0.004069328
3542,0.99686965,7.8589e+03,0.000000000,0.000000000,0.000000000,0.000000000,0.004072189
3543,0.99686965,7.8589e+03,0.000000000,0.000000000,0.000000000,0.000000000,0.004055023
3544,0.99686965,7.8589e+03,0.000000000,0.000000000,0.000000000,0.000000000,0.004081726
3545,0.99686965,7.8589e+03,0.000000000,0.000000000,0.000000000,0.000000000,0.004078865
3546,0.99686965,7.8589e+03,0.000000000,0.000000000,0.000000000,0.000000000,0.004070759
3547,0.99686965,7.8589e+03,0.000000000,0.000000000,0.000000000,0.000000000,0.004464149
3548,0.99686965,7.8589e+03,0.000000000,0.000000000,0.000000000,0.000000000,0.004123449
3549,0.99686965,7.8589e+03,0.000000000,0.000000000,0.000000000,0.000000000,0.004085064
3550,0.99686965,7.8589e+03,0.000000000,0.000000000,0.000000000,0.000000000,0.004072428
3551,0.99686965,7.8589e+03,0.000000000,0.000000000,0.000000000,0.000000000,0.004153013
3552,0.99686965,7.8589e+03,0.000000000,0.000000000,0.000000000,0.000000000,0.004101515
3553,0.99686965,7.8589e+03,0.000000000,0.000000000,0.000000000,0.000000000,0.004098177
3554,0.99686965,7.8589e+03,0.000000000,0.000000000,0.000000000,0.000000000,0.004084826
3555,0.99686965,7.8589e+03,0.000000000,0.000000000,0.000000000,0.000000000,0.004085541
3556,0.99686965,7.8589e+03,0.000000000,0.000000000,0.000000000,0.000000000,0.004085064
3557,0.99686965,7.8589e+03,0.000000000,0.000000000,0.000000000,0.000000000,0.004072428
3558,0.99686965,7.8589e+03,0.000000000,0.000000000,0.000000000,0.000000000,0.004074097
3559,0.99686965,7.8589e+03,0.000000000,0.000000000,0.000000000,0.000000000,0.004088879
3560,0.99686965,7.8589e+03,0.000000000,0.000000000,0.000000000,0.000000000,0.004084110
3561,0.99686965,7.8589e+03,0.000000000,0.000000000,0.000000000,0.000000000,0.004082203
3562,0.99686965,7.8589e+03,0.000000000,0.000000000,0.000000000,0.000000000,0.004081964
3563,0.99686965,7.8589e+03,0.000000000,0.000000000,0.000000000,0.000000000,0.004090071
3564,0.99686965,7.8589e+03,0.000000000,0.000000000,0.000000000,0.000000000,0.004074812
3565,0.99686965,7.8589e+03,0.000000000,0.000000000,0.000000000,0.000000000,0.004070520
3566,0.99686965,7.8589e+03,0.000000000,0.000000000,0.000000000,0.000000000,0.004081964
3567,0.99686965,7.8589e+03,0.000000000,0.000000000,0.000000000,0.000000000,0.004067898
3568,0.99686965,7.8589e+03,0.000000000,0.000000000,0.000000000,0.000000000,0.004077435
3569,0.99686965,7.8589e+03,0.000000000,0.000000000,0.000000000,0.000000000,0.004069567
3570,0.99686965,7.8589e+03,0.000000000,0.000000000,0.000000000,0.000000000,0.004077435
3571,0.99686965,7.8589e+03,0.000000000,0.000000000,0.000000000,0.000000000,0.004060507
3572,0.99686965,7.8589e+03,0.000000000,0.000000000,0.000000000,0.000000000,0.004081249
3573,0.99686965,7.8589e+03,0.000000000,0.000000000,0.000000000,0.000000000,0.004080057
3574,0.99686965,7.8589e+03,0.000000000,0.000000000,0.000000000,0.000000000,0.004096746
3575,0.99686965,7.8589e+03,0.000000000,0.000000000,0.000000000,0.000000000,0.004069805
3576,0.99686965,7.8589e+03,0.000000000,0.000000000,0.000000000,0.000000000,0.004070759
3577,0.99686965,7.8589e+03,0.000000000,0.000000000,0.000000000,0.000000000,0.004073620
3578,0.99686965,7.8589e+03,0.000000000,0.000000000,0.000000000,0.000000000,0.004072189
3579,0.99686965,7.8589e+03,0.000000000,0.000000000,0.000000000,0.000000000,0.004093409
3580,0.99686965,7.8589e+03,0.000000000,0.000000000,0.000000000,0.000000000,0.004069328
3581,0.99686965,7.8589e+03,0.000000000,0.000000000,0.000000000,0.000000000,0.004095316
3582,0.99686965,7.8589e+03,0.000000000,0.000000000,0.000000000,0.000000000,0.004070520
3583,0.99686965,7.8589e+03,0.000000000,0.000000000,0.000000000,0.000000000,0.004062891
3584,0.99686965,7.8589e+03,0.000000000,0.000000000,0.000000000,0.000000000,0.004082441
3585,0.99686965,7.8589e+03,0.000000000,0.000000000,0.000000000,0.000000000,0.004066467
3586,0.99686965,7.8589e+03,0.000000000,0.000000000,0.000000000,0.000000000,0.004071236
3587,0.99686965,7.8589e+03,0.000000000,0.000000000,0.000000000,0.000000000,0.004064083
3588,0.99686965,7.8589e+03,0.000000000,0.000000000,0.000000000,0.000000000,0.004074335
3589,0.99686965,7.8589e+03,0.000000000,0.000000000,0.000000000,0.000000000,0.004083395
3590,0.99686965,7.8589e+03,0.000000000,0.000000000,0.000000000,0.000000000,0.004080057
3591,0.99686965,7.8589e+03,0.000000000,0.000000000,0.000000000,0.000000000,0.004101753
3592,0.99686965,7.8589e+03,0.000000000,0.000000000,0.000000000,0.000000000,0.004067183
3593,0.99686965,7.8589e+03,0.000000000,0.000000000,0.000000000,0.000000000,0.004078865
3594,0.99686965,7.8589e+03,0.000000000,0.000000000,0.000000000,0.000000000,0.004066467
3595,0.99686965,7.8589e+03,0.000000000,0.000000000,0.000000000,0.000000000,0.004063368
3596,0.99686965,7.8589e+03,0.000000000,0.000000000,0.000000000,0.000000000,0.004074574
3597,0.99686965,7.8589e+03,0.000000000,0.000000000,0.000000000,0.000000000,0.004066944
3598,0.99686965,7.8589e+03,0.000000000,0.000000000,0.000000000,0.000000000,0.004067659
3599,0.99686965,7.8589e+03,0.000000000,0.000000000,0.000000000,0.000000000,0.004072428
3600,0.99686965,7.8589e+03,0.000000000,0.000000000,0.000000000,0.000000000,0.004065752
3601,0.99686965,7.8589e+03,0.000000000,0.000000000,0.000000000,0.000000000,0.005307913
3602,0.99686965,7.8589e+03,0.000000000,0.000000000,0.000000000,0.000000000,0.004096508
3603,0.99686965,7.8589e+03,0.000000000,0.000000000,0.000000000,0.000000000,0.004092216
3604,0.99686965,7.8589e+03,0.000000000,0.000000000,0.000000000,0.000000000,0.004090071
3605,0.99686965,7.8589e+03,0.000000000,0.000000000,0.000000000,0.000000000,0.004094839
3606,0.99686965,7.8589e+03,0.000000000,0.000000000,0.000000000,0.000000000,0.004077911
3607,0.99686965,7.8589e+03,0.000000000,0.000000000,0.000000000,0.000000000,0.004085541
3608,0.99686965,7.8589e+03,0.000000000,0.000000000,0.000000000,0.000000000,0.004088879
3609,0.99686965,7.8589e+03,0.000000000,0.000000000,0.000000000,0.000000000,0.004070282
3610,0.99686965,7.8589e+03,0.000000000,0.000000000,0.000000000,0.000000000,0.004083395
3611,0.99686965,7.8589e+03,0.000000000,0.000000000,0.000000000,0.000000000,0.004085302
3612,0.99686965,7.8589e+03,0.000000000,0.000000000,0.000000000,0.000000000,0.004073620
3613,0.99686965,7.8589e+03,0.000000000,0.000000000,0.000000000,0.000000000,0.004076719
3614,0.99686965,7.8589e+03,0.000000000,0.000000000,0.000000000,0.000000000,0.004085064
3615,0.99686965,7.8589e+03,0.000000000,0.000000000,0.000000000,0.000000000,0.004072189
3616,0.99686965,7.8589e+03,0.000000000,0.000000000,0.000000000,0.000000000,0.004069090
3617,0.99686965,7.8589e+03,0.000000000,0.000000000,0.000000000,0.000000000,0.004079342
3618,0.99686965,7.8589e+03,0.000000000,0.000000000,0.000000000,0.000000000,0.004077911
3619,0.99686965,7.8589e+03,0.000000000,0.000000000,0.000000000,0.000000000,0.004073858
3620,0.99686965,7.8589e+03,0.000000000,0.000000000,0.000000000,0.000000000,0.004073381
3621,0.99686965,7.8589e+03,0.000000000,0.000000000,0.000000000,0.000000000,0.004083633
3622,0.99686965,7.8589e+03,0.000000000,0.000000000,0.000000000,0.000000000,0.004070759
3623,0.99686965,7.8589e+03,0.000000000,0.000000000,0.000000000,0.000000000,0.004076242
3624,0.99686965,7.8589e+03,0.000000000,0.000000000,0.000000000,0.000000000,0.004067183
3625,0.99686965,7.8589e+03,0.000000000,0.000000000,0.000000000,0.000000000,0.004066706
3626,0.99686965,7.8589e+03,0.000000000,0.000000000,0.000000000,0.000000000,0.004061699
3627,0.99686965,7.8589e+03,0.000000000,0.000000000,0.000000000,0.000000000,0.004078388
3628,0.99686965,7.8589e+03,0.000000000,0.000000000,0.000000000,0.000000000,0.004073381
3629,0.99686965,7.8589e+03,0.000000000,0.000000000,0.000000000,0.000000000,0.004075289
3630,0.99686965,7.8589e+03,0.000000000,0.000000000,0.000000000,0.000000000,0.004062176
3631,0.99686965,7.8589e+03,0.000000000,0.000000000,0.000000000,0.000000000,0.004074097
3632,0.99686965,7.8589e+03,0.000000000,0.000000000,0.000000000,0.000000000,0.004073381
3633,0.99686965,7.8589e+03,0.000000000,0.000000000,0.000000000,0.000000000,0.004077673
3634,0.99686965,7.8589e+03,0.000000000,0.000000000,0.000000000,0.000000000,0.004073143
3635,0.99686965,7.8589e+03,0.000000000,0.000000000,0.000000000,0.000000000,0.004077673
3636,0.99686965,7.8589e+03,0.000000000,0.000000000,0.000000000,0.000000000,0.004070282
3637,0.99686965,7.8589e+03,0.000000000,0.000000000,0.000000000,0.000000000,0.004061222
3638,0.99686965,7.8589e+03,0.000000000,0.000000000,0.000000000,0.000000000,0.004069567
3639,0.99686965,7.8589e+03,0.000000000,0.000000000,0.000000000,0.000000000,0.004067659
3640,0.99686965,7.8589e+03,0.000000000,0.000000000,0.000000000,0.000000000,0.004067659
3641,0.99686965,7.8589e+03,0.000000000,0.000000000,0.000000000,0.000000000,0.004065275
3642,0.99686965,7.8589e+03,0.000000000,0.000000000,0.000000000,0.000000000,0.004065990
3643,0.99686965,7.8589e+03,0.000000000,0.000000000,0.000000000,0.000000000,0.004069805
3644,0.99686965,7.8589e+03,0.000000000,0.000000000,0.000000000,0.000000000,0.004063129
3645,0.99686965,7.8589e+03,0.000000000,0.000000000,0.000000000,0.000000000,0.004060268
3646,0.99686965,7.8589e+03,0.000000000,0.000000000,0.000000000,0.000000000,0.004057884
3647,0.99686965,7.8589e+03,0.000000000,0.000000000,0.000000000,0.000000000,0.004064083
3648,0.99686965,7.8589e+03,0.000000000,0.000000000,0.000000000,0.000000000,0.004058123
3649,0.99686965,7.8589e+03,0.000000000,0.000000000,0.000000000,0.000000000,0.004070520
3650,0.99686965,7.8589e+03,0.000000000,0.000000000,0.000000000,0.000000000,0.004053116
3651,0.99686965,7.8589e+03,0.000000000,0.000000000,0.000000000,0.000000000,0.004142284
3652,0.99686965,7.8589e+03,0.000000000,0.000000000,0.000000000,0.000000000,0.004082680
3653,0.99686965,7.8589e+03,0.000000000,0.000000000,0.000000000,0.000000000,0.004085302
3654,0.99686965,7.8589e+03,0.000000000,0.000000000,0.000000000,0.000000000,0.004086733
3655,0.99686965,7.8589e+03,0.000000000,0.000000000,0.000000000,0.000000000,0.004086494
3656,0.99686965,7.8589e+03,0.000000000,0.000000000,0.000000000,0.000000000,0.004087448
3657,0.99686965,7.8589e+03,0.000000000,0.000000000,0.000000000,0.000000000,0.004100800
3658,0.99686965,7.8589e+03,0.000000000,0.000000000,0.000000000,0.000000000,0.004088640
3659,0.99686965,7.8589e+03,0.000000000,0.000000000,0.000000000,0.000000000,0.004085779
3660,0.99686965,7.8589e+03,0.000000000,0.000000000,0.000000000,0.000000000,0.004072189
3661,0.99686965,7.8589e+03,0.000000000,0.000000000,0.000000000,0.000000000,0.004095316
3662,0.99686965,7.8589e+03,0.000000000,0.000000000,0.000000000,0.000000000,0.004076242
3663,0.99686965,7.8589e+03,0.000000000,0.000000000,0.000000000,0.000000000,0.004100800
3664,0.99686965,7.8589e+03,0.000000000,0.000000000,0.000000000,0.000000000,0.004071951
3665,0.99686965,7.8589e+03,0.000000000,0.000000000,0.000000000,0.000000000,0.004084587
3666,0.99686965,7.8589e+03,0.000000000,0.000000000,0.000000000,0.000000000,0.004098177
3667,0.99686965,7.8589e+03,0.000000000,0.000000000,0.000000000,0.000000000,0.004084587
3668,0.99686965,7.8589e+03,0.000000000,0.000000000,0.000000000,0.000000000,0.004082918
3669,0.99686965,7.8589e+03,0.000000000,0.000000000,0.000000000,0.000000000,0.004082441
3670,0.99686965,7.8589e+03,0.000000000,0.000000000,0.000000000,0.000000000,0.004080772
3671,0.99686965,7.8589e+03,0.000000000,0.000000000,0.000000000,0.000000000,0.004083633
3672,0.99686965,7.8589e+03,0.000000000,0.000000000,0.000000000,0.000000000,0.004076004
3673,0.99686965,7.8589e+03,0.000000000,0.000000000,0.000000000,0.000000000,0.004071951
3674,0.99686965,7.8589e+03,0.000000000,0.000000000,0.000000000,0.000000000,0.004062176
3675,0.99686965,7.8589e+03,0.000000000,0.000000000,0.000000000,0.000000000,0.004085779
3676,0.99686965,7.8589e+03,0.000000000,0.000000000,0.000000000,0.000000000,0.004074335
3677,0.99686965,7.8589e+03,0.000000000,0.000000000,0.000000000,0.000000000,0.004068375
3678,0.99686965,7.8589e+03,0.000000000,0.000000000,0.000000000,0.000000000,0.004056931
3679,0.99686965,7.8589e+03,0.000000000,0.000000000,0.000000000,0.000000000,0.004061699
3680,0.99686965,7.8589e+03,0.000000000,0.000000000,0.000000000,0.000000000,0.004070044
3681,0.99686965,7.8589e+03,0.000000000,0.000000000,0.000000000,0.000000000,0.004066467
3682,0.99686965,7.8589e+03,0.000000000,0.000000000,0.000000000,0.000000000,0.004076004
3683,0.99686965,7.8589e+03,0.000000000,0.000000000,0.000000000,0.000000000,0.004065037
3684,0.99686965,7.8589e+03,0.000000000,0.000000000,0.000000000,0.000000000,0.004060507
3685,0.99686965,7.8589e+03,0.000000000,0.000000000,0.000000000,0.000000000,0.004065037
3686,0.99686965,7.8589e+03,0.000000000,0.000000000,0.000000000,0.000000000,0.004072428
3687,0.99686965,7.8589e+03,0.000000000,0.000000000,0.000000000,0.000000000,0.004062891
3688,0.99686965,7.8589e+03,0.000000000,0.000000000,0.000000000,0.000000000,0.004068375
3689,0.99686965,7.8589e+03,0.000000000,0.000000000,0.000000000,0.000000000,0.004073143
3690,0.99686965,7.8589e+03,0.000000000,0.000000000,0.000000000,0.000000000,0.004063606
3691,0.99686965,7.8589e+03,0.000000000,0.000000000,0.000000000,0.000000000,0.004065275
3692,0.99686965,7.8589e+03,0.000000000,0.000000000,0.000000000,0.000000000,0.004081726
3693,0.99686965,7.8589e+03,0.000000000,0.000000000,0.000000000,0.000000000,0.004083395
3694,0.99686965,7.8589e+03,0.000000000,0.000000000,0.000000000,0.000000000,0.004085064
3695,0.99686965,7.8589e+03,0.000000000,0.000000000,0.000000000,0.000000000,0.004070044
3696,0.99686965,7.8589e+03,0.000000000,0.000000000,0.000000000,0.000000000,0.004064798
3697,0.99686965,7.8589e+03,0.000000000,0.000000000,0.000000000,0.000000000,0.004067898
3698,0.99686965,7.8589e+03,0.000000000,0.000000000,0.000000000,0.000000000,0.004057169
3699,0.99686965,7.8589e+03,0.000000000,0.000000000,0.000000000,0.000000000,0.004076719
3700,0.99686965,7.8589e+03,0.000000000,0.000000000,0.000000000,0.000000000,0.004071236
3701,0.99686965,7.8589e+03,0.000000000,0.000000000,0.000000000,0.000000000,0.004144192
3702,0.99686965,7.8589e+03,0.000000000,0.000000000,0.000000000,0.000000000,0.004088163
3703,0.99686965,7.8589e+03,0.000000000,0.000000000,0.000000000,0.000000000,0.004086256
3704,0.99686965,7.8589e+03,0.000000000,0.000000000,0.000000000,0.000000000,0.004093647
3705,0.99686965,7.8589e+03,0.000000000,0.000000000,0.000000000,0.000000000,0.004094601
3706,0.99686965,7.8589e+03,0.000000000,0.000000000,0.000000000,0.000000000,0.004093885
3707,0.99686965,7.8589e+03,0.000000000,0.000000000,0.000000000,0.000000000,0.004090548
3708,0.99686965,7.8589e+03,0.000000000,0.000000000,0.000000000,0.000000000,0.004099607
3709,0.99686965,7.8589e+03,0.000000000,0.000000000,0.000000000,0.000000000,0.004080772
3710,0.99686965,7.8589e+03,0.000000000,0.000000000,0.000000000,0.000000000,0.004087448
3711,0.99686965,7.8589e+03,0.000000000,0.000000000,0.000000000,0.000000000,0.004075766
3712,0.99686965,7.8589e+03,0.000000000,0.000000000,0.000000000,0.000000000,0.004085541
3713,0.99686965,7.8589e+03,0.000000000,0.000000000,0.000000000,0.000000000,0.004074574
3714,0.99686965,7.8589e+03,0.000000000,0.000000000,0.000000000,0.000000000,0.004084587
3715,0.99686965,7.8589e+03,0.000000000,0.000000000,0.000000000,0.000000000,0.004086256
3716,0.99686965,7.8589e+03,0.000000000,0.000000000,0.000000000,0.000000000,0.004070997
3717,0.99686965,7.8589e+03,0.000000000,0.000000000,0.000000000,0.000000000,0.004085541
3718,0.99686965,7.8589e+03,0.000000000,0.000000000,0.000000000,0.000000000,0.004087925
3719,0.99686965,7.8589e+03,0.000000000,0.000000000,0.000000000,0.000000000,0.004065514
3720,0.99686965,7.8589e+03,0.000000000,0.000000000,0.000000000,0.000000000,0.004061699
3721,0.99686965,7.8589e+03,0.000000000,0.000000000,0.000000000,0.000000000,0.004065990
3722,0.99686965,7.8589e+03,0.000000000,0.000000000,0.000000000,0.000000000,0.004073381
3723,0.99686965,7.8589e+03,0.000000000,0.000000000,0.000000000,0.000000000,0.004060745
3724,0.99686965,7.8589e+03,0.000000000,0.000000000,0.000000000,0.000000000,0.004063368
3725,0.99686965,7.8589e+03,0.000000000,0.000000000,0.000000000,0.000000000,0.004061937
3726,0.99686965,7.8589e+03,0.000000000,0.000000000,0.000000000,0.000000000,0.004074574
3727,0.99686965,7.8589e+03,0.000000000,0.000000000,0.000000000,0.000000000,0.004076719
3728,0.99686965,7.8589e+03,0.000000000,0.000000000,0.000000000,0.000000000,0.004085064
3729,0.99686965,7.8589e+03,0.000000000,0.000000000,0.000000000,0.000000000,0.004069090
3730,0.99686965,7.8589e+03,0.000000000,0.000000000,0.000000000,0.000000000,0.004063845
3731,0.99686965,7.8589e+03,0.000000000,0.000000000,0.000000000,0.000000000,0.004070282
3732,0.99686965,7.8589e+03,0.000000000,0.000000000,0.000000000,0.000000000,0.004068136
3733,0.99686965,7.8589e+03,0.000000000,0.000000000,0.000000000,0.000000000,0.004072905
3734,0.99686965,7.8589e+03,0.000000000,0.000000000,0.000000000,0.000000000,0.004073143
3735,0.99686965,7.8589e+03,0.000000000,0.000000000,0.000000000,0.000000000,0.004065037
3736,0.99686965,7.8589e+03,0.000000000,0.000000000,0.000000000,0.000000000,0.004073620
3737,0.99686965,7.8589e+03,0.000000000,0.000000000,0.000000000,0.000000000,0.004069090
3738,0.99686965,7.8589e+03,0.000000000,0.000000000,0.000000000,0.000000000,0.004059792
3739,0.99686965,7.8589e+03,0.000000000,0.000000000,0.000000000,0.000000000,0.004058599
3740,0.99686965,7.8589e+03,0.000000000,0.000000000,0.000000000,0.000000000,0.004066467
3741,0.99686965,7.8589e+03,0.000000000,0.000000000,0.000000000,0.000000000,0.004060268
3742,0.99686965,7.8589e+03,0.000000000,0.000000000,0.000000000,0.000000000,0.004063845
3743,0.99686965,7.8589e+03,0.000000000,0.000000000,0.000000000,0.000000000,0.004061222
3744,0.99686965,7.8589e+03,0.000000000,0.000000000,0.000000000,0.000000000,0.004058838
3745,0.99686965,7.8589e+03,0.000000000,0.000000000,0.000000000,0.000000000,0.004062414
3746,0.99686965,7.8589e+03,0.000000000,0.000000000,0.000000000,0.000000000,0.004066706
3747,0.99686965,7.8589e+03,0.000000000,0.000000000,0.000000000,0.000000000,0.004048347
3748,0.99686965,7.8589e+03,0.000000000,0.000000000,0.000000000,0.000000000,0.004066229
3749,0.99686965,7.8589e+03,0.000000000,0.000000000,0.000000000,0.000000000,0.004062176
3750,0.99686965,7.8589e+03,0.000000000,0.000000000,0.000000000,0.000000000,0.004072189
3751,0.99686965,7.8589e+03,0.000000000,0.000000000,0.000000000,0.000000000,0.004158497
3752,0.99686965,7.8589e+03,0.000000000,0.000000000,0.000000000,0.000000000,0.004094839
3753,0.99686965,7.8589e+03,0.000000000,0.000000000,0.000000000,0.000000000,0.004077435
3754,0.99686965,7.8589e+03,0.000000000,0.000000000,0.000000000,0.000000000,0.004077911
3755,0.99686965,7.8589e+03,0.000000000,0.000000000,0.000000000,0.000000000,0.004101038
3756,0.99686965,7.8589e+03,0.000000000,0.000000000,0.000000000,0.000000000,0.004077435
3757,0.99686965,7.8589e+03,0.000000000,0.000000000,0.000000000,0.000000000,0.004080534
3758,0.99686965,7.8589e+03,0.000000000,0.000000000,0.000000000,0.000000000,0.004098892
