step,t_us,crack_tip_x_mm,n_crack_tips,crack_vel_mms,crack_vel_frac_cR,branched
29180,21.6054,16.100705,1,4661.08,0.0051,0
29200,21.6202,16.100705,1,0.00,0.0000,0
29220,21.6350,16.118752,1,1218737.07,1.3249,0
29240,21.6498,16.121091,1,157936.83,0.1717,0
29260,21.6646,16.123430,1,157936.83,0.1717,0
29280,21.6794,16.143816,1,1376673.89,1.4966,0
29300,21.6943,16.143816,1,0.00,0.0000,0
29320,21.7091,16.164202,1,1376673.89,1.4966,0
29340,21.7239,16.166541,1,157936.83,0.1717,0
29360,21.7387,16.166541,1,0.00,0.0000,0
29380,21.7535,16.186927,1,1376673.89,1.4966,0
29400,21.7683,16.189266,1,157936.83,0.1717,0
29420,21.7831,16.207314,1,1218737.07,1.3249,0
29440,21.7979,16.209652,1,157936.83,0.1717,0
29460,21.8127,16.227700,1,1218737.07,1.3249,0
29480,21.8275,16.232377,1,315873.65,0.3434,0
29500,21.8423,16.250425,1,1218737.07,1.3249,0
29520,21.8571,16.252764,1,157936.83,0.1717,0
29540,21.8720,16.270811,1,1218737.07,1.3249,0
29560,21.8868,16.273150,1,157936.83,0.1717,0
29580,21.9016,16.275489,1,157936.83,0.1717,0
29600,21.9164,16.295875,1,1376673.89,1.4966,0
29620,21.9312,16.298214,1,157936.83,0.1717,0
29640,21.9460,16.316261,1,1218737.07,1.3249,0
29660,21.9608,16.318600,1,157936.83,0.1717,0
29680,21.9756,16.336648,1,1218737.07,1.3249,0
29700,21.9904,16.338986,1,157936.83,0.1717,0
29720,22.0052,16.341325,1,157936.83,0.1717,0
29740,22.0200,16.359373,1,1218737.07,1.3249,0
29760,22.0348,16.361712,1,157936.83,0.1717,0
29780,22.0497,16.384437,1,1534610.72,1.6682,0
29800,22.0645,16.384437,1,0.00,0.0000,0
29820,22.0793,16.402484,1,1218737.07,1.3249,0
29840,22.0941,16.404823,1,157936.83,0.1717,0
29860,22.1089,16.425209,1,1376673.89,1.4966,0
29880,22.1237,16.427548,1,157936.83,0.1717,0
29900,22.1385,16.445596,1,1218737.07,1.3249,0
29920,22.1533,16.447934,1,157936.83,0.1717,0
29940,22.1681,16.465982,1,1218737.07,1.3249,0
29960,22.1829,16.468321,1,157936.83,0.1717,0
29980,22.1977,16.470659,1,157936.83,0.1717,0
30000,22.2126,16.491046,1,1376673.89,1.4966,0
30020,22.2274,16.509093,1,1218737.07,1.3249,0
30040,22.2422,16.511432,1,157936.83,0.1717,0
30060,22.2570,16.513771,1,157936.83,0.1717,0
30080,22.2718,16.534157,1,1376673.89,1.4966,0
30100,22.2866,16.536496,1,157936.83,0.1717,0
30120,22.3014,16.556882,1,1376673.89,1.4966,0
30140,22.3162,16.556882,1,0.00,0.0000,0
30160,22.3310,16.577268,1,1376673.89,1.4966,0
30180,22.3458,16.579607,1,157936.83,0.1717,0
30200,22.3606,16.599994,1,1376673.89,1.4966,0
30220,22.3754,16.599994,1,0.00,0.0000,0
30240,22.3903,16.618041,1,1218737.07,1.3249,0
30260,22.4051,16.620380,1,157936.83,0.1717,0
30280,22.4199,16.640766,1,1376673.89,1.4966,0
30300,22.4347,16.643105,1,157936.83,0.1717,0
30320,22.4495,16.661152,1,1218737.07,1.3249,0
30340,22.4643,16.665830,1,315873.65,0.3434,0
30360,22.4791,16.683877,1,1218737.07,1.3249,0
30380,22.4939,16.686216,1,157936.83,0.1717,0
30400,22.5087,16.704264,1,1218737.07,1.3249,0
30420,22.5235,16.708941,1,315873.65,0.3434,0
30440,22.5383,16.726989,1,1218737.07,1.3249,0
30460,22.5531,16.729328,1,157936.83,0.1717,0
30480,22.5680,16.729328,1,0.00,0.0000,0
30500,22.5828,16.749714,1,1376673.89,1.4966,0
30520,22.5976,16.752146,1,164238.30,0.1785,0
30540,22.6124,16.770100,1,1212435.59,1.3180,0
30560,22.6272,16.772467,1,159839.15,0.1738,0
30580,22.6420,16.792825,1,1374771.56,1.4945,0
30600,22.6568,16.792825,1,0.00,0.0000,0
30620,22.6716,16.795223,1,161886.64,0.1760,0
30640,22.6864,16.815550,1,1372724.08,1.4923,0
30660,22.7012,16.835937,1,1376673.89,1.4966,0
30680,22.7160,16.835937,1,0.00,0.0000,0
30700,22.7308,16.838275,1,157936.83,0.1717,0
30720,22.7457,16.858662,1,1376673.89,1.4966,0
30740,22.7605,16.858662,1,0.00,0.0000,0
30760,22.7753,16.879069,1,1378115.37,1.4981,0
30780,22.7901,16.881515,1,165144.21,0.1795,0
30800,22.8049,16.899434,1,1210088.21,1.3155,0
30820,22.8197,16.901773,1,157936.83,0.1717,0
30840,22.8345,16.904958,1,215094.54,0.2338,0
30860,22.8493,16.924498,1,1319516.18,1.4344,0
30880,22.8641,16.924498,1,0.00,0.0000,0
30900,22.8789,16.944884,1,1376673.89,1.4966,0
30920,22.8937,16.947223,1,157936.83,0.1717,0
30940,22.9085,16.967610,1,1376673.89,1.4966,0
30960,22.9234,16.967610,1,0.00,0.0000,0
30980,22.9382,16.987996,1,1376673.89,1.4966,0
31000,22.9530,16.990335,1,157936.83,0.1717,0
31020,22.9678,17.008382,1,1218737.07,1.3249,0
31040,22.9826,17.010721,1,157936.83,0.1717,0
31060,22.9974,17.031107,1,1376673.89,1.4966,0
31080,23.0122,17.033446,1,157936.83,0.1717,0
31100,23.0270,17.051493,1,1218737.07,1.3249,0
31120,23.0418,17.053832,1,157936.83,0.1717,0
31140,23.0566,17.071880,1,1218737.07,1.3249,0
31160,23.0714,17.076557,1,315873.65,0.3434,0
31180,23.0862,17.094605,1,1218737.07,1.3249,0
31200,23.1011,17.096944,1,157936.83,0.1717,0
31220,23.1159,17.117330,1,1376673.89,1.4966,0
31240,23.1307,17.119669,1,157936.83,0.1717,0
31260,23.1455,17.140055,1,1376673.89,1.4966,0
31280,23.1603,17.140055,1,0.00,0.0000,0
31300,23.1751,17.142394,1,157936.83,0.1717,0
31320,23.1899,17.160441,1,1218737.07,1.3249,0
31340,23.2047,17.162780,1,157936.83,0.1717,0
31360,23.2195,17.165119,1,157936.83,0.1717,0
31380,23.2343,17.185505,1,1376673.89,1.4966,0
31400,23.2491,17.185505,1,0.00,0.0000,0
31420,23.2639,17.205891,1,1376673.89,1.4966,0
31440,23.2788,17.208230,1,157936.83,0.1717,0
31460,23.2936,17.226278,1,1218737.07,1.3249,0
31480,23.3084,17.228617,1,157936.83,0.1717,0
31500,23.3232,17.228617,1,0.00,0.0000,0
31520,23.3380,17.249003,1,1376673.89,1.4966,0
31540,23.3528,17.251342,1,157936.83,0.1717,0
31560,23.3676,17.251342,1,0.00,0.0000,0
31580,23.3824,17.271728,1,1376673.89,1.4966,0
31600,23.3972,17.274067,1,157936.83,0.1717,0
31620,23.4120,17.292114,1,1218737.07,1.3249,0
31640,23.4268,17.294453,1,157936.83,0.1717,0
31660,23.4416,17.312501,1,1218737.07,1.3249,0
31680,23.4565,17.314839,1,157936.83,0.1717,0
31700,23.4713,17.337564,1,1534610.72,1.6682,0
31720,23.4861,17.337564,1,0.00,0.0000,0
31740,23.5009,17.355612,1,1218737.07,1.3249,0
31760,23.5157,17.357951,1,157936.83,0.1717,0
31780,23.5305,17.360289,1,157936.83,0.1717,0
31800,23.5453,17.378337,1,1218737.07,1.3249,0
31820,23.5601,17.380676,1,157936.83,0.1717,0
31840,23.5749,17.383015,1,157936.83,0.1717,0
31860,23.5897,17.403401,1,1376673.89,1.4966,0
31880,23.6045,17.403401,1,0.00,0.0000,0
31900,23.6193,17.423787,1,1376673.89,1.4966,0
31920,23.6342,17.426126,1,157936.83,0.1717,0
31940,23.6490,17.444173,1,1218737.07,1.3249,0
31960,23.6638,17.446512,1,157936.83,0.1717,0
31980,23.6786,17.448851,1,157936.83,0.1717,0
32000,23.6934,17.466898,1,1218737.07,1.3249,0
32020,23.7082,17.469237,1,157936.83,0.1717,0
32040,23.7230,17.487285,1,1218737.07,1.3249,0
32060,23.7378,17.491962,1,315873.65,0.3434,0
32080,23.7526,17.507671,1,1060800.24,1.1532,0
32100,23.7674,17.512349,1,315873.65,0.3434,0
32120,23.7822,17.512349,1,0.00,0.0000,0
32140,23.7970,17.530396,1,1218737.07,1.3249,0
32160,23.8119,17.532735,1,157936.83,0.1717,0
32180,23.8267,17.535074,1,157936.83,0.1717,0
32200,23.8415,17.557799,1,1534610.72,1.6682,0
32220,23.8563,17.575846,1,1218737.07,1.3249,0
32240,23.8711,17.578185,1,157936.83,0.1717,0
32260,23.8859,17.578185,1,0.00,0.0000,0
32280,23.9007,17.598571,1,1376673.89,1.4966,0
32300,23.9155,17.600910,1,157936.83,0.1717,0
32320,23.9303,17.618958,1,1218737.07,1.3249,0
32340,23.9451,17.621296,1,157936.83,0.1717,0
32360,23.9599,17.623635,1,157936.83,0.1717,0
32380,23.9747,17.641683,1,1218737.07,1.3249,0
32400,23.9896,17.644022,1,157936.83,0.1717,0
32420,24.0044,17.662069,1,1218737.07,1.3249,0
32440,24.0192,17.664408,1,157936.83,0.1717,0
32460,24.0340,17.666747,1,157936.83,0.1717,0
32480,24.0488,17.687133,1,1376673.89,1.4966,0
32500,24.0636,17.707519,1,1376673.89,1.4966,0
32520,24.0784,17.707519,1,0.00,0.0000,0
32540,24.0932,17.709858,1,157936.83,0.1717,0
32560,24.1080,17.727905,1,1218737.07,1.3249,0
32580,24.1228,17.730244,1,157936.83,0.1717,0
32600,24.1376,17.750631,1,1376673.89,1.4966,0
32620,24.1524,17.750631,1,0.00,0.0000,0
32640,24.1673,17.752969,1,157936.83,0.1717,0
32660,24.1821,17.773356,1,1376673.89,1.4966,0
32680,24.1969,17.775694,1,157936.83,0.1717,0
32700,24.2117,17.796081,1,1376673.89,1.4966,0
32720,24.2265,17.796081,1,0.00,0.0000,0
32740,24.2413,17.816467,1,1376673.89,1.4966,0
32760,24.2561,17.818806,1,157936.83,0.1717,0
32780,24.2709,17.836853,1,1218737.07,1.3249,0
32800,24.2857,17.839192,1,157936.83,0.1717,0
32820,24.3005,17.859578,1,1376673.89,1.4966,0
32840,24.3153,17.861917,1,157936.83,0.1717,0
32860,24.3301,17.861917,1,0.00,0.0000,0
32880,24.3450,17.879965,1,1218737.07,1.3249,0
32900,24.3598,17.882303,1,157936.83,0.1717,0
32920,24.3746,17.884642,1,157936.83,0.1717,0
32940,24.3894,17.905029,1,1376673.89,1.4966,0
32960,24.4042,17.905029,1,0.00,0.0000,0
32980,24.4190,17.925415,1,1376673.89,1.4966,0
33000,24.4338,17.927754,1,157936.83,0.1717,0
33020,24.4486,17.945801,1,1218737.07,1.3249,0
33040,24.4634,17.948140,1,157936.83,0.1717,0
33060,24.4782,17.948140,1,0.00,0.0000,0
33080,24.4930,17.970865,1,1534610.72,1.6682,0
33100,24.5078,17.970865,1,0.00,0.0000,0
33120,24.5227,17.991251,1,1376673.89,1.4966,0
33140,24.5375,17.991251,1,0.00,0.0000,0
33160,24.5523,17.993590,1,157936.83,0.1717,0
33180,24.5671,18.013976,1,1376673.89,1.4966,0
33200,24.5819,18.032024,1,1218737.07,1.3249,0
33220,24.5967,18.034363,1,157936.83,0.1717,0
33240,24.6115,18.036701,1,157936.83,0.1717,0
33260,24.6263,18.054749,1,1218737.07,1.3249,0
33280,24.6411,18.057088,1,157936.83,0.1717,0
33300,24.6559,18.075135,1,1218737.07,1.3249,0
33320,24.6707,18.077474,1,157936.83,0.1717,0
33340,24.6855,18.079813,1,157936.83,0.1717,0
33360,24.7004,18.100199,1,1376673.89,1.4966,0
33380,24.7152,18.102538,1,157936.83,0.1717,0
33400,24.7300,18.120585,1,1218737.07,1.3249,0
33420,24.7448,18.122924,1,157936.83,0.1717,0
33440,24.7596,18.140972,1,1218737.07,1.3249,0
33460,24.7744,18.143310,1,157936.83,0.1717,0
33480,24.7892,18.163697,1,1376673.89,1.4966,0
33500,24.8040,18.166036,1,157936.83,0.1717,0
33520,24.8188,18.184083,1,1218737.07,1.3249,0
33540,24.8336,18.186422,1,157936.83,0.1717,0
33560,24.8484,18.188761,1,157936.83,0.1717,0
33580,24.8632,18.206808,1,1218737.07,1.3249,0
33600,24.8781,18.209147,1,157936.83,0.1717,0
33620,24.8929,18.229533,1,1376673.89,1.4966,0
33640,24.9077,18.231872,1,157936.83,0.1717,0
33660,24.9225,18.249919,1,1218737.07,1.3249,0
33680,24.9373,18.252258,1,157936.83,0.1717,0
33700,24.9521,18.270306,1,1218737.07,1.3249,0
33720,24.9669,18.290692,1,1376673.89,1.4966,0
33740,24.9817,18.293031,1,157936.83,0.1717,0
33760,24.9965,18.295370,1,157936.83,0.1717,0
33780,25.0113,18.315756,1,1376673.89,1.4966,0
33800,25.0261,18.318095,1,157936.83,0.1717,0
33820,25.0409,18.336142,1,1218737.07,1.3249,0
33840,25.0558,18.338481,1,157936.83,0.1717,0
33860,25.0706,18.358867,1,1376673.89,1.4966,0
33880,25.0854,18.361206,1,157936.83,0.1717,0
33900,25.1002,18.361206,1,0.00,0.0000,0
33920,25.1150,18.381592,1,1376673.89,1.4966,0
33940,25.1298,18.383931,1,157936.83,0.1717,0
33960,25.1446,18.404317,1,1376673.89,1.4966,0
33980,25.1594,18.420026,1,1060800.24,1.1532,0
34000,25.1742,18.424704,1,315873.65,0.3434,0
34020,25.1890,18.427043,1,157936.83,0.1717,0
34040,25.2038,18.445090,1,1218737.07,1.3249,0
34060,25.2186,18.447429,1,157936.83,0.1717,0
34080,25.2335,18.447429,1,0.00,0.0000,0
34100,25.2483,18.467815,1,1376673.89,1.4966,0
34120,25.2631,18.470154,1,157936.83,0.1717,0
34140,25.2779,18.488201,1,1218737.07,1.3249,0
34160,25.2927,18.490540,1,157936.83,0.1717,0
34180,25.3075,18.508588,1,1218737.07,1.3249,0
34200,25.3223,18.510927,1,157936.83,0.1717,0
34220,25.3371,18.531313,1,1376673.89,1.4966,0
34240,25.3519,18.533652,1,157936.83,0.1717,0
34260,25.3667,18.533652,1,0.00,0.0000,0
34280,25.3815,18.554038,1,1376673.89,1.4966,0
34300,25.3963,18.556377,1,157936.83,0.1717,0
34320,25.4112,18.574424,1,1218737.07,1.3249,0
34340,25.4260,18.576763,1,157936.83,0.1717,0
34360,25.4408,18.594810,1,1218737.07,1.3249,0
34380,25.4556,18.599488,1,315873.65,0.3434,0
34400,25.4704,18.617536,1,1218737.07,1.3249,0
34420,25.4852,18.619874,1,157936.83,0.1717,0
34440,25.5000,18.637922,1,1218737.07,1.3249,0
34460,25.5148,18.642599,1,315873.65,0.3434,0
34480,25.5296,18.642599,1,0.00,0.0000,0
34500,25.5444,18.660647,1,1218737.07,1.3249,0
34520,25.5592,18.683372,1,1534610.72,1.6682,0
34540,25.5740,18.683372,1,0.00,0.0000,0
34560,25.5889,18.685711,1,157936.83,0.1717,0
34580,25.6037,18.703758,1,1218737.07,1.3249,0
34600,25.6185,18.706097,1,157936.83,0.1717,0
34620,25.6333,18.724145,1,1218737.07,1.3249,0
34640,25.6481,18.728822,1,315873.65,0.3434,0
34660,25.6629,18.728822,1,0.00,0.0000,0
34680,25.6777,18.749208,1,1376673.89,1.4966,0
34700,25.6925,18.751547,1,157936.83,0.1717,0
34720,25.7073,18.751547,1,0.00,0.0000,0
34740,25.7221,18.771934,1,1376673.89,1.4966,0
34760,25.7369,18.774272,1,157936.83,0.1717,0
34780,25.7517,18.794659,1,1376673.89,1.4966,0
34800,25.7666,18.794659,1,0.00,0.0000,0
34820,25.7814,18.815045,1,1376673.89,1.4966,0
34840,25.7962,18.817384,1,157936.83,0.1717,0
34860,25.8110,18.835431,1,1218737.07,1.3249,0
34880,25.8258,18.837770,1,157936.83,0.1717,0
34900,25.8406,18.858156,1,1376673.89,1.4966,0
34920,25.8554,18.860495,1,157936.83,0.1717,0
34940,25.8702,18.878543,1,1218738.85,1.3249,0
34960,25.8850,18.880881,1,157935.04,0.1717,0
34980,25.8998,18.901268,1,1376676.78,1.4966,0
35000,25.9146,18.903606,1,157933.94,0.1717,0
35020,25.9295,18.921654,1,1218741.92,1.3249,0
35040,25.9443,18.923993,1,157933.56,0.1717,0
35060,25.9591,18.942040,1,1218739.76,1.3249,0
35080,25.9739,18.944379,1,157934.07,0.1717,0
35100,25.9887,18.946718,1,157935.56,0.1717,0
35120,26.0035,18.967104,1,1376673.64,1.4966,0
35140,26.0183,18.969443,1,157936.82,0.1717,0
35160,26.0331,18.987490,1,1218737.08,1.3249,0
35180,26.0479,18.989829,1,157936.82,0.1717,0
35200,26.0627,19.010215,1,1376673.91,1.4966,0
35220,26.0775,19.012554,1,157936.81,0.1717,0
35240,26.0923,19.030602,1,1218737.09,1.3249,0
35260,26.1072,19.032941,1,157936.80,0.1717,0
35280,26.1220,19.050988,1,1218737.06,1.3249,0
35300,26.1368,19.053327,1,157936.83,0.1717,0
35320,26.1516,19.055666,1,157936.82,0.1717,0
35340,26.1664,19.076052,1,1376673.89,1.4966,0
35360,26.1812,19.094099,1,1218737.07,1.3249,0
35380,26.1960,19.096438,1,157936.83,0.1717,0
35400,26.2108,19.098777,1,157936.83,0.1717,0
35420,26.2256,19.119163,1,1376673.89,1.4966,0
35440,26.2404,19.119163,1,0.00,0.0000,0
35460,26.2552,19.137211,1,1218737.07,1.3249,0
35480,26.2700,19.141888,1,315873.65,0.3434,0
35500,26.2849,19.141888,1,0.00,0.0000,0
35520,26.2997,19.162275,1,1376673.89,1.4966,0
35540,26.3145,19.164613,1,157936.83,0.1717,0
35560,26.3293,19.182661,1,1218737.07,1.3249,0
35580,26.3441,19.185000,1,157936.83,0.1717,0
35600,26.3589,19.205386,1,1376673.89,1.4966,0
35620,26.3737,19.207725,1,157936.83,0.1717,0
35640,26.3885,19.225772,1,1218737.07,1.3249,0
35660,26.4033,19.228111,1,157936.83,0.1717,0
35680,26.4181,19.246159,1,1218737.07,1.3249,0
35700,26.4329,19.250836,1,315873.65,0.3434,0
35720,26.4477,19.268884,1,1218737.07,1.3249,0
35740,26.4626,19.271222,1,157936.83,0.1717,0
35760,26.4774,19.289270,1,1218737.07,1.3249,0
35780,26.4922,19.293948,1,315873.65,0.3434,0
35800,26.5070,19.311995,1,1218737.07,1.3249,0
35820,26.5218,19.314334,1,157936.83,0.1717,0
35840,26.5366,19.316673,1,157936.83,0.1717,0
35860,26.5514,19.337059,1,1376673.89,1.4966,0
35880,26.5662,19.339398,1,157936.83,0.1717,0
35900,26.5810,19.357445,1,1218737.07,1.3249,0
35920,26.5958,19.377831,1,1376673.89,1.4966,0
35940,26.6106,19.380170,1,157936.83,0.1717,0
35960,26.6254,19.398218,1,1218737.07,1.3249,0
35980,26.6403,19.402895,1,315873.65,0.3434,0
36000,26.6551,19.402895,1,0.00,0.0000,0
36020,26.6699,19.423282,1,1376673.89,1.4966,0
36040,26.6847,19.423282,1,0.00,0.0000,0
36060,26.6995,19.443668,1,1376673.89,1.4966,0
36080,26.7143,19.446007,1,157936.83,0.1717,0
36100,26.7291,19.464054,1,1218737.07,1.3249,0
36120,26.7439,19.466393,1,157936.83,0.1717,0
36140,26.7587,19.468732,1,157936.83,0.1717,0
36160,26.7735,19.486779,1,1218737.07,1.3249,0
36180,26.7883,19.489118,1,157936.83,0.1717,0
36200,26.8031,19.507166,1,1218737.07,1.3249,0
36220,26.8180,19.511843,1,315873.65,0.3434,0
36240,26.8328,19.511843,1,0.00,0.0000,0
36260,26.8476,19.532229,1,1376673.89,1.4966,0
36280,26.8624,19.534568,1,157936.83,0.1717,0
36300,26.8772,19.552616,1,1218737.07,1.3249,0
36320,26.8920,19.573002,1,1376673.89,1.4966,0
36340,26.9068,19.575341,1,157936.83,0.1717,0
36360,26.9216,19.577680,1,157936.83,0.1717,0
36380,26.9364,19.595727,1,1218737.07,1.3249,0
36400,26.9512,19.598066,1,157936.83,0.1717,0
36420,26.9660,19.616113,1,1218737.07,1.3249,0
36440,26.9808,19.618452,1,157936.83,0.1717,0
36460,26.9957,19.620791,1,157936.83,0.1717,0
36480,27.0105,19.638838,1,1218737.07,1.3249,0
36500,27.0253,19.659225,1,1376673.89,1.4966,0
36520,27.0401,19.661564,1,157936.83,0.1717,0
36540,27.0549,19.663902,1,157936.83,0.1717,0
36560,27.0697,19.684289,1,1376673.89,1.4966,0
36580,27.0845,19.686627,1,157936.83,0.1717,0
36600,27.0993,19.704675,1,1218737.07,1.3249,0
36620,27.1141,19.707014,1,157936.83,0.1717,0
36640,27.1289,19.725061,1,1218737.07,1.3249,0
36660,27.1437,19.727400,1,157936.83,0.1717,0
36680,27.1585,19.729739,1,157936.83,0.1717,0
36700,27.1734,19.747786,1,1218737.07,1.3249,0
36720,27.1882,19.750125,1,157936.83,0.1717,0
36740,27.2030,19.770511,1,1376673.89,1.4966,0
36760,27.2178,19.772850,1,157936.83,0.1717,0
36780,27.2326,19.793236,1,1376673.89,1.4966,0
36800,27.2474,19.795575,1,157936.83,0.1717,0
36820,27.2622,19.813623,1,1218737.07,1.3249,0
36840,27.2770,19.815962,1,157936.83,0.1717,0
36860,27.2918,19.815962,1,0.00,0.0000,0
36880,27.3066,19.836348,1,1376673.89,1.4966,0
36900,27.3214,19.838687,1,157936.83,0.1717,0
36920,27.3362,19.856734,1,1218737.07,1.3249,0
36940,27.3511,19.859073,1,157936.83,0.1717,0
36960,27.3659,19.877120,1,1218737.07,1.3249,0
36980,27.3807,19.881798,1,315873.65,0.3434,0
37000,27.3955,19.881798,1,0.00,0.0000,0
37020,27.4103,19.902184,1,1376673.89,1.4966,0
37040,27.4251,19.920232,1,1218737.07,1.3249,0
37060,27.4399,19.922571,1,157936.83,0.1717,0
37080,27.4547,19.924909,1,157936.83,0.1717,0
37100,27.4695,19.945296,1,1376673.89,1.4966,0
37120,27.4843,19.945296,1,0.00,0.0000,0
37140,27.4991,19.963343,1,1218737.07,1.3249,0
37160,27.5139,19.968021,1,315873.65,0.3434,0
37180,27.5288,19.986068,1,1218737.07,1.3249,0
37200,27.5436,19.988407,1,157936.83,0.1717,0
37220,27.5584,20.008793,1,1376673.89,1.4966,0
37240,27.5732,20.011132,1,157936.83,0.1717,0
37260,27.5880,20.031518,1,1376673.89,1.4966,0
37280,27.6028,20.033857,1,157936.83,0.1717,0
37300,27.6176,20.051905,1,1218737.07,1.3249,0
37320,27.6324,20.054243,1,157936.83,0.1717,0
37340,27.6472,20.054243,1,0.00,0.0000,0
37360,27.6620,20.074630,1,1376673.89,1.4966,0
37380,27.6768,20.076969,1,157936.83,0.1717,0
37400,27.6916,20.097355,1,1376673.89,1.4966,0
37420,27.7065,20.097355,1,0.00,0.0000,0
37440,27.7213,20.117741,1,1376673.89,1.4966,0
37460,27.7361,20.120080,1,157936.83,0.1717,0
37480,27.7509,20.120080,1,0.00,0.0000,0
37500,27.7657,20.142805,1,1534610.72,1.6682,0
37520,27.7805,20.160853,1,1218737.07,1.3249,0
37540,27.7953,20.163191,1,157936.83,0.1717,0
37560,27.8101,20.163191,1,0.00,0.0000,0
37580,27.8249,20.183578,1,1376673.89,1.4966,0
37600,27.8397,20.185916,1,157936.83,0.1717,0
37620,27.8545,20.203964,1,1218737.07,1.3249,0
37640,27.8693,20.206303,1,157936.83,0.1717,0
37660,27.8842,20.208632,1,157314.21,0.1710,0
37680,27.8990,20.226689,1,1219359.68,1.3255,0
37700,27.9138,20.229025,1,157766.92,0.1715,0
37720,27.9286,20.249414,1,1376822.72,1.4967,0
37740,27.9434,20.249414,1,0.00,0.0000,0
37760,27.9582,20.269800,1,1376688.88,1.4966,0
37780,27.9730,20.272139,1,157910.56,0.1717,0
37800,27.9878,20.272139,1,0.00,0.0000,0
37820,28.0026,20.292525,1,1376702.87,1.4966,0
37840,28.0174,20.312912,1,1376676.12,1.4966,0
37860,28.0322,20.315250,1,157935.08,0.1717,0
37880,28.0470,20.315250,1,0.00,0.0000,0
37900,28.0619,20.333298,1,1218739.62,1.3249,0
37920,28.0767,20.337976,1,315873.50,0.3434,0
37940,28.0915,20.337976,1,0.00,0.0000,0
37960,28.1063,20.358362,1,1376674.29,1.4966,0
37980,28.1211,20.360701,1,157936.82,0.1717,0
38000,28.1359,20.378748,1,1218737.15,1.3249,0
38020,28.1507,20.399134,1,1376673.90,1.4966,0
38040,28.1655,20.401473,1,157936.83,0.1717,0
38060,28.1803,20.403812,1,157936.83,0.1717,0
38080,28.1951,20.421860,1,1218737.07,1.3249,0
38100,28.2099,20.424198,1,157936.83,0.1717,0
38120,28.2247,20.424198,1,0.00,0.0000,0
38140,28.2396,20.446923,1,1534610.72,1.6682,0
38160,28.2544,20.446923,1,0.00,0.0000,0
38180,28.2692,20.467310,1,1376673.89,1.4966,0
38200,28.2840,20.467310,1,0.00,0.0000,0
38220,28.2988,20.487696,1,1376673.89,1.4966,0
38240,28.3136,20.490035,1,157936.83,0.1717,0
38260,28.3284,20.508082,1,1218737.07,1.3249,0
38280,28.3432,20.510421,1,157936.83,0.1717,0
38300,28.3580,20.528469,1,1218737.07,1.3249,0
38320,28.3728,20.530807,1,157936.83,0.1717,0
38340,28.3876,20.533146,1,157936.83,0.1717,0
38360,28.4024,20.551194,1,1218737.07,1.3249,0
38380,28.4173,20.555871,1,315873.65,0.3434,0
38400,28.4321,20.573919,1,1218737.07,1.3249,0
38420,28.4469,20.576257,1,157936.83,0.1717,0
38440,28.4617,20.576257,1,0.00,0.0000,0
38460,28.4765,20.596644,1,1376673.89,1.4966,0
38480,28.4913,20.598986,1,158146.09,0.1719,0
38500,28.5061,20.617030,1,1218527.80,1.3246,0
38520,28.5209,20.619370,1,157988.40,0.1717,0
38540,28.5357,20.642094,1,1534559.14,1.6682,0
38560,28.5505,20.642094,1,0.00,0.0000,0
38580,28.5653,20.662480,1,1376673.89,1.4966,0
38600,28.5801,20.662480,1,0.00,0.0000,0
38620,28.5950,20.664820,1,157987.98,0.1717,0
38640,28.6098,20.682867,1,1218685.92,1.3248,0
38660,28.6246,20.685205,1,157936.83,0.1717,0
38680,28.6394,20.705592,1,1376673.89,1.4966,0
38700,28.6542,20.707930,1,157936.83,0.1717,0
38720,28.6690,20.723639,1,1060800.24,1.1532,0
38740,28.6838,20.728317,1,315873.65,0.3434,0
38760,28.6986,20.728317,1,0.00,0.0000,0
38780,28.7134,20.748703,1,1376673.89,1.4966,0
38800,28.7282,20.751042,1,157936.83,0.1717,0
38820,28.7430,20.769089,1,1218737.07,1.3249,0
38840,28.7578,20.771428,1,157936.83,0.1717,0
38860,28.7727,20.789476,1,1218737.07,1.3249,0
38880,28.7875,20.794153,1,315873.65,0.3434,0
38900,28.8023,20.812201,1,1218737.07,1.3249,0
38920,28.8171,20.814539,1,157936.83,0.1717,0
38940,28.8319,20.832587,1,1218737.07,1.3249,0
38960,28.8467,20.837264,1,315873.65,0.3434,0
38980,28.8615,20.837264,1,0.00,0.0000,0
39000,28.8763,20.857651,1,1376673.89,1.4966,0
39020,28.8911,20.859990,1,157936.83,0.1717,0
39040,28.9059,20.880376,1,1376673.89,1.4966,0
39060,28.9207,20.880376,1,0.00,0.0000,0
39080,28.9355,20.898423,1,1218737.07,1.3249,0
39100,28.9504,20.900762,1,157936.83,0.1717,0
39120,28.9652,20.903101,1,157936.83,0.1717,0
39140,28.9800,20.925826,1,1534610.72,1.6682,0
39160,28.9948,20.925826,1,0.00,0.0000,0
39180,29.0096,20.943874,1,1218737.07,1.3249,0
39200,29.0244,20.946212,1,157936.83,0.1717,0
39220,29.0392,20.964260,1,1218737.07,1.3249,0
39240,29.0540,20.966599,1,157936.83,0.1717,0
39260,29.0688,20.989324,1,1534610.72,1.6682,0
39280,29.0836,20.991662,1,157936.83,0.1717,0
39300,29.0984,21.009710,1,1218737.07,1.3249,0
39320,29.1132,21.012049,1,157936.83,0.1717,0
39340,29.1281,21.012049,1,0.00,0.0000,0
39360,29.1429,21.032435,1,1376673.89,1.4966,0
39380,29.1577,21.032435,1,0.00,0.0000,0
39400,29.1725,21.050483,1,1218737.07,1.3249,0
39420,29.1873,21.055160,1,315873.65,0.3434,0
39440,29.2021,21.073221,1,1219637.21,1.3258,0
39460,29.2169,21.075558,1,157808.23,0.1716,0
39480,29.2317,21.093758,1,1229015.05,1.3360,0
39500,29.2465,21.098271,1,304824.13,0.3314,0
39520,29.2613,21.100610,1,157936.83,0.1717,0
39540,29.2761,21.118699,1,1221489.26,1.3279,0
39560,29.2909,21.121003,1,155643.33,0.1692,0
39580,29.3058,21.141383,1,1376215.19,1.4961,0
39600,29.3206,21.143722,1,157936.83,0.1717,0
39620,29.3354,21.161769,1,1218737.06,1.3249,0
39640,29.3502,21.164108,1,157936.83,0.1717,0
39660,29.3650,21.182155,1,1218737.05,1.3249,0
39680,29.3798,21.184494,1,157936.84,0.1717,0
39700,29.3946,21.186833,1,157936.84,0.1717,0
39720,29.4094,21.204881,1,1218737.01,1.3249,0
39740,29.4242,21.207219,1,157936.87,0.1717,0
39760,29.4390,21.227606,1,1376673.27,1.4966,0
39780,29.4538,21.229944,1,157936.90,0.1717,0
39800,29.4686,21.247992,1,1218735.64,1.3249,0
39820,29.4835,21.250331,1,157937.32,0.1717,0
39840,29.4983,21.252669,1,157937.25,0.1717,0
39860,29.5131,21.273056,1,1376670.02,1.4966,0
39880,29.5279,21.291103,1,1218722.68,1.3249,0
39900,29.5427,21.293442,1,157930.52,0.1717,0
39920,29.5575,21.295781,1,157947.78,0.1717,0
39940,29.5723,21.313827,1,1218677.81,1.3248,0
39960,29.5871,21.316166,1,157954.23,0.1717,0
39980,29.6019,21.331875,1,1060820.03,1.1532,0
40000,29.6167,21.336549,1,315645.14,0.3431,0
40020,29.6315,21.338889,1,158002.60,0.1718,0
40040,29.6464,21.356928,1,1218131.42,1.3242,0
40060,29.6612,21.376751,1,1338648.77,1.4552,0
40080,29.6760,21.382533,1,390427.86,0.4244,0
40100,29.6908,21.382533,1,0.00,0.0000,0
40120,29.7056,21.399692,1,1158746.86,1.2597,0
40140,29.7204,21.402390,1,182203.08,0.1981,0
40160,29.7352,21.406934,1,306829.48,0.3335,0
40180,29.7500,21.422776,1,1069844.42,1.1630,0
40200,29.7648,21.445501,1,1534610.72,1.6682,0
40220,29.7796,21.448999,1,236178.98,0.2567,0
40240,29.7944,21.448999,1,0.00,0.0000,0
40260,29.8092,21.465416,1,1108647.98,1.2052,0
40280,29.8241,21.469556,1,279556.00,0.3039,0
40300,29.8389,21.473121,1,240769.59,0.2617,0
40320,29.8537,21.494688,1,1456412.65,1.5832,0
40340,29.8685,21.494688,1,0.00,0.0000,0
40360,29.8833,21.509014,1,967424.66,1.0517,0
40380,29.8981,21.516038,1,474329.95,0.5156,0
40400,29.9129,21.516038,1,0.00,0.0000,0
40420,29.9277,21.535583,1,1319820.51,1.4348,0
40440,29.9425,21.539155,1,241267.51,0.2623,0
40460,29.9573,21.554720,1,1051089.25,1.1426,0
40480,29.9721,21.575018,1,1370685.61,1.4900,0
40500,29.9869,21.578169,1,212795.86,0.2313,0
40520,30.0018,21.581936,1,254381.80,0.2765,0
40540,30.0166,21.601314,1,1308601.69,1.4226,0
40560,30.0314,21.601314,1,0.00,0.0000,0
40580,30.0462,21.616641,1,1035022.71,1.1252,0
40600,30.0610,21.620715,1,275093.96,0.2990,0
40620,30.0758,21.624502,1,255725.71,0.2780,0
40640,30.0906,21.643070,1,1253904.65,1.3631,0
40660,30.1054,21.646861,1,256024.62,0.2783,0
40680,30.1202,21.661627,1,997126.36,1.0840,0
40700,30.1350,21.669743,1,548070.31,0.5958,0
40720,30.1498,21.681444,1,790166.58,0.8590,0
40740,30.1646,21.683586,1,144642.89,0.1572,0
40760,30.1795,21.701212,1,1190246.57,1.2939,0
40780,30.1943,21.704135,1,197396.83,0.2146,0
40800,30.2091,21.724231,1,1357099.55,1.4753,0
40820,30.2239,21.726886,1,179254.73,0.1949,0
40840,30.2387,21.747346,1,1381677.16,1.5020,0
40860,30.2535,21.749610,1,152849.36,0.1662,0
40880,30.2683,21.750596,1,66607.63,0.0724,0
40900,30.2831,21.767772,1,1159890.36,1.2609,0
40920,30.2979,21.770004,1,150725.37,0.1639,0
40940,30.3127,21.788071,1,1220033.25,1.3263,0
40960,30.3275,21.792730,1,314622.81,0.3420,0
40980,30.3423,21.795068,1,157903.38,0.1717,0
41000,30.3572,21.813117,1,1218827.71,1.3250,0
41020,30.3720,21.815456,1,157918.18,0.1717,0
41040,30.3868,21.815456,1,0.00,0.0000,0
41060,30.4016,21.835842,1,1376702.95,1.4966,0
41080,30.4164,21.838181,1,157938.92,0.1717,0
41100,30.4312,21.856229,1,1218736.71,1.3249,0
41120,30.4460,21.858567,1,157937.14,0.1717,0
41140,30.4608,21.876615,1,1218737.47,1.3249,0
41160,30.4756,21.878954,1,157936.77,0.1717,0
41180,30.4904,21.881293,1,157936.92,0.1717,0
41200,30.5052,21.901679,1,1376673.99,1.4966,0
41220,30.5200,21.919726,1,1218737.11,1.3249,0
41240,30.5349,21.922065,1,157936.82,0.1717,0
41260,30.5497,21.924404,1,157936.83,0.1717,0
41280,30.5645,21.942451,1,1218737.08,1.3249,0
41300,30.5793,21.944790,1,157936.83,0.1717,0
41320,30.5941,21.962838,1,1218737.07,1.3249,0
41340,30.6089,21.967515,1,315873.65,0.3434,0
41360,30.6237,21.983224,1,1060800.24,1.1532,0
41380,30.6385,21.987902,1,315873.65,0.3434,0
41400,30.6533,22.008288,1,1376673.89,1.4966,0
41420,30.6681,22.010627,1,157936.83,0.1717,0
41440,30.6829,22.010627,1,0.00,0.0000,0
41460,30.6977,22.031013,1,1376673.89,1.4966,0
41480,30.7126,22.031013,1,0.00,0.0000,0
41500,30.7274,22.051399,1,1376673.89,1.4966,0
41520,30.7422,22.053738,1,157936.83,0.1717,0
41540,30.7570,22.071786,1,1218737.07,1.3249,0
41560,30.7718,22.076463,1,315873.65,0.3434,0
41580,30.7866,22.094511,1,1218737.07,1.3249,0
41600,30.8014,22.096849,1,157936.83,0.1717,0
41620,30.8162,22.099188,1,157936.83,0.1717,0
41640,30.8310,22.117236,1,1218737.07,1.3249,0
41660,30.8458,22.119574,1,157936.83,0.1717,0
41680,30.8606,22.121913,1,157936.83,0.1717,0
41700,30.8754,22.139961,1,1218737.07,1.3249,0
41720,30.8903,22.158008,1,1218737.07,1.3249,0
41740,30.9051,22.162686,1,315873.65,0.3434,0
41760,30.9199,22.162686,1,0.00,0.0000,0
41780,30.9347,22.183072,1,1376673.89,1.4966,0
41800,30.9495,22.185411,1,157936.83,0.1717,0
41820,30.9643,22.203458,1,1218737.07,1.3249,0
41840,30.9791,22.205797,1,157936.83,0.1717,0
41860,30.9939,22.208136,1,157936.83,0.1717,0
41880,31.0087,22.226183,1,1218737.07,1.3249,0
41900,31.0235,22.228522,1,157936.83,0.1717,0
41920,31.0383,22.246570,1,1218737.07,1.3249,0
41940,31.0531,22.251247,1,315873.65,0.3434,0
41960,31.0680,22.269295,1,1218737.07,1.3249,0
41980,31.0828,22.271634,1,157936.83,0.1717,0
42000,31.0976,22.271634,1,0.00,0.0000,0
42020,31.1124,22.289681,1,1218737.07,1.3249,0
42040,31.1272,22.312406,1,1534610.72,1.6682,0
42060,31.1420,22.314745,1,157936.83,0.1717,0
42080,31.1568,22.314745,1,0.00,0.0000,0
42100,31.1716,22.335131,1,1376673.89,1.4966,0
42120,31.1864,22.337470,1,157936.83,0.1717,0
42140,31.2012,22.337470,1,0.00,0.0000,0
42160,31.2160,22.355518,1,1218737.07,1.3249,0
42180,31.2308,22.357856,1,157936.83,0.1717,0
42200,31.2457,22.360195,1,157936.83,0.1717,0
42220,31.2605,22.378243,1,1218737.07,1.3249,0
42240,31.2753,22.398629,1,1376673.89,1.4966,0
42260,31.2901,22.400968,1,157936.83,0.1717,0
42280,31.3049,22.419015,1,1218737.07,1.3249,0
42300,31.3197,22.423693,1,315873.65,0.3434,0
42320,31.3345,22.423693,1,0.00,0.0000,0
42340,31.3493,22.441740,1,1218737.07,1.3249,0
42360,31.3641,22.446418,1,315873.65,0.3434,0
42380,31.3789,22.446418,1,0.00,0.0000,0
42400,31.3937,22.464465,1,1218737.07,1.3249,0
42420,31.4085,22.466804,1,157936.83,0.1717,0
42440,31.4234,22.484852,1,1218737.07,1.3249,0
42460,31.4382,22.489529,1,315873.65,0.3434,0
42480,31.4530,22.489529,1,0.00,0.0000,0
42500,31.4678,22.512254,1,1534610.72,1.6682,0
42520,31.4826,22.530302,1,1218737.07,1.3249,0
42540,31.4974,22.532641,1,157936.83,0.1717,0
42560,31.5122,22.550688,1,1218737.07,1.3249,0
42580,31.5270,22.553027,1,157936.83,0.1717,0
42600,31.5418,22.555366,1,157936.83,0.1717,0
42620,31.5566,22.573413,1,1218737.07,1.3249,0
42640,31.5714,22.575752,1,157936.83,0.1717,0
42660,31.5862,22.596138,1,1376673.89,1.4966,0
42680,31.6011,22.598477,1,157936.83,0.1717,0
42700,31.6159,22.616525,1,1218737.07,1.3249,0
42720,31.6307,22.618863,1,157936.83,0.1717,0
42740,31.6455,22.639250,1,1376673.89,1.4966,0
42760,31.6603,22.641588,1,157936.83,0.1717,0
42780,31.6751,22.641588,1,0.00,0.0000,0
42800,31.6899,22.664314,1,1534610.72,1.6682,0
42820,31.7047,22.682361,1,1218737.07,1.3249,0
42840,31.7195,22.684700,1,157936.83,0.1717,0
42860,31.7343,22.684700,1,0.00,0.0000,0
42880,31.7491,22.705086,1,1376673.89,1.4966,0
42900,31.7639,22.707425,1,157936.83,0.1717,0
42920,31.7788,22.725472,1,1218737.07,1.3249,0
42940,31.7936,22.748197,1,1534610.72,1.6682,0
42960,31.8084,22.750536,1,157936.83,0.1717,0
42980,31.8232,22.768584,1,1218737.07,1.3249,0
43000,31.8380,22.770923,1,157936.83,0.1717,0
43020,31.8528,22.773261,1,157936.83,0.1717,0
43040,31.8676,22.791309,1,1218737.07,1.3249,0
43060,31.8824,22.793648,1,157936.83,0.1717,0
43080,31.8972,22.811695,1,1218737.07,1.3249,0
43100,31.9120,22.834420,1,1534610.72,1.6682,0
43120,31.9268,22.834420,1,0.00,0.0000,0
43140,31.9416,22.836759,1,157936.83,0.1717,0
43160,31.9565,22.839098,1,157936.83,0.1717,0
43180,31.9713,22.857145,1,1218737.07,1.3249,0
43200,31.9861,22.877532,1,1376673.89,1.4966,0
43220,32.0009,22.879870,1,157936.83,0.1717,0
43240,32.0157,22.882209,1,157936.83,0.1717,0
43260,32.0305,22.900257,1,1218737.07,1.3249,0
43280,32.0453,22.902595,1,157936.83,0.1717,0
43300,32.0601,22.922982,1,1376673.89,1.4966,0
43320,32.0749,22.925321,1,157936.83,0.1717,0
43340,32.0897,22.945707,1,1376686.09,1.4966,0
43360,32.1045,22.945707,1,0.00,0.0000,0
43380,32.1193,22.966093,1,1376676.52,1.4966,0
43400,32.1342,22.968433,1,157966.41,0.1717,0
43420,32.1490,22.984141,1,1060755.83,1.1531,0
43440,32.1638,22.988819,1,315918.16,0.3434,0
43460,32.1786,22.991159,1,158039.05,0.1718,0
43480,32.1934,23.009205,1,1218610.46,1.3247,0
43500,32.2082,23.011544,1,157992.63,0.1718,0
43520,32.2230,23.031930,1,1376597.96,1.4965,0
43540,32.2378,23.034269,1,158000.96,0.1718,0
43560,32.2526,23.052316,1,1218674.71,1.3248,0
43580,32.2674,23.054655,1,157945.73,0.1717,0
43600,32.2822,23.075041,1,1376665.28,1.4965,0
43620,32.2970,23.077380,1,157947.82,0.1717,0
43640,32.3119,23.095427,1,1218724.00,1.3249,0
43660,32.3267,23.097766,1,157936.83,0.1717,0
43680,32.3415,23.118152,1,1376673.89,1.4966,0
43700,32.3563,23.120491,1,157936.83,0.1717,0
43720,32.3711,23.122830,1,157936.83,0.1717,0
43740,32.3859,23.140877,1,1218737.07,1.3249,0
43760,32.4007,23.143216,1,157936.83,0.1717,0
43780,32.4155,23.161264,1,1218737.07,1.3249,0
43800,32.4303,23.165941,1,315873.66,0.3434,0
43820,32.4451,23.183989,1,1218737.06,1.3249,0
43840,32.4599,23.186328,1,157936.83,0.1717,0
43860,32.4747,23.188666,1,157936.85,0.1717,0
43880,32.4896,23.206714,1,1218737.04,1.3249,0
43900,32.5044,23.209053,1,157936.86,0.1717,0
43920,32.5192,23.227100,1,1218737.04,1.3249,0
43940,32.5340,23.229439,1,157936.87,0.1717,0
43960,32.5488,23.249825,1,1376673.88,1.4966,0
43980,32.5636,23.252164,1,157936.96,0.1717,0
44000,32.5784,23.270212,1,1218736.90,1.3249,0
44020,32.5932,23.272550,1,157936.86,0.1717,0
44040,32.6080,23.292937,1,1376673.86,1.4966,0
44060,32.6228,23.295275,1,157937.56,0.1717,0
44080,32.6376,23.295275,1,0.00,0.0000,0
44100,32.6524,23.315662,1,1376673.27,1.4966,0
44120,32.6673,23.318000,1,157937.58,0.1717,0
44140,32.6821,23.338387,1,1376673.18,1.4966,0
44160,32.6969,23.338387,1,0.00,0.0000,0
44180,32.7117,23.358773,1,1376674.18,1.4966,0
44200,32.7265,23.361112,1,157938.89,0.1717,0
44220,32.7413,23.379159,1,1218734.55,1.3249,0
44240,32.7561,23.381498,1,157937.88,0.1717,0
44260,32.7709,23.383837,1,157939.13,0.1717,0
44280,32.7857,23.401884,1,1218733.70,1.3249,0
44300,32.8005,23.424609,1,1534610.72,1.6682,0
44320,32.8153,23.426948,1,157936.83,0.1717,0
44340,32.8301,23.426948,1,0.00,0.0000,0
44360,32.8450,23.444996,1,1218737.07,1.3249,0
44380,32.8598,23.447335,1,157936.83,0.1717,0
44400,32.8746,23.465382,1,1218737.07,1.3249,0
44420,32.8894,23.470060,1,315873.65,0.3434,0
44440,32.9042,23.470060,1,0.00,0.0000,0
44460,32.9190,23.488107,1,1218737.07,1.3249,0
44480,32.9338,23.492785,1,315873.65,0.3434,0
44500,32.9486,23.510832,1,1218737.07,1.3249,0
44520,32.9634,23.513171,1,157936.83,0.1717,0
44540,32.9782,23.515510,1,157936.83,0.1717,0
44560,32.9930,23.533557,1,1218737.07,1.3249,0
44580,33.0078,23.553944,1,1376673.89,1.4966,0
44600,33.0227,23.556282,1,157936.83,0.1717,0
44620,33.0375,23.558621,1,157936.83,0.1717,0
44640,33.0523,23.576669,1,1218737.07,1.3249,0
44660,33.0671,23.579007,1,157936.83,0.1717,0
44680,33.0819,23.579007,1,0.00,0.0000,0
44700,33.0967,23.599394,1,1376673.89,1.4966,0
44720,33.1115,23.601733,1,157936.83,0.1717,0
44740,33.1263,23.619780,1,1218737.07,1.3249,0
44760,33.1411,23.640166,1,1376673.89,1.4966,0
44780,33.1559,23.642505,1,157936.83,0.1717,0
44800,33.1707,23.644844,1,157936.83,0.1717,0
44820,33.1855,23.660553,1,1060800.24,1.1532,0
44840,33.2004,23.665230,1,315873.65,0.3434,0
44860,33.2152,23.667569,1,157936.83,0.1717,0
44880,33.2300,23.685616,1,1218737.07,1.3249,0
44900,33.2448,23.687955,1,157936.83,0.1717,0
44920,33.2596,23.706003,1,1218737.07,1.3249,0
44940,33.2744,23.710680,1,315873.65,0.3434,0
44960,33.2892,23.728728,1,1218737.07,1.3249,0
44980,33.3040,23.731067,1,157936.83,0.1717,0
45000,33.3188,23.751453,1,1376673.89,1.4966,0
45020,33.3336,23.753792,1,157936.83,0.1717,0
45040,33.3484,23.753792,1,0.00,0.0000,0
45060,33.3633,23.774178,1,1376673.89,1.4966,0
45080,33.3781,23.792226,1,1218737.07,1.3249,0
45100,33.3929,23.794564,1,157936.83,0.1717,0
45120,33.4077,23.814951,1,1376673.89,1.4966,0
45140,33.4225,23.817289,1,157936.83,0.1717,0
45160,33.4373,23.835337,1,1218737.07,1.3249,0
45180,33.4521,23.840014,1,315873.65,0.3434,0
45200,33.4669,23.840014,1,0.00,0.0000,0
45220,33.4817,23.860401,1,1376673.89,1.4966,0
45240,33.4965,23.862740,1,157936.83,0.1717,0
45260,33.5113,23.880787,1,1218737.07,1.3249,0
45280,33.5261,23.883126,1,157936.83,0.1717,0
45300,33.5410,23.885465,1,157936.83,0.1717,0
45320,33.5558,23.905851,1,1376673.89,1.4966,0
45340,33.5706,23.905851,1,0.00,0.0000,0
45360,33.5854,23.923898,1,1218737.07,1.3249,0
45380,33.6002,23.926237,1,157936.83,0.1717,0
45400,33.6150,23.928576,1,157936.83,0.1717,0
45420,33.6298,23.948962,1,1376673.89,1.4966,0
45440,33.6446,23.964671,1,1060800.24,1.1532,0
45460,33.6594,23.969349,1,315873.65,0.3434,0
45480,33.6742,23.987396,1,1218737.07,1.3249,0
45500,33.6890,23.992074,1,315873.65,0.3434,0
45520,33.7038,23.994412,1,157936.83,0.1717,0
45540,33.7187,24.012460,1,1218737.07,1.3249,0
45560,33.7335,24.014799,1,157936.83,0.1717,0
45580,33.7483,24.035185,1,1376673.89,1.4966,0
45600,33.7631,24.035185,1,0.00,0.0000,0
45620,33.7779,24.053233,1,1218737.07,1.3249,0
45640,33.7927,24.055571,1,157936.83,0.1717,0
45660,33.8075,24.057910,1,157936.83,0.1717,0
45680,33.8223,24.078296,1,1376673.89,1.4966,0
45700,33.8371,24.078296,1,0.00,0.0000,0
45720,33.8519,24.096344,1,1218737.07,1.3249,0
45740,33.8667,24.101021,1,315873.65,0.3434,0
45760,33.8815,24.101021,1,0.00,0.0000,0
45780,33.8964,24.119069,1,1218737.07,1.3249,0
45800,33.9112,24.123747,1,315873.65,0.3434,0
45820,33.9260,24.139455,1,1060800.24,1.1532,0
45840,33.9408,24.144133,1,315873.65,0.3434,0
45860,33.9556,24.146472,1,157936.83,0.1717,0
45880,33.9704,24.164519,1,1218737.07,1.3249,0
45900,33.9852,24.166858,1,157936.83,0.1717,0
45920,34.0000,24.184905,1,1218737.07,1.3249,0
45940,34.0148,24.187244,1,157936.83,0.1717,0
45960,34.0296,24.205292,1,1218737.07,1.3249,0
45980,34.0444,24.209969,1,315873.65,0.3434,0
46000,34.0592,24.228017,1,1218737.07,1.3249,0
46020,34.0741,24.230356,1,157936.83,0.1717,0
46040,34.0889,24.232694,1,157936.83,0.1717,0
46060,34.1037,24.248403,1,1060800.24,1.1532,0
46080,34.1185,24.253081,1,315873.65,0.3434,0
46100,34.1333,24.271128,1,1218737.07,1.3249,0
46120,34.1481,24.273467,1,157936.83,0.1717,0
46140,34.1629,24.291514,1,1218737.07,1.3249,0
46160,34.1777,24.293853,1,157936.83,0.1717,0
46180,34.1925,24.296192,1,157936.83,0.1717,0
46200,34.2073,24.314240,1,1218737.07,1.3249,0
46220,34.2221,24.318917,1,315873.65,0.3434,0
46240,34.2369,24.334626,1,1060800.24,1.1532,0
46260,34.2518,24.339303,1,315873.65,0.3434,0
46280,34.2666,24.341642,1,157936.83,0.1717,0
46300,34.2814,24.359690,1,1218737.07,1.3249,0
46320,34.2962,24.362028,1,157936.83,0.1717,0
46340,34.3110,24.380076,1,1218737.07,1.3249,0
46360,34.3258,24.402801,1,1534610.72,1.6682,0
46380,34.3406,24.402801,1,0.00,0.0000,0
46400,34.3554,24.405140,1,157936.83,0.1717,0
46420,34.3702,24.423187,1,1218737.07,1.3249,0
46440,34.3850,24.425526,1,157936.83,0.1717,0
46460,34.3998,24.427865,1,157936.83,0.1717,0
46480,34.4146,24.445912,1,1218737.07,1.3249,0
46500,34.4295,24.448251,1,157936.83,0.1717,0
46520,34.4443,24.468638,1,1376673.89,1.4966,0
46540,34.4591,24.470976,1,157936.83,0.1717,0
46560,34.4739,24.489024,1,1218737.07,1.3249,0
46580,34.4887,24.493701,1,315873.65,0.3434,0
46600,34.5035,24.511749,1,1218737.07,1.3249,0
46620,34.5183,24.514088,1,157936.83,0.1717,0
46640,34.5331,24.529796,1,1060800.24,1.1532,0
46660,34.5479,24.534474,1,315873.65,0.3434,0
46680,34.5627,24.536813,1,157936.83,0.1717,0
46700,34.5775,24.557199,1,1376673.89,1.4966,0
46720,34.5923,24.557199,1,0.00,0.0000,0
46740,34.6072,24.577585,1,1376673.89,1.4966,0
46760,34.6220,24.579924,1,157936.83,0.1717,0
46780,34.6368,24.597972,1,1218737.07,1.3249,0
46800,34.6516,24.600310,1,157936.83,0.1717,0
46820,34.6664,24.620697,1,1376673.89,1.4966,0
46840,34.6812,24.623035,1,157936.83,0.1717,0
46860,34.6960,24.641083,1,1218737.07,1.3249,0
46880,34.7108,24.643422,1,157936.83,0.1717,0
46900,34.7256,24.661469,1,1218737.07,1.3249,0
46920,34.7404,24.663808,1,157936.83,0.1717,0
46940,34.7552,24.666147,1,157936.83,0.1717,0
46960,34.7700,24.686533,1,1376673.89,1.4966,0
46980,34.7849,24.688872,1,157936.83,0.1717,0
47000,34.7997,24.709258,1,1376673.89,1.4966,0
47020,34.8145,24.709258,1,0.00,0.0000,0
47040,34.8293,24.729645,1,1376673.89,1.4966,0
47060,34.8441,24.731983,1,157936.83,0.1717,0
47080,34.8589,24.750031,1,1218737.07,1.3249,0
47100,34.8737,24.752370,1,157936.83,0.1717,0
47120,34.8885,24.772756,1,1376673.89,1.4966,0
47140,34.9033,24.775095,1,157936.83,0.1717,0
47160,34.9181,24.793142,1,1218737.07,1.3249,0
47180,34.9329,24.797820,1,315873.65,0.3434,0
47200,34.9477,24.815867,1,1218737.07,1.3249,0
47220,34.9626,24.818206,1,157936.83,0.1717,0
47240,34.9774,24.836254,1,1218737.07,1.3249,0
47260,34.9922,24.838592,1,157936.83,0.1717,0
47280,35.0070,24.840931,1,157936.83,0.1717,0
47300,35.0218,24.858979,1,1218737.07,1.3249,0
47320,35.0366,24.861317,1,157936.83,0.1717,0
47340,35.0514,24.881704,1,1376673.89,1.4966,0
47360,35.0662,24.884042,1,157936.83,0.1717,0
47380,35.0810,24.902090,1,1218737.07,1.3249,0
47400,35.0958,24.904429,1,157936.83,0.1717,0
47420,35.1106,24.922476,1,1218737.11,1.3249,0
47440,35.1254,24.924815,1,157936.79,0.1717,0
47460,35.1403,24.947540,1,1534610.72,1.6682,0
47480,35.1551,24.949879,1,157936.83,0.1717,0
47500,35.1699,24.965588,1,1060800.25,1.1532,0
47520,35.1847,24.970265,1,315873.65,0.3434,0
47540,35.1995,24.990652,1,1376673.89,1.4966,0
47560,35.2143,24.992990,1,157936.83,0.1717,0
47580,35.2291,25.011038,1,1218737.07,1.3249,0
47600,35.2439,25.013377,1,157936.83,0.1717,0
47620,35.2587,25.031424,1,1218737.07,1.3249,0
47640,35.2735,25.036102,1,315873.65,0.3434,0
47660,35.2883,25.054149,1,1218737.07,1.3249,0
47680,35.3031,25.056488,1,157936.83,0.1717,0
47700,35.3180,25.074535,1,1218737.07,1.3249,0
47720,35.3328,25.079213,1,315873.65,0.3434,0
47740,35.3476,25.099599,1,1376673.89,1.4966,0
47760,35.3624,25.099599,1,0.00,0.0000,0
47780,35.3772,25.117647,1,1218737.07,1.3249,0
47800,35.3920,25.119986,1,157936.83,0.1717,0
47820,35.4068,25.140372,1,1376673.89,1.4966,0
47840,35.4216,25.142711,1,157936.83,0.1717,0
47860,35.4364,25.145050,1,157936.83,0.1717,0
47880,35.4512,25.163097,1,1218737.07,1.3249,0
47900,35.4660,25.183483,1,1376673.89,1.4966,0
47920,35.4808,25.185822,1,157936.83,0.1717,0
47940,35.4957,25.188161,1,157936.83,0.1717,0
47960,35.5105,25.208547,1,1376673.89,1.4966,0
47980,35.5253,25.208547,1,0.00,0.0000,0
48000,35.5401,25.228933,1,1376673.89,1.4966,0
48020,35.5549,25.231272,1,157936.83,0.1717,0
48040,35.5697,25.249320,1,1218737.07,1.3249,0
48060,35.5845,25.251659,1,157936.83,0.1717,0
48080,35.5993,25.272045,1,1376673.89,1.4966,0
48100,35.6141,25.274384,1,157936.83,0.1717,0
48120,35.6289,25.292431,1,1218737.07,1.3249,0
48140,35.6437,25.315156,1,1534610.72,1.6682,0
48160,35.6585,25.315156,1,0.00,0.0000,0
48180,35.6734,25.317495,1,157936.83,0.1717,0
48200,35.6882,25.335542,1,1218737.07,1.3249,0
48220,35.7030,25.355929,1,1376673.89,1.4966,0
48240,35.7178,25.358268,1,157936.83,0.1717,0
48260,35.7326,25.360606,1,157936.83,0.1717,0
48280,35.7474,25.380993,1,1376673.89,1.4966,0
48300,35.7622,25.383331,1,157936.83,0.1717,0
48320,35.7770,25.401379,1,1218737.07,1.3249,0
48340,35.7918,25.406057,1,315873.65,0.3434,0
48360,35.8066,25.424104,1,1218737.07,1.3249,0
48380,35.8214,25.426443,1,157936.83,0.1717,0
48400,35.8362,25.426443,1,0.00,0.0000,0
48420,35.8511,25.446829,1,1376673.89,1.4966,0
48440,35.8659,25.449168,1,157936.82,0.1717,0
48460,35.8807,25.467215,1,1218737.07,1.3249,0
48480,35.8955,25.469554,1,157936.82,0.1717,0
48500,35.9103,25.489940,1,1376673.89,1.4966,0
48520,35.9251,25.510327,1,1376673.96,1.4966,0
48540,35.9399,25.512666,1,157936.78,0.1717,0
48560,35.9547,25.512666,1,0.00,0.0000,0
48580,35.9695,25.533052,1,1376673.90,1.4966,0
48600,35.9843,25.553438,1,1376673.87,1.4966,0
48620,35.9991,25.555777,1,157936.83,0.1717,0
48640,36.0139,25.573824,1,1218737.08,1.3249,0
48660,36.0288,25.576163,1,157936.81,0.1717,0
48680,36.0436,25.578502,1,157936.82,0.1717,0
48700,36.0584,25.596549,1,1218737.14,1.3249,0
48720,36.0732,25.598888,1,157936.75,0.1717,0
48740,36.0880,25.619275,1,1376673.90,1.4966,0
48760,36.1028,25.621613,1,157936.82,0.1717,0
48780,36.1176,25.642000,1,1376673.89,1.4966,0
48800,36.1324,25.660047,1,1218737.07,1.3249,0
48820,36.1472,25.662386,1,157936.83,0.1717,0
48840,36.1620,25.664725,1,157936.83,0.1717,0
48860,36.1768,25.682772,1,1218737.07,1.3249,0
48880,36.1916,25.687450,1,315873.65,0.3434,0
48900,36.2065,25.703159,1,1060800.24,1.1532,0
48920,36.2213,25.707836,1,315873.69,0.3434,0
48940,36.2361,25.707836,1,0.00,0.0000,0
48960,36.2509,25.728222,1,1376673.92,1.4966,0
48980,36.2657,25.748609,1,1376673.82,1.4966,0
49000,36.2805,25.750947,1,157936.96,0.1717,0
49020,36.2953,25.768995,1,1218736.94,1.3249,0
49040,36.3101,25.771334,1,157936.83,0.1717,0
49060,36.3249,25.773673,1,157936.83,0.1717,0
49080,36.3397,25.794059,1,1376673.91,1.4966,0
49100,36.3545,25.796398,1,157936.90,0.1717,0
49120,36.3693,25.814445,1,1218736.98,1.3249,0
49140,36.3842,25.816784,1,157936.83,0.1717,0
49160,36.3990,25.834831,1,1218737.06,1.3249,0
49180,36.4138,25.855218,1,1376673.89,1.4966,0
49200,36.4286,25.857557,1,157936.83,0.1717,0
49220,36.4434,25.859895,1,157936.83,0.1717,0
49240,36.4582,25.859895,1,0.00,0.0000,0
49260,36.4730,25.880282,1,1376673.89,1.4966,0
49280,36.4878,25.882620,1,157936.83,0.1717,0
49300,36.5026,25.900668,1,1218737.07,1.3249,0
49320,36.5174,25.903007,1,157936.83,0.1717,0
49340,36.5322,25.921054,1,1218737.07,1.3249,0
49360,36.5470,25.925732,1,315873.65,0.3434,0
49380,36.5619,25.943779,1,1218737.07,1.3249,0
49400,36.5767,25.946118,1,157936.83,0.1717,0
49420,36.5915,25.948457,1,157936.83,0.1717,0
49440,36.6063,25.966504,1,1218737.07,1.3249,0
49460,36.6211,25.968843,1,157936.83,0.1717,0
49480,36.6359,25.984552,1,1060800.24,1.1532,0
49500,36.6507,25.989229,1,315873.65,0.3434,0
49520,36.6655,26.004938,1,1060800.24,1.1532,0
49540,36.6803,26.011954,1,473810.48,0.5151,0
49560,36.6951,26.014293,1,157936.83,0.1717,0
49580,36.7099,26.032341,1,1218737.07,1.3249,0
49600,36.7247,26.034680,1,157936.83,0.1717,0
49620,36.7396,26.052727,1,1218737.07,1.3249,0
49640,36.7544,26.055066,1,157936.83,0.1717,0
49660,36.7692,26.057405,1,157936.83,0.1717,0
49680,36.7840,26.075452,1,1218737.07,1.3249,0
49700,36.7988,26.077791,1,157936.83,0.1717,0
49720,36.8136,26.100516,1,1534610.72,1.6682,0
49740,36.8284,26.116225,1,1060800.24,1.1532,0
49760,36.8432,26.120902,1,315873.65,0.3434,0
49780,36.8580,26.120902,1,0.00,0.0000,0
49800,36.8728,26.141289,1,1376673.89,1.4966,0
49820,36.8876,26.143627,1,157936.83,0.1717,0
49840,36.9024,26.161675,1,1218737.07,1.3249,0
49860,36.9173,26.166352,1,315873.65,0.3434,0
49880,36.9321,26.184400,1,1218737.07,1.3249,0
49900,36.9469,26.186739,1,157936.83,0.1717,0
49920,36.9617,26.204786,1,1218737.07,1.3249,0
49940,36.9765,26.209464,1,315873.65,0.3434,0
49960,36.9913,26.225173,1,1060800.24,1.1532,0
49980,37.0061,26.232189,1,473810.48,0.5151,0
50000,37.0209,26.247898,1,1060800.24,1.1532,0
50020,37.0357,26.252575,1,315873.65,0.3434,0
50040,37.0505,26.270623,1,1218737.07,1.3249,0
50060,37.0653,26.272961,1,157936.83,0.1717,0
50080,37.0802,26.275300,1,157936.83,0.1717,0
50100,37.0950,26.295687,1,1376673.89,1.4966,0
50120,37.1098,26.298025,1,157936.83,0.1717,0
50140,37.1246,26.316073,1,1218737.07,1.3249,0
50160,37.1394,26.318412,1,157936.83,0.1717,0
50180,37.1542,26.336459,1,1218737.07,1.3249,0
50200,37.1690,26.338800,1,158061.20,0.1718,0
50220,37.1838,26.341146,1,158433.94,0.1722,0
50240,37.1986,26.361525,1,1376177.18,1.4960,0
50260,37.2134,26.381910,1,1376566.52,1.4964,0
50280,37.2282,26.384250,1,158081.20,0.1718,0
50300,37.2430,26.384250,1,0.00,0.0000,0
50320,37.2579,26.404635,1,1376541.97,1.4964,0
50340,37.2727,26.422682,1,1218708.14,1.3248,0
50360,37.2875,26.427360,1,315883.01,0.3434,0
50380,37.3023,26.427360,1,0.00,0.0000,0
50400,37.3171,26.447746,1,1376665.89,1.4965,0
50420,37.3319,26.450085,1,157937.42,0.1717,0
50440,37.3467,26.468132,1,1218734.66,1.3249,0
50460,37.3615,26.470471,1,157936.95,0.1717,0
50480,37.3763,26.490857,1,1376673.29,1.4966,0
50500,37.3911,26.493196,1,157937.09,0.1717,0
50520,37.4059,26.513582,1,1376673.63,1.4966,0
50540,37.4207,26.513582,1,0.00,0.0000,0
50560,37.4356,26.533968,1,1376673.89,1.4966,0
50580,37.4504,26.536307,1,157936.83,0.1717,0
50600,37.4652,26.556694,1,1376673.89,1.4966,0
50620,37.4800,26.559032,1,157936.83,0.1717,0
50640,37.4948,26.579419,1,1376673.89,1.4966,0
50660,37.5096,26.579419,1,0.00,0.0000,0
50680,37.5244,26.597466,1,1218737.07,1.3249,0
50700,37.5392,26.599805,1,157936.83,0.1717,0
50720,37.5540,26.602144,1,157936.83,0.1717,0
50740,37.5688,26.622530,1,1376673.89,1.4966,0
50760,37.5836,26.624869,1,157936.83,0.1717,0
50780,37.5984,26.645255,1,1376673.89,1.4966,0
50800,37.6133,26.647594,1,157936.83,0.1717,0
50820,37.6281,26.665641,1,1218737.07,1.3249,0
50840,37.6429,26.667980,1,157936.83,0.1717,0
50860,37.6577,26.686028,1,1218737.07,1.3249,0
50880,37.6725,26.690705,1,315873.65,0.3434,0
50900,37.6873,26.708753,1,1218737.07,1.3249,0
50920,37.7021,26.711092,1,157936.83,0.1717,0
50940,37.7169,26.729139,1,1218737.07,1.3249,0
50960,37.7317,26.733817,1,315873.65,0.3434,0
50980,37.7465,26.733817,1,0.00,0.0000,0
51000,37.7613,26.754203,1,1376673.89,1.4966,0
51020,37.7761,26.772250,1,1218737.07,1.3249,0
51040,37.7910,26.776928,1,315873.65,0.3434,0
51060,37.8058,26.779267,1,157936.83,0.1717,0
51080,37.8206,26.799653,1,1376673.89,1.4966,0
51100,37.8354,26.817701,1,1218737.07,1.3249,0
51120,37.8502,26.820039,1,157936.83,0.1717,0
51140,37.8650,26.842764,1,1534610.72,1.6682,0
51160,37.8798,26.845103,1,157936.83,0.1717,0
51180,37.8946,26.863151,1,1218737.07,1.3249,0
51200,37.9094,26.865490,1,157936.83,0.1717,0
51220,37.9242,26.888215,1,1534610.72,1.6682,0
51240,37.9390,26.906262,1,1218737.07,1.3249,0
51260,37.9538,26.908601,1,157936.83,0.1717,0
51280,37.9687,26.922640,1,948078.75,1.0306,0
51300,37.9835,26.941952,1,1304068.75,1.4176,0
51320,37.9983,26.954915,1,875405.81,0.9516,0
51340,38.0131,26.968624,1,925789.94,1.0064,0
51360,38.0279,26.975075,1,435605.57,0.4735,0
51380,38.0427,26.976865,1,120890.80,0.1314,0
51400,38.0575,26.994950,1,1221267.99,1.3276,0
51420,38.0723,27.017590,1,1528858.20,1.6620,0
51440,38.0871,27.017590,1,0.00,0.0000,0
51460,38.1019,27.019918,1,157212.60,0.1709,0
51480,38.1167,27.037947,1,1217454.30,1.3235,0
51500,38.1315,27.040288,1,158122.98,0.1719,0
51520,38.1464,27.058324,1,1217975.91,1.3240,0
51540,38.1612,27.060663,1,157896.74,0.1716,0
51560,38.1760,27.063002,1,157965.72,0.1717,0
51580,38.1908,27.083386,1,1376508.51,1.4964,0
51600,38.2056,27.085724,1,157909.53,0.1717,0
51620,38.2204,27.103771,1,1218737.07,1.3249,0
51640,38.2352,27.106110,1,157936.83,0.1717,0
51660,38.2500,27.121819,1,1060800.24,1.1532,0
51680,38.2648,27.126497,1,315873.65,0.3434,0
51700,38.2796,27.128835,1,157936.83,0.1717,0
51720,38.2944,27.146883,1,1218737.07,1.3249,0
51740,38.3092,27.149222,1,157936.83,0.1717,0
51760,38.3241,27.167248,1,1217340.25,1.3233,0
51780,38.3389,27.169608,1,159333.64,0.1732,0
51800,38.3537,27.171947,1,157936.83,0.1717,0
51820,38.3685,27.189988,1,1218339.13,1.3244,0
51840,38.3833,27.192332,1,158302.07,0.1721,0
51860,38.3981,27.212717,1,1376566.28,1.4964,0
51880,38.4129,27.215058,1,158077.13,0.1718,0
51900,38.4277,27.233093,1,1217891.42,1.3239,0
51920,38.4425,27.235442,1,158641.53,0.1725,0
51940,38.4573,27.237783,1,158077.77,0.1718,0
51960,38.4721,27.255828,1,1218568.72,1.3247,0
51980,38.4869,27.258169,1,158081.68,0.1718,0
52000,38.5018,27.276217,1,1218760.56,1.3249,0
52020,38.5166,27.278556,1,157936.83,0.1717,0
52040,38.5314,27.296603,1,1218737.07,1.3249,0
52060,38.5462,27.301281,1,315873.65,0.3434,0
52080,38.5610,27.303620,1,157936.83,0.1717,0
52100,38.5758,27.321667,1,1218737.07,1.3249,0
52120,38.5906,27.342035,1,1375445.98,1.4952,0
52140,38.6054,27.344389,1,158960.09,0.1728,0
52160,38.6202,27.346731,1,158141.48,0.1719,0
52180,38.6350,27.364778,1,1218737.07,1.3249,0
52200,38.6498,27.367117,1,157936.83,0.1717,0
52220,38.6646,27.385165,1,1218737.07,1.3249,0
52240,38.6795,27.387504,1,157936.83,0.1717,0
52260,38.6943,27.389842,1,157936.83,0.1717,0
52280,38.7091,27.410229,1,1376673.89,1.4966,0
52300,38.7239,27.412567,1,157936.83,0.1717,0
52320,38.7387,27.430615,1,1218737.07,1.3249,0
52340,38.7535,27.435292,1,315873.65,0.3434,0
52360,38.7683,27.453340,1,1218737.07,1.3249,0
52380,38.7831,27.455679,1,157936.83,0.1717,0
52400,38.7979,27.473726,1,1218737.07,1.3249,0
52420,38.8127,27.476065,1,157936.83,0.1717,0
52440,38.8275,27.494113,1,1218737.07,1.3249,0
52460,38.8423,27.501129,1,473810.48,0.5151,0
52480,38.8572,27.519176,1,1218737.07,1.3249,0
52500,38.8720,27.521515,1,157936.83,0.1717,0
52520,38.8868,27.539563,1,1218737.07,1.3249,0
52540,38.9016,27.541902,1,157936.83,0.1717,0
52560,38.9164,27.559949,1,1218737.07,1.3249,0
52580,38.9312,27.564627,1,315873.65,0.3434,0
52600,38.9460,27.566965,1,157936.83,0.1717,0
52620,38.9608,27.585013,1,1218737.07,1.3249,0
52640,38.9756,27.603060,1,1218737.07,1.3249,0
52660,38.9904,27.605399,1,157936.83,0.1717,0
52680,39.0052,27.625785,1,1376673.89,1.4966,0
52700,39.0200,27.630463,1,315873.65,0.3434,0
52720,39.0349,27.630463,1,0.00,0.0000,0
52740,39.0497,27.650849,1,1376673.89,1.4966,0
52760,39.0645,27.668897,1,1218737.07,1.3249,0
52780,39.0793,27.671236,1,157936.83,0.1717,0
52800,39.0941,27.673574,1,157936.83,0.1717,0
52820,39.1089,27.693961,1,1376673.89,1.4966,0
52840,39.1237,27.696299,1,157936.83,0.1717,0
52860,39.1385,27.714347,1,1218737.07,1.3249,0
52880,39.1533,27.716686,1,157936.83,0.1717,0
52900,39.1681,27.734733,1,1218737.07,1.3249,0
52920,39.1829,27.739411,1,315873.65,0.3434,0
52940,39.1977,27.757458,1,1218737.07,1.3249,0
52960,39.2126,27.759797,1,157936.83,0.1717,0
52980,39.2274,27.780183,1,1376673.89,1.4966,0
53000,39.2422,27.782522,1,157936.83,0.1717,0
53020,39.2570,27.800570,1,1218737.07,1.3249,0
53040,39.2718,27.820956,1,1376673.89,1.4966,0
53060,39.2866,27.823295,1,157936.83,0.1717,0
53080,39.3014,27.825634,1,157936.83,0.1717,0
53100,39.3162,27.841342,1,1060800.24,1.1532,0
53120,39.3310,27.846020,1,315873.65,0.3434,0
53140,39.3458,27.848359,1,157936.83,0.1717,0
53160,39.3606,27.866406,1,1218737.07,1.3249,0
53180,39.3754,27.886792,1,1376673.89,1.4966,0
53200,39.3903,27.889131,1,157936.83,0.1717,0
53220,39.4051,27.904840,1,1060800.24,1.1532,0
53240,39.4199,27.909518,1,315873.65,0.3434,0
53260,39.4347,27.927565,1,1218737.07,1.3249,0
53280,39.4495,27.932243,1,315873.65,0.3434,0
53300,39.4643,27.950290,1,1218737.07,1.3249,0
53320,39.4791,27.952629,1,157936.83,0.1717,0
53340,39.4939,27.954968,1,157936.83,0.1717,0
53360,39.5087,27.973015,1,1218737.07,1.3249,0
53380,39.5235,27.977693,1,315873.65,0.3434,0
53400,39.5383,28.013788,1,2437474.13,2.6497,0
53420,39.5531,28.016127,1,157936.83,0.1717,0
53440,39.5680,28.018465,1,157936.83,0.1717,0
53460,39.5828,28.020804,1,157936.83,0.1717,0
53480,39.5976,28.038852,1,1218737.07,1.3249,0
53500,39.6124,28.041190,1,157936.83,0.1717,0
53520,39.6272,28.061577,1,1376673.89,1.4966,0
53540,39.6420,28.081963,1,1376673.89,1.4966,0
53560,39.6568,28.084302,1,157936.83,0.1717,0
53580,39.6716,28.084302,1,0.00,0.0000,0
53600,39.6864,28.107027,1,1534610.72,1.6682,0
53620,39.7012,28.122736,1,1060800.24,1.1532,0
53640,39.7160,28.127413,1,315873.65,0.3434,0
53660,39.7308,28.127413,1,0.00,0.0000,0
53680,39.7457,28.147799,1,1376673.89,1.4966,0
53700,39.7605,28.150138,1,157936.83,0.1717,0
53720,39.7753,28.168186,1,1218737.07,1.3249,0
53740,39.7901,28.170525,1,157936.83,0.1717,0
53760,39.8049,28.188572,1,1218737.07,1.3249,0
53780,39.8197,28.190911,1,157936.83,0.1717,0
53800,39.8345,28.208958,1,1218737.07,1.3249,0
53820,39.8493,28.213636,1,315873.65,0.3434,0
53840,39.8641,28.215975,1,157936.83,0.1717,0
53860,39.8789,28.234022,1,1218737.07,1.3249,0
53880,39.8937,28.254409,1,1376673.89,1.4966,0
53900,39.9085,28.256747,1,157936.83,0.1717,0
53920,39.9234,28.259086,1,157936.83,0.1717,0
53940,39.9382,28.277134,1,1218737.07,1.3249,0
53960,39.9530,28.279472,1,157936.83,0.1717,0
53980,39.9678,28.295181,1,1060800.24,1.1532,0
54000,39.9826,28.299859,1,315873.65,0.3434,0
54020,39.9974,28.302197,1,157936.83,0.1717,0
54040,40.0122,28.320245,1,1218737.07,1.3249,0
54060,40.0270,28.322584,1,157936.83,0.1717,0
54080,40.0418,28.340631,1,1218737.07,1.3249,0
54100,40.0566,28.345309,1,315873.65,0.3434,0
54120,40.0714,28.361018,1,1060800.24,1.1532,0
54140,40.0862,28.365695,1,315873.65,0.3434,0
54160,40.1011,28.368034,1,157936.83,0.1717,0
54180,40.1159,28.388420,1,1376673.89,1.4966,0
54200,40.1307,28.408806,1,1376673.89,1.4966,0
54220,40.1455,28.408806,1,0.00,0.0000,0
54240,40.1603,28.426854,1,1218737.07,1.3249,0
54260,40.1751,28.429193,1,157936.83,0.1717,0
54280,40.1899,28.451918,1,1534610.72,1.6682,0
54300,40.2047,28.451918,1,0.00,0.0000,0
54320,40.2195,28.472304,1,1376673.89,1.4966,0
54340,40.2343,28.474643,1,157936.83,0.1717,0
54360,40.2491,28.492690,1,1218737.07,1.3249,0
54380,40.2639,28.495029,1,157936.83,0.1717,0
54400,40.2788,28.515416,1,1376673.89,1.4966,0
54420,40.2936,28.517754,1,157936.83,0.1717,0
54440,40.3084,28.538141,1,1376673.89,1.4966,0
54460,40.3232,28.540479,1,157936.83,0.1717,0
54480,40.3380,28.558527,1,1218737.07,1.3249,0
54500,40.3528,28.560866,1,157936.83,0.1717,0
54520,40.3676,28.563204,1,157936.83,0.1717,0
54540,40.3824,28.583591,1,1376673.89,1.4966,0
54560,40.3972,28.603977,1,1376673.89,1.4966,0
54580,40.4120,28.603977,1,0.00,0.0000,0
54600,40.4268,28.622025,1,1218737.07,1.3249,0
54620,40.4416,28.626564,1,306538.77,0.3332,0
54640,40.4565,28.626564,1,0.00,0.0000,0
54660,40.4713,28.647088,1,1386008.78,1.5067,0
54680,40.4861,28.648598,1,101927.53,0.1108,0
54700,40.5009,28.667475,1,1274746.37,1.3858,0
54720,40.5157,28.669813,1,157936.83,0.1717,0
54740,40.5305,28.690200,1,1376673.89,1.4966,0
54760,40.5453,28.690200,1,0.00,0.0000,0
54780,40.5601,28.690200,1,0.00,0.0000,0
54800,40.5749,28.712925,1,1534610.72,1.6682,0
54820,40.5897,28.712925,1,0.00,0.0000,0
54840,40.6045,28.733311,1,1376673.89,1.4966,0
54860,40.6193,28.735650,1,157936.83,0.1717,0
54880,40.6342,28.735650,1,0.00,0.0000,0
54900,40.6490,28.758375,1,1534610.72,1.6682,0
54920,40.6638,28.776423,1,1218737.07,1.3249,0
54940,40.6786,28.778761,1,157936.83,0.1717,0
54960,40.6934,28.781100,1,157936.83,0.1717,0
54980,40.7082,28.801486,1,1376673.89,1.4966,0
55000,40.7230,28.819534,1,1218737.07,1.3249,0
55020,40.7378,28.821873,1,157936.83,0.1717,0
55040,40.7526,28.839920,1,1218737.07,1.3249,0
55060,40.7674,28.842259,1,157936.83,0.1717,0
55080,40.7822,28.860306,1,1218737.07,1.3249,0
55100,40.7971,28.864984,1,315873.65,0.3434,0
55120,40.8119,28.864984,1,0.00,0.0000,0
55140,40.8267,28.883032,1,1218737.07,1.3249,0
55160,40.8415,28.887709,1,315873.65,0.3434,0
55180,40.8563,28.905757,1,1218737.07,1.3249,0
55200,40.8711,28.908095,1,157936.83,0.1717,0
55220,40.8859,28.928482,1,1376673.89,1.4966,0
55240,40.9007,28.930821,1,157937.11,0.1717,0
55260,40.9155,28.930821,1,0.00,0.0000,0
55280,40.9303,28.953546,1,1534612.14,1.6682,0
55300,40.9451,28.969254,1,1060798.54,1.1532,0
55320,40.9599,28.973932,1,315873.90,0.3434,0
55340,40.9748,28.994318,1,1376673.65,1.4966,0
55360,40.9896,28.996657,1,157937.16,0.1717,0
55380,41.0044,29.014704,1,1218736.74,1.3249,0
55400,41.0192,29.017043,1,157936.83,0.1717,0
55420,41.0340,29.019382,1,157936.83,0.1717,0
55440,41.0488,29.037430,1,1218737.07,1.3249,0
55460,41.0636,29.039768,1,157936.83,0.1717,0
55480,41.0784,29.060155,1,1376673.89,1.4966,0
55500,41.0932,29.062493,1,157936.83,0.1717,0
55520,41.1080,29.080541,1,1218737.07,1.3249,0
55540,41.1228,29.082880,1,157936.83,0.1717,0
55560,41.1376,29.103266,1,1376673.89,1.4966,0
55580,41.1525,29.105605,1,157936.83,0.1717,0
55600,41.1673,29.121313,1,1060800.24,1.1532,0
55620,41.1821,29.125991,1,315873.65,0.3434,0
55640,41.1969,29.146377,1,1376673.89,1.4966,0
55660,41.2117,29.148716,1,157936.83,0.1717,0
55680,41.2265,29.169102,1,1376673.89,1.4966,0
55700,41.2413,29.171441,1,157936.83,0.1717,0
55720,41.2561,29.171441,1,0.00,0.0000,0
55740,41.2709,29.191828,1,1376673.89,1.4966,0
55760,41.2857,29.194166,1,157936.83,0.1717,0
55780,41.3005,29.212214,1,1218737.07,1.3249,0
55800,41.3153,29.214553,1,157936.83,0.1717,0
55820,41.3302,29.214553,1,0.00,0.0000,0
55840,41.3450,29.234939,1,1376673.89,1.4966,0
55860,41.3598,29.255325,1,1376673.89,1.4966,0
55880,41.3746,29.257664,1,157936.83,0.1717,0
55900,41.3894,29.275711,1,1218737.07,1.3249,0
55920,41.4042,29.278050,1,157936.83,0.1717,0
55940,41.4190,29.280389,1,157936.83,0.1717,0
55960,41.4338,29.300775,1,1376673.89,1.4966,0
55980,41.4486,29.303114,1,157936.83,0.1717,0
56000,41.4634,29.321162,1,1218737.07,1.3249,0
56020,41.4782,29.323500,1,157936.83,0.1717,0
56040,41.4930,29.341548,1,1218737.07,1.3249,0
56060,41.5079,29.343887,1,157936.83,0.1717,0
56080,41.5227,29.346225,1,157936.83,0.1717,0
56100,41.5375,29.366612,1,1376673.89,1.4966,0
56120,41.5523,29.368951,1,157936.83,0.1717,0
56140,41.5671,29.386998,1,1218737.07,1.3249,0
56160,41.5819,29.389337,1,157936.83,0.1717,0
56180,41.5967,29.409723,1,1376673.89,1.4966,0
56200,41.6115,29.412062,1,157936.83,0.1717,0
56220,41.6263,29.430109,1,1218737.07,1.3249,0
56240,41.6411,29.432448,1,157936.83,0.1717,0
56260,41.6559,29.450496,1,1218737.07,1.3249,0
56280,41.6707,29.452835,1,157936.83,0.1717,0
56300,41.6856,29.455115,1,153995.29,0.1674,0
56320,41.7004,29.473221,1,1222678.60,1.3292,0
56340,41.7152,29.475560,1,157936.83,0.1717,0
56360,41.7300,29.495946,1,1376673.89,1.4966,0
56380,41.7448,29.498287,1,158108.48,0.1719,0
56400,41.7596,29.518671,1,1376502.23,1.4964,0
56420,41.7744,29.518671,1,0.00,0.0000,0
56440,41.7892,29.541396,1,1534610.72,1.6682,0
56460,41.8040,29.541396,1,0.00,0.0000,0
56480,41.8188,29.559444,1,1218737.07,1.3249,0
56500,41.8336,29.561782,1,157936.83,0.1717,0
56520,41.8484,29.579830,1,1218737.07,1.3249,0
56540,41.8633,29.584507,1,315873.65,0.3434,0
56560,41.8781,29.584507,1,0.00,0.0000,0
56580,41.8929,29.604894,1,1376673.89,1.4966,0
56600,41.9077,29.607232,1,157936.83,0.1717,0
56620,41.9225,29.625280,1,1218737.07,1.3249,0
56640,41.9373,29.627619,1,157936.83,0.1717,0
56660,41.9521,29.648005,1,1376673.89,1.4966,0
56680,41.9669,29.650344,1,157936.83,0.1717,0
56700,41.9817,29.668391,1,1218737.07,1.3249,0
56720,41.9965,29.670730,1,157936.83,0.1717,0
56740,42.0113,29.673069,1,157936.83,0.1717,0
56760,42.0261,29.691116,1,1218737.07,1.3249,0
56780,42.0410,29.693455,1,157936.83,0.1717,0
56800,42.0558,29.713842,1,1376673.89,1.4966,0
56820,42.0706,29.716180,1,157936.83,0.1717,0
56840,42.0854,29.734228,1,1218737.07,1.3249,0
56860,42.1002,29.736567,1,157936.83,0.1717,0
56880,42.1150,29.756953,1,1376673.89,1.4966,0
56900,42.1298,29.759292,1,157936.83,0.1717,0
56920,42.1446,29.761630,1,157936.83,0.1717,0
56940,42.1594,29.779678,1,1218737.07,1.3249,0
56960,42.1742,29.782017,1,157936.83,0.1717,0
56980,42.1890,29.804742,1,1534610.72,1.6682,0
57000,42.2038,29.818112,1,902863.42,0.9815,0
57020,42.2187,29.822789,1,315873.65,0.3434,0
57040,42.2335,29.825128,1,157936.83,0.1717,0
57060,42.2483,29.845514,1,1376673.89,1.4966,0
57080,42.2631,29.847853,1,157936.83,0.1717,0
57100,42.2779,29.861223,1,902863.42,0.9815,0
57120,42.2927,29.868239,1,473810.48,0.5151,0
57140,42.3075,29.870578,1,157936.83,0.1717,0
57160,42.3223,29.888626,1,1218737.07,1.3249,0
57180,42.3371,29.890965,1,157936.83,0.1717,0
57200,42.3519,29.909012,1,1218737.07,1.3249,0
57220,42.3667,29.911351,1,157936.83,0.1717,0
57240,42.3815,29.929398,1,1218737.07,1.3249,0
57260,42.3964,29.931737,1,157936.83,0.1717,0
57280,42.4112,29.952123,1,1376673.89,1.4966,0
57300,42.4260,29.954462,1,157936.83,0.1717,0
57320,42.4408,29.956801,1,157936.83,0.1717,0
57340,42.4556,29.974849,1,1218737.07,1.3249,0
57360,42.4704,29.977187,1,157936.83,0.1717,0
57380,42.4852,29.995235,1,1218737.07,1.3249,0
57400,42.5000,29.997574,1,157936.83,0.1717,0
57420,42.5148,29.999912,1,157936.83,0.1717,0
57440,42.5296,30.020299,1,1376673.89,1.4966,0
57460,42.5444,30.022637,1,157936.83,0.1717,0
57480,42.5592,30.040685,1,1218737.07,1.3249,0
57500,42.5741,30.043024,1,157936.83,0.1717,0
57520,42.5889,30.058732,1,1060800.24,1.1532,0
57540,42.6037,30.063410,1,315873.65,0.3434,0
57560,42.6185,30.065749,1,157936.83,0.1717,0
57580,42.6333,30.081458,1,1060800.24,1.1532,0
57600,42.6481,30.086135,1,315873.65,0.3434,0
57620,42.6629,30.088474,1,157936.83,0.1717,0
57640,42.6777,30.106521,1,1218737.07,1.3249,0
57660,42.6925,30.124569,1,1218737.07,1.3249,0
57680,42.7073,30.126908,1,157936.83,0.1717,0
57700,42.7221,30.129247,1,157936.83,0.1717,0
57720,42.7369,30.149633,1,1376673.89,1.4966,0
57740,42.7518,30.151972,1,157936.83,0.1717,0
57760,42.7666,30.167680,1,1060800.24,1.1532,0
57780,42.7814,30.172358,1,315873.65,0.3434,0
57800,42.7962,30.174697,1,157936.83,0.1717,0
57820,42.8110,30.195083,1,1376673.89,1.4966,0
57840,42.8258,30.213130,1,1218737.07,1.3249,0
57860,42.8406,30.215469,1,157936.83,0.1717,0
57880,42.8554,30.215469,1,0.00,0.0000,0
57900,42.8702,30.235856,1,1376673.89,1.4966,0
57920,42.8850,30.238194,1,157936.83,0.1717,0
57940,42.8998,30.256242,1,1218737.07,1.3249,0
57960,42.9146,30.258581,1,157936.83,0.1717,0
57980,42.9295,30.276628,1,1218737.07,1.3249,0
58000,42.9443,30.278967,1,157936.83,0.1717,0
58020,42.9591,30.297014,1,1218737.07,1.3249,0
58040,42.9739,30.301692,1,315873.65,0.3434,0
58060,42.9887,30.304031,1,157936.83,0.1717,0
58080,43.0035,30.322078,1,1218737.07,1.3249,0
58100,43.0183,30.324417,1,157936.83,0.1717,0
58120,43.0331,30.342418,1,1215571.20,1.3214,0
58140,43.0479,30.347142,1,319039.52,0.3468,0
58160,43.0627,30.365211,1,1220151.13,1.3264,0
58180,43.0775,30.367539,1,157221.76,0.1709,0
58200,43.0923,30.369841,1,155496.14,0.1690,0
58220,43.1072,30.390338,1,1384117.77,1.5046,0
58240,43.1220,30.406032,1,1059785.91,1.1521,0
58260,43.1368,30.410822,1,323471.16,0.3516,0
58280,43.1516,30.428524,1,1195415.78,1.2995,0
58300,43.1664,30.430467,1,131194.88,0.1426,0
58320,43.1812,30.432797,1,157357.51,0.1711,0
58340,43.1960,30.451179,1,1241359.46,1.3495,0
58360,43.2108,30.455863,1,316271.07,0.3438,0
58380,43.2256,30.470712,1,1002760.28,1.0901,0
58400,43.2404,30.472456,1,117748.64,0.1280,0
58420,43.2552,30.491128,1,1260919.15,1.3707,0
58440,43.2700,30.494576,1,232877.18,0.2532,0
58460,43.2849,30.512879,1,1235953.36,1.3436,0
58480,43.2997,30.512879,1,0.00,0.0000,0
58500,43.3145,30.517101,1,285111.11,0.3099,0
58520,43.3293,30.533892,1,1133916.51,1.2327,0
58540,43.3441,30.541590,1,519816.97,0.5651,0
58560,43.3589,30.555294,1,925404.32,1.0060,0
58580,43.3737,30.555294,1,0.00,0.0000,0
58600,43.3885,30.580704,1,1715957.62,1.8654,0
58620,43.4033,30.580704,1,0.00,0.0000,0
58640,43.4181,30.601582,1,1409893.87,1.5327,0
58660,43.4329,30.605138,1,240089.10,0.2610,0
58680,43.4477,30.620664,1,1048486.12,1.1398,0
58700,43.4626,30.626237,1,376345.72,0.4091,0
58720,43.4774,30.628549,1,156091.72,0.1697,0
58740,43.4922,30.651261,1,1533714.88,1.6673,0
58760,43.5070,30.667143,1,1072532.44,1.1659,0
58780,43.5218,30.669338,1,148197.68,0.1611,0
58800,43.5366,30.671651,1,156258.33,0.1699,0
58820,43.5514,30.692039,1,1376729.20,1.4966,0
58840,43.5662,30.693893,1,125216.03,0.1361,0
58860,43.5810,30.712419,1,1251088.00,1.3600,0
58880,43.5958,30.714758,1,157936.83,0.1717,0
58900,43.6106,30.714758,1,0.00,0.0000,0
58920,43.6254,30.735535,1,1403021.24,1.5252,0
58940,43.6403,30.738410,1,194138.71,0.2110,0
58960,43.6551,30.758204,1,1336694.15,1.4531,0
58980,43.6699,30.758204,1,0.00,0.0000,0
59000,43.6847,30.778256,1,1354104.89,1.4720,0
59020,43.6995,30.780650,1,161698.01,0.1758,0
59040,43.7143,30.796303,1,1057039.64,1.1491,0
59060,43.7291,30.800992,1,316604.10,0.3442,0
59080,43.7439,30.803329,1,157832.25,0.1716,0
59100,43.7587,30.821367,1,1218110.12,1.3242,0
59120,43.7735,30.823706,1,157936.83,0.1717,0
59140,43.7883,30.844092,1,1376673.89,1.4966,0
59160,43.8031,30.846431,1,157936.83,0.1717,0
59180,43.8180,30.864482,1,1218963.05,1.3251,0
59200,43.8328,30.866817,1,157710.84,0.1714,0
59220,43.8476,30.887224,1,1378029.81,1.4980,0
59240,43.8624,30.889551,1,157142.98,0.1708,0
59260,43.8772,30.889551,1,0.00,0.0000,0
59280,43.8920,30.909959,1,1378128.31,1.4981,0
59300,43.9068,30.930644,1,1396889.43,1.5185,0
59320,43.9216,30.932413,1,119452.69,0.1299,0
59340,43.9364,30.932413,1,0.00,0.0000,0
59360,43.9512,30.953559,1,1427939.67,1.5523,0
59380,43.9660,30.955099,1,104034.00,0.1131,0
59400,43.9808,30.955099,1,0.00,0.0000,0
59420,43.9957,30.976200,1,1424924.44,1.5490,0
59440,44.0105,30.977491,1,87184.07,0.0948,0
59460,44.0253,30.996220,1,1264775.20,1.3749,0
59480,44.0401,30.998521,1,155384.89,0.1689,0
59500,44.0549,31.018490,1,1348456.48,1.4659,0
59520,44.0697,31.019627,1,76813.20,0.0835,0
59540,44.0845,31.040693,1,1422535.16,1.5464,0
59560,44.0993,31.041817,1,75914.60,0.0825,0
59580,44.1141,31.041817,1,0.00,0.0000,0
59600,44.1289,31.061763,1,1346980.01,1.4643,0
59620,44.1437,31.062885,1,75734.88,0.0823,0
59640,44.1585,31.085074,1,1498449.76,1.6289,0
59660,44.1734,31.085074,1,0.00,0.0000,0
59680,44.1882,31.086196,1,75734.88,0.0823,0
59700,44.2030,31.106143,1,1346980.01,1.4643,0
59720,44.2178,31.107264,1,75734.88,0.0823,0
59740,44.2326,31.127211,1,1346980.01,1.4643,0
59760,44.2474,31.129454,1,151469.76,0.1647,0
59780,44.2622,31.149400,1,1346980.01,1.4643,0
59800,44.2770,31.150522,1,75734.88,0.0823,0
59820,44.2918,31.171590,1,1422714.88,1.5466,0
59840,44.3066,31.171590,1,0.00,0.0000,0
59860,44.3214,31.192658,1,1422714.88,1.5466,0
59880,44.3362,31.193779,1,75734.88,0.0823,0
59900,44.3511,31.193779,1,0.00,0.0000,0
59920,44.3659,31.214848,1,1422714.88,1.5466,0
59940,44.3807,31.215969,1,75734.88,0.0823,0
59960,44.3955,31.235916,1,1346980.01,1.4643,0
59980,44.4103,31.237037,1,75734.88,0.0823,0
60000,44.4251,31.256984,1,1346980.01,1.4643,0
60020,44.4399,31.258105,1,75734.88,0.0823,0
60040,44.4547,31.279173,1,1422714.88,1.5466,0
60060,44.4695,31.280295,1,75734.88,0.0823,0
60080,44.4843,31.281416,1,75734.88,0.0823,0
60100,44.4991,31.301363,1,1346980.01,1.4643,0
60120,44.5140,31.302484,1,75734.88,0.0823,0
60140,44.5288,31.322431,1,1346980.01,1.4643,0
60160,44.5436,31.323552,1,75734.88,0.0823,0
60180,44.5584,31.324674,1,75734.88,0.0823,0
60200,44.5732,31.345742,1,1422714.88,1.5466,0
60220,44.5880,31.365689,1,1346980.01,1.4643,0
60240,44.6028,31.366810,1,75734.88,0.0823,0
60260,44.6176,31.367932,1,75734.88,0.0823,0
60280,44.6324,31.387878,1,1346980.01,1.4643,0
60300,44.6472,31.389000,1,75734.88,0.0823,0
60320,44.6620,31.410068,1,1422714.88,1.5466,0
60340,44.6768,31.410068,1,0.00,0.0000,0
60360,44.6917,31.431136,1,1422714.88,1.5466,0
60380,44.7065,31.432257,1,75734.88,0.0823,0
60400,44.7213,31.452202,1,1346825.82,1.4641,0
60420,44.7361,31.453319,1,75437.62,0.0820,0
60440,44.7509,31.454443,1,75921.44,0.0825,0
60460,44.7657,31.474388,1,1346897.12,1.4642,0
60480,44.7805,31.476606,1,149775.23,0.1628,0
60500,44.7953,31.496557,1,1347275.38,1.4646,0
60520,44.8101,31.496557,1,0.00,0.0000,0
60540,44.8249,31.497549,1,67000.31,0.0728,0
60560,44.8397,31.518773,1,1433196.36,1.5580,0
60580,44.8545,31.518773,1,0.00,0.0000,0
60600,44.8694,31.537185,1,1243358.24,1.3516,0
60620,44.8842,31.541755,1,308620.43,0.3355,0
60640,44.8990,31.556179,1,974009.37,1.0588,0
60660,44.9138,31.566976,1,729156.64,0.7927,0
60680,44.9286,31.571415,1,299784.69,0.3259,0
60700,44.9434,31.571415,1,0.00,0.0000,0
60720,44.9582,31.589473,1,1219391.18,1.3256,0
60740,44.9730,31.592401,1,197769.25,0.2150,0
60760,44.9878,31.598043,1,380973.86,0.4141,0
60780,45.0026,31.610973,1,873183.76,0.9492,0
60800,45.0174,31.610973,1,0.00,0.0000,0
60820,45.0322,31.632071,1,1424731.23,1.5488,0
60840,45.0471,31.632071,1,0.00,0.0000,0
60860,45.0619,31.653582,1,1452592.98,1.5791,0
60880,45.0767,31.653582,1,0.00,0.0000,0
60900,45.0915,31.675242,1,1462695.86,1.5901,0
60920,45.1063,31.675242,1,0.00,0.0000,0
60940,45.1211,31.675242,1,0.00,0.0000,0
60960,45.1359,31.696939,1,1465187.26,1.5928,0
60980,45.1507,31.696939,1,0.00,0.0000,0
61000,45.1655,31.718585,1,1461743.98,1.5890,0
61020,45.1803,31.718835,1,16904.75,0.0184,0
61040,45.1951,31.720740,1,128639.67,0.1398,0
61060,45.2099,31.740204,1,1314346.17,1.4288,0
61080,45.2248,31.740321,1,7899.60,0.0086,0
61100,45.2396,31.740321,1,0.00,0.0000,0
61120,45.2544,31.761838,1,1453037.66,1.5796,0
61140,45.2692,31.762057,1,14792.41,0.0161,0
61160,45.2840,31.783482,1,1446867.92,1.5729,0
61180,45.2988,31.783484,1,86.33,0.0001,0
61200,45.3136,31.783484,1,0.00,0.0000,0
61220,45.3284,31.805134,1,1462011.06,1.5893,0
61240,45.3432,31.805135,1,86.33,0.0001,0
61260,45.3580,31.805135,1,0.00,0.0000,0
61280,45.3728,31.826784,1,1461924.72,1.5892,0
61300,45.3876,31.826785,1,86.33,0.0001,0
61320,45.4025,31.848434,1,1461924.72,1.5892,0
61340,45.4173,31.848435,1,86.33,0.0001,0
61360,45.4321,31.848436,1,86.33,0.0001,0
61380,45.4469,31.848436,1,0.00,0.0000,0
61400,45.4617,31.870086,1,1462011.02,1.5893,0
61420,45.4765,31.870086,1,0.00,0.0000,0
61440,45.4913,31.870088,1,86.28,0.0001,0
61460,45.5061,31.891738,1,1462010.77,1.5893,0
61480,45.5209,31.913386,1,1461925.10,1.5892,0
61500,45.5357,31.913388,1,84.47,0.0001,0
61520,45.5505,31.913388,1,0.00,0.0000,0
61540,45.5653,31.935039,1,1462085.93,1.5894,0
61560,45.5802,31.956688,1,1461998.47,1.5893,0
61580,45.5950,31.956688,1,0.00,0.0000,0
61600,45.6098,32.000000,1,2924802.00,3.1795,0
61620,45.6246,32.000000,1,0.00,0.0000,0
61640,45.6394,32.000000,1,0.00,0.0000,0
61660,45.6542,32.000000,1,0.00,0.0000,0
61680,45.6690,32.000000,1,0.00,0.0000,0
61700,45.6838,32.000000,1,0.00,0.0000,0
61720,45.6986,32.000000,1,0.00,0.0000,0
61740,45.7134,32.000000,1,0.00,0.0000,0
61760,45.7282,32.000000,1,0.00,0.0000,0
61780,45.7430,32.000000,1,0.00,0.0000,0
61800,45.7579,32.000000,1,0.00,0.0000,0
61820,45.7727,32.000000,1,0.00,0.0000,0
61840,45.7875,32.000000,1,0.00,0.0000,0
61860,45.8023,32.000000,1,0.00,0.0000,0
61880,45.8171,32.000000,1,0.00,0.0000,0
61900,45.8319,32.000000,1,0.00,0.0000,0
61920,45.8467,32.000000,1,0.00,0.0000,0
61940,45.8615,32.000000,1,0.00,0.0000,0
61960,45.8763,32.000000,1,0.00,0.0000,0
61980,45.8911,32.000000,1,0.00,0.0000,0
62000,45.9059,32.000000,1,0.00,0.0000,0
62020,45.9207,32.000000,1,0.00,0.0000,0
62040,45.9356,32.000000,1,0.00,0.0000,0
62060,45.9504,32.000000,1,0.00,0.0000,0
62080,45.9652,32.000000,1,0.00,0.0000,0
62100,45.9800,32.000000,1,0.00,0.0000,0
62120,45.9948,32.000000,1,0.00,0.0000,0
62140,46.0096,32.000000,1,0.00,0.0000,0
62160,46.0244,32.000000,1,0.00,0.0000,0
62180,46.0392,32.000000,1,0.00,0.0000,0
62200,46.0540,32.000000,1,0.00,0.0000,0
62220,46.0688,32.000000,1,0.00,0.0000,0
62240,46.0836,32.000000,1,0.00,0.0000,0
62260,46.0984,32.000000,1,0.00,0.0000,0
62280,46.1133,32.000000,1,0.00,0.0000,0
62300,46.1281,32.000000,1,0.00,0.0000,0
62320,46.1429,32.000000,1,0.00,0.0000,0
62340,46.1577,32.000000,1,0.00,0.0000,0
62360,46.1725,32.000000,1,0.00,0.0000,0
62380,46.1873,32.000000,1,0.00,0.0000,0
62400,46.2021,32.000000,1,0.00,0.0000,0
62420,46.2169,32.000000,1,0.00,0.0000,0
62440,46.2317,32.000000,1,0.00,0.0000,0
62460,46.2465,32.000000,1,0.00,0.0000,0
62480,46.2613,32.000000,1,0.00,0.0000,0
62500,46.2761,32.000000,1,0.00,0.0000,0
62520,46.2910,32.000000,1,0.00,0.0000,0
62540,46.3058,32.000000,1,0.00,0.0000,0
62560,46.3206,32.000000,1,0.00,0.0000,0
62580,46.3354,32.000000,1,0.00,0.0000,0
62600,46.3502,32.000000,1,0.00,0.0000,0
62620,46.3650,32.000000,1,0.00,0.0000,0
62640,46.3798,32.000000,1,0.00,0.0000,0
62660,46.3946,32.000000,1,0.00,0.0000,0
62680,46.4094,32.000000,1,0.00,0.0000,0
62700,46.4242,32.000000,1,0.00,0.0000,0
62720,46.4390,32.000000,1,0.00,0.0000,0
62740,46.4538,32.000000,1,0.00,0.0000,0
62760,46.4687,32.000000,1,0.00,0.0000,0
62780,46.4835,32.000000,1,0.00,0.0000,0
62800,46.4983,32.000000,1,0.00,0.0000,0
62820,46.5131,32.000000,1,0.00,0.0000,0
62840,46.5279,32.000000,1,0.00,0.0000,0
62860,46.5427,32.000000,1,0.00,0.0000,0
62880,46.5575,32.000000,1,0.00,0.0000,0
62900,46.5723,32.000000,1,0.00,0.0000,0
62920,46.5871,32.000000,1,0.00,0.0000,0
62940,46.6019,32.000000,1,0.00,0.0000,0
62960,46.6167,32.000000,1,0.00,0.0000,0
62980,46.6315,32.000000,1,0.00,0.0000,0
63000,46.6464,32.000000,1,0.00,0.0000,0
63020,46.6612,32.000000,1,0.00,0.0000,0
63040,46.6760,32.000000,1,0.00,0.0000,0
63060,46.6908,32.000000,1,0.00,0.0000,0
63080,46.7056,32.000000,1,0.00,0.0000,0
63100,46.7204,32.000000,1,0.00,0.0000,0
63120,46.7352,32.000000,1,0.00,0.0000,0
63140,46.7500,32.000000,1,0.00,0.0000,0
63160,46.7648,32.000000,1,0.00,0.0000,0
63180,46.7796,32.000000,1,0.00,0.0000,0
63200,46.7944,32.000000,1,0.00,0.0000,0
63220,46.8092,32.000000,1,0.00,0.0000,0
63240,46.8241,32.000000,1,0.00,0.0000,0
63260,46.8389,32.000000,1,0.00,0.0000,0
63280,46.8537,32.000000,1,0.00,0.0000,0
63300,46.8685,32.000000,1,0.00,0.0000,0
63320,46.8833,32.000000,1,0.00,0.0000,0
63340,46.8981,32.000000,1,0.00,0.0000,0
63360,46.9129,32.000000,1,0.00,0.0000,0
63380,46.9277,32.000000,1,0.00,0.0000,0
63400,46.9425,32.000000,1,0.00,0.0000,0
63420,46.9573,32.000000,1,0.00,0.0000,0
63440,46.9721,32.000000,1,0.00,0.0000,0
63460,46.9869,32.000000,1,0.00,0.0000,0
63480,47.0018,32.000000,1,0.00,0.0000,0
63500,47.0166,32.000000,1,0.00,0.0000,0
63520,47.0314,32.000000,1,0.00,0.0000,0
63540,47.0462,32.000000,1,0.00,0.0000,0
63560,47.0610,32.000000,1,0.00,0.0000,0
63580,47.0758,32.000000,1,0.00,0.0000,0
63600,47.0906,32.000000,1,0.00,0.0000,0
63620,47.1054,32.000000,1,0.00,0.0000,0
63640,47.1202,32.000000,1,0.00,0.0000,0
63660,47.1350,32.000000,1,0.00,0.0000,0
63680,47.1498,32.000000,1,0.00,0.0000,0
63700,47.1646,32.000000,1,0.00,0.0000,0
63720,47.1795,32.000000,1,0.00,0.0000,0
63740,47.1943,32.000000,1,0.00,0.0000,0
63760,47.2091,32.000000,1,0.00,0.0000,0
63780,47.2239,32.000000,1,0.00,0.0000,0
63800,47.2387,32.000000,1,0.00,0.0000,0
63820,47.2535,32.000000,1,0.00,0.0000,0
63840,47.2683,32.000000,1,0.00,0.0000,0
63860,47.2831,32.000000,1,0.00,0.0000,0
63880,47.2979,32.000000,1,0.00,0.0000,0
63900,47.3127,32.000000,1,0.00,0.0000,0
63920,47.3275,32.000000,1,0.00,0.0000,0
63940,47.3423,32.000000,1,0.00,0.0000,0
63960,47.3572,32.000000,1,0.00,0.0000,0
63980,47.3720,32.000000,1,0.00,0.0000,0
64000,47.3868,32.000000,1,0.00,0.0000,0
64020,47.4016,32.000000,1,0.00,0.0000,0
64040,47.4164,32.000000,1,0.00,0.0000,0
64060,47.4312,32.000000,1,0.00,0.0000,0
64080,47.4460,32.000000,1,0.00,0.0000,0
64100,47.4608,32.000000,1,0.00,0.0000,0
64120,47.4756,32.000000,1,0.00,0.0000,0
64140,47.4904,32.000000,1,0.00,0.0000,0
64160,47.5052,32.000000,1,0.00,0.0000,0
64180,47.5200,32.000000,1,0.00,0.0000,0
64200,47.5349,32.000000,1,0.00,0.0000,0
64220,47.5497,32.000000,1,0.00,0.0000,0
64240,47.5645,32.000000,1,0.00,0.0000,0
64260,47.5793,32.000000,1,0.00,0.0000,0
64280,47.5941,32.000000,1,0.00,0.0000,0
64300,47.6089,32.000000,1,0.00,0.0000,0
64320,47.6237,32.000000,1,0.00,0.0000,0
64340,47.6385,32.000000,1,0.00,0.0000,0
64360,47.6533,32.000000,1,0.00,0.0000,0
64380,47.6681,32.000000,1,0.00,0.0000,0
64400,47.6829,32.000000,1,0.00,0.0000,0
64420,47.6977,32.000000,1,0.00,0.0000,0
64440,47.7126,32.000000,1,0.00,0.0000,0
64460,47.7274,32.000000,1,0.00,0.0000,0
64480,47.7422,32.000000,1,0.00,0.0000,0
64500,47.7570,32.000000,1,0.00,0.0000,0
64520,47.7718,32.000000,1,0.00,0.0000,0
64540,47.7866,32.000000,1,0.00,0.0000,0
64560,47.8014,32.000000,1,0.00,0.0000,0
64580,47.8162,32.000000,1,0.00,0.0000,0
64600,47.8310,32.000000,1,0.00,0.0000,0
64620,47.8458,32.000000,1,0.00,0.0000,0
64640,47.8606,32.000000,1,0.00,0.0000,0
64660,47.8754,32.000000,1,0.00,0.0000,0
64680,47.8903,32.000000,1,0.00,0.0000,0
64700,47.9051,32.000000,1,0.00,0.0000,0
64720,47.9199,32.000000,1,0.00,0.0000,0
64740,47.9347,32.000000,1,0.00,0.0000,0
64760,47.9495,32.000000,1,0.00,0.0000,0
64780,47.9643,32.000000,1,0.00,0.0000,0
64800,47.9791,32.000000,1,0.00,0.0000,0
64820,47.9939,32.000000,1,0.00,0.0000,0
64840,48.0087,32.000000,1,0.00,0.0000,0
64860,48.0235,32.000000,1,0.00,0.0000,0
64880,48.0383,32.000000,1,0.00,0.0000,0
64900,48.0531,32.000000,1,0.00,0.0000,0
64920,48.0680,32.000000,1,0.00,0.0000,0
64940,48.0828,32.000000,1,0.00,0.0000,0
64960,48.0976,32.000000,1,0.00,0.0000,0
64980,48.1124,32.000000,1,0.00,0.0000,0
65000,48.1272,32.000000,1,0.00,0.0000,0
65020,48.1420,32.000000,1,0.00,0.0000,0
65040,48.1568,32.000000,1,0.00,0.0000,0
65060,48.1716,32.000000,1,0.00,0.0000,0
65080,48.1864,32.000000,1,0.00,0.0000,0
65100,48.2012,32.000000,1,0.00,0.0000,0
65120,48.2160,32.000000,1,0.00,0.0000,0
65140,48.2309,32.000000,1,0.00,0.0000,0
65160,48.2457,32.000000,1,0.00,0.0000,0
65180,48.2605,32.000000,1,0.00,0.0000,0
65200,48.2753,32.000000,1,0.00,0.0000,0
65220,48.2901,32.000000,1,0.00,0.0000,0
65240,48.3049,32.000000,1,0.00,0.0000,0
65260,48.3197,32.000000,1,0.00,0.0000,0
65280,48.3345,32.000000,1,0.00,0.0000,0
65300,48.3493,32.000000,1,0.00,0.0000,0
65320,48.3641,32.000000,1,0.00,0.0000,0
65340,48.3789,32.000000,1,0.00,0.0000,0
65360,48.3937,32.000000,1,0.00,0.0000,0
65380,48.4086,32.000000,1,0.00,0.0000,0
65400,48.4234,32.000000,1,0.00,0.0000,0
65420,48.4382,32.000000,1,0.00,0.0000,0
65440,48.4530,32.000000,1,0.00,0.0000,0
65460,48.4678,32.000000,1,0.00,0.0000,0
65480,48.4826,32.000000,1,0.00,0.0000,0
65500,48.4974,32.000000,1,0.00,0.0000,0
65520,48.5122,32.000000,1,0.00,0.0000,0
65540,48.5270,32.000000,1,0.00,0.0000,0
65560,48.5418,32.000000,1,0.00,0.0000,0
65580,48.5566,32.000000,1,0.00,0.0000,0
65600,48.5714,32.000000,1,0.00,0.0000,0
65620,48.5863,32.000000,1,0.00,0.0000,0
65640,48.6011,32.000000,1,0.00,0.0000,0
65660,48.6159,32.000000,1,0.00,0.0000,0
65680,48.6307,32.000000,1,0.00,0.0000,0
65700,48.6455,32.000000,1,0.00,0.0000,0
65720,48.6603,32.000000,1,0.00,0.0000,0
65740,48.6751,32.000000,1,0.00,0.0000,0
65760,48.6899,32.000000,1,0.00,0.0000,0
65780,48.7047,32.000000,1,0.00,0.0000,0
65800,48.7195,32.000000,1,0.00,0.0000,0
65820,48.7343,32.000000,1,0.00,0.0000,0
65840,48.7491,32.000000,1,0.00,0.0000,0
65860,48.7640,32.000000,1,0.00,0.0000,0
65880,48.7788,32.000000,1,0.00,0.0000,0
65900,48.7936,32.000000,1,0.00,0.0000,0
65920,48.8084,32.000000,1,0.00,0.0000,0
65940,48.8232,32.000000,1,0.00,0.0000,0
65960,48.8380,32.000000,1,0.00,0.0000,0
65980,48.8528,32.000000,1,0.00,0.0000,0
66000,48.8676,32.000000,1,0.00,0.0000,0
66020,48.8824,32.000000,1,0.00,0.0000,0
66040,48.8972,32.000000,1,0.00,0.0000,0
66060,48.9120,32.000000,1,0.00,0.0000,0
66080,48.9268,32.000000,1,0.00,0.0000,0
66100,48.9417,32.000000,1,0.00,0.0000,0
66120,48.9565,32.000000,1,0.00,0.0000,0
66140,48.9713,32.000000,1,0.00,0.0000,0
66160,48.9861,32.000000,1,0.00,0.0000,0
66180,49.0009,32.000000,1,0.00,0.0000,0
66200,49.0157,32.000000,1,0.00,0.0000,0
66220,49.0305,32.000000,1,0.00,0.0000,0
66240,49.0453,32.000000,1,0.00,0.0000,0
66260,49.0601,32.000000,1,0.00,0.0000,0
66280,49.0749,32.000000,1,0.00,0.0000,0
66300,49.0897,32.000000,1,0.00,0.0000,0
66320,49.1045,32.000000,1,0.00,0.0000,0
66340,49.1194,32.000000,1,0.00,0.0000,0
66360,49.1342,32.000000,1,0.00,0.0000,0
66380,49.1490,32.000000,1,0.00,0.0000,0
66400,49.1638,32.000000,1,0.00,0.0000,0
66420,49.1786,32.000000,1,0.00,0.0000,0
66440,49.1934,32.000000,1,0.00,0.0000,0
66460,49.2082,32.000000,1,0.00,0.0000,0
66480,49.2230,32.000000,1,0.00,0.0000,0
66500,49.2378,32.000000,1,0.00,0.0000,0
66520,49.2526,32.000000,1,0.00,0.0000,0
66540,49.2674,32.000000,1,0.00,0.0000,0
66560,49.2822,32.000000,1,0.00,0.0000,0
66580,49.2971,32.000000,1,0.00,0.0000,0
66600,49.3119,32.000000,1,0.00,0.0000,0
66620,49.3267,32.000000,1,0.00,0.0000,0
66640,49.3415,32.000000,1,0.00,0.0000,0
66660,49.3563,32.000000,1,0.00,0.0000,0
66680,49.3711,32.000000,1,0.00,0.0000,0
66700,49.3859,32.000000,1,0.00,0.0000,0
66720,49.4007,32.000000,1,0.00,0.0000,0
66740,49.4155,32.000000,1,0.00,0.0000,0
66760,49.4303,32.000000,1,0.00,0.0000,0
66780,49.4451,32.000000,1,0.00,0.0000,0
66800,49.4599,32.000000,1,0.00,0.0000,0
66820,49.4748,32.000000,1,0.00,0.0000,0
66840,49.4896,32.000000,1,0.00,0.0000,0
66860,49.5044,32.000000,1,0.00,0.0000,0
66880,49.5192,32.000000,1,0.00,0.0000,0
66900,49.5340,32.000000,1,0.00,0.0000,0
66920,49.5488,32.000000,1,0.00,0.0000,0
66940,49.5636,32.000000,1,0.00,0.0000,0
66960,49.5784,32.000000,1,0.00,0.0000,0
66980,49.5932,32.000000,1,0.00,0.0000,0
67000,49.6080,32.000000,1,0.00,0.0000,0
67020,49.6228,32.000000,1,0.00,0.0000,0
67040,49.6376,32.000000,1,0.00,0.0000,0
67060,49.6525,32.000000,1,0.00,0.0000,0
67080,49.6673,32.000000,1,0.00,0.0000,0
67100,49.6821,32.000000,1,0.00,0.0000,0
67120,49.6969,32.000000,1,0.00,0.0000,0
67140,49.7117,32.000000,1,0.00,0.0000,0
67160,49.7265,32.000000,1,0.00,0.0000,0
67180,49.7413,32.000000,1,0.00,0.0000,0
67200,49.7561,32.000000,1,0.00,0.0000,0
67220,49.7709,32.000000,1,0.00,0.0000,0
67240,49.7857,32.000000,1,0.00,0.0000,0
67260,49.8005,32.000000,1,0.00,0.0000,0
67280,49.8153,32.000000,1,0.00,0.0000,0
67300,49.8302,32.000000,1,0.00,0.0000,0
67320,49.8450,32.000000,1,0.00,0.0000,0
67340,49.8598,32.000000,1,0.00,0.0000,0
67360,49.8746,32.000000,1,0.00,0.0000,0
67380,49.8894,32.000000,1,0.00,0.0000,0
67400,49.9042,32.000000,1,0.00,0.0000,0
67420,49.9190,32.000000,1,0.00,0.0000,0
67440,49.9338,32.000000,1,0.00,0.0000,0
67460,49.9486,32.000000,1,0.00,0.0000,0
67480,49.9634,32.000000,1,0.00,0.0000,0
67500,49.9782,32.000000,1,0.00,0.0000,0
67520,49.9930,32.000000,1,0.00,0.0000,0
67540,50.0079,32.000000,1,0.00,0.0000,0
67560,50.0227,32.000000,1,0.00,0.0000,0
67580,50.0375,32.000000,1,0.00,0.0000,0
67600,50.0523,32.000000,1,0.00,0.0000,0
67620,50.0671,32.000000,1,0.00,0.0000,0
67640,50.0819,32.000000,1,0.00,0.0000,0
67660,50.0967,32.000000,1,0.00,0.0000,0
67680,50.1115,32.000000,1,0.00,0.0000,0
67700,50.1263,32.000000,1,0.00,0.0000,0
67720,50.1411,32.000000,1,0.00,0.0000,0
67740,50.1559,32.000000,1,0.00,0.0000,0
67760,50.1707,32.000000,1,0.00,0.0000,0
67780,50.1856,32.000000,1,0.00,0.0000,0
67800,50.2004,32.000000,1,0.00,0.0000,0
67820,50.2152,32.000000,1,0.00,0.0000,0
67840,50.2300,32.000000,1,0.00,0.0000,0
67860,50.2448,32.000000,1,0.00,0.0000,0
67880,50.2596,32.000000,1,0.00,0.0000,0
67900,50.2744,32.000000,1,0.00,0.0000,0
67920,50.2892,32.000000,1,0.00,0.0000,0
67940,50.3040,32.000000,1,0.00,0.0000,0
67960,50.3188,32.000000,1,0.00,0.0000,0
67980,50.3336,32.000000,1,0.00,0.0000,0
68000,50.3484,32.000000,1,0.00,0.0000,0
68020,50.3633,32.000000,1,0.00,0.0000,0
68040,50.3781,32.000000,1,0.00,0.0000,0
68060,50.3929,32.000000,1,0.00,0.0000,0
68080,50.4077,32.000000,1,0.00,0.0000,0
68100,50.4225,32.000000,1,0.00,0.0000,0
68120,50.4373,32.000000,1,0.00,0.0000,0
68140,50.4521,32.000000,1,0.00,0.0000,0
68160,50.4669,32.000000,1,0.00,0.0000,0
68180,50.4817,32.000000,1,0.00,0.0000,0
68200,50.4965,32.000000,1,0.00,0.0000,0
68220,50.5113,32.000000,1,0.00,0.0000,0
68240,50.5261,32.000000,1,0.00,0.0000,0
68260,50.5410,32.000000,1,0.00,0.0000,0
68280,50.5558,32.000000,1,0.00,0.0000,0
68300,50.5706,32.000000,1,0.00,0.0000,0
68320,50.5854,32.000000,1,0.00,0.0000,0
68340,50.6002,32.000000,1,0.00,0.0000,0
68360,50.6150,32.000000,1,0.00,0.0000,0
68380,50.6298,32.000000,1,0.00,0.0000,0
68400,50.6446,32.000000,1,0.00,0.0000,0
68420,50.6594,32.000000,1,0.00,0.0000,0
68440,50.6742,32.000000,1,0.00,0.0000,0
68460,50.6890,32.000000,1,0.00,0.0000,0
68480,50.7038,32.000000,1,0.00,0.0000,0
68500,50.7187,32.000000,1,0.00,0.0000,0
68520,50.7335,32.000000,1,0.00,0.0000,0
68540,50.7483,32.000000,1,0.00,0.0000,0
68560,50.7631,32.000000,1,0.00,0.0000,0
68580,50.7779,32.000000,1,0.00,0.0000,0
68600,50.7927,32.000000,1,0.00,0.0000,0
68620,50.8075,32.000000,1,0.00,0.0000,0
68640,50.8223,32.000000,1,0.00,0.0000,0
68660,50.8371,32.000000,1,0.00,0.0000,0
68680,50.8519,32.000000,1,0.00,0.0000,0
68700,50.8667,32.000000,1,0.00,0.0000,0
68720,50.8815,32.000000,1,0.00,0.0000,0
68740,50.8964,32.000000,1,0.00,0.0000,0
68760,50.9112,32.000000,1,0.00,0.0000,0
68780,50.9260,32.000000,1,0.00,0.0000,0
68800,50.9408,32.000000,1,0.00,0.0000,0
68820,50.9556,32.000000,1,0.00,0.0000,0
68840,50.9704,32.000000,1,0.00,0.0000,0
68860,50.9852,32.000000,1,0.00,0.0000,0
68880,51.0000,32.000000,1,0.00,0.0000,0
68900,51.0148,32.000000,1,0.00,0.0000,0
68920,51.0296,32.000000,1,0.00,0.0000,0
68940,51.0444,32.000000,1,0.00,0.0000,0
68960,51.0592,32.000000,1,0.00,0.0000,0
68980,51.0741,32.000000,1,0.00,0.0000,0
69000,51.0889,32.000000,1,0.00,0.0000,0
69020,51.1037,32.000000,1,0.00,0.0000,0
69040,51.1185,32.000000,1,0.00,0.0000,0
69060,51.1333,32.000000,1,0.00,0.0000,0
69080,51.1481,32.000000,1,0.00,0.0000,0
69100,51.1629,32.000000,1,0.00,0.0000,0
69120,51.1777,32.000000,1,0.00,0.0000,0
69140,51.1925,32.000000,1,0.00,0.0000,0
69160,51.2073,32.000000,1,0.00,0.0000,0
69180,51.2221,32.000000,1,0.00,0.0000,0
69200,51.2369,32.000000,1,0.00,0.0000,0
69220,51.2518,32.000000,1,0.00,0.0000,0
69240,51.2666,32.000000,1,0.00,0.0000,0
69260,51.2814,32.000000,1,0.00,0.0000,0
69280,51.2962,32.000000,1,0.00,0.0000,0
69300,51.3110,32.000000,1,0.00,0.0000,0
69320,51.3258,32.000000,1,0.00,0.0000,0
69340,51.3406,32.000000,1,0.00,0.0000,0
69360,51.3554,32.000000,1,0.00,0.0000,0
69380,51.3702,32.000000,1,0.00,0.0000,0
69400,51.3850,32.000000,1,0.00,0.0000,0
69420,51.3998,32.000000,1,0.00,0.0000,0
69440,51.4146,32.000000,1,0.00,0.0000,0
69460,51.4295,32.000000,1,0.00,0.0000,0
69480,51.4443,32.000000,1,0.00,0.0000,0
69500,51.4591,32.000000,1,0.00,0.0000,0
69520,51.4739,32.000000,1,0.00,0.0000,0
69540,51.4887,32.000000,1,0.00,0.0000,0
69560,51.5035,32.000000,1,0.00,0.0000,0
69580,51.5183,32.000000,1,0.00,0.0000,0
69600,51.5331,32.000000,1,0.00,0.0000,0
69620,51.5479,32.000000,1,0.00,0.0000,0
69640,51.5627,32.000000,1,0.00,0.0000,0
69660,51.5775,32.000000,1,0.00,0.0000,0
69680,51.5923,32.000000,1,0.00,0.0000,0
69700,51.6072,32.000000,1,0.00,0.0000,0
69720,51.6220,32.000000,1,0.00,0.0000,0
69740,51.6368,32.000000,1,0.00,0.0000,0
69760,51.6516,32.000000,1,0.00,0.0000,0
69780,51.6664,32.000000,1,0.00,0.0000,0
69800,51.6812,32.000000,1,0.00,0.0000,0
69820,51.6960,32.000000,1,0.00,0.0000,0
69840,51.7108,32.000000,1,0.00,0.0000,0
69860,51.7256,32.000000,1,0.00,0.0000,0
69880,51.7404,32.000000,1,0.00,0.0000,0
69900,51.7552,32.000000,1,0.00,0.0000,0
69920,51.7701,32.000000,1,0.00,0.0000,0
69940,51.7849,32.000000,1,0.00,0.0000,0
69960,51.7997,32.000000,1,0.00,0.0000,0
69980,51.8145,32.000000,1,0.00,0.0000,0
70000,51.8293,32.000000,1,0.00,0.0000,0
70020,51.8441,32.000000,1,0.00,0.0000,0
70040,51.8589,32.000000,1,0.00,0.0000,0
70060,51.8737,32.000000,1,0.00,0.0000,0
70080,51.8885,32.000000,1,0.00,0.0000,0
70100,51.9033,32.000000,1,0.00,0.0000,0
70120,51.9181,32.000000,1,0.00,0.0000,0
70140,51.9329,32.000000,1,0.00,0.0000,0
70160,51.9478,32.000000,1,0.00,0.0000,0
70180,51.9626,32.000000,1,0.00,0.0000,0
70200,51.9774,32.000000,1,0.00,0.0000,0
70220,51.9922,32.000000,1,0.00,0.0000,0
70240,52.0070,32.000000,1,0.00,0.0000,0
70260,52.0218,32.000000,1,0.00,0.0000,0
70280,52.0366,32.000000,1,0.00,0.0000,0
70300,52.0514,32.000000,1,0.00,0.0000,0
70320,52.0662,32.000000,1,0.00,0.0000,0
70340,52.0810,32.000000,1,0.00,0.0000,0
70360,52.0958,32.000000,1,0.00,0.0000,0
70380,52.1106,32.000000,1,0.00,0.0000,0
70400,52.1255,32.000000,1,0.00,0.0000,0
70420,52.1403,32.000000,1,0.00,0.0000,0
70440,52.1551,32.000000,1,0.00,0.0000,0
70460,52.1699,32.000000,1,0.00,0.0000,0
70480,52.1847,32.000000,1,0.00,0.0000,0
70500,52.1995,32.000000,1,0.00,0.0000,0
70520,52.2143,32.000000,1,0.00,0.0000,0
70540,52.2291,32.000000,1,0.00,0.0000,0
70560,52.2439,32.000000,1,0.00,0.0000,0
70580,52.2587,32.000000,1,0.00,0.0000,0
70600,52.2735,32.000000,1,0.00,0.0000,0
70620,52.2883,32.000000,1,0.00,0.0000,0
70640,52.3032,32.000000,1,0.00,0.0000,0
70660,52.3180,32.000000,1,0.00,0.0000,0
70680,52.3328,32.000000,1,0.00,0.0000,0
70700,52.3476,32.000000,1,0.00,0.0000,0
70720,52.3624,32.000000,1,0.00,0.0000,0
70740,52.3772,32.000000,1,0.00,0.0000,0
70760,52.3920,32.000000,1,0.00,0.0000,0
70780,52.4068,32.000000,1,0.00,0.0000,0
70800,52.4216,32.000000,1,0.00,0.0000,0
70820,52.4364,32.000000,1,0.00,0.0000,0
70840,52.4512,32.000000,1,0.00,0.0000,0
70860,52.4660,32.000000,1,0.00,0.0000,0
70880,52.4809,32.000000,1,0.00,0.0000,0
70900,52.4957,32.000000,1,0.00,0.0000,0
70920,52.5105,32.000000,1,0.00,0.0000,0
70940,52.5253,32.000000,1,0.00,0.0000,0
70960,52.5401,32.000000,1,0.00,0.0000,0
70980,52.5549,32.000000,1,0.00,0.0000,0
71000,52.5697,32.000000,1,0.00,0.0000,0
71020,52.5845,32.000000,1,0.00,0.0000,0
71040,52.5993,32.000000,1,0.00,0.0000,0
71060,52.6141,32.000000,1,0.00,0.0000,0
71080,52.6289,32.000000,1,0.00,0.0000,0
71100,52.6437,32.000000,1,0.00,0.0000,0
71120,52.6586,32.000000,1,0.00,0.0000,0
71140,52.6734,32.000000,1,0.00,0.0000,0
71160,52.6882,32.000000,1,0.00,0.0000,0
71180,52.7030,32.000000,1,0.00,0.0000,0
71200,52.7178,32.000000,1,0.00,0.0000,0
71220,52.7326,32.000000,1,0.00,0.0000,0
71240,52.7474,32.000000,1,0.00,0.0000,0
71260,52.7622,32.000000,1,0.00,0.0000,0
71280,52.7770,32.000000,1,0.00,0.0000,0
71300,52.7918,32.000000,1,0.00,0.0000,0
71320,52.8066,32.000000,1,0.00,0.0000,0
71340,52.8214,32.000000,1,0.00,0.0000,0
71360,52.8363,32.000000,1,0.00,0.0000,0
71380,52.8511,32.000000,1,0.00,0.0000,0
71400,52.8659,32.000000,1,0.00,0.0000,0
71420,52.8807,32.000000,1,0.00,0.0000,0
71440,52.8955,32.000000,1,0.00,0.0000,0
71460,52.9103,32.000000,1,0.00,0.0000,0
71480,52.9251,32.000000,1,0.00,0.0000,0
71500,52.9399,32.000000,1,0.00,0.0000,0
71520,52.9547,32.000000,1,0.00,0.0000,0
71540,52.9695,32.000000,1,0.00,0.0000,0
71560,52.9843,32.000000,1,0.00,0.0000,0
71580,52.9991,32.000000,1,0.00,0.0000,0
71600,53.0140,32.000000,1,0.00,0.0000,0
71620,53.0288,32.000000,1,0.00,0.0000,0
71640,53.0436,32.000000,1,0.00,0.0000,0
71660,53.0584,32.000000,1,0.00,0.0000,0
71680,53.0732,32.000000,1,0.00,0.0000,0
71700,53.0880,32.000000,1,0.00,0.0000,0
71720,53.1028,32.000000,1,0.00,0.0000,0
71740,53.1176,32.000000,1,0.00,0.0000,0
71760,53.1324,32.000000,1,0.00,0.0000,0
71780,53.1472,32.000000,1,0.00,0.0000,0
71800,53.1620,32.000000,1,0.00,0.0000,0
71820,53.1768,32.000000,1,0.00,0.0000,0
71840,53.1917,32.000000,1,0.00,0.0000,0
71860,53.2065,32.000000,1,0.00,0.0000,0
71880,53.2213,32.000000,1,0.00,0.0000,0
71900,53.2361,32.000000,1,0.00,0.0000,0
71920,53.2509,32.000000,1,0.00,0.0000,0
71940,53.2657,32.000000,1,0.00,0.0000,0
71960,53.2805,32.000000,1,0.00,0.0000,0
71980,53.2953,32.000000,1,0.00,0.0000,0
72000,53.3101,32.000000,1,0.00,0.0000,0
72020,53.3249,32.000000,1,0.00,0.0000,0
72040,53.3397,32.000000,1,0.00,0.0000,0
72060,53.3545,32.000000,1,0.00,0.0000,0
72080,53.3694,32.000000,1,0.00,0.0000,0
72100,53.3842,32.000000,1,0.00,0.0000,0
72120,53.3990,32.000000,1,0.00,0.0000,0
72140,53.4138,32.000000,1,0.00,0.0000,0
72160,53.4286,32.000000,1,0.00,0.0000,0
72180,53.4434,32.000000,1,0.00,0.0000,0
72200,53.4582,32.000000,1,0.00,0.0000,0
72220,53.4730,32.000000,1,0.00,0.0000,0
72240,53.4878,32.000000,1,0.00,0.0000,0
72260,53.5026,32.000000,1,0.00,0.0000,0
72280,53.5174,32.000000,1,0.00,0.0000,0
72300,53.5322,32.000000,1,0.00,0.0000,0
72320,53.5471,32.000000,1,0.00,0.0000,0
72340,53.5619,32.000000,1,0.00,0.0000,0
72360,53.5767,32.000000,1,0.00,0.0000,0
72380,53.5915,32.000000,1,0.00,0.0000,0
72400,53.6063,32.000000,1,0.00,0.0000,0
72420,53.6211,32.000000,1,0.00,0.0000,0
72440,53.6359,32.000000,1,0.00,0.0000,0
72460,53.6507,32.000000,1,0.00,0.0000,0
72480,53.6655,32.000000,1,0.00,0.0000,0
72500,53.6803,32.000000,1,0.00,0.0000,0
72520,53.6951,32.000000,1,0.00,0.0000,0
72540,53.7099,32.000000,1,0.00,0.0000,0
72560,53.7248,32.000000,1,0.00,0.0000,0
72580,53.7396,32.000000,1,0.00,0.0000,0
72600,53.7544,32.000000,1,0.00,0.0000,0
72620,53.7692,32.000000,1,0.00,0.0000,0
72640,53.7840,32.000000,1,0.00,0.0000,0
72660,53.7988,32.000000,1,0.00,0.0000,0
72680,53.8136,32.000000,1,0.00,0.0000,0
72700,53.8284,32.000000,1,0.00,0.0000,0
72720,53.8432,32.000000,1,0.00,0.0000,0
72740,53.8580,32.000000,1,0.00,0.0000,0
72760,53.8728,32.000000,1,0.00,0.0000,0
72780,53.8876,32.000000,1,0.00,0.0000,0
72800,53.9025,32.000000,1,0.00,0.0000,0
72820,53.9173,32.000000,1,0.00,0.0000,0
72840,53.9321,32.000000,1,0.00,0.0000,0
72860,53.9469,32.000000,1,0.00,0.0000,0
72880,53.9617,32.000000,1,0.00,0.0000,0
72900,53.9765,32.000000,1,0.00,0.0000,0
72920,53.9913,32.000000,1,0.00,0.0000,0
72940,54.0061,32.000000,1,0.00,0.0000,0
72960,54.0209,32.000000,1,0.00,0.0000,0
72980,54.0357,32.000000,1,0.00,0.0000,0
73000,54.0505,32.000000,1,0.00,0.0000,0
73020,54.0653,32.000000,1,0.00,0.0000,0
73040,54.0802,32.000000,1,0.00,0.0000,0
73060,54.0950,32.000000,1,0.00,0.0000,0
73080,54.1098,32.000000,1,0.00,0.0000,0
73100,54.1246,32.000000,1,0.00,0.0000,0
73120,54.1394,32.000000,1,0.00,0.0000,0
73140,54.1542,32.000000,1,0.00,0.0000,0
73160,54.1690,32.000000,1,0.00,0.0000,0
73180,54.1838,32.000000,1,0.00,0.0000,0
73200,54.1986,32.000000,1,0.00,0.0000,0
73220,54.2134,32.000000,1,0.00,0.0000,0
73240,54.2282,32.000000,1,0.00,0.0000,0
73260,54.2430,32.000000,1,0.00,0.0000,0
73280,54.2579,32.000000,1,0.00,0.0000,0
73300,54.2727,32.000000,1,0.00,0.0000,0
73320,54.2875,32.000000,1,0.00,0.0000,0
73340,54.3023,32.000000,1,0.00,0.0000,0
73360,54.3171,32.000000,1,0.00,0.0000,0
73380,54.3319,32.000000,1,0.00,0.0000,0
73400,54.3467,32.000000,1,0.00,0.0000,0
73420,54.3615,32.000000,1,0.00,0.0000,0
73440,54.3763,32.000000,1,0.00,0.0000,0
73460,54.3911,32.000000,1,0.00,0.0000,0
73480,54.4059,32.000000,1,0.00,0.0000,0
73500,54.4207,32.000000,1,0.00,0.0000,0
73520,54.4356,32.000000,1,0.00,0.0000,0
73540,54.4504,32.000000,1,0.00,0.0000,0
73560,54.4652,32.000000,1,0.00,0.0000,0
73580,54.4800,32.000000,1,0.00,0.0000,0
73600,54.4948,32.000000,1,0.00,0.0000,0
73620,54.5096,32.000000,1,0.00,0.0000,0
73640,54.5244,32.000000,1,0.00,0.0000,0
73660,54.5392,32.000000,1,0.00,0.0000,0
73680,54.5540,32.000000,1,0.00,0.0000,0
73700,54.5688,32.000000,1,0.00,0.0000,0
73720,54.5836,32.000000,1,0.00,0.0000,0
73740,54.5984,32.000000,1,0.00,0.0000,0
73760,54.6133,32.000000,1,0.00,0.0000,0
73780,54.6281,32.000000,1,0.00,0.0000,0
73800,54.6429,32.000000,1,0.00,0.0000,0
73820,54.6577,32.000000,1,0.00,0.0000,0
73840,54.6725,32.000000,1,0.00,0.0000,0
73860,54.6873,32.000000,1,0.00,0.0000,0
73880,54.7021,32.000000,1,0.00,0.0000,0
73900,54.7169,32.000000,1,0.00,0.0000,0
73920,54.7317,32.000000,1,0.00,0.0000,0
73940,54.7465,32.000000,1,0.00,0.0000,0
73960,54.7613,32.000000,1,0.00,0.0000,0
73980,54.7761,32.000000,1,0.00,0.0000,0
74000,54.7910,32.000000,1,0.00,0.0000,0
74020,54.8058,32.000000,1,0.00,0.0000,0
74040,54.8206,32.000000,1,0.00,0.0000,0
74060,54.8354,32.000000,1,0.00,0.0000,0
74080,54.8502,32.000000,1,0.00,0.0000,0
74100,54.8650,32.000000,1,0.00,0.0000,0
74120,54.8798,32.000000,1,0.00,0.0000,0
74140,54.8946,32.000000,1,0.00,0.0000,0
74160,54.9094,32.000000,1,0.00,0.0000,0
74180,54.9242,32.000000,1,0.00,0.0000,0
74200,54.9390,32.000000,1,0.00,0.0000,0
74220,54.9538,32.000000,1,0.00,0.0000,0
74240,54.9687,32.000000,1,0.00,0.0000,0
74260,54.9835,32.000000,1,0.00,0.0000,0
74280,54.9983,32.000000,1,0.00,0.0000,0
74300,55.0131,32.000000,1,0.00,0.0000,0
74320,55.0279,32.000000,1,0.00,0.0000,0
74340,55.0427,32.000000,1,0.00,0.0000,0
74360,55.0575,32.000000,1,0.00,0.0000,0
74380,55.0723,32.000000,1,0.00,0.0000,0
74400,55.0871,32.000000,1,0.00,0.0000,0
74420,55.1019,32.000000,1,0.00,0.0000,0
74440,55.1167,32.000000,1,0.00,0.0000,0
74460,55.1315,32.000000,1,0.00,0.0000,0
74480,55.1464,32.000000,1,0.00,0.0000,0
74500,55.1612,32.000000,1,0.00,0.0000,0
74520,55.1760,32.000000,1,0.00,0.0000,0
74540,55.1908,32.000000,1,0.00,0.0000,0
74560,55.2056,32.000000,1,0.00,0.0000,0
74580,55.2204,32.000000,1,0.00,0.0000,0
74600,55.2352,32.000000,1,0.00,0.0000,0
74620,55.2500,32.000000,1,0.00,0.0000,0
74640,55.2648,32.000000,1,0.00,0.0000,0
74660,55.2796,32.000000,1,0.00,0.0000,0
74680,55.2944,32.000000,1,0.00,0.0000,0
74700,55.3092,32.000000,1,0.00,0.0000,0
74720,55.3241,32.000000,1,0.00,0.0000,0
74740,55.3389,32.000000,1,0.00,0.0000,0
74760,55.3537,32.000000,1,0.00,0.0000,0
74780,55.3685,32.000000,1,0.00,0.0000,0
74800,55.3833,32.000000,1,0.00,0.0000,0
74820,55.3981,32.000000,1,0.00,0.0000,0
74840,55.4129,32.000000,1,0.00,0.0000,0
74860,55.4277,32.000000,1,0.00,0.0000,0
74880,55.4425,32.000000,1,0.00,0.0000,0
74900,55.4573,32.000000,1,0.00,0.0000,0
74920,55.4721,32.000000,1,0.00,0.0000,0
74940,55.4870,32.000000,1,0.00,0.0000,0
74960,55.5018,32.000000,1,0.00,0.0000,0
74980,55.5166,32.000000,1,0.00,0.0000,0
75000,55.5314,32.000000,1,0.00,0.0000,0
75020,55.5462,32.000000,1,0.00,0.0000,0
75040,55.5610,32.000000,1,0.00,0.0000,0
75060,55.5758,32.000000,1,0.00,0.0000,0
75080,55.5906,32.000000,1,0.00,0.0000,0
75100,55.6054,32.000000,1,0.00,0.0000,0
75120,55.6202,32.000000,1,0.00,0.0000,0
75140,55.6350,32.000000,1,0.00,0.0000,0
75160,55.6498,32.000000,1,0.00,0.0000,0
75180,55.6647,32.000000,1,0.00,0.0000,0
75200,55.6795,32.000000,1,0.00,0.0000,0
75220,55.6943,32.000000,1,0.00,0.0000,0
75240,55.7091,32.000000,1,0.00,0.0000,0
75260,55.7239,32.000000,1,0.00,0.0000,0
75280,55.7387,32.000000,1,0.00,0.0000,0
75300,55.7535,32.000000,1,0.00,0.0000,0
75320,55.7683,32.000000,1,0.00,0.0000,0
75340,55.7831,32.000000,1,0.00,0.0000,0
75360,55.7979,32.000000,1,0.00,0.0000,0
75380,55.8127,32.000000,1,0.00,0.0000,0
75400,55.8275,32.000000,1,0.00,0.0000,0
75420,55.8424,32.000000,1,0.00,0.0000,0
75440,55.8572,32.000000,1,0.00,0.0000,0
75460,55.8720,32.000000,1,0.00,0.0000,0
75480,55.8868,32.000000,1,0.00,0.0000,0
75500,55.9016,32.000000,1,0.00,0.0000,0
75520,55.9164,32.000000,1,0.00,0.0000,0
75540,55.9312,32.000000,1,0.00,0.0000,0
75560,55.9460,32.000000,1,0.00,0.0000,0
75580,55.9608,32.000000,1,0.00,0.0000,0
75600,55.9756,32.000000,1,0.00,0.0000,0
75620,55.9904,32.000000,1,0.00,0.0000,0
75640,56.0052,32.000000,1,0.00,0.0000,0
75660,56.0201,32.000000,1,0.00,0.0000,0
75680,56.0349,32.000000,1,0.00,0.0000,0
75700,56.0497,32.000000,1,0.00,0.0000,0
75720,56.0645,32.000000,1,0.00,0.0000,0
75740,56.0793,32.000000,1,0.00,0.0000,0
75760,56.0941,32.000000,1,0.00,0.0000,0
75780,56.1089,32.000000,1,0.00,0.0000,0
75800,56.1237,32.000000,1,0.00,0.0000,0
75820,56.1385,32.000000,1,0.00,0.0000,0
75840,56.1533,32.000000,1,0.00,0.0000,0
75860,56.1681,32.000000,1,0.00,0.0000,0
75880,56.1829,32.000000,1,0.00,0.0000,0
75900,56.1978,32.000000,1,0.00,0.0000,0
75920,56.2126,32.000000,1,0.00,0.0000,0
75940,56.2274,32.000000,1,0.00,0.0000,0
75960,56.2422,32.000000,1,0.00,0.0000,0
75980,56.2570,32.000000,1,0.00,0.0000,0
76000,56.2718,32.000000,1,0.00,0.0000,0
76020,56.2866,32.000000,1,0.00,0.0000,0
76040,56.3014,32.000000,1,0.00,0.0000,0
76060,56.3162,32.000000,1,0.00,0.0000,0
76080,56.3310,32.000000,1,0.00,0.0000,0
76100,56.3458,32.000000,1,0.00,0.0000,0
76120,56.3606,32.000000,1,0.00,0.0000,0
76140,56.3755,32.000000,1,0.00,0.0000,0
76160,56.3903,32.000000,1,0.00,0.0000,0
76180,56.4051,32.000000,1,0.00,0.0000,0
76200,56.4199,32.000000,1,0.00,0.0000,0
76220,56.4347,32.000000,1,0.00,0.0000,0
76240,56.4495,32.000000,1,0.00,0.0000,0
76260,56.4643,32.000000,1,0.00,0.0000,0
76280,56.4791,32.000000,1,0.00,0.0000,0
76300,56.4939,32.000000,1,0.00,0.0000,0
76320,56.5087,32.000000,1,0.00,0.0000,0
76340,56.5235,32.000000,1,0.00,0.0000,0
76360,56.5383,32.000000,1,0.00,0.0000,0
76380,56.5532,32.000000,1,0.00,0.0000,0
76400,56.5680,32.000000,1,0.00,0.0000,0
76420,56.5828,32.000000,1,0.00,0.0000,0
76440,56.5976,32.000000,1,0.00,0.0000,0
76460,56.6124,32.000000,1,0.00,0.0000,0
76480,56.6272,32.000000,1,0.00,0.0000,0
76500,56.6420,32.000000,1,0.00,0.0000,0
76520,56.6568,32.000000,1,0.00,0.0000,0
76540,56.6716,32.000000,1,0.00,0.0000,0
76560,56.6864,32.000000,1,0.00,0.0000,0
76580,56.7012,32.000000,1,0.00,0.0000,0
76600,56.7160,32.000000,1,0.00,0.0000,0
76620,56.7309,32.000000,1,0.00,0.0000,0
76640,56.7457,32.000000,1,0.00,0.0000,0
76660,56.7605,32.000000,1,0.00,0.0000,0
76680,56.7753,32.000000,1,0.00,0.0000,0
76700,56.7901,32.000000,1,0.00,0.0000,0
76720,56.8049,32.000000,1,0.00,0.0000,0
76740,56.8197,32.000000,1,0.00,0.0000,0
76760,56.8345,32.000000,1,0.00,0.0000,0
76780,56.8493,32.000000,1,0.00,0.0000,0
76800,56.8641,32.000000,1,0.00,0.0000,0
76820,56.8789,32.000000,1,0.00,0.0000,0
76840,56.8937,32.000000,1,0.00,0.0000,0
76860,56.9086,32.000000,1,0.00,0.0000,0
76880,56.9234,32.000000,1,0.00,0.0000,0
76900,56.9382,32.000000,1,0.00,0.0000,0
76920,56.9530,32.000000,1,0.00,0.0000,0
76940,56.9678,32.000000,1,0.00,0.0000,0
76960,56.9826,32.000000,1,0.00,0.0000,0
76980,56.9974,32.000000,1,0.00,0.0000,0
77000,57.0122,32.000000,1,0.00,0.0000,0
77020,57.0270,32.000000,1,0.00,0.0000,0
77040,57.0418,32.000000,1,0.00,0.0000,0
77060,57.0566,32.000000,1,0.00,0.0000,0
77080,57.0714,32.000000,1,0.00,0.0000,0
77100,57.0863,32.000000,1,0.00,0.0000,0
77120,57.1011,32.000000,1,0.00,0.0000,0
77140,57.1159,32.000000,1,0.00,0.0000,0
77160,57.1307,32.000000,1,0.00,0.0000,0
77180,57.1455,32.000000,1,0.00,0.0000,0
77200,57.1603,32.000000,1,0.00,0.0000,0
77220,57.1751,32.000000,1,0.00,0.0000,0
77240,57.1899,32.000000,1,0.00,0.0000,0
77260,57.2047,32.000000,1,0.00,0.0000,0
77280,57.2195,32.000000,1,0.00,0.0000,0
77300,57.2343,32.000000,1,0.00,0.0000,0
77320,57.2491,32.000000,1,0.00,0.0000,0
77340,57.2640,32.000000,1,0.00,0.0000,0
77360,57.2788,32.000000,1,0.00,0.0000,0
77380,57.2936,32.000000,1,0.00,0.0000,0
77400,57.3084,32.000000,1,0.00,0.0000,0
77420,57.3232,32.000000,1,0.00,0.0000,0
77440,57.3380,32.000000,1,0.00,0.0000,0
77460,57.3528,32.000000,1,0.00,0.0000,0
77480,57.3676,32.000000,1,0.00,0.0000,0
77500,57.3824,32.000000,1,0.00,0.0000,0
77520,57.3972,32.000000,1,0.00,0.0000,0
77540,57.4120,32.000000,1,0.00,0.0000,0
77560,57.4268,32.000000,1,0.00,0.0000,0
77580,57.4417,32.000000,1,0.00,0.0000,0
77600,57.4565,32.000000,1,0.00,0.0000,0
77620,57.4713,32.000000,1,0.00,0.0000,0
77640,57.4861,32.000000,1,0.00,0.0000,0
77660,57.5009,32.000000,1,0.00,0.0000,0
77680,57.5157,32.000000,1,0.00,0.0000,0
77700,57.5305,32.000000,1,0.00,0.0000,0
77720,57.5453,32.000000,1,0.00,0.0000,0
77740,57.5601,32.000000,1,0.00,0.0000,0
77760,57.5749,32.000000,1,0.00,0.0000,0
77780,57.5897,32.000000,1,0.00,0.0000,0
77800,57.6045,32.000000,1,0.00,0.0000,0
77820,57.6194,32.000000,1,0.00,0.0000,0
77840,57.6342,32.000000,1,0.00,0.0000,0
77860,57.6490,32.000000,1,0.00,0.0000,0
77880,57.6638,32.000000,1,0.00,0.0000,0
77900,57.6786,32.000000,1,0.00,0.0000,0
77920,57.6934,32.000000,1,0.00,0.0000,0
77940,57.7082,32.000000,1,0.00,0.0000,0
77960,57.7230,32.000000,1,0.00,0.0000,0
77980,57.7378,32.000000,1,0.00,0.0000,0
78000,57.7526,32.000000,1,0.00,0.0000,0
78020,57.7674,32.000000,1,0.00,0.0000,0
78040,57.7822,32.000000,1,0.00,0.0000,0
78060,57.7971,32.000000,1,0.00,0.0000,0
78080,57.8119,32.000000,1,0.00,0.0000,0
78100,57.8267,32.000000,1,0.00,0.0000,0
78120,57.8415,32.000000,1,0.00,0.0000,0
78140,57.8563,32.000000,1,0.00,0.0000,0
78160,57.8711,32.000000,1,0.00,0.0000,0
78180,57.8859,32.000000,1,0.00,0.0000,0
78200,57.9007,32.000000,1,0.00,0.0000,0
78220,57.9155,32.000000,1,0.00,0.0000,0
78240,57.9303,32.000000,1,0.00,0.0000,0
78260,57.9451,32.000000,1,0.00,0.0000,0
78280,57.9599,32.000000,1,0.00,0.0000,0
78300,57.9748,32.000000,1,0.00,0.0000,0
78320,57.9896,32.000000,1,0.00,0.0000,0
78340,58.0044,32.000000,1,0.00,0.0000,0
78360,58.0192,32.000000,1,0.00,0.0000,0
78380,58.0340,32.000000,1,0.00,0.0000,0
78400,58.0488,32.000000,1,0.00,0.0000,0
78420,58.0636,32.000000,1,0.00,0.0000,0
78440,58.0784,32.000000,1,0.00,0.0000,0
78460,58.0932,32.000000,1,0.00,0.0000,0
78480,58.1080,32.000000,1,0.00,0.0000,0
78500,58.1228,32.000000,1,0.00,0.0000,0
78520,58.1376,32.000000,1,0.00,0.0000,0
78540,58.1525,32.000000,1,0.00,0.0000,0
78560,58.1673,32.000000,1,0.00,0.0000,0
78580,58.1821,32.000000,1,0.00,0.0000,0
78600,58.1969,32.000000,1,0.00,0.0000,0
78620,58.2117,32.000000,1,0.00,0.0000,0
78640,58.2265,32.000000,1,0.00,0.0000,0
78660,58.2413,32.000000,1,0.00,0.0000,0
78680,58.2561,32.000000,1,0.00,0.0000,0
78700,58.2709,32.000000,1,0.00,0.0000,0
78720,58.2857,32.000000,1,0.00,0.0000,0
78740,58.3005,32.000000,1,0.00,0.0000,0
78760,58.3153,32.000000,1,0.00,0.0000,0
78780,58.3302,32.000000,1,0.00,0.0000,0
78800,58.3450,32.000000,1,0.00,0.0000,0
78820,58.3598,32.000000,1,0.00,0.0000,0
78840,58.3746,32.000000,1,0.00,0.0000,0
78860,58.3894,32.000000,1,0.00,0.0000,0
78880,58.4042,32.000000,1,0.00,0.0000,0
78900,58.4190,32.000000,1,0.00,0.0000,0
78920,58.4338,32.000000,1,0.00,0.0000,0
78940,58.4486,32.000000,1,0.00,0.0000,0
78960,58.4634,32.000000,1,0.00,0.0000,0
78980,58.4782,32.000000,1,0.00,0.0000,0
79000,58.4930,32.000000,1,0.00,0.0000,0
79020,58.5079,32.000000,1,0.00,0.0000,0
79040,58.5227,32.000000,1,0.00,0.0000,0
79060,58.5375,32.000000,1,0.00,0.0000,0
79080,58.5523,32.000000,1,0.00,0.0000,0
79100,58.5671,32.000000,1,0.00,0.0000,0
79120,58.5819,32.000000,1,0.00,0.0000,0
79140,58.5967,32.000000,1,0.00,0.0000,0
79160,58.6115,32.000000,1,0.00,0.0000,0
79180,58.6263,32.000000,1,0.00,0.0000,0
79200,58.6411,32.000000,1,0.00,0.0000,0
79220,58.6559,32.000000,1,0.00,0.0000,0
79240,58.6707,32.000000,1,0.00,0.0000,0
79260,58.6856,32.000000,1,0.00,0.0000,0
79280,58.7004,32.000000,1,0.00,0.0000,0
79300,58.7152,32.000000,1,0.00,0.0000,0
79320,58.7300,32.000000,1,0.00,0.0000,0
79340,58.7448,32.000000,1,0.00,0.0000,0
79360,58.7596,32.000000,1,0.00,0.0000,0
79380,58.7744,32.000000,1,0.00,0.0000,0
79400,58.7892,32.000000,1,0.00,0.0000,0
79420,58.8040,32.000000,1,0.00,0.0000,0
79440,58.8188,32.000000,1,0.00,0.0000,0
79460,58.8336,32.000000,1,0.00,0.0000,0
79480,58.8484,32.000000,1,0.00,0.0000,0
79500,58.8633,32.000000,1,0.00,0.0000,0
79520,58.8781,32.000000,1,0.00,0.0000,0
79540,58.8929,32.000000,1,0.00,0.0000,0
79560,58.9077,32.000000,1,0.00,0.0000,0
79580,58.9225,32.000000,1,0.00,0.0000,0
79600,58.9373,32.000000,1,0.00,0.0000,0
79620,58.9521,32.000000,1,0.00,0.0000,0
79640,58.9669,32.000000,1,0.00,0.0000,0
79660,58.9817,32.000000,1,0.00,0.0000,0
79680,58.9965,32.000000,1,0.00,0.0000,0
79700,59.0113,32.000000,1,0.00,0.0000,0
79720,59.0261,32.000000,1,0.00,0.0000,0
79740,59.0410,32.000000,1,0.00,0.0000,0
79760,59.0558,32.000000,1,0.00,0.0000,0
79780,59.0706,32.000000,1,0.00,0.0000,0
79800,59.0854,32.000000,1,0.00,0.0000,0
79820,59.1002,32.000000,1,0.00,0.0000,0
79840,59.1150,32.000000,1,0.00,0.0000,0
79860,59.1298,32.000000,1,0.00,0.0000,0
79880,59.1446,32.000000,1,0.00,0.0000,0
79900,59.1594,32.000000,1,0.00,0.0000,0
79920,59.1742,32.000000,1,0.00,0.0000,0
79940,59.1890,32.000000,1,0.00,0.0000,0
79960,59.2039,32.000000,1,0.00,0.0000,0
79980,59.2187,32.000000,1,0.00,0.0000,0
80000,59.2335,32.000000,1,0.00,0.0000,0
80020,59.2483,32.000000,1,0.00,0.0000,0
80040,59.2631,32.000000,1,0.00,0.0000,0
80060,59.2779,32.000000,1,0.00,0.0000,0
80080,59.2927,32.000000,1,0.00,0.0000,0
80100,59.3075,32.000000,1,0.00,0.0000,0
80120,59.3223,32.000000,1,0.00,0.0000,0
80140,59.3371,32.000000,1,0.00,0.0000,0
80160,59.3519,32.000000,1,0.00,0.0000,0
80180,59.3667,32.000000,1,0.00,0.0000,0
80200,59.3816,32.000000,1,0.00,0.0000,0
80220,59.3964,32.000000,1,0.00,0.0000,0
80240,59.4112,32.000000,1,0.00,0.0000,0
80260,59.4260,32.000000,1,0.00,0.0000,0
80280,59.4408,32.000000,1,0.00,0.0000,0
80300,59.4556,32.000000,1,0.00,0.0000,0
80320,59.4704,32.000000,1,0.00,0.0000,0
80340,59.4852,32.000000,1,0.00,0.0000,0
80360,59.5000,32.000000,1,0.00,0.0000,0
80380,59.5148,32.000000,1,0.00,0.0000,0
80400,59.5296,32.000000,1,0.00,0.0000,0
80420,59.5444,32.000000,1,0.00,0.0000,0
80440,59.5593,32.000000,1,0.00,0.0000,0
80460,59.5741,32.000000,1,0.00,0.0000,0
80480,59.5889,32.000000,1,0.00,0.0000,0
80500,59.6037,32.000000,1,0.00,0.0000,0
80520,59.6185,32.000000,1,0.00,0.0000,0
80540,59.6333,32.000000,1,0.00,0.0000,0
80560,59.6481,32.000000,1,0.00,0.0000,0
80580,59.6629,32.000000,1,0.00,0.0000,0
80600,59.6777,32.000000,1,0.00,0.0000,0
80620,59.6925,32.000000,1,0.00,0.0000,0
80640,59.7073,32.000000,1,0.00,0.0000,0
80660,59.7221,32.000000,1,0.00,0.0000,0
80680,59.7370,32.000000,1,0.00,0.0000,0
80700,59.7518,32.000000,1,0.00,0.0000,0
80720,59.7666,32.000000,1,0.00,0.0000,0
80740,59.7814,32.000000,1,0.00,0.0000,0
80760,59.7962,32.000000,1,0.00,0.0000,0
80780,59.8110,32.000000,1,0.00,0.0000,0
80800,59.8258,32.000000,1,0.00,0.0000,0
80820,59.8406,32.000000,1,0.00,0.0000,0
80840,59.8554,32.000000,1,0.00,0.0000,0
80860,59.8702,32.000000,1,0.00,0.0000,0
80880,59.8850,32.000000,1,0.00,0.0000,0
80900,59.8998,32.000000,1,0.00,0.0000,0
80920,59.9147,32.000000,1,0.00,0.0000,0
80940,59.9295,32.000000,1,0.00,0.0000,0
80960,59.9443,32.000000,1,0.00,0.0000,0
80980,59.9591,32.000000,1,0.00,0.0000,0
81000,59.9739,32.000000,1,0.00,0.0000,0
81020,59.9887,32.000000,1,0.00,0.0000,0
81040,60.0035,32.000000,1,0.00,0.0000,0
81060,60.0183,32.000000,1,0.00,0.0000,0
81080,60.0331,32.000000,1,0.00,0.0000,0
81100,60.0479,32.000000,1,0.00,0.0000,0
81120,60.0627,32.000000,1,0.00,0.0000,0
81140,60.0775,32.000000,1,0.00,0.0000,0
81160,60.0924,32.000000,1,0.00,0.0000,0
81180,60.1072,32.000000,1,0.00,0.0000,0
81200,60.1220,32.000000,1,0.00,0.0000,0
81220,60.1368,32.000000,1,0.00,0.0000,0
81240,60.1516,32.000000,1,0.00,0.0000,0
81260,60.1664,32.000000,1,0.00,0.0000,0
81280,60.1812,32.000000,1,0.00,0.0000,0
81300,60.1960,32.000000,1,0.00,0.0000,0
81320,60.2108,32.000000,1,0.00,0.0000,0
81340,60.2256,32.000000,1,0.00,0.0000,0
81360,60.2404,32.000000,1,0.00,0.0000,0
81380,60.2552,32.000000,1,0.00,0.0000,0
81400,60.2701,32.000000,1,0.00,0.0000,0
81420,60.2849,32.000000,1,0.00,0.0000,0
81440,60.2997,32.000000,1,0.00,0.0000,0
81460,60.3145,32.000000,1,0.00,0.0000,0
81480,60.3293,32.000000,1,0.00,0.0000,0
81500,60.3441,32.000000,1,0.00,0.0000,0
81520,60.3589,32.000000,1,0.00,0.0000,0
81540,60.3737,32.000000,1,0.00,0.0000,0
81560,60.3885,32.000000,1,0.00,0.0000,0
81580,60.4033,32.000000,1,0.00,0.0000,0
81600,60.4181,32.000000,1,0.00,0.0000,0
81620,60.4329,32.000000,1,0.00,0.0000,0
81640,60.4478,32.000000,1,0.00,0.0000,0
81660,60.4626,32.000000,1,0.00,0.0000,0
81680,60.4774,32.000000,1,0.00,0.0000,0
81700,60.4922,32.000000,1,0.00,0.0000,0
81720,60.5070,32.000000,1,0.00,0.0000,0
81740,60.5218,32.000000,1,0.00,0.0000,0
81760,60.5366,32.000000,1,0.00,0.0000,0
81780,60.5514,32.000000,1,0.00,0.0000,0
81800,60.5662,32.000000,1,0.00,0.0000,0
81820,60.5810,32.000000,1,0.00,0.0000,0
81840,60.5958,32.000000,1,0.00,0.0000,0
81860,60.6106,32.000000,1,0.00,0.0000,0
81880,60.6255,32.000000,1,0.00,0.0000,0
81900,60.6403,32.000000,1,0.00,0.0000,0
81920,60.6551,32.000000,1,0.00,0.0000,0
81940,60.6699,32.000000,1,0.00,0.0000,0
81960,60.6847,32.000000,1,0.00,0.0000,0
81980,60.6995,32.000000,1,0.00,0.0000,0
82000,60.7143,32.000000,1,0.00,0.0000,0
82020,60.7291,32.000000,1,0.00,0.0000,0
82040,60.7439,32.000000,1,0.00,0.0000,0
82060,60.7587,32.000000,1,0.00,0.0000,0
82080,60.7735,32.000000,1,0.00,0.0000,0
82100,60.7883,32.000000,1,0.00,0.0000,0
82120,60.8032,32.000000,1,0.00,0.0000,0
82140,60.8180,32.000000,1,0.00,0.0000,0
82160,60.8328,32.000000,1,0.00,0.0000,0
82180,60.8476,32.000000,1,0.00,0.0000,0
82200,60.8624,32.000000,1,0.00,0.0000,0
82220,60.8772,32.000000,1,0.00,0.0000,0
82240,60.8920,32.000000,1,0.00,0.0000,0
82260,60.9068,32.000000,1,0.00,0.0000,0
82280,60.9216,32.000000,1,0.00,0.0000,0
82300,60.9364,32.000000,1,0.00,0.0000,0
82320,60.9512,32.000000,1,0.00,0.0000,0
82340,60.9660,32.000000,1,0.00,0.0000,0
82360,60.9809,32.000000,1,0.00,0.0000,0
82380,60.9957,32.000000,1,0.00,0.0000,0
82400,61.0105,32.000000,1,0.00,0.0000,0
82420,61.0253,32.000000,1,0.00,0.0000,0
82440,61.0401,32.000000,1,0.00,0.0000,0
82460,61.0549,32.000000,1,0.00,0.0000,0
82480,61.0697,32.000000,1,0.00,0.0000,0
82500,61.0845,32.000000,1,0.00,0.0000,0
82520,61.0993,32.000000,1,0.00,0.0000,0
82540,61.1141,32.000000,1,0.00,0.0000,0
82560,61.1289,32.000000,1,0.00,0.0000,0
82580,61.1437,32.000000,1,0.00,0.0000,0
82600,61.1586,32.000000,1,0.00,0.0000,0
82620,61.1734,32.000000,1,0.00,0.0000,0
82640,61.1882,32.000000,1,0.00,0.0000,0
82660,61.2030,32.000000,1,0.00,0.0000,0
82680,61.2178,32.000000,1,0.00,0.0000,0
82700,61.2326,32.000000,1,0.00,0.0000,0
82720,61.2474,32.000000,1,0.00,0.0000,0
82740,61.2622,32.000000,1,0.00,0.0000,0
82760,61.2770,32.000000,1,0.00,0.0000,0
82780,61.2918,32.000000,1,0.00,0.0000,0
82800,61.3066,32.000000,1,0.00,0.0000,0
82820,61.3214,32.000000,1,0.00,0.0000,0
82840,61.3363,32.000000,1,0.00,0.0000,0
82860,61.3511,32.000000,1,0.00,0.0000,0
82880,61.3659,32.000000,1,0.00,0.0000,0
82900,61.3807,32.000000,1,0.00,0.0000,0
82920,61.3955,32.000000,1,0.00,0.0000,0
82940,61.4103,32.000000,1,0.00,0.0000,0
82960,61.4251,32.000000,1,0.00,0.0000,0
82980,61.4399,32.000000,1,0.00,0.0000,0
83000,61.4547,32.000000,1,0.00,0.0000,0
83020,61.4695,32.000000,1,0.00,0.0000,0
83040,61.4843,32.000000,1,0.00,0.0000,0
83060,61.4991,32.000000,1,0.00,0.0000,0
83080,61.5140,32.000000,1,0.00,0.0000,0
83100,61.5288,32.000000,1,0.00,0.0000,0
83120,61.5436,32.000000,1,0.00,0.0000,0
83140,61.5584,32.000000,1,0.00,0.0000,0
83160,61.5732,32.000000,1,0.00,0.0000,0
83180,61.5880,32.000000,1,0.00,0.0000,0
83200,61.6028,32.000000,1,0.00,0.0000,0
83220,61.6176,32.000000,1,0.00,0.0000,0
83240,61.6324,32.000000,1,0.00,0.0000,0
83260,61.6472,32.000000,1,0.00,0.0000,0
83280,61.6620,32.000000,1,0.00,0.0000,0
83300,61.6768,32.000000,1,0.00,0.0000,0
83320,61.6917,32.000000,1,0.00,0.0000,0
83340,61.7065,32.000000,1,0.00,0.0000,0
83360,61.7213,32.000000,1,0.00,0.0000,0
83380,61.7361,32.000000,1,0.00,0.0000,0
83400,61.7509,32.000000,1,0.00,0.0000,0
83420,61.7657,32.000000,1,0.00,0.0000,0
83440,61.7805,32.000000,1,0.00,0.0000,0
83460,61.7953,32.000000,1,0.00,0.0000,0
83480,61.8101,32.000000,1,0.00,0.0000,0
83500,61.8249,32.000000,1,0.00,0.0000,0
83520,61.8397,32.000000,1,0.00,0.0000,0
83540,61.8545,32.000000,1,0.00,0.0000,0
83560,61.8694,32.000000,1,0.00,0.0000,0
83580,61.8842,32.000000,1,0.00,0.0000,0
83600,61.8990,32.000000,1,0.00,0.0000,0
83620,61.9138,32.000000,1,0.00,0.0000,0
83640,61.9286,32.000000,1,0.00,0.0000,0
83660,61.9434,32.000000,1,0.00,0.0000,0
83680,61.9582,32.000000,1,0.00,0.0000,0
83700,61.9730,32.000000,1,0.00,0.0000,0
83720,61.9878,32.000000,1,0.00,0.0000,0
83740,62.0026,32.000000,1,0.00,0.0000,0
83760,62.0174,32.000000,1,0.00,0.0000,0
83780,62.0322,32.000000,1,0.00,0.0000,0
83800,62.0471,32.000000,1,0.00,0.0000,0
83820,62.0619,32.000000,1,0.00,0.0000,0
83840,62.0767,32.000000,1,0.00,0.0000,0
83860,62.0915,32.000000,1,0.00,0.0000,0
83880,62.1063,32.000000,1,0.00,0.0000,0
83900,62.1211,32.000000,1,0.00,0.0000,0
83920,62.1359,32.000000,1,0.00,0.0000,0
83940,62.1507,32.000000,1,0.00,0.0000,0
83960,62.1655,32.000000,1,0.00,0.0000,0
83980,62.1803,32.000000,1,0.00,0.0000,0
84000,62.1951,32.000000,1,0.00,0.0000,0
84020,62.2099,32.000000,1,0.00,0.0000,0
84040,62.2248,32.000000,1,0.00,0.0000,0
84060,62.2396,32.000000,1,0.00,0.0000,0
84080,62.2544,32.000000,1,0.00,0.0000,0
84100,62.2692,32.000000,1,0.00,0.0000,0
84120,62.2840,32.000000,1,0.00,0.0000,0
84140,62.2988,32.000000,1,0.00,0.0000,0
84160,62.3136,32.000000,1,0.00,0.0000,0
84180,62.3284,32.000000,1,0.00,0.0000,0
84200,62.3432,32.000000,1,0.00,0.0000,0
84220,62.3580,32.000000,1,0.00,0.0000,0
84240,62.3728,32.000000,1,0.00,0.0000,0
84260,62.3876,32.000000,1,0.00,0.0000,0
84280,62.4025,32.000000,1,0.00,0.0000,0
84300,62.4173,32.000000,1,0.00,0.0000,0
84320,62.4321,32.000000,1,0.00,0.0000,0
84340,62.4469,32.000000,1,0.00,0.0000,0
84360,62.4617,32.000000,1,0.00,0.0000,0
84380,62.4765,32.000000,1,0.00,0.0000,0
84400,62.4913,32.000000,1,0.00,0.0000,0
84420,62.5061,32.000000,1,0.00,0.0000,0
84440,62.5209,32.000000,1,0.00,0.0000,0
84460,62.5357,32.000000,1,0.00,0.0000,0
84480,62.5505,32.000000,1,0.00,0.0000,0
84500,62.5653,32.000000,1,0.00,0.0000,0
84520,62.5802,32.000000,1,0.00,0.0000,0
84540,62.5950,32.000000,1,0.00,0.0000,0
84560,62.6098,32.000000,1,0.00,0.0000,0
84580,62.6246,32.000000,1,0.00,0.0000,0
84600,62.6394,32.000000,1,0.00,0.0000,0
84620,62.6542,32.000000,1,0.00,0.0000,0
84640,62.6690,32.000000,1,0.00,0.0000,0
84660,62.6838,32.000000,1,0.00,0.0000,0
84680,62.6986,32.000000,1,0.00,0.0000,0
84700,62.7134,32.000000,1,0.00,0.0000,0
84720,62.7282,32.000000,1,0.00,0.0000,0
84740,62.7430,32.000000,1,0.00,0.0000,0
84760,62.7579,32.000000,1,0.00,0.0000,0
84780,62.7727,32.000000,1,0.00,0.0000,0
84800,62.7875,32.000000,1,0.00,0.0000,0
84820,62.8023,32.000000,1,0.00,0.0000,0
84840,62.8171,32.000000,1,0.00,0.0000,0
84860,62.8319,32.000000,1,0.00,0.0000,0
84880,62.8467,32.000000,1,0.00,0.0000,0
84900,62.8615,32.000000,1,0.00,0.0000,0
84920,62.8763,32.000000,1,0.00,0.0000,0
84940,62.8911,32.000000,1,0.00,0.0000,0
84960,62.9059,32.000000,1,0.00,0.0000,0
84980,62.9208,32.000000,1,0.00,0.0000,0
85000,62.9356,32.000000,1,0.00,0.0000,0
85020,62.9504,32.000000,1,0.00,0.0000,0
85040,62.9652,32.000000,1,0.00,0.0000,0
85060,62.9800,32.000000,1,0.00,0.0000,0
85080,62.9948,32.000000,1,0.00,0.0000,0
85100,63.0096,32.000000,1,0.00,0.0000,0
85120,63.0244,32.000000,1,0.00,0.0000,0
85140,63.0392,32.000000,1,0.00,0.0000,0
85160,63.0540,32.000000,1,0.00,0.0000,0
85180,63.0688,32.000000,1,0.00,0.0000,0
85200,63.0836,32.000000,1,0.00,0.0000,0
85220,63.0985,32.000000,1,0.00,0.0000,0
85240,63.1133,32.000000,1,0.00,0.0000,0
85260,63.1281,32.000000,1,0.00,0.0000,0
85280,63.1429,32.000000,1,0.00,0.0000,0
85300,63.1577,32.000000,1,0.00,0.0000,0
85320,63.1725,32.000000,1,0.00,0.0000,0
85340,63.1873,32.000000,1,0.00,0.0000,0
85360,63.2021,32.000000,1,0.00,0.0000,0
85380,63.2169,32.000000,1,0.00,0.0000,0
85400,63.2317,32.000000,1,0.00,0.0000,0
85420,63.2465,32.000000,1,0.00,0.0000,0
85440,63.2613,32.000000,1,0.00,0.0000,0
85460,63.2762,32.000000,1,0.00,0.0000,0
85480,63.2910,32.000000,1,0.00,0.0000,0
85500,63.3058,32.000000,1,0.00,0.0000,0
85520,63.3206,32.000000,1,0.00,0.0000,0
85540,63.3354,32.000000,1,0.00,0.0000,0
85560,63.3502,32.000000,1,0.00,0.0000,0
85580,63.3650,32.000000,1,0.00,0.0000,0
85600,63.3798,32.000000,1,0.00,0.0000,0
85620,63.3946,32.000000,1,0.00,0.0000,0
85640,63.4094,32.000000,1,0.00,0.0000,0
85660,63.4242,32.000000,1,0.00,0.0000,0
85680,63.4390,32.000000,1,0.00,0.0000,0
85700,63.4539,32.000000,1,0.00,0.0000,0
85720,63.4687,32.000000,1,0.00,0.0000,0
85740,63.4835,32.000000,1,0.00,0.0000,0
85760,63.4983,32.000000,1,0.00,0.0000,0
85780,63.5131,32.000000,1,0.00,0.0000,0
85800,63.5279,32.000000,1,0.00,0.0000,0
85820,63.5427,32.000000,1,0.00,0.0000,0
85840,63.5575,32.000000,1,0.00,0.0000,0
85860,63.5723,32.000000,1,0.00,0.0000,0
85880,63.5871,32.000000,1,0.00,0.0000,0
85900,63.6019,32.000000,1,0.00,0.0000,0
85920,63.6167,32.000000,1,0.00,0.0000,0
85940,63.6316,32.000000,1,0.00,0.0000,0
85960,63.6464,32.000000,1,0.00,0.0000,0
85980,63.6612,32.000000,1,0.00,0.0000,0
86000,63.6760,32.000000,1,0.00,0.0000,0
86020,63.6908,32.000000,1,0.00,0.0000,0
86040,63.7056,32.000000,1,0.00,0.0000,0
86060,63.7204,32.000000,1,0.00,0.0000,0
86080,63.7352,32.000000,1,0.00,0.0000,0
86100,63.7500,32.000000,1,0.00,0.0000,0
86120,63.7648,32.000000,1,0.00,0.0000,0
86140,63.7796,32.000000,1,0.00,0.0000,0
86160,63.7944,32.000000,1,0.00,0.0000,0
86180,63.8093,32.000000,1,0.00,0.0000,0
86200,63.8241,32.000000,1,0.00,0.0000,0
86220,63.8389,32.000000,1,0.00,0.0000,0
86240,63.8537,32.000000,1,0.00,0.0000,0
86260,63.8685,32.000000,1,0.00,0.0000,0
86280,63.8833,32.000000,1,0.00,0.0000,0
86300,63.8981,32.000000,1,0.00,0.0000,0
86320,63.9129,32.000000,1,0.00,0.0000,0
86340,63.9277,32.000000,1,0.00,0.0000,0
86360,63.9425,32.000000,1,0.00,0.0000,0
86380,63.9573,32.000000,1,0.00,0.0000,0
86400,63.9721,32.000000,1,0.00,0.0000,0
86420,63.9870,32.000000,1,0.00,0.0000,0
86440,64.0018,32.000000,1,0.00,0.0000,0
86460,64.0166,32.000000,1,0.00,0.0000,0
86480,64.0314,32.000000,1,0.00,0.0000,0
86500,64.0462,32.000000,1,0.00,0.0000,0
86520,64.0610,32.000000,1,0.00,0.0000,0
86540,64.0758,32.000000,1,0.00,0.0000,0
86560,64.0906,32.000000,1,0.00,0.0000,0
86580,64.1054,32.000000,1,0.00,0.0000,0
86600,64.1202,32.000000,1,0.00,0.0000,0
86620,64.1350,32.000000,1,0.00,0.0000,0
86640,64.1498,32.000000,1,0.00,0.0000,0
86660,64.1647,32.000000,1,0.00,0.0000,0
86680,64.1795,32.000000,1,0.00,0.0000,0
86700,64.1943,32.000000,1,0.00,0.0000,0
86720,64.2091,32.000000,1,0.00,0.0000,0
86740,64.2239,32.000000,1,0.00,0.0000,0
86760,64.2387,32.000000,1,0.00,0.0000,0
86780,64.2535,32.000000,1,0.00,0.0000,0
86800,64.2683,32.000000,1,0.00,0.0000,0
86820,64.2831,32.000000,1,0.00,0.0000,0
86840,64.2979,32.000000,1,0.00,0.0000,0
86860,64.3127,32.000000,1,0.00,0.0000,0
86880,64.3275,32.000000,1,0.00,0.0000,0
86900,64.3424,32.000000,1,0.00,0.0000,0
86920,64.3572,32.000000,1,0.00,0.0000,0
86940,64.3720,32.000000,1,0.00,0.0000,0
86960,64.3868,32.000000,1,0.00,0.0000,0
86980,64.4016,32.000000,1,0.00,0.0000,0
87000,64.4164,32.000000,1,0.00,0.0000,0
87020,64.4312,32.000000,1,0.00,0.0000,0
87040,64.4460,32.000000,1,0.00,0.0000,0
87060,64.4608,32.000000,1,0.00,0.0000,0
87080,64.4756,32.000000,1,0.00,0.0000,0
87100,64.4904,32.000000,1,0.00,0.0000,0
87120,64.5052,32.000000,1,0.00,0.0000,0
87140,64.5201,32.000000,1,0.00,0.0000,0
87160,64.5349,32.000000,1,0.00,0.0000,0
87180,64.5497,32.000000,1,0.00,0.0000,0
87200,64.5645,32.000000,1,0.00,0.0000,0
87220,64.5793,32.000000,1,0.00,0.0000,0
87240,64.5941,32.000000,1,0.00,0.0000,0
87260,64.6089,32.000000,1,0.00,0.0000,0
87280,64.6237,32.000000,1,0.00,0.0000,0
87300,64.6385,32.000000,1,0.00,0.0000,0
87320,64.6533,32.000000,1,0.00,0.0000,0
87340,64.6681,32.000000,1,0.00,0.0000,0
87360,64.6829,32.000000,1,0.00,0.0000,0
87380,64.6978,32.000000,1,0.00,0.0000,0
87400,64.7126,32.000000,1,0.00,0.0000,0
87420,64.7274,32.000000,1,0.00,0.0000,0
87440,64.7422,32.000000,1,0.00,0.0000,0
87460,64.7570,32.000000,1,0.00,0.0000,0
87480,64.7718,32.000000,1,0.00,0.0000,0
87500,64.7866,32.000000,1,0.00,0.0000,0
87520,64.8014,32.000000,1,0.00,0.0000,0
87540,64.8162,32.000000,1,0.00,0.0000,0
87560,64.8310,32.000000,1,0.00,0.0000,0
87580,64.8458,32.000000,1,0.00,0.0000,0
87600,64.8606,32.000000,1,0.00,0.0000,0
87620,64.8755,32.000000,1,0.00,0.0000,0
87640,64.8903,32.000000,1,0.00,0.0000,0
87660,64.9051,32.000000,1,0.00,0.0000,0
87680,64.9199,32.000000,1,0.00,0.0000,0
87700,64.9347,32.000000,1,0.00,0.0000,0
87720,64.9495,32.000000,1,0.00,0.0000,0
87740,64.9643,32.000000,1,0.00,0.0000,0
87760,64.9791,32.000000,1,0.00,0.0000,0
87780,64.9939,32.000000,1,0.00,0.0000,0
87800,65.0087,32.000000,1,0.00,0.0000,0
87820,65.0235,32.000000,1,0.00,0.0000,0
87840,65.0383,32.000000,1,0.00,0.0000,0
87860,65.0532,32.000000,1,0.00,0.0000,0
87880,65.0680,32.000000,1,0.00,0.0000,0
87900,65.0828,32.000000,1,0.00,0.0000,0
87920,65.0976,32.000000,1,0.00,0.0000,0
87940,65.1124,32.000000,1,0.00,0.0000,0
87960,65.1272,32.000000,1,0.00,0.0000,0
87980,65.1420,32.000000,1,0.00,0.0000,0
88000,65.1568,32.000000,1,0.00,0.0000,0
88020,65.1716,32.000000,1,0.00,0.0000,0
88040,65.1864,32.000000,1,0.00,0.0000,0
88060,65.2012,32.000000,1,0.00,0.0000,0
88080,65.2160,32.000000,1,0.00,0.0000,0
88100,65.2309,32.000000,1,0.00,0.0000,0
88120,65.2457,32.000000,1,0.00,0.0000,0
88140,65.2605,32.000000,1,0.00,0.0000,0
88160,65.2753,32.000000,1,0.00,0.0000,0
88180,65.2901,32.000000,1,0.00,0.0000,0
88200,65.3049,32.000000,1,0.00,0.0000,0
88220,65.3197,32.000000,1,0.00,0.0000,0
88240,65.3345,32.000000,1,0.00,0.0000,0
88260,65.3493,32.000000,1,0.00,0.0000,0
88280,65.3641,32.000000,1,0.00,0.0000,0
88300,65.3789,32.000000,1,0.00,0.0000,0
88320,65.3937,32.000000,1,0.00,0.0000,0
88340,65.4086,32.000000,1,0.00,0.0000,0
88360,65.4234,32.000000,1,0.00,0.0000,0
88380,65.4382,32.000000,1,0.00,0.0000,0
88400,65.4530,32.000000,1,0.00,0.0000,0
88420,65.4678,32.000000,1,0.00,0.0000,0
88440,65.4826,32.000000,1,0.00,0.0000,0
88460,65.4974,32.000000,1,0.00,0.0000,0
88480,65.5122,32.000000,1,0.00,0.0000,0
88500,65.5270,32.000000,1,0.00,0.0000,0
88520,65.5418,32.000000,1,0.00,0.0000,0
88540,65.5566,32.000000,1,0.00,0.0000,0
88560,65.5714,32.000000,1,0.00,0.0000,0
88580,65.5863,32.000000,1,0.00,0.0000,0
88600,65.6011,32.000000,1,0.00,0.0000,0
88620,65.6159,32.000000,1,0.00,0.0000,0
88640,65.6307,32.000000,1,0.00,0.0000,0
88660,65.6455,32.000000,1,0.00,0.0000,0
88680,65.6603,32.000000,1,0.00,0.0000,0
88700,65.6751,32.000000,1,0.00,0.0000,0
88720,65.6899,32.000000,1,0.00,0.0000,0
88740,65.7047,32.000000,1,0.00,0.0000,0
88760,65.7195,32.000000,1,0.00,0.0000,0
88780,65.7343,32.000000,1,0.00,0.0000,0
88800,65.7491,32.000000,1,0.00,0.0000,0
88820,65.7640,32.000000,1,0.00,0.0000,0
88840,65.7788,32.000000,1,0.00,0.0000,0
88860,65.7936,32.000000,1,0.00,0.0000,0
88880,65.8084,32.000000,1,0.00,0.0000,0
88900,65.8232,32.000000,1,0.00,0.0000,0
88920,65.8380,32.000000,1,0.00,0.0000,0
88940,65.8528,32.000000,1,0.00,0.0000,0
88960,65.8676,32.000000,1,0.00,0.0000,0
88980,65.8824,32.000000,1,0.00,0.0000,0
89000,65.8972,32.000000,1,0.00,0.0000,0
89020,65.9120,32.000000,1,0.00,0.0000,0
89040,65.9268,32.000000,1,0.00,0.0000,0
89060,65.9417,32.000000,1,0.00,0.0000,0
89080,65.9565,32.000000,1,0.00,0.0000,0
89100,65.9713,32.000000,1,0.00,0.0000,0
89120,65.9861,32.000000,1,0.00,0.0000,0
89140,66.0009,32.000000,1,0.00,0.0000,0
89160,66.0157,32.000000,1,0.00,0.0000,0
89180,66.0305,32.000000,1,0.00,0.0000,0
89200,66.0453,32.000000,1,0.00,0.0000,0
89220,66.0601,32.000000,1,0.00,0.0000,0
89240,66.0749,32.000000,1,0.00,0.0000,0
89260,66.0897,32.000000,1,0.00,0.0000,0
89280,66.1045,32.000000,1,0.00,0.0000,0
89300,66.1194,32.000000,1,0.00,0.0000,0
89320,66.1342,32.000000,1,0.00,0.0000,0
89340,66.1490,32.000000,1,0.00,0.0000,0
89360,66.1638,32.000000,1,0.00,0.0000,0
89380,66.1786,32.000000,1,0.00,0.0000,0
89400,66.1934,32.000000,1,0.00,0.0000,0
89420,66.2082,32.000000,1,0.00,0.0000,0
89440,66.2230,32.000000,1,0.00,0.0000,0
89460,66.2378,32.000000,1,0.00,0.0000,0
89480,66.2526,32.000000,1,0.00,0.0000,0
89500,66.2674,32.000000,1,0.00,0.0000,0
89520,66.2822,32.000000,1,0.00,0.0000,0
89540,66.2971,32.000000,1,0.00,0.0000,0
89560,66.3119,32.000000,1,0.00,0.0000,0
89580,66.3267,32.000000,1,0.00,0.0000,0
89600,66.3415,32.000000,1,0.00,0.0000,0
89620,66.3563,32.000000,1,0.00,0.0000,0
89640,66.3711,32.000000,1,0.00,0.0000,0
89660,66.3859,32.000000,1,0.00,0.0000,0
89680,66.4007,32.000000,1,0.00,0.0000,0
89700,66.4155,32.000000,1,0.00,0.0000,0
89720,66.4303,32.000000,1,0.00,0.0000,0
89740,66.4451,32.000000,1,0.00,0.0000,0
89760,66.4599,32.000000,1,0.00,0.0000,0
89780,66.4748,32.000000,1,0.00,0.0000,0
89800,66.4896,32.000000,1,0.00,0.0000,0
89820,66.5044,32.000000,1,0.00,0.0000,0
89840,66.5192,32.000000,1,0.00,0.0000,0
89860,66.5340,32.000000,1,0.00,0.0000,0
89880,66.5488,32.000000,1,0.00,0.0000,0
89900,66.5636,32.000000,1,0.00,0.0000,0
89920,66.5784,32.000000,1,0.00,0.0000,0
89940,66.5932,32.000000,1,0.00,0.0000,0
89960,66.6080,32.000000,1,0.00,0.0000,0
89980,66.6228,32.000000,1,0.00,0.0000,0
90000,66.6377,32.000000,1,0.00,0.0000,0
90020,66.6525,32.000000,1,0.00,0.0000,0
90040,66.6673,32.000000,1,0.00,0.0000,0
90060,66.6821,32.000000,1,0.00,0.0000,0
90080,66.6969,32.000000,1,0.00,0.0000,0
90100,66.7117,32.000000,1,0.00,0.0000,0
90120,66.7265,32.000000,1,0.00,0.0000,0
90140,66.7413,32.000000,1,0.00,0.0000,0
90160,66.7561,32.000000,1,0.00,0.0000,0
90180,66.7709,32.000000,1,0.00,0.0000,0
90200,66.7857,32.000000,1,0.00,0.0000,0
90220,66.8005,32.000000,1,0.00,0.0000,0
90240,66.8154,32.000000,1,0.00,0.0000,0
90260,66.8302,32.000000,1,0.00,0.0000,0
90280,66.8450,32.000000,1,0.00,0.0000,0
90300,66.8598,32.000000,1,0.00,0.0000,0
90320,66.8746,32.000000,1,0.00,0.0000,0
90340,66.8894,32.000000,1,0.00,0.0000,0
90360,66.9042,32.000000,1,0.00,0.0000,0
90380,66.9190,32.000000,1,0.00,0.0000,0
90400,66.9338,32.000000,1,0.00,0.0000,0
90420,66.9486,32.000000,1,0.00,0.0000,0
90440,66.9634,32.000000,1,0.00,0.0000,0
90460,66.9782,32.000000,1,0.00,0.0000,0
90480,66.9931,32.000000,1,0.00,0.0000,0
90500,67.0079,32.000000,1,0.00,0.0000,0
90520,67.0227,32.000000,1,0.00,0.0000,0
90540,67.0375,32.000000,1,0.00,0.0000,0
90560,67.0523,32.000000,1,0.00,0.0000,0
90580,67.0671,32.000000,1,0.00,0.0000,0
90600,67.0819,32.000000,1,0.00,0.0000,0
90620,67.0967,32.000000,1,0.00,0.0000,0
90640,67.1115,32.000000,1,0.00,0.0000,0
90660,67.1263,32.000000,1,0.00,0.0000,0
90680,67.1411,32.000000,1,0.00,0.0000,0
90700,67.1559,32.000000,1,0.00,0.0000,0
90720,67.1708,32.000000,1,0.00,0.0000,0
90740,67.1856,32.000000,1,0.00,0.0000,0
90760,67.2004,32.000000,1,0.00,0.0000,0
90780,67.2152,32.000000,1,0.00,0.0000,0
90800,67.2300,32.000000,1,0.00,0.0000,0
90820,67.2448,32.000000,1,0.00,0.0000,0
90840,67.2596,32.000000,1,0.00,0.0000,0
90860,67.2744,32.000000,1,0.00,0.0000,0
90880,67.2892,32.000000,1,0.00,0.0000,0
90900,67.3040,32.000000,1,0.00,0.0000,0
90920,67.3188,32.000000,1,0.00,0.0000,0
90940,67.3336,32.000000,1,0.00,0.0000,0
90960,67.3485,32.000000,1,0.00,0.0000,0
90980,67.3633,32.000000,1,0.00,0.0000,0
91000,67.3781,32.000000,1,0.00,0.0000,0
91020,67.3929,32.000000,1,0.00,0.0000,0
91040,67.4077,32.000000,1,0.00,0.0000,0
91060,67.4225,32.000000,1,0.00,0.0000,0
91080,67.4373,32.000000,1,0.00,0.0000,0
91100,67.4521,32.000000,1,0.00,0.0000,0
91120,67.4669,32.000000,1,0.00,0.0000,0
91140,67.4817,32.000000,1,0.00,0.0000,0
91160,67.4965,32.000000,1,0.00,0.0000,0
91180,67.5113,32.000000,1,0.00,0.0000,0
91200,67.5262,32.000000,1,0.00,0.0000,0
91220,67.5410,32.000000,1,0.00,0.0000,0
91240,67.5558,32.000000,1,0.00,0.0000,0
91260,67.5706,32.000000,1,0.00,0.0000,0
91280,67.5854,32.000000,1,0.00,0.0000,0
91300,67.6002,32.000000,1,0.00,0.0000,0
91320,67.6150,32.000000,1,0.00,0.0000,0
91340,67.6298,32.000000,1,0.00,0.0000,0
91360,67.6446,32.000000,1,0.00,0.0000,0
91380,67.6594,32.000000,1,0.00,0.0000,0
91400,67.6742,32.000000,1,0.00,0.0000,0
91420,67.6890,32.000000,1,0.00,0.0000,0
91440,67.7039,32.000000,1,0.00,0.0000,0
91460,67.7187,32.000000,1,0.00,0.0000,0
91480,67.7335,32.000000,1,0.00,0.0000,0
91500,67.7483,32.000000,1,0.00,0.0000,0
91520,67.7631,32.000000,1,0.00,0.0000,0
91540,67.7779,32.000000,1,0.00,0.0000,0
91560,67.7927,32.000000,1,0.00,0.0000,0
91580,67.8075,32.000000,1,0.00,0.0000,0
91600,67.8223,32.000000,1,0.00,0.0000,0
91620,67.8371,32.000000,1,0.00,0.0000,0
91640,67.8519,32.000000,1,0.00,0.0000,0
91660,67.8667,32.000000,1,0.00,0.0000,0
91680,67.8816,32.000000,1,0.00,0.0000,0
91700,67.8964,32.000000,1,0.00,0.0000,0
91720,67.9112,32.000000,1,0.00,0.0000,0
91740,67.9260,32.000000,1,0.00,0.0000,0
91760,67.9408,32.000000,1,0.00,0.0000,0
91780,67.9556,32.000000,1,0.00,0.0000,0
91800,67.9704,32.000000,1,0.00,0.0000,0
91820,67.9852,32.000000,1,0.00,0.0000,0
91840,68.0000,32.000000,1,0.00,0.0000,0
91860,68.0148,32.000000,1,0.00,0.0000,0
91880,68.0296,32.000000,1,0.00,0.0000,0
91900,68.0444,32.000000,1,0.00,0.0000,0
91920,68.0593,32.000000,1,0.00,0.0000,0
91940,68.0741,32.000000,1,0.00,0.0000,0
91960,68.0889,32.000000,1,0.00,0.0000,0
91980,68.1037,32.000000,1,0.00,0.0000,0
92000,68.1185,32.000000,1,0.00,0.0000,0
92020,68.1333,32.000000,1,0.00,0.0000,0
92040,68.1481,32.000000,1,0.00,0.0000,0
92060,68.1629,32.000000,1,0.00,0.0000,0
92080,68.1777,32.000000,1,0.00,0.0000,0
92100,68.1925,32.000000,1,0.00,0.0000,0
92120,68.2073,32.000000,1,0.00,0.0000,0
92140,68.2221,32.000000,1,0.00,0.0000,0
92160,68.2370,32.000000,1,0.00,0.0000,0
92180,68.2518,32.000000,1,0.00,0.0000,0
92200,68.2666,32.000000,1,0.00,0.0000,0
92220,68.2814,32.000000,1,0.00,0.0000,0
92240,68.2962,32.000000,1,0.00,0.0000,0
92260,68.3110,32.000000,1,0.00,0.0000,0
92280,68.3258,32.000000,1,0.00,0.0000,0
92300,68.3406,32.000000,1,0.00,0.0000,0
92320,68.3554,32.000000,1,0.00,0.0000,0
92340,68.3702,32.000000,1,0.00,0.0000,0
92360,68.3850,32.000000,1,0.00,0.0000,0
92380,68.3998,32.000000,1,0.00,0.0000,0
92400,68.4147,32.000000,1,0.00,0.0000,0
92420,68.4295,32.000000,1,0.00,0.0000,0
92440,68.4443,32.000000,1,0.00,0.0000,0
92460,68.4591,32.000000,1,0.00,0.0000,0
92480,68.4739,32.000000,1,0.00,0.0000,0
92500,68.4887,32.000000,1,0.00,0.0000,0
92520,68.5035,32.000000,1,0.00,0.0000,0
92540,68.5183,32.000000,1,0.00,0.0000,0
92560,68.5331,32.000000,1,0.00,0.0000,0
92580,68.5479,32.000000,1,0.00,0.0000,0
92600,68.5627,32.000000,1,0.00,0.0000,0
92620,68.5775,32.000000,1,0.00,0.0000,0
92640,68.5924,32.000000,1,0.00,0.0000,0
92660,68.6072,32.000000,1,0.00,0.0000,0
92680,68.6220,32.000000,1,0.00,0.0000,0
92700,68.6368,32.000000,1,0.00,0.0000,0
92720,68.6516,32.000000,1,0.00,0.0000,0
92740,68.6664,32.000000,1,0.00,0.0000,0
92760,68.6812,32.000000,1,0.00,0.0000,0
92780,68.6960,32.000000,1,0.00,0.0000,0
92800,68.7108,32.000000,1,0.00,0.0000,0
92820,68.7256,32.000000,1,0.00,0.0000,0
92840,68.7404,32.000000,1,0.00,0.0000,0
92860,68.7552,32.000000,1,0.00,0.0000,0
92880,68.7701,32.000000,1,0.00,0.0000,0
92900,68.7849,32.000000,1,0.00,0.0000,0
92920,68.7997,32.000000,1,0.00,0.0000,0
92940,68.8145,32.000000,1,0.00,0.0000,0
92960,68.8293,32.000000,1,0.00,0.0000,0
92980,68.8441,32.000000,1,0.00,0.0000,0
93000,68.8589,32.000000,1,0.00,0.0000,0
93020,68.8737,32.000000,1,0.00,0.0000,0
93040,68.8885,32.000000,1,0.00,0.0000,0
93060,68.9033,32.000000,1,0.00,0.0000,0
93080,68.9181,32.000000,1,0.00,0.0000,0
93100,68.9329,32.000000,1,0.00,0.0000,0
93120,68.9478,32.000000,1,0.00,0.0000,0
93140,68.9626,32.000000,1,0.00,0.0000,0
93160,68.9774,32.000000,1,0.00,0.0000,0
93180,68.9922,32.000000,1,0.00,0.0000,0
93200,69.0070,32.000000,1,0.00,0.0000,0
93220,69.0218,32.000000,1,0.00,0.0000,0
93240,69.0366,32.000000,1,0.00,0.0000,0
93260,69.0514,32.000000,1,0.00,0.0000,0
93280,69.0662,32.000000,1,0.00,0.0000,0
93300,69.0810,32.000000,1,0.00,0.0000,0
93320,69.0958,32.000000,1,0.00,0.0000,0
93340,69.1106,32.000000,1,0.00,0.0000,0
93360,69.1255,32.000000,1,0.00,0.0000,0
93380,69.1403,32.000000,1,0.00,0.0000,0
93400,69.1551,32.000000,1,0.00,0.0000,0
93420,69.1699,32.000000,1,0.00,0.0000,0
93440,69.1847,32.000000,1,0.00,0.0000,0
93460,69.1995,32.000000,1,0.00,0.0000,0
93480,69.2143,32.000000,1,0.00,0.0000,0
93500,69.2291,32.000000,1,0.00,0.0000,0
93520,69.2439,32.000000,1,0.00,0.0000,0
93540,69.2587,32.000000,1,0.00,0.0000,0
93560,69.2735,32.000000,1,0.00,0.0000,0
93580,69.2883,32.000000,1,0.00,0.0000,0
93600,69.3032,32.000000,1,0.00,0.0000,0
93620,69.3180,32.000000,1,0.00,0.0000,0
93640,69.3328,32.000000,1,0.00,0.0000,0
93660,69.3476,32.000000,1,0.00,0.0000,0
93680,69.3624,32.000000,1,0.00,0.0000,0
93700,69.3772,32.000000,1,0.00,0.0000,0
93720,69.3920,32.000000,1,0.00,0.0000,0
93740,69.4068,32.000000,1,0.00,0.0000,0
93760,69.4216,32.000000,1,0.00,0.0000,0
93780,69.4364,32.000000,1,0.00,0.0000,0
93800,69.4512,32.000000,1,0.00,0.0000,0
93820,69.4660,32.000000,1,0.00,0.0000,0
93840,69.4809,32.000000,1,0.00,0.0000,0
93860,69.4957,32.000000,1,0.00,0.0000,0
93880,69.5105,32.000000,1,0.00,0.0000,0
93900,69.5253,32.000000,1,0.00,0.0000,0
93920,69.5401,32.000000,1,0.00,0.0000,0
93940,69.5549,32.000000,1,0.00,0.0000,0
93960,69.5697,32.000000,1,0.00,0.0000,0
93980,69.5845,32.000000,1,0.00,0.0000,0
94000,69.5993,32.000000,1,0.00,0.0000,0
94020,69.6141,32.000000,1,0.00,0.0000,0
94040,69.6289,32.000000,1,0.00,0.0000,0
94060,69.6437,32.000000,1,0.00,0.0000,0
94080,69.6586,32.000000,1,0.00,0.0000,0
94100,69.6734,32.000000,1,0.00,0.0000,0
94120,69.6882,32.000000,1,0.00,0.0000,0
94140,69.7030,32.000000,1,0.00,0.0000,0
94160,69.7178,32.000000,1,0.00,0.0000,0
94180,69.7326,32.000000,1,0.00,0.0000,0
94200,69.7474,32.000000,1,0.00,0.0000,0
94220,69.7622,32.000000,1,0.00,0.0000,0
94240,69.7770,32.000000,1,0.00,0.0000,0
94260,69.7918,32.000000,1,0.00,0.0000,0
94280,69.8066,32.000000,1,0.00,0.0000,0
94300,69.8214,32.000000,1,0.00,0.0000,0
94320,69.8363,32.000000,1,0.00,0.0000,0
94340,69.8511,32.000000,1,0.00,0.0000,0
94360,69.8659,32.000000,1,0.00,0.0000,0
94380,69.8807,32.000000,1,0.00,0.0000,0
94400,69.8955,32.000000,1,0.00,0.0000,0
94420,69.9103,32.000000,1,0.00,0.0000,0
94440,69.9251,32.000000,1,0.00,0.0000,0
94460,69.9399,32.000000,1,0.00,0.0000,0
94480,69.9547,32.000000,1,0.00,0.0000,0
94500,69.9695,32.000000,1,0.00,0.0000,0
94520,69.9843,32.000000,1,0.00,0.0000,0
94540,69.9991,32.000000,1,0.00,0.0000,0
94560,70.0140,32.000000,1,0.00,0.0000,0
94580,70.0288,32.000000,1,0.00,0.0000,0
94600,70.0436,32.000000,1,0.00,0.0000,0
94620,70.0584,32.000000,1,0.00,0.0000,0
94640,70.0732,32.000000,1,0.00,0.0000,0
94660,70.0880,32.000000,1,0.00,0.0000,0
94680,70.1028,32.000000,1,0.00,0.0000,0
94700,70.1176,32.000000,1,0.00,0.0000,0
94720,70.1324,32.000000,1,0.00,0.0000,0
94740,70.1472,32.000000,1,0.00,0.0000,0
94760,70.1620,32.000000,1,0.00,0.0000,0
94780,70.1768,32.000000,1,0.00,0.0000,0
94800,70.1917,32.000000,1,0.00,0.0000,0
94820,70.2065,32.000000,1,0.00,0.0000,0
94840,70.2213,32.000000,1,0.00,0.0000,0
94860,70.2361,32.000000,1,0.00,0.0000,0
94880,70.2509,32.000000,1,0.00,0.0000,0
94900,70.2657,32.000000,1,0.00,0.0000,0
94920,70.2805,32.000000,1,0.00,0.0000,0
94940,70.2953,32.000000,1,0.00,0.0000,0
94960,70.3101,32.000000,1,0.00,0.0000,0
94980,70.3249,32.000000,1,0.00,0.0000,0
95000,70.3397,32.000000,1,0.00,0.0000,0
95020,70.3546,32.000000,1,0.00,0.0000,0
95040,70.3694,32.000000,1,0.00,0.0000,0
95060,70.3842,32.000000,1,0.00,0.0000,0
95080,70.3990,32.000000,1,0.00,0.0000,0
95100,70.4138,32.000000,1,0.00,0.0000,0
95120,70.4286,32.000000,1,0.00,0.0000,0
95140,70.4434,32.000000,1,0.00,0.0000,0
95160,70.4582,32.000000,1,0.00,0.0000,0
95180,70.4730,32.000000,1,0.00,0.0000,0
95200,70.4878,32.000000,1,0.00,0.0000,0
95220,70.5026,32.000000,1,0.00,0.0000,0
95240,70.5174,32.000000,1,0.00,0.0000,0
95260,70.5323,32.000000,1,0.00,0.0000,0
95280,70.5471,32.000000,1,0.00,0.0000,0
95300,70.5619,32.000000,1,0.00,0.0000,0
95320,70.5767,32.000000,1,0.00,0.0000,0
95340,70.5915,32.000000,1,0.00,0.0000,0
95360,70.6063,32.000000,1,0.00,0.0000,0
95380,70.6211,32.000000,1,0.00,0.0000,0
95400,70.6359,32.000000,1,0.00,0.0000,0
95420,70.6507,32.000000,1,0.00,0.0000,0
95440,70.6655,32.000000,1,0.00,0.0000,0
95460,70.6803,32.000000,1,0.00,0.0000,0
95480,70.6951,32.000000,1,0.00,0.0000,0
95500,70.7100,32.000000,1,0.00,0.0000,0
95520,70.7248,32.000000,1,0.00,0.0000,0
95540,70.7396,32.000000,1,0.00,0.0000,0
95560,70.7544,32.000000,1,0.00,0.0000,0
95580,70.7692,32.000000,1,0.00,0.0000,0
95600,70.7840,32.000000,1,0.00,0.0000,0
95620,70.7988,32.000000,1,0.00,0.0000,0
95640,70.8136,32.000000,1,0.00,0.0000,0
95660,70.8284,32.000000,1,0.00,0.0000,0
95680,70.8432,32.000000,1,0.00,0.0000,0
95700,70.8580,32.000000,1,0.00,0.0000,0
95720,70.8728,32.000000,1,0.00,0.0000,0
95740,70.8877,32.000000,1,0.00,0.0000,0
95760,70.9025,32.000000,1,0.00,0.0000,0
95780,70.9173,32.000000,1,0.00,0.0000,0
95800,70.9321,32.000000,1,0.00,0.0000,0
95820,70.9469,32.000000,1,0.00,0.0000,0
95840,70.9617,32.000000,1,0.00,0.0000,0
95860,70.9765,32.000000,1,0.00,0.0000,0
95880,70.9913,32.000000,1,0.00,0.0000,0
95900,71.0061,32.000000,1,0.00,0.0000,0
95920,71.0209,32.000000,1,0.00,0.0000,0
95940,71.0357,32.000000,1,0.00,0.0000,0
95960,71.0505,32.000000,1,0.00,0.0000,0
95980,71.0654,32.000000,1,0.00,0.0000,0
96000,71.0802,32.000000,1,0.00,0.0000,0
96020,71.0950,32.000000,1,0.00,0.0000,0
96040,71.1098,32.000000,1,0.00,0.0000,0
96060,71.1246,32.000000,1,0.00,0.0000,0
96080,71.1394,32.000000,1,0.00,0.0000,0
96100,71.1542,32.000000,1,0.00,0.0000,0
96120,71.1690,32.000000,1,0.00,0.0000,0
96140,71.1838,32.000000,1,0.00,0.0000,0
96160,71.1986,32.000000,1,0.00,0.0000,0
96180,71.2134,32.000000,1,0.00,0.0000,0
96200,71.2282,32.000000,1,0.00,0.0000,0
96220,71.2431,32.000000,1,0.00,0.0000,0
96240,71.2579,32.000000,1,0.00,0.0000,0
96260,71.2727,32.000000,1,0.00,0.0000,0
96280,71.2875,32.000000,1,0.00,0.0000,0
96300,71.3023,32.000000,1,0.00,0.0000,0
96320,71.3171,32.000000,1,0.00,0.0000,0
96340,71.3319,32.000000,1,0.00,0.0000,0
96360,71.3467,32.000000,1,0.00,0.0000,0
96380,71.3615,32.000000,1,0.00,0.0000,0
96400,71.3763,32.000000,1,0.00,0.0000,0
96420,71.3911,32.000000,1,0.00,0.0000,0
96440,71.4059,32.000000,1,0.00,0.0000,0
96460,71.4208,32.000000,1,0.00,0.0000,0
96480,71.4356,32.000000,1,0.00,0.0000,0
96500,71.4504,32.000000,1,0.00,0.0000,0
96520,71.4652,32.000000,1,0.00,0.0000,0
96540,71.4800,32.000000,1,0.00,0.0000,0
96560,71.4948,32.000000,1,0.00,0.0000,0
96580,71.5096,32.000000,1,0.00,0.0000,0
96600,71.5244,32.000000,1,0.00,0.0000,0
96620,71.5392,32.000000,1,0.00,0.0000,0
96640,71.5540,32.000000,1,0.00,0.0000,0
96660,71.5688,32.000000,1,0.00,0.0000,0
96680,71.5836,32.000000,1,0.00,0.0000,0
96700,71.5985,32.000000,1,0.00,0.0000,0
96720,71.6133,32.000000,1,0.00,0.0000,0
96740,71.6281,32.000000,1,0.00,0.0000,0
96760,71.6429,32.000000,1,0.00,0.0000,0
96780,71.6577,32.000000,1,0.00,0.0000,0
96800,71.6725,32.000000,1,0.00,0.0000,0
96820,71.6873,32.000000,1,0.00,0.0000,0
96840,71.7021,32.000000,1,0.00,0.0000,0
96860,71.7169,32.000000,1,0.00,0.0000,0
96880,71.7317,32.000000,1,0.00,0.0000,0
96900,71.7465,32.000000,1,0.00,0.0000,0
96920,71.7613,32.000000,1,0.00,0.0000,0
96940,71.7762,32.000000,1,0.00,0.0000,0
96960,71.7910,32.000000,1,0.00,0.0000,0
96980,71.8058,32.000000,1,0.00,0.0000,0
97000,71.8206,32.000000,1,0.00,0.0000,0
97020,71.8354,32.000000,1,0.00,0.0000,0
97040,71.8502,32.000000,1,0.00,0.0000,0
97060,71.8650,32.000000,1,0.00,0.0000,0
97080,71.8798,32.000000,1,0.00,0.0000,0
97100,71.8946,32.000000,1,0.00,0.0000,0
97120,71.9094,32.000000,1,0.00,0.0000,0
97140,71.9242,32.000000,1,0.00,0.0000,0
97160,71.9390,32.000000,1,0.00,0.0000,0
97180,71.9539,32.000000,1,0.00,0.0000,0
97200,71.9687,32.000000,1,0.00,0.0000,0
97220,71.9835,32.000000,1,0.00,0.0000,0
97240,71.9983,32.000000,1,0.00,0.0000,0
97260,72.0131,32.000000,1,0.00,0.0000,0
97280,72.0279,32.000000,1,0.00,0.0000,0
97300,72.0427,32.000000,1,0.00,0.0000,0
97320,72.0575,32.000000,1,0.00,0.0000,0
97340,72.0723,32.000000,1,0.00,0.0000,0
97360,72.0871,32.000000,1,0.00,0.0000,0
97380,72.1019,32.000000,1,0.00,0.0000,0
97400,72.1167,32.000000,1,0.00,0.0000,0
97420,72.1316,32.000000,1,0.00,0.0000,0
97440,72.1464,32.000000,1,0.00,0.0000,0
97460,72.1612,32.000000,1,0.00,0.0000,0
97480,72.1760,32.000000,1,0.00,0.0000,0
97500,72.1908,32.000000,1,0.00,0.0000,0
97520,72.2056,32.000000,1,0.00,0.0000,0
97540,72.2204,32.000000,1,0.00,0.0000,0
97560,72.2352,32.000000,1,0.00,0.0000,0
97580,72.2500,32.000000,1,0.00,0.0000,0
97600,72.2648,32.000000,1,0.00,0.0000,0
97620,72.2796,32.000000,1,0.00,0.0000,0
97640,72.2944,32.000000,1,0.00,0.0000,0
97660,72.3093,32.000000,1,0.00,0.0000,0
97680,72.3241,32.000000,1,0.00,0.0000,0
97700,72.3389,32.000000,1,0.00,0.0000,0
97720,72.3537,32.000000,1,0.00,0.0000,0
97740,72.3685,32.000000,1,0.00,0.0000,0
97760,72.3833,32.000000,1,0.00,0.0000,0
97780,72.3981,32.000000,1,0.00,0.0000,0
97800,72.4129,32.000000,1,0.00,0.0000,0
97820,72.4277,32.000000,1,0.00,0.0000,0
97840,72.4425,32.000000,1,0.00,0.0000,0
97860,72.4573,32.000000,1,0.00,0.0000,0
97880,72.4721,32.000000,1,0.00,0.0000,0
97900,72.4870,32.000000,1,0.00,0.0000,0
97920,72.5018,32.000000,1,0.00,0.0000,0
97940,72.5166,32.000000,1,0.00,0.0000,0
97960,72.5314,32.000000,1,0.00,0.0000,0
97980,72.5462,32.000000,1,0.00,0.0000,0
98000,72.5610,32.000000,1,0.00,0.0000,0
98020,72.5758,32.000000,1,0.00,0.0000,0
98040,72.5906,32.000000,1,0.00,0.0000,0
98060,72.6054,32.000000,1,0.00,0.0000,0
98080,72.6202,32.000000,1,0.00,0.0000,0
98100,72.6350,32.000000,1,0.00,0.0000,0
98120,72.6498,32.000000,1,0.00,0.0000,0
98140,72.6647,32.000000,1,0.00,0.0000,0
98160,72.6795,32.000000,1,0.00,0.0000,0
98180,72.6943,32.000000,1,0.00,0.0000,0
98200,72.7091,32.000000,1,0.00,0.0000,0
98220,72.7239,32.000000,1,0.00,0.0000,0
98240,72.7387,32.000000,1,0.00,0.0000,0
98260,72.7535,32.000000,1,0.00,0.0000,0
98280,72.7683,32.000000,1,0.00,0.0000,0
98300,72.7831,32.000000,1,0.00,0.0000,0
98320,72.7979,32.000000,1,0.00,0.0000,0
98340,72.8127,32.000000,1,0.00,0.0000,0
98360,72.8275,32.000000,1,0.00,0.0000,0
98380,72.8424,32.000000,1,0.00,0.0000,0
98400,72.8572,32.000000,1,0.00,0.0000,0
98420,72.8720,32.000000,1,0.00,0.0000,0
98440,72.8868,32.000000,1,0.00,0.0000,0
98460,72.9016,32.000000,1,0.00,0.0000,0
98480,72.9164,32.000000,1,0.00,0.0000,0
98500,72.9312,32.000000,1,0.00,0.0000,0
98520,72.9460,32.000000,1,0.00,0.0000,0
98540,72.9608,32.000000,1,0.00,0.0000,0
98560,72.9756,32.000000,1,0.00,0.0000,0
98580,72.9904,32.000000,1,0.00,0.0000,0
98600,73.0052,32.000000,1,0.00,0.0000,0
98620,73.0201,32.000000,1,0.00,0.0000,0
98640,73.0349,32.000000,1,0.00,0.0000,0
98660,73.0497,32.000000,1,0.00,0.0000,0
98680,73.0645,32.000000,1,0.00,0.0000,0
98700,73.0793,32.000000,1,0.00,0.0000,0
98720,73.0941,32.000000,1,0.00,0.0000,0
98740,73.1089,32.000000,1,0.00,0.0000,0
98760,73.1237,32.000000,1,0.00,0.0000,0
98780,73.1385,32.000000,1,0.00,0.0000,0
98800,73.1533,32.000000,1,0.00,0.0000,0
98820,73.1681,32.000000,1,0.00,0.0000,0
98840,73.1829,32.000000,1,0.00,0.0000,0
98860,73.1978,32.000000,1,0.00,0.0000,0
98880,73.2126,32.000000,1,0.00,0.0000,0
98900,73.2274,32.000000,1,0.00,0.0000,0
98920,73.2422,32.000000,1,0.00,0.0000,0
98940,73.2570,32.000000,1,0.00,0.0000,0
98960,73.2718,32.000000,1,0.00,0.0000,0
98980,73.2866,32.000000,1,0.00,0.0000,0
99000,73.3014,32.000000,1,0.00,0.0000,0
99020,73.3162,32.000000,1,0.00,0.0000,0
99040,73.3310,32.000000,1,0.00,0.0000,0
99060,73.3458,32.000000,1,0.00,0.0000,0
99080,73.3606,32.000000,1,0.00,0.0000,0
99100,73.3755,32.000000,1,0.00,0.0000,0
99120,73.3903,32.000000,1,0.00,0.0000,0
99140,73.4051,32.000000,1,0.00,0.0000,0
99160,73.4199,32.000000,1,0.00,0.0000,0
99180,73.4347,32.000000,1,0.00,0.0000,0
99200,73.4495,32.000000,1,0.00,0.0000,0
99220,73.4643,32.000000,1,0.00,0.0000,0
99240,73.4791,32.000000,1,0.00,0.0000,0
99260,73.4939,32.000000,1,0.00,0.0000,0
99280,73.5087,32.000000,1,0.00,0.0000,0
99300,73.5235,32.000000,1,0.00,0.0000,0
99320,73.5383,32.000000,1,0.00,0.0000,0
99340,73.5532,32.000000,1,0.00,0.0000,0
99360,73.5680,32.000000,1,0.00,0.0000,0
99380,73.5828,32.000000,1,0.00,0.0000,0
99400,73.5976,32.000000,1,0.00,0.0000,0
99420,73.6124,32.000000,1,0.00,0.0000,0
99440,73.6272,32.000000,1,0.00,0.0000,0
99460,73.6420,32.000000,1,0.00,0.0000,0
99480,73.6568,32.000000,1,0.00,0.0000,0
99500,73.6716,32.000000,1,0.00,0.0000,0
99520,73.6864,32.000000,1,0.00,0.0000,0
99540,73.7012,32.000000,1,0.00,0.0000,0
99560,73.7160,32.000000,1,0.00,0.0000,0
99580,73.7309,32.000000,1,0.00,0.0000,0
99600,73.7457,32.000000,1,0.00,0.0000,0
99620,73.7605,32.000000,1,0.00,0.0000,0
99640,73.7753,32.000000,1,0.00,0.0000,0
99660,73.7901,32.000000,1,0.00,0.0000,0
99680,73.8049,32.000000,1,0.00,0.0000,0
99700,73.8197,32.000000,1,0.00,0.0000,0
99720,73.8345,32.000000,1,0.00,0.0000,0
99740,73.8493,32.000000,1,0.00,0.0000,0
99760,73.8641,32.000000,1,0.00,0.0000,0
99780,73.8789,32.000000,1,0.00,0.0000,0
99800,73.8937,32.000000,1,0.00,0.0000,0
99820,73.9086,32.000000,1,0.00,0.0000,0
99840,73.9234,32.000000,1,0.00,0.0000,0
99860,73.9382,32.000000,1,0.00,0.0000,0
99880,73.9530,32.000000,1,0.00,0.0000,0
99900,73.9678,32.000000,1,0.00,0.0000,0
99920,73.9826,32.000000,1,0.00,0.0000,0
99940,73.9974,32.000000,1,0.00,0.0000,0
99960,74.0122,32.000000,1,0.00,0.0000,0
99980,74.0270,32.000000,1,0.00,0.0000,0
100000,74.0418,32.000000,1,0.00,0.0000,0
100020,74.0566,32.000000,1,0.00,0.0000,0
100040,74.0715,32.000000,1,0.00,0.0000,0
100060,74.0863,32.000000,1,0.00,0.0000,0
100080,74.1011,32.000000,1,0.00,0.0000,0
100100,74.1159,32.000000,1,0.00,0.0000,0
100120,74.1307,32.000000,1,0.00,0.0000,0
100140,74.1455,32.000000,1,0.00,0.0000,0
100160,74.1603,32.000000,1,0.00,0.0000,0
100180,74.1751,32.000000,1,0.00,0.0000,0
100200,74.1899,32.000000,1,0.00,0.0000,0
100220,74.2047,32.000000,1,0.00,0.0000,0
100240,74.2195,32.000000,1,0.00,0.0000,0
100260,74.2343,32.000000,1,0.00,0.0000,0
100280,74.2492,32.000000,1,0.00,0.0000,0
100300,74.2640,32.000000,1,0.00,0.0000,0
100320,74.2788,32.000000,1,0.00,0.0000,0
100340,74.2936,32.000000,1,0.00,0.0000,0
100360,74.3084,32.000000,1,0.00,0.0000,0
100380,74.3232,32.000000,1,0.00,0.0000,0
100400,74.3380,32.000000,1,0.00,0.0000,0
100420,74.3528,32.000000,1,0.00,0.0000,0
100440,74.3676,32.000000,1,0.00,0.0000,0
100460,74.3824,32.000000,1,0.00,0.0000,0
100480,74.3972,32.000000,1,0.00,0.0000,0
100500,74.4120,32.000000,1,0.00,0.0000,0
100520,74.4269,32.000000,1,0.00,0.0000,0
100540,74.4417,32.000000,1,0.00,0.0000,0
100560,74.4565,32.000000,1,0.00,0.0000,0
100580,74.4713,32.000000,1,0.00,0.0000,0
100600,74.4861,32.000000,1,0.00,0.0000,0
100620,74.5009,32.000000,1,0.00,0.0000,0
100640,74.5157,32.000000,1,0.00,0.0000,0
100660,74.5305,32.000000,1,0.00,0.0000,0
100680,74.5453,32.000000,1,0.00,0.0000,0
100700,74.5601,32.000000,1,0.00,0.0000,0
100720,74.5749,32.000000,1,0.00,0.0000,0
100740,74.5897,32.000000,1,0.00,0.0000,0
100760,74.6046,32.000000,1,0.00,0.0000,0
100780,74.6194,32.000000,1,0.00,0.0000,0
100800,74.6342,32.000000,1,0.00,0.0000,0
100820,74.6490,32.000000,1,0.00,0.0000,0
100840,74.6638,32.000000,1,0.00,0.0000,0
100860,74.6786,32.000000,1,0.00,0.0000,0
100880,74.6934,32.000000,1,0.00,0.0000,0
100900,74.7082,32.000000,1,0.00,0.0000,0
100920,74.7230,32.000000,1,0.00,0.0000,0
100940,74.7378,32.000000,1,0.00,0.0000,0
100960,74.7526,32.000000,1,0.00,0.0000,0
100980,74.7674,32.000000,1,0.00,0.0000,0
101000,74.7823,32.000000,1,0.00,0.0000,0
101020,74.7971,32.000000,1,0.00,0.0000,0
101040,74.8119,32.000000,1,0.00,0.0000,0
101060,74.8267,32.000000,1,0.00,0.0000,0
101080,74.8415,32.000000,1,0.00,0.0000,0
101100,74.8563,32.000000,1,0.00,0.0000,0
101120,74.8711,32.000000,1,0.00,0.0000,0
101140,74.8859,32.000000,1,0.00,0.0000,0
101160,74.9007,32.000000,1,0.00,0.0000,0
101180,74.9155,32.000000,1,0.00,0.0000,0
101200,74.9303,32.000000,1,0.00,0.0000,0
101220,74.9451,32.000000,1,0.00,0.0000,0
101240,74.9600,32.000000,1,0.00,0.0000,0
101260,74.9748,32.000000,1,0.00,0.0000,0
101280,74.9896,32.000000,1,0.00,0.0000,0
