step,t_s,elastic,kinetic,fracture,total
0,0.0,18.2645331776774,2.1370557161588615e-24,0.0033170034766483907,18.26785018115405
20,1.4808366708545512e-08,18.264012920571705,0.00020102776640615493,0.0036243957516101234,18.26783834408972
40,2.9616733417091025e-08,18.262563639795715,0.0006138165693340534,0.004452122009925554,18.267629578374976
60,4.442510012563654e-08,18.26063762772418,0.0010655981303937935,0.005656213456968995,18.267359439311544
80,5.923346683418205e-08,18.258229608512476,0.0014877046163152058,0.007307666723513758,18.267024979852305
100,7.404183354272756e-08,18.256019735161487,0.0018922787985756172,0.008817137373597583,18.26672915133366
120,8.885020025127308e-08,18.25336032383591,0.002293722839514026,0.010774947980838341,18.266428994656263
140,1.0365856695981859e-07,18.2508509773493,0.0027148710139411492,0.012661678917357727,18.266227527280602
160,1.184669336683641e-07,18.248129077843057,0.0031489754560467724,0.014708629577266772,18.26598668287637
180,1.332753003769096e-07,18.245699235130168,0.0035913398072780285,0.016674499582776378,18.265965074520224
200,1.4808366708545512e-07,18.242649708206798,0.0040689663859128635,0.019081586751688313,18.2658002613444
220,1.6289203379400065e-07,18.23994238641273,0.004587589407052116,0.021262342078234728,18.265792317898015
240,1.7770040050254616e-07,18.236765606362553,0.005162066153469332,0.023909350447062744,18.265837022963087
260,1.9250876721109167e-07,18.233081305642322,0.005806892002918973,0.027015651355401026,18.265903849000644
280,2.0731713391963718e-07,18.229611391868083,0.006515060274406312,0.02980148169948117,18.265927933841972
300,2.221255006281827e-07,18.22631208000285,0.007293085964132961,0.032570800015681356,18.26617596598266
320,2.369338673367282e-07,18.22290103151255,0.008141155354189605,0.03541135446298728,18.266453541329724
340,2.517422340452737e-07,18.21930140009335,0.009060817189072238,0.03827016018986242,18.266632377472288
360,2.665506007538192e-07,18.215800923279097,0.010039305387829605,0.041098790345103435,18.26693901901203
380,2.813589674623647e-07,18.21235979976867,0.011057810405651321,0.043852148816385196,18.267269758990707
400,2.9616733417091023e-07,18.2091221397744,0.0120946838159514,0.04629966138375122,18.267516484974106
420,3.1097570087945574e-07,18.205492296942282,0.013136870737180468,0.049160631988876845,18.26778979966834
440,3.257840675880013e-07,18.202111190877254,0.014175376443925332,0.05172444456243042,18.268011011883612
460,3.405924342965468e-07,18.1991675024383,0.015201105301211241,0.05384497936891554,18.268213587108427
480,3.554008010050923e-07,18.195955320841705,0.0161999905291382,0.056201866369463005,18.268357177740306
500,3.7020916771363783e-07,18.1927613907207,0.017178073076218263,0.058608242931138865,18.268547706728057
520,3.8501753442218334e-07,18.19002016029973,0.018112696007367417,0.06056308916856887,18.268695945475667
540,3.9982590113072885e-07,18.18660779344838,0.01902167347999559,0.06316682846750796,18.268796295395884
560,4.1463426783927436e-07,18.183614083705358,0.01993060853022236,0.0654041526278013,18.268948844863385
580,4.2944263454781987e-07,18.181078267682185,0.020800190955290895,0.06730389562565171,18.26918235426313
600,4.442510012563654e-07,18.178236573624257,0.021651923299170983,0.06943955968725862,18.269328056610686
620,4.590593679649109e-07,18.174705612034757,0.022529203237331073,0.07210867582598898,18.269343491098073
640,4.738677346734564e-07,18.17254896843272,0.023351697467261567,0.07365439802175823,18.269555063921743
660,4.886761013820019e-07,18.169256432052247,0.02418659271631634,0.07616488920979159,18.269607913978355
680,5.034844680905474e-07,18.16650853823387,0.025037162316142902,0.07822349880622634,18.26976919935624
700,5.182928347990929e-07,18.163610532366633,0.025865410389354727,0.08019802335192722,18.269673966107913
720,5.331012015076384e-07,18.16095333777993,0.026649892305190333,0.08234143985940742,18.26994466994453
740,5.479095682161839e-07,18.15815528683217,0.027453622438431698,0.08442878750639027,18.270037696776992
760,5.627179349247294e-07,18.155384500957084,0.028229660733294824,0.08649464170460516,18.270108803394983
780,5.77526301633275e-07,18.152698976935795,0.028950501544457625,0.08856660941388905,18.27021608789414
800,5.923346683418205e-07,18.14963782104258,0.029708142288982962,0.09094489206860726,18.27029085540017
820,6.07143035050366e-07,18.14717713103517,0.030491747550760704,0.09271102899116272,18.270379907577095
840,6.219514017589115e-07,18.14423490029889,0.03127203697361826,0.09496714611280735,18.270474083385317
860,6.367597684674571e-07,18.141201042510605,0.032077084664485264,0.09723426683702402,18.270512394012115
880,6.515681351760026e-07,18.138535877287715,0.03285663605485571,0.09919187302723798,18.27058438636981
900,6.663765018845481e-07,18.135624345912106,0.03371404485125798,0.10132445397360901,18.270662844736975
920,6.811848685930936e-07,18.132492407764413,0.03454687896174729,0.10367303952080441,18.270712326246965
940,6.959932353016391e-07,18.129881916380725,0.035386088501492226,0.10551576907681248,18.27078377395903
960,7.108016020101846e-07,18.126906350049175,0.03624735837012703,0.10776254062358749,18.270916249042887
980,7.256099687187302e-07,18.123887694102145,0.03709862961521633,0.10999413544722883,18.270980459164587
1000,7.404183354272757e-07,18.120773826289934,0.03796409250538509,0.11221687470754112,18.27095479350286
1020,7.552267021358212e-07,18.11776337710661,0.03886110174714737,0.11450614539256194,18.271130624246318
1040,7.700350688443667e-07,18.114871462291724,0.03975447297196823,0.11660683102600633,18.2712327662897
1060,7.848434355529122e-07,18.112064137558818,0.040641235591537594,0.11859767635210526,18.27130304950246
1080,7.996518022614577e-07,18.10861762667534,0.0416060057388583,0.1211727702922577,18.271396402706458
1100,8.144601689700032e-07,18.105506804035056,0.04259709461541125,0.12338830423186968,18.271492202882335
1120,8.292685356785487e-07,18.10253121510928,0.04353282503939729,0.1254986101566304,18.271562650305306
1140,8.440769023870942e-07,18.099219064059405,0.044519642245660566,0.12789914800677996,18.271637854311845
1160,8.588852690956397e-07,18.095676200393257,0.045563022848273814,0.13048316974843205,18.27172239298996
1180,8.736936358041852e-07,18.092807705493605,0.04654451236108252,0.1324703357821912,18.27182255363688
1200,8.885020025127308e-07,18.089715213154,0.04758577066626854,0.13467688908056663,18.271977872900838
1220,9.033103692212763e-07,18.086551603633772,0.04862134757608043,0.13693885675032214,18.272111807960176
1240,9.181187359298218e-07,18.083451508359,0.04957319876805215,0.13915912951372453,18.272183836640778
1260,9.329271026383673e-07,18.080226103149254,0.050615586572276224,0.1414613115459431,18.272303001267474
1280,9.477354693469128e-07,18.07701777320233,0.05160875678292282,0.14379507232167207,18.272421602306924
1300,9.625438360554583e-07,18.0736783715142,0.052608728107475196,0.14619666324938135,18.272483762871058
1320,9.773522027640038e-07,18.070137661649127,0.053610976698516284,0.14879634287986493,18.272544981227508
1340,9.921605694725493e-07,18.067208032231264,0.05465592966062927,0.15086805283978405,18.272732014731677
1360,1.0069689361810948e-06,18.064309573378132,0.05557381715451858,0.15289207546458183,18.27277546599723
1380,1.0217773028896403e-06,18.06097151502415,0.0565927084330238,0.15537109138735564,18.272935314844528
1400,1.0365856695981858e-06,18.057997150930653,0.05754298985579728,0.157553215765665,18.273093356552117
1420,1.0513940363067314e-06,18.054822123098383,0.05849520416063746,0.15984897041024354,18.273166297669263
1440,1.0662024030152769e-06,18.051796617221704,0.0593892569327638,0.16205555246106004,18.273241426615527
1460,1.0810107697238224e-06,18.048618146705138,0.06034547491851425,0.16447060365835184,18.273434225282003
1480,1.0958191364323679e-06,18.045599468954258,0.061196095334181466,0.16672862972896324,18.273524194017405
1500,1.1106275031409134e-06,18.04241597064975,0.06212516825968171,0.16908326600035817,18.273624404909786
1520,1.125435869849459e-06,18.039293690559965,0.06299772743926423,0.17148185867532323,18.273773276674554
1540,1.1402442365580044e-06,18.03633655192715,0.06387697748463046,0.17370598049893027,18.27391950991071
1560,1.15505260326655e-06,18.03319768098052,0.06478088496592253,0.17607397595261431,18.27405254189906
1580,1.1698609699750954e-06,18.029826759693,0.0656580041083619,0.178681658177762,18.274166421979125
1600,1.184669336683641e-06,18.026792208813003,0.06660600312803018,0.1808791285362676,18.2742773404773
1620,1.1994777033921864e-06,18.023502509756195,0.06753706981691533,0.18338016740029645,18.274419746973408
1640,1.214286070100732e-06,18.020322174400576,0.06845117632818146,0.18580192990998912,18.274575280638746
1660,1.2290944368092775e-06,18.017233154312557,0.06935718158645456,0.18811227169687172,18.274702607595884
1680,1.243902803517823e-06,18.014058971930094,0.07025995921245194,0.19054910002724396,18.27486803116979
1700,1.2587111702263685e-06,18.010667996540455,0.07131097659819392,0.19309395349641773,18.27507292663507
1720,1.2735195369349142e-06,18.007134292995303,0.07225148038515515,0.1957999690672561,18.275185742447714
1740,1.2883279036434597e-06,18.004287996852824,0.07324931423964576,0.1978068935272857,18.275344204619756
1760,1.3031362703520052e-06,18.00074715950108,0.07430441879788292,0.20045848061276222,18.275510058911728
1780,1.3179446370605507e-06,17.997825634225908,0.07530116682251954,0.20252957627555523,18.275656377323983
1800,1.3327530037690962e-06,17.994379845403515,0.07631391392176945,0.20509924206860347,18.275793001393886
1820,1.3475613704776417e-06,17.990350901539365,0.07741188523077022,0.20823498289259562,18.27599776966273
1840,1.3623697371861873e-06,17.987698451269907,0.07854097221970432,0.2098924863038683,18.27613190979348
1860,1.3771781038947328e-06,17.98409942388235,0.07971619507161144,0.2125300727961389,18.276345691750098
1880,1.3919864706032783e-06,17.98055348114523,0.08082462376949066,0.21512119496805293,18.276499299882772
1900,1.4067948373118238e-06,17.977297380866336,0.0819463907012265,0.21742709851006287,18.276670870077623
1920,1.4216032040203693e-06,17.973466175385575,0.08322446842974396,0.22021797064259038,18.27690861445791
1940,1.4364115707289148e-06,17.970193029757468,0.08435675694245484,0.22251590765205648,18.27706569435198
1960,1.4512199374374603e-06,17.966879812917032,0.08558451829289777,0.22480117013627451,18.277265501346204
1980,1.4660283041460058e-06,17.963096077173514,0.08676011195629872,0.22759727401875257,18.277453463148564
2000,1.4808366708545513e-06,17.959547002609902,0.08795974836680542,0.23016359532705316,18.27767034630376
2020,1.4956450375630968e-06,17.95582675820701,0.08920670890134161,0.23283577844047149,18.27786924554882
2040,1.5104534042716423e-06,17.95268372051267,0.09031676312137807,0.2350221236390777,18.278022607273126
2060,1.5252617709801879e-06,17.94898444188942,0.09152265162002188,0.23775736431119582,18.278264457820637
2080,1.5400701376887334e-06,17.945640668401296,0.09268934612813765,0.2400944303099925,18.278424444839423
2100,1.5548785043972789e-06,17.94216326559342,0.09375009767455249,0.24272212513344213,18.278635488401413
2120,1.5696868711058244e-06,17.938704117588706,0.09485197287870564,0.24530659320680961,18.27886268367422
2140,1.5844952378143699e-06,17.935364454506747,0.09589254146409532,0.24774768436818118,18.279004680339025
2160,1.5993036045229154e-06,17.93185758050413,0.09701405648561136,0.2503606257506078,18.27923226274035
2180,1.614111971231461e-06,17.928319491430145,0.09801174670253496,0.2531066462563686,18.27943788438905
2200,1.6289203379400064e-06,17.92508235095538,0.09912428672730762,0.2554151903633751,18.27962182804606
2220,1.643728704648552e-06,17.921499817943484,0.10009457728965536,0.258232565976093,18.279826961209235
2240,1.6585370713570974e-06,17.917929792038752,0.1010624600750799,0.26103798118286853,18.280030233296703
2260,1.673345438065643e-06,17.91475379059502,0.10206824177973972,0.2634271425162805,18.280249174891043
2280,1.6881538047741885e-06,17.911195273342706,0.10301411804105043,0.2662301705347499,18.280439561918506
2300,1.702962171482734e-06,17.907751616283967,0.1039175535552197,0.26896142849991295,18.2806305983391
2320,1.7177705381912795e-06,17.904601326016902,0.10487273236246664,0.2713352351866081,18.280809293565977
2340,1.732578904899825e-06,17.9010585501413,0.10586730426298471,0.2741386985720794,18.281064552976368
2360,1.7473872716083705e-06,17.897390959467213,0.10676607630867481,0.2771169142948961,18.281273950070783
2380,1.762195638316916e-06,17.894355672068453,0.10770274185264202,0.2794151586079101,18.281473572529006
2400,1.7770040050254615e-06,17.890886591314555,0.10863323262088065,0.28215532426788736,18.281675148203323
2420,1.791812371734007e-06,17.887329445507355,0.10962266850490017,0.28492286410923784,18.281874978121493
2440,1.8066207384425525e-06,17.883897588975707,0.11073725874661569,0.28744552514644184,18.282080372868766
2460,1.821429105151098e-06,17.880325907053276,0.11184160472254476,0.2901159572132015,18.282283468989025
2480,1.8362374718596435e-06,17.87655961508346,0.11299468921685608,0.29301450539687746,18.28256880969719
2500,1.851045838568189e-06,17.873339465186383,0.11414516275755683,0.29530506267986345,18.2827896906238
2520,1.8658542052767346e-06,17.869669595251054,0.11523295861165365,0.29812479274276926,18.283027346605476
2540,1.88066257198528e-06,17.865980127232994,0.11636161044922565,0.30087541756271896,18.283217155244937
2560,1.8954709386938256e-06,17.86242000803614,0.1175634853379514,0.30342503790017106,18.28340853127426
2580,1.910279305402371e-06,17.858598764625064,0.11882612353340578,0.3062261095157326,18.283650997674204
2600,1.9250876721109166e-06,17.854867767072363,0.1199603940458212,0.30903798699246177,18.283866148110647
2620,1.939896038819462e-06,17.851397602825227,0.12120072160801507,0.31151144396139085,18.284109768394632
2640,1.9547044055280076e-06,17.84761596377265,0.12247018060931589,0.3142522562521861,18.28433840063415
2660,1.969512772236553e-06,17.843668376593982,0.12372039926395396,0.3172031827155112,18.284591958573447
2680,1.9843211389450986e-06,17.840039204585498,0.12500111035060643,0.319751241522066,18.28479155645817
2700,1.999129505653644e-06,17.836129079234965,0.12636721051550168,0.32255083998205836,18.285047129732522
2720,2.0139378723621897e-06,17.832241942363602,0.12763725787456198,0.32539021644738164,18.285269416685544
2740,2.028746239070735e-06,17.828723373745927,0.1289571388361198,0.3278311419309709,18.28551165451302
2760,2.0435546057792807e-06,17.82498665263605,0.13019099716378713,0.3305964526637658,18.285774102463602
2780,2.058362972487826e-06,17.821141000391695,0.1314658858579826,0.33344215603334054,18.286049042283015
2800,2.0731713391963717e-06,17.817587674221368,0.13277491606124653,0.33594481252655617,18.28630740280917
2820,2.087979705904917e-06,17.813942827836776,0.1339133589253449,0.33870263883071317,18.286558825592834
2840,2.1027880726134627e-06,17.810158982358523,0.13519974872871662,0.3414923383537363,18.286851069440974
2860,2.1175964393220082e-06,17.806761827530252,0.13639827123483805,0.34388186256049036,18.28704196132558
2880,2.1324048060305537e-06,17.80293609488264,0.13760866375231937,0.34671642906993927,18.2872611877049
2900,2.1472131727390992e-06,17.79910241752912,0.1388667889870488,0.34952424312149827,18.287493449637665
2920,2.1620215394476447e-06,17.795661113773477,0.14016178013250488,0.35191670680858955,18.287739600714573
2940,2.1768299061561902e-06,17.79191236896324,0.14142511414778045,0.3546198138239087,18.287957296934927
2960,2.1916382728647358e-06,17.788174151413806,0.14261502116351094,0.35735701629186245,18.288146188869177
2980,2.2064466395732813e-06,17.78472233963334,0.14383178104952477,0.359825817617404,18.28837993830027
3000,2.2212550062818268e-06,17.780944003207217,0.14504027713339215,0.3626648553637566,18.288649135704368
3020,2.2360633729903723e-06,17.777374066799673,0.1460152163955829,0.3653682128696576,18.288757496064914
3040,2.250871739698918e-06,17.77388318100987,0.14742531017780772,0.3677640128584222,18.289072504046104
3060,2.2656801064074633e-06,17.770173680439964,0.1486304784971623,0.37051705375105415,18.28932121268818
3080,2.280488473116009e-06,17.7664121647408,0.14978762456970474,0.3733579434049513,18.289557732715455
3100,2.2952968398245543e-06,17.763005618819406,0.15101479269961465,0.37578306816248386,18.289803479681506
3120,2.3101052065331e-06,17.759182079041874,0.15229505055793768,0.3786066575911658,18.29008378719098
3140,2.3249135732416453e-06,17.755148824701298,0.15337458389449754,0.3817352774882402,18.290258686084034
3160,2.339721939950191e-06,17.75187359452204,0.15449162607361278,0.3840698003565444,18.2904350209522
3180,2.3545303066587364e-06,17.74813852293579,0.15569520462428382,0.38682860239671985,18.290662329956792
3200,2.369338673367282e-06,17.74446531369238,0.15695336813562166,0.38953032191287335,18.290949003740874
3220,2.3841470400758274e-06,17.741091826711454,0.15816284993184168,0.39193610995079875,18.291190786594093
3240,2.398955406784373e-06,17.73728168525367,0.1593785232064863,0.3948136634748726,18.29147387193503
3260,2.4137637734929184e-06,17.733447000382828,0.16052354187869047,0.3977342710336548,18.291704813295173
3280,2.428572140201464e-06,17.729977944663275,0.16186864550026164,0.4001153069580772,18.291961897121617
3300,2.4433805069100094e-06,17.72601562593063,0.16323537840006244,0.40299025769546626,18.29224126202616
3320,2.458188873618555e-06,17.722238546983036,0.16453157811202251,0.40566509032353326,18.292435215418593
3340,2.4729972403271004e-06,17.718663593848653,0.16593172725362912,0.4081033438286236,18.292698664930906
3360,2.487805607035646e-06,17.714712025189137,0.1672495705669143,0.41098001951892216,18.292941615274973
3380,2.5026139737441914e-06,17.71080214022926,0.16861554353047906,0.4137561419530742,18.29317382571281
3400,2.517422340452737e-06,17.707180605365835,0.170044889567027,0.41613711089158845,18.293362605824452
3420,2.532230707161283e-06,17.703209132020515,0.1714123412211106,0.41900094055674414,18.29362241379837
3440,2.5470390738698284e-06,17.699185753870502,0.17274428542459583,0.42187272680280286,18.2938027660979
3460,2.561847440578374e-06,17.695445822486306,0.1741206861394272,0.42437652606962867,18.293943034695364
3480,2.5766558072869194e-06,17.691580998125698,0.1755189855696681,0.42711112183904776,18.294211105534412
3500,2.591464173995465e-06,17.687593958461783,0.17700208207180387,0.4298778836487176,18.294473924182306
3520,2.6062725407040104e-06,17.683829723872535,0.17832883154553583,0.432445763194536,18.294604318612606
3540,2.621080907412556e-06,17.679728205623178,0.17985354641374454,0.4352895665716253,18.29487131860855
3560,2.6358892741211015e-06,17.67559568434676,0.1812857021042067,0.43822208277778374,18.29510346922875
3580,2.650697640829647e-06,17.67160870745904,0.1827270398075443,0.4409605238067247,18.295296271073312
3600,2.6655060075381925e-06,17.667444103266696,0.18400716593382813,0.44407222626189596,18.29552349546242
3620,2.680314374246738e-06,17.66370553385431,0.185478777022232,0.4465934958900529,18.295777806766594
3640,2.6951227409552835e-06,17.659926476996393,0.18680780437134056,0.44927611687789504,18.296010398245627
3660,2.709931107663829e-06,17.656072259331616,0.18784445512536946,0.4522392496583353,18.296155964115318
3680,2.7247394743723745e-06,17.651996982415646,0.1892372337650315,0.45522685864431,18.296461074824986
3700,2.73954784108092e-06,17.648161194891077,0.1907044851638873,0.4578692513726851,18.29673493142765
3720,2.7543562077894655e-06,17.64409528978867,0.1920499576681406,0.4608236968317797,18.29696894428859
3740,2.769164574498011e-06,17.639904396697776,0.19341631730314504,0.4639053551912278,18.29722606919215
3760,2.7839729412065565e-06,17.636058475932657,0.1948247680042325,0.46654127501544335,18.297424518952333
3780,2.798781307915102e-06,17.63196876264871,0.19616671690525092,0.46955964078792095,18.29769512034188
3800,2.8135896746236476e-06,17.62763404310399,0.19763057886177057,0.4727067866822674,18.297971408648024
3820,2.828398041332193e-06,17.623999277921882,0.1989609309950271,0.47525850299380723,18.298218711910717
3840,2.8432064080407386e-06,17.61979480064635,0.20031481789408093,0.47838352816298646,18.298493146703418
3860,2.858014774749284e-06,17.61585195559103,0.2015592541495987,0.4813234313563851,18.298734641097013
3880,2.8728231414578296e-06,17.611995572308302,0.20287693410363936,0.48408342124799253,18.298955927659932
3900,2.887631508166375e-06,17.607833105078285,0.20438183159043374,0.4870649685571091,18.29927990522583
3920,2.9024398748749206e-06,17.603677106090903,0.2057704762868194,0.49008815306119446,18.299535735438916
3940,2.917248241583466e-06,17.599860023966958,0.2073069539630363,0.49265392313316086,18.299820901063157
3960,2.9320566082920116e-06,17.595618742465447,0.20860844319813932,0.49578486397592536,18.30001204963951
3980,2.946864975000557e-06,17.591425607893378,0.21006096778600483,0.49877458307499867,18.30026115875438
4000,2.9616733417091027e-06,17.58763065518763,0.21140565955903654,0.5013945935916249,18.300430908338292
4020,2.976481708417648e-06,17.58311137528371,0.21310874897679516,0.504507008180926,18.30072713244143
4040,2.9912900751261937e-06,17.57857954975306,0.2143956755729863,0.507995549134049,18.300970774460094
4060,3.006098441834739e-06,17.57519771808314,0.21577593226667566,0.5101910539915954,18.30116470434141
4080,3.0209068085432847e-06,17.571147425823497,0.21704632324891207,0.5131776170032953,18.301371366075706
4100,3.03571517525183e-06,17.566732676643902,0.218534708494942,0.5163674557283717,18.301634840867216
4120,3.0505235419603757e-06,17.56295999206756,0.22014813616161297,0.5187484495560735,18.301856577785248
4140,3.0653319086689212e-06,17.558522756458217,0.22171516268712518,0.5218654554129936,18.302103374558335
4160,3.0801402753774667e-06,17.55421536797056,0.2232920034508517,0.52490455783456,18.30241192925597
4180,3.0949486420860122e-06,17.55024881045003,0.2246707421381496,0.5276528915425264,18.302572444130703
4200,3.1097570087945577e-06,17.54587886627539,0.2261837387710793,0.5307633784441846,18.302825983490656
4220,3.1245653755031033e-06,17.541447748483677,0.22778238268688578,0.5338949115278359,18.303125042698397
4240,3.1393737422116488e-06,17.53744002770744,0.2294166838389984,0.5364992049835069,18.303355916529945
4260,3.1541821089201943e-06,17.532976453588695,0.23100387837932237,0.5397047484030739,18.303685080371093
4280,3.1689904756287398e-06,17.528660419893896,0.23249998108892866,0.5427178166251616,18.303878217607984
4300,3.1837988423372853e-06,17.524653516163855,0.23409104371422806,0.5453704194677427,18.304114979345826
4320,3.198607209045831e-06,17.520435334770657,0.23566015397755619,0.5482500962463591,18.30434558499457
4340,3.2134155757543763e-06,17.515933885598784,0.23714002924552888,0.5515147116584008,18.304588626502717
4360,3.228223942462922e-06,17.511933301476212,0.23877380095456827,0.5540594329801486,18.30476653541093
4380,3.2430323091714673e-06,17.507471703542443,0.24026067029612555,0.5571933384410344,18.304925712279605
4400,3.257840675880013e-06,17.502819408811572,0.24170800627033504,0.5606571213415008,18.305184536423408
4420,3.2726490425885583e-06,17.499052798808822,0.2430326514917493,0.5632414592953694,18.30532690959594
4440,3.287457409297104e-06,17.494744051554683,0.24442832238780443,0.566382945151414,18.3055553190939
4460,3.3022657760056494e-06,17.49058005467449,0.2457242526521237,0.5695214549693359,18.30582576229595
4480,3.317074142714195e-06,17.486600665698496,0.2470843741964012,0.5722529394787615,18.30593797937366
4500,3.3318825094227404e-06,17.48221787292973,0.24846039736334702,0.57553334238574,18.306211612678815
4520,3.346690876131286e-06,17.477454722466433,0.24999547471286923,0.5790914373659264,18.306541634545226
4540,3.3614992428398314e-06,17.4735140755773,0.251663322461292,0.5817112942975111,18.306888692336102
4560,3.376307609548377e-06,17.46917608282301,0.2531206173910639,0.5848656566202768,18.307162356834354
4580,3.3911159762569224e-06,17.46476513943476,0.2544077773964805,0.588295985367816,18.307468902199055
4600,3.405924342965468e-06,17.461104046183745,0.25590415306311964,0.5906875237417917,18.307695722988658
4620,3.4207327096740134e-06,17.456457578394648,0.2573034696676011,0.5942134662411048,18.307974514303353
4640,3.435541076382559e-06,17.452388548774394,0.25858370980973555,0.5973497915009216,18.30832205008505
4660,3.4503494430911044e-06,17.448328483801184,0.2601766494344273,0.6001024976255376,18.30860763086115
4680,3.46515780979965e-06,17.443972426712435,0.26173687192014694,0.6032126961031054,18.308921994735687
4700,3.4799661765081955e-06,17.439553866235368,0.26338215636365686,0.606322779609543,18.309258802208568
4720,3.494774543216741e-06,17.4353637683397,0.26485183177163185,0.6092992324786058,18.309514832589937
4740,3.5095829099252865e-06,17.431123875899807,0.26647816114507905,0.6121906202723284,18.309792657317217
4760,3.524391276633832e-06,17.42622897827566,0.26787548357293156,0.6159446381292898,18.31004909997788
4780,3.5391996433423775e-06,17.42256397400496,0.26956002404041407,0.6181886605862483,18.31031265863162
4800,3.554008010050923e-06,17.41786224970009,0.2713433640238059,0.621357527513941,18.310563141237836
4820,3.5688163767594685e-06,17.413315636154802,0.2729912821318104,0.6245519077216279,18.31085882600824
4840,3.583624743468014e-06,17.409409440633137,0.27456028175052244,0.6271210599753243,18.31109078235898
4860,3.5984331101765595e-06,17.405046457631656,0.2762267859581027,0.6300727841250809,18.311346027714837
4880,3.613241476885105e-06,17.400301755743325,0.27788800677834163,0.6334665126776376,18.311656275199304
4900,3.6280498435936506e-06,17.396195763976795,0.27956588130323323,0.6360980050361216,18.31185965031615
4920,3.642858210302196e-06,17.391451176572144,0.2814680632091345,0.6392878596326944,18.312207099413975
4940,3.6576665770107416e-06,17.38714371395249,0.28302625167083123,0.6422865810627721,18.312456546686093
4960,3.672474943719287e-06,17.383249057219096,0.2844552130130142,0.6449228809464025,18.312627151178514
4980,3.6872833104278326e-06,17.378328654612908,0.2860266445996932,0.6485494558396226,18.312904755052223
5000,3.702091677136378e-06,17.374076347073462,0.2878637684475734,0.6512737102465189,18.31321382576755
5020,3.7169000438449236e-06,17.369551594964168,0.28970040168887123,0.6542608994807183,18.31351289613376
5040,3.731708410553469e-06,17.365158574952424,0.29144524002595573,0.6572216925514816,18.31382550752986
5060,3.7465167772620146e-06,17.360353591170433,0.2930390729734786,0.6608137117334736,18.314206375877387
5080,3.76132514397056e-06,17.356486926832716,0.2947805822491671,0.6631472866154267,18.31441479569731
5100,3.7761335106791056e-06,17.35154771446105,0.29647778911409445,0.6666569768366123,18.314682480411758
5120,3.790941877387651e-06,17.347176634752707,0.29828877912253804,0.6695093472985296,18.314974761173772
5140,3.8057502440961967e-06,17.34258807790207,0.3002018872637509,0.6725520047655908,18.315341969931414
5160,3.820558610804742e-06,17.33811972476132,0.30181657760034364,0.6756242814243958,18.31556058378606
5180,3.835366977513288e-06,17.333504856449196,0.30342377709593066,0.6788752939458564,18.315803927490983
5200,3.850175344221833e-06,17.329129015471565,0.3052123581464658,0.6817181288239929,18.316059502442023
5220,3.864983710930379e-06,17.324258386604065,0.3068000937762162,0.6852837170955065,18.316342197475787
5240,3.879792077638924e-06,17.319997288228546,0.30843178902591084,0.6882037583171428,18.3166328355716
5260,3.89460044434747e-06,17.315909483546697,0.3098621905083038,0.6910219875273442,18.316793661582345
5280,3.909408811056015e-06,17.311150603649658,0.3113399794707595,0.6945591718734039,18.31704975499382
5300,3.924217177764561e-06,17.306212543374045,0.3130204365899459,0.6981919107615282,18.31742489072552
5320,3.939025544473106e-06,17.302183519588173,0.3146999908582189,0.700866830503295,18.317750340949686
5340,3.953833911181652e-06,17.297491084770343,0.31622571253046144,0.7043688394407843,18.31808563674159
5360,3.968642277890197e-06,17.29277137490427,0.31793533587602757,0.7076878330510282,18.318394543831324
5380,3.983450644598743e-06,17.28867478323567,0.3195890553040764,0.7103359132905406,18.318599751830284
5400,3.998259011307288e-06,17.283891420419582,0.3213367291988519,0.7137075841034928,18.318935733721926
5420,4.013067378015834e-06,17.278791835927116,0.32302176016675294,0.7175116645142323,18.319325260608103
5440,4.027875744724379e-06,17.274710643795103,0.324633655061211,0.7201482756514159,18.31949257450773
5460,4.042684111432925e-06,17.270208262097565,0.3261740127806606,0.7232911854311865,18.319673460309414
5480,4.05749247814147e-06,17.265282583432725,0.32802766736639294,0.7267181348825886,18.320028385681706
5500,4.072300844850016e-06,17.26097643258802,0.32959739039611097,0.7296929026018167,18.320266725585945
5520,4.087109211558561e-06,17.25629981493188,0.33123345038941826,0.7330993101648016,18.3206325754861
5540,4.101917578267107e-06,17.251332166308114,0.33294062480035835,0.7366629729612209,18.32093576406969
5560,4.116725944975652e-06,17.247137769483686,0.3344799825139849,0.7395073419130216,18.321125093910695
5580,4.131534311684198e-06,17.242760472077375,0.3361052973940569,0.7425695889971828,18.321435358468612
5600,4.146342678392743e-06,17.237545290713506,0.33792563119750174,0.7463513594707314,18.321822281381742
5620,4.161151045101289e-06,17.23353949482001,0.3396277642238805,0.748886919063309,18.3220541781072
5640,4.175959411809834e-06,17.228716982703148,0.34114343949926923,0.7523996920823539,18.32226011428477
5660,4.19076777851838e-06,17.22409487441216,0.3428339236402424,0.7555988052413543,18.322527603293757
5680,4.205576145226925e-06,17.219677077817625,0.34482278034304215,0.7584042606862638,18.322904118846928
5700,4.220384511935471e-06,17.21515885386271,0.3464071360032059,0.7616619954337668,18.32322798529968
5720,4.2351928786440164e-06,17.21036038632822,0.34810670239906844,0.7651141661844957,18.323581254911783
5740,4.250001245352562e-06,17.20628888433285,0.3496263982040012,0.7678341897023333,18.323749472239186
5760,4.2648096120611074e-06,17.200959952252585,0.35141465813929357,0.7716756849684637,18.324050295360344
5780,4.279617978769653e-06,17.19640586967153,0.35326643058474033,0.774703911425467,18.324376211681734
5800,4.2944263454781985e-06,17.192103273499598,0.35493501990227433,0.7775693276474831,18.324607621049356
5820,4.309234712186744e-06,17.187478848453516,0.35660216348780155,0.7808607196798318,18.32494173162115
5840,4.3240430788952895e-06,17.183172273664606,0.3579329645294937,0.784071059561894,18.325176297755995
5860,4.338851445603835e-06,17.17908446559348,0.35935267322520453,0.7869763833520147,18.3254135221707
5880,4.3536598123123805e-06,17.17408103125621,0.36110687136610786,0.7906336240807892,18.32582152670311
5900,4.3684681790209264e-06,17.168855084549005,0.36284685229677743,0.7944500652103715,18.32615200205615
5920,4.3832765457294715e-06,17.16475230070524,0.3645985885199095,0.7970736128931426,18.326424502118293
5940,4.3980849124380174e-06,17.159942984279237,0.366240825353428,0.8005993884091827,18.32678319804185
5960,4.4128932791465625e-06,17.1552298537435,0.3678980700236003,0.8039927365127975,18.327120660279896
5980,4.4277016458551085e-06,17.15039135075611,0.36959615605623114,0.8073913139509634,18.327378820763304
6000,4.4425100125636536e-06,17.145321543059286,0.37173530911738206,0.8107886061430978,18.327845458319768
6020,4.4573183792721995e-06,17.1405910758673,0.37362242457269734,0.8140451405522403,18.32825864099224
6040,4.4721267459807446e-06,17.136165183596066,0.37526962647293205,0.8171377225396363,18.328572532608636
6060,4.4869351126892905e-06,17.130832407131024,0.3772457214177689,0.8209552297020737,18.329033358250864
6080,4.501743479397836e-06,17.12635552813329,0.37889083435587345,0.8240866853619582,18.32933304785112
6100,4.5165518461063815e-06,17.121933472407623,0.3806570548731042,0.8271020287524691,18.329692556033198
6120,4.531360212814927e-06,17.116865411787753,0.38234607454951863,0.8308408257483197,18.33005231208559
6140,4.5461685795234725e-06,17.111668343320492,0.3840815603674278,0.8346319945641733,18.330381898252092
6160,4.560976946232018e-06,17.10786712196543,0.3856779279168163,0.837073832805945,18.330618882688192
6180,4.5757853129405636e-06,17.102826590409045,0.3876816941503127,0.8404381681626623,18.33094645272202
6200,4.590593679649109e-06,17.097421100067322,0.38950082719402923,0.8443955427400823,18.331317470001434
6220,4.6054020463576546e-06,17.09324733416137,0.3910125464791031,0.8472426984954382,18.33150257913591
6240,4.6202104130662e-06,17.087896425039325,0.3926939601415839,0.851264098403262,18.331854483584173
6260,4.635018779774746e-06,17.083414104201864,0.3947423321828698,0.8540906933411068,18.33224712972584
6280,4.649827146483291e-06,17.078661107569225,0.3964998211430167,0.8572837720476882,18.33244470075993
6300,4.664635513191837e-06,17.073462617776226,0.3982117061105889,0.8609674392039848,18.332641763090802
6320,4.679443879900382e-06,17.068228460494918,0.4001498419835682,0.864607527178747,18.332985829657236
6340,4.694252246608928e-06,17.06386915339004,0.4018567934636397,0.8675676722974834,18.333293619151164
6360,4.709060613317473e-06,17.058975290455006,0.4037536725254569,0.8709491595606413,18.333678122541105
6380,4.723868980026019e-06,17.053437596998556,0.40551380972698137,0.8749857061980035,18.33393711292354
6400,4.738677346734564e-06,17.04920052747969,0.4072681122354816,0.8778016357303362,18.33427027544551
6420,4.75348571344311e-06,17.043586823082045,0.40914506592454025,0.8818999430962038,18.33463183210279
6440,4.768294080151655e-06,17.039057064965473,0.4107814002059755,0.8849698482463202,18.33480831341777
6460,4.783102446860201e-06,17.03431057499558,0.41274994445109864,0.8881183277149947,18.335178847161675
6480,4.797910813568746e-06,17.029499436500096,0.41449234157275666,0.8914550540726596,18.33544683214551
6500,4.812719180277292e-06,17.02430420094526,0.4163721613531245,0.8950828819817425,18.335759244280126
6520,4.827527546985837e-06,17.01936778933277,0.41819085272122686,0.8985630856034121,18.33612172765741
6540,4.842335913694383e-06,17.014692025921278,0.4201036679008579,0.901653630816664,18.3364493246388
6560,4.857144280402928e-06,17.00971520591686,0.4219940275671209,0.9050510422118236,18.336760275695802
6580,4.871952647111474e-06,17.00545779753157,0.42361366523671246,0.9079564302593661,18.337027893027646
6600,4.886761013820019e-06,17.000480604032305,0.42527491145145396,0.911550204570119,18.337305720053877
6620,4.901569380528565e-06,16.99527237621119,0.4273395627162572,0.915105654417545,18.33771759334499
6640,4.91637774723711e-06,16.990764767447644,0.42936789986367524,0.9178649218203881,18.337997589131707
6660,4.931186113945656e-06,16.985604822111164,0.43141132220469086,0.9213490389344804,18.338365183250335
6680,4.945994480654201e-06,16.98024549590263,0.4333168635623459,0.9251769727955363,18.338739332260513
6700,4.960802847362747e-06,16.975969116575836,0.43503219576341784,0.9279231589664338,18.33892447130569
6720,4.975611214071292e-06,16.970917058587233,0.4368503415198569,0.9314208344191663,18.339188234526258
6740,4.990419580779838e-06,16.965100768203556,0.4388954098418869,0.9355794472498402,18.339575625295282
6760,5.005227947488383e-06,16.96126460850729,0.4406049826814338,0.9380229331051665,18.33989252429389
6780,5.020036314196929e-06,16.955549222757025,0.4427619813097918,0.9419807785369183,18.340291982603738
6800,5.034844680905474e-06,16.95012073404842,0.4449279259045955,0.9457248723387132,18.340773532291724
6820,5.04965304761402e-06,16.945611204996915,0.4466523767039213,0.9487007052544894,18.340964286955323
6840,5.064461414322566e-06,16.94065696000541,0.44847351018496656,0.9521272371890878,18.341257707379466
6860,5.079269781031111e-06,16.934966559229036,0.45020741159467753,0.9562987553102769,18.341472726133993
6880,5.094078147739657e-06,16.93035334092381,0.45239529113271887,0.9590980969268319,18.341846728983356
6900,5.108886514448202e-06,16.92494730559813,0.45468220788761965,0.9625931169831429,18.342222630468893
6920,5.123694881156748e-06,16.919521357329664,0.4564931301207094,0.9664401080363292,18.342454595486704
6940,5.138503247865293e-06,16.914859004626432,0.4583852173663738,0.9695798208592096,18.342824042852016
6960,5.153311614573839e-06,16.909885911707676,0.4602101209669622,0.9730789816846107,18.34317501435925
6980,5.168119981282384e-06,16.904147463761255,0.46205357153812465,0.9773068901033555,18.343507925402736
7000,5.18292834799093e-06,16.899493822167813,0.4637375988849122,0.9805926051563787,18.343824026209102
7020,5.197736714699475e-06,16.894736957510254,0.46554241586189943,0.9839140316487522,18.344193405020906
7040,5.212545081408021e-06,16.889525371290894,0.4671533760407174,0.9877676071751204,18.34444635450673
7060,5.227353448116566e-06,16.884444901914257,0.46899103692024696,0.9912418009993471,18.344677739833852
7080,5.242161814825112e-06,16.87923037493111,0.47083216398363786,0.9949941340797256,18.345056672994474
7100,5.256970181533657e-06,16.87350427135715,0.47305159852753925,0.9989656836600878,18.345521553544778
7120,5.271778548242203e-06,16.869515479042313,0.47457884589239435,1.0016324114936073,18.345726736428315
7140,5.286586914950748e-06,16.863693762582137,0.4765512147791042,1.0059264460340835,18.346171423395326
7160,5.301395281659294e-06,16.858699705848316,0.47867300900503384,1.009264973833619,18.34663768868697
7180,5.316203648367839e-06,16.853720861904662,0.480536030490675,1.0126197425266956,18.346876634922033
7200,5.331012015076385e-06,16.84834633848753,0.48203072670310787,1.0167026575280929,18.347079722718732
7220,5.34582038178493e-06,16.843139184038264,0.4840110506359702,1.0202745935884052,18.34742482826264
7240,5.360628748493476e-06,16.838143523340882,0.4860847673870166,1.0235219624799974,18.347750253207895
7260,5.375437115202021e-06,16.83290182393545,0.487740103437323,1.027480585531947,18.34812251290472
7280,5.390245481910567e-06,16.828195411074205,0.4891676515254158,1.0310905951875218,18.348453657787143
7300,5.405053848619112e-06,16.82342844096175,0.49082066617934117,1.0345427493157804,18.34879185645687
7320,5.419862215327658e-06,16.817761255547136,0.4928755571110255,1.038572526318951,18.34920933897711
7340,5.434670582036203e-06,16.81294697880425,0.49466535497297237,1.042021460521834,18.349633794299056
7360,5.449478948744749e-06,16.80772781771001,0.49655066617558347,1.045635598903452,18.349914082789045
7380,5.464287315453294e-06,16.802886970592116,0.4986340923874432,1.0488008745537607,18.35032193753332
7400,5.47909568216184e-06,16.79620776114286,0.5007548218830685,1.0538195976189417,18.35078218064487
7420,5.493904048870385e-06,16.79193637870663,0.5027415520019128,1.0564017891116368,18.351079719820177
7440,5.508712415578931e-06,16.786694425275872,0.5048919013525912,1.0598822838131736,18.351468610441636
7460,5.523520782287476e-06,16.78129290844403,0.5069994675487937,1.063437976420627,18.35173035241345
7480,5.538329148996022e-06,16.776364526617773,0.5088371009861172,1.0667124682309346,18.351914095834825
7500,5.553137515704567e-06,16.7703407518726,0.5110298418123309,1.07103138535359,18.352401979038518
7520,5.567945882413113e-06,16.76514500264924,0.5128830144517428,1.0745925563232368,18.35262057342422
7540,5.582754249121658e-06,16.760007510710903,0.5148139489110359,1.0780757090035822,18.35289716862552
7560,5.597562615830204e-06,16.754098143892563,0.5168558981126724,1.0823317690371788,18.353285811042415
7580,5.612370982538749e-06,16.749067588269355,0.5185069495630712,1.0860636076488333,18.35363814548126
7600,5.627179349247295e-06,16.744476642714694,0.5204697524878426,1.0890910228988795,18.354037418101417
7620,5.64198771595584e-06,16.739088045069398,0.5222245098629866,1.0930224356872191,18.354334990619606
7640,5.656796082664386e-06,16.7342002748656,0.5235583895324574,1.0968280767340421,18.3545867411321
7660,5.671604449372931e-06,16.72930752314567,0.5254093441924711,1.1001953278864471,18.35491219522459
7680,5.686412816081477e-06,16.7234369090348,0.5273675137060385,1.104492428980109,18.355296851720947
7700,5.701221182790022e-06,16.71844081170319,0.5292950359725158,1.1078803304204627,18.35561617809617
7720,5.716029549498568e-06,16.712393692902864,0.5313391030898978,1.1123116995059643,18.35604449549873
7740,5.730837916207113e-06,16.70781436853483,0.5334783048745071,1.1151569208216334,18.35644959423097
7760,5.745646282915659e-06,16.702642046688972,0.5347727603616379,1.1192992047893247,18.356714011839934
7780,5.760454649624204e-06,16.69794647543894,0.5364112415334025,1.1225516075301405,18.356909324502485
7800,5.77526301633275e-06,16.692637302718893,0.5383760871002332,1.1263916696141898,18.357405059433315
7820,5.790071383041295e-06,16.686533943942194,0.539972714364198,1.1311828506943478,18.35768950900074
7840,5.804879749749841e-06,16.682027567217304,0.5418423263975958,1.1341468179212248,18.358016711536123
7860,5.819688116458386e-06,16.676497322291045,0.5436040407500635,1.1381852552349818,18.358286618276093
7880,5.834496483166932e-06,16.671303352991274,0.5457206331131215,1.1417950189626886,18.358819005067083
7900,5.849304849875477e-06,16.665659163453498,0.5476129972884519,1.1458257317505343,18.359097892492485
7920,5.864113216584023e-06,16.661163880078895,0.549281690818998,1.149030125856035,18.35947569675393
7940,5.878921583292568e-06,16.65569979183669,0.5508363773086818,1.1533251212086313,18.359861290354
7960,5.893729950001114e-06,16.65123473267168,0.5520586877548114,1.156667844737188,18.35996126516368
7980,5.908538316709659e-06,16.6465287934805,0.5536051575128833,1.160310246028383,18.360444197021767
8000,5.923346683418205e-06,16.64091229307415,0.5551055929361495,1.16464086321798,18.360658749228282
8020,5.93815505012675e-06,16.63581300940092,0.557061535150524,1.1681227242892689,18.360997268840713
8040,5.952963416835296e-06,16.630478288609055,0.5593271894995696,1.1716626309866112,18.361468109095235
8060,5.967771783543841e-06,16.624862113292902,0.5611104613183907,1.1759326186833108,18.361905193294604
8080,5.982580150252387e-06,16.62012537958796,0.5628474556325566,1.1791271880685297,18.36210002328905
8100,5.9973885169609324e-06,16.614984624798375,0.564494965687209,1.1829761731079476,18.36245576359353
8120,6.012196883669478e-06,16.60960479872063,0.566292309644968,1.187053531692274,18.36295064005787
8140,6.0270052503780234e-06,16.60519987920208,0.5675254097213107,1.1903983959943845,18.363123684917774
8160,6.041813617086569e-06,16.599875805532633,0.569184646996739,1.1944030089375293,18.3634634614669
8180,6.0566219837951145e-06,16.59413573690792,0.5712820010058335,1.198500555260377,18.36391829317413
8200,6.07143035050366e-06,16.58901490651566,0.5734877733694823,1.201834184661825,18.364336864546967
8220,6.0862387172122055e-06,16.583552281460527,0.575213001536824,1.2060129687223642,18.364778251719716
8240,6.101047083920751e-06,16.578515985277285,0.5768769320250778,1.2097688499348749,18.365161767237236
8260,6.1158554506292965e-06,16.572984668426102,0.5787895477594529,1.213767186440223,18.365541402625777
8280,6.1306638173378424e-06,16.567871103820437,0.5806709780414897,1.2173906548010192,18.365932736662945
8300,6.1454721840463875e-06,16.562932010694794,0.5824345733892247,1.2208287323901055,18.366195316474126
8320,6.1602805507549334e-06,16.55725714219156,0.5846440978302954,1.2248042773305818,18.366705517352436
8340,6.1750889174634785e-06,16.552504289755635,0.5862207301941171,1.2283714704966884,18.367096490446443
8360,6.1898972841720245e-06,16.546780959225877,0.5878532961562821,1.2329881203330937,18.367622375715253
8380,6.2047056508805696e-06,16.542702626346184,0.5895449408104542,1.2356107239192493,18.36785829107589
8400,6.2195140175891155e-06,16.536388997003375,0.5913067157273532,1.2404288945686903,18.368124607299418
8420,6.2343223842976606e-06,16.531800949575192,0.5929789480968024,1.2436716988642202,18.368451596536215
8440,6.2491307510062065e-06,16.527058293964963,0.5942275893240345,1.2473968965689686,18.368682779857966
8460,6.263939117714752e-06,16.52134074277758,0.5962175343412546,1.2515200492418765,18.369078326360707
8480,6.2787474844232975e-06,16.51633981348555,0.5980459469946378,1.2551535080718257,18.369539268552014
8500,6.293555851131843e-06,16.51157125787416,0.5998726527753978,1.2583397686814206,18.36978367933098
8520,6.3083642178403885e-06,16.506045675501063,0.6014485791037295,1.262611474451933,18.370105729056725
8540,6.323172584548934e-06,16.500474177796523,0.6032307397845919,1.266724059645104,18.37042897722622
8560,6.3379809512574796e-06,16.495982316496487,0.6046681254873172,1.269999551071455,18.37064999305526
8580,6.352789317966025e-06,16.489860721068275,0.6065012577214046,1.274608417372169,18.370970396161848
8600,6.3675976846745706e-06,16.48448826955214,0.6083991167068963,1.278626763090416,18.37151414934945
8620,6.382406051383116e-06,16.479708873945278,0.6096300436497384,1.2824960496497102,18.371834967244723
8640,6.397214418091662e-06,16.47479733014436,0.6107479339769409,1.286583517662229,18.37212878178353
8660,6.412022784800207e-06,16.469050765210266,0.6123934788018247,1.291031511912516,18.372475755924604
8680,6.426831151508753e-06,16.464473529343817,0.6141840600068414,1.2941236410017911,18.37278123035245
8700,6.441639518217298e-06,16.458777651870122,0.6160400807519627,1.2985209601218062,18.37333869274389
8720,6.456447884925844e-06,16.453868617074257,0.617591099695219,1.302327579763918,18.373787296533393
8740,6.471256251634389e-06,16.448070997567914,0.6195860054432099,1.3066206726489769,18.3742776756601
8760,6.486064618342935e-06,16.44269870223489,0.6213360060616507,1.3105626673223614,18.3745973756189
8780,6.50087298505148e-06,16.43729287339673,0.6228571083624924,1.3147534803255656,18.374903462084788
8800,6.515681351760026e-06,16.431803363041254,0.6244685386115525,1.3190188033326535,18.37529070498546
8820,6.530489718468571e-06,16.427182300915717,0.6262443524445122,1.3221956168314422,18.375622270191673
8840,6.545298085177117e-06,16.420473907400513,0.628054896701704,1.3273714705960349,18.375900274698253
8860,6.560106451885662e-06,16.416332629956592,0.6296194068035773,1.330367935310724,18.376319972070895
8880,6.574914818594208e-06,16.411061848818377,0.6312580783143791,1.3344968749087813,18.376816802041535
8900,6.589723185302753e-06,16.40589406801855,0.6326448708566361,1.3386209158137858,18.377159854688973
8920,6.604531552011299e-06,16.40100667886695,0.6341557816714709,1.342265321387944,18.377427781926365
8940,6.619339918719844e-06,16.395859244085486,0.6355172524158059,1.3464125698111769,18.377789066312467
8960,6.63414828542839e-06,16.390188607879807,0.6371825849045093,1.3508526929197455,18.37822388570406
8980,6.648956652136935e-06,16.38479203242431,0.6397556925058969,1.3542559923299935,18.3788037172602
9000,6.663765018845481e-06,16.379982545041734,0.6410599348970673,1.3581318241860247,18.379174304124827
9020,6.678573385554026e-06,16.37409300440759,0.6425693025768652,1.3627125803631477,18.379374887347605
9040,6.693381752262572e-06,16.369780559513696,0.6441902378249326,1.365882163652221,18.37985296099085
9060,6.708190118971117e-06,16.364254271258304,0.6460146644750265,1.370139941835672,18.380408877569
9080,6.722998485679663e-06,16.358281136827294,0.6479377271973895,1.374605843519213,18.380824707543898
9100,6.737806852388208e-06,16.35438856740331,0.6492014940254274,1.3775169892712398,18.381107050699974
9120,6.752615219096754e-06,16.34857862575334,0.6503834621419146,1.3825438803711065,18.38150596826636
9140,6.7674235858053e-06,16.34406892420402,0.6517764736531244,1.3861735777871063,18.38201897564425
9160,6.782231952513845e-06,16.33942138495405,0.6533667909958548,1.3896248653388423,18.382413041288746
9180,6.797040319222391e-06,16.334216789184275,0.6551033415569771,1.393444781419881,18.382764912161132
9200,6.811848685930936e-06,16.32835220759984,0.656624327213853,1.3981000244725204,18.38307655928621
9220,6.826657052639482e-06,16.323122368649596,0.658459886491747,1.4019505885520225,18.383532843693366
9240,6.841465419348027e-06,16.317862482457084,0.6601883508094575,1.405861542173755,18.383912375440296
9260,6.856273786056573e-06,16.31265904304536,0.661902202458922,1.4097995925005047,18.38436083800479
9280,6.871082152765118e-06,16.306398574568092,0.6634560631481826,1.4146832270574266,18.3845378647737
9300,6.885890519473664e-06,16.301582771875644,0.6650978695605165,1.4182234106510123,18.384904052087172
9320,6.900698886182209e-06,16.296936236780226,0.6666861928938816,1.421763491276463,18.38538592095057
9340,6.915507252890755e-06,16.29117767886914,0.6682267406708362,1.4263417889901253,18.3857462085301
9360,6.9303156195993e-06,16.2865955091507,0.6694847286130292,1.429997268033255,18.386077505796983
9380,6.945123986307846e-06,16.280222925698027,0.6711023274762983,1.435338880033565,18.38666413320789
9400,6.959932353016391e-06,16.275499713867667,0.6728128078998952,1.4387637002970455,18.387076222064607
9420,6.974740719724937e-06,16.27085254729199,0.6741860262464562,1.4423594288167674,18.387398002355216
9440,6.989549086433482e-06,16.265306371719078,0.6755239739034511,1.4467882916620851,18.387618637284614
9460,7.004357453142028e-06,16.2604574449835,0.6774334064008896,1.4500280299454613,18.387918881329853
9480,7.019165819850573e-06,16.254470317811325,0.6791770272063723,1.4548230687357864,18.388470413753485
9500,7.033974186559119e-06,16.249503306934187,0.68070162431388,1.4586719723143036,18.38887690356237
9520,7.048782553267664e-06,16.24409499045501,0.6823149866059649,1.46280401068352,18.389213987744498
9540,7.06359091997621e-06,16.238477874237425,0.6843774907417736,1.4668728498037722,18.38972821478297
9560,7.078399286684755e-06,16.23272202769367,0.6856147845296344,1.4717829130450824,18.390119725268384
9580,7.093207653393301e-06,16.228526963847496,0.6866774977482625,1.475448556361304,18.390653017957064
9600,7.108016020101846e-06,16.223401888670807,0.6882322906601024,1.47941916907732,18.39105334840823
9620,7.122824386810392e-06,16.217508632926606,0.6896655435867793,1.4842087557928123,18.3913829323062
9640,7.137632753518937e-06,16.213335051964968,0.6911181348890998,1.4872079964822085,18.391661183336275
9660,7.152441120227483e-06,16.20664236725572,0.693359656424662,1.4922375176845573,18.39223954136494
9680,7.167249486936028e-06,16.202170882002076,0.6949281096779124,1.495625881815235,18.392724873495226
9700,7.182057853644574e-06,16.196033725529126,0.6966185585375119,1.5004168033275005,18.39306908739414
9720,7.196866220353119e-06,16.191785712579104,0.6981482985335021,1.5034871079456846,18.393421119058292
9740,7.211674587061665e-06,16.1849480389791,0.6996322952896576,1.5092269569918506,18.393807291260607
9760,7.22648295377021e-06,16.181608193335258,0.7009042970385005,1.511637996390803,18.394150486764563
9780,7.241291320478756e-06,16.17635840502262,0.702483876328465,1.5156563449308917,18.394498626281976
9800,7.256099687187301e-06,16.170357776280632,0.704183009837089,1.5204670924665926,18.395007878584313
9820,7.270908053895847e-06,16.16548288429702,0.7061969936982567,1.523790627633098,18.395470505628374
9840,7.285716420604392e-06,16.15992746656178,0.7077009949224328,1.5281059636153866,18.395734425099597
9860,7.300524787312938e-06,16.155377591986735,0.7085612705909733,1.5319416476028889,18.395880510180596
9880,7.315333154021483e-06,16.149011352120112,0.710303729975032,1.536778544712754,18.396093626807897
9900,7.330141520730029e-06,16.144495093131475,0.7115977303836764,1.5404178090076037,18.396510632522755
9920,7.344949887438574e-06,16.13887312092247,0.7128249639731558,1.5451413229308906,18.396839407826516
9940,7.35975825414712e-06,16.13431454532651,0.7146767036445032,1.5484156509399578,18.397406899910973
9960,7.374566620855665e-06,16.128059308850588,0.7160122129136307,1.5536030224267718,18.397674544190988
9980,7.389374987564211e-06,16.123851470438087,0.7173037731416811,1.5568912401522066,18.398046483731974
10000,7.404183354272756e-06,16.117714574966193,0.7191605769147762,1.5615714872586026,18.398446639139575
10020,7.418991720981302e-06,16.112495977015875,0.7207264631708699,1.5657308648685784,18.398953305055322
10040,7.433800087689847e-06,16.106227673174082,0.7217867785440675,1.571383655472795,18.399398107190944
10060,7.448608454398393e-06,16.10233573069179,0.7231836156812802,1.57427808962955,18.399797436002622
10080,7.463416821106938e-06,16.095868568002285,0.7249719225441785,1.5794266538211186,18.400267144367582
10100,7.478225187815484e-06,16.089306372286167,0.7267884747902037,1.5844818129046243,18.400576659980995
10120,7.493033554524029e-06,16.08581418029092,0.728245863117302,1.587010294623395,18.401070338031616
10140,7.507841921232575e-06,16.08027550266557,0.7296858205087315,1.5916139170634807,18.401575240237783
10160,7.52265028794112e-06,16.074253020082672,0.7315407521814441,1.5961021807893427,18.40189595305346
10180,7.537458654649666e-06,16.06972472040183,0.7327263895089456,1.5997520091324051,18.402203119043183
10200,7.552267021358211e-06,16.064049293458417,0.7339626666324961,1.6046824987950945,18.40269445888601
10220,7.567075388066757e-06,16.058888731996213,0.7347225365345015,1.6093219691929135,18.402933237723627
10240,7.581883754775302e-06,16.053807976601284,0.7367324100031487,1.6128191389766064,18.403359525581042
10260,7.596692121483848e-06,16.04703735490763,0.7383527089440178,1.618302313897908,18.403692377749554
10280,7.611500488192393e-06,16.042456903941066,0.7395515019330209,1.6222844634023192,18.404292869276407
10300,7.626308854900939e-06,16.03761816870929,0.740629148885233,1.626395516374973,18.404642833969497
10320,7.641117221609484e-06,16.03081879400758,0.7420105526395456,1.6323492396368142,18.405178586283938
10340,7.65592558831803e-06,16.026465354526284,0.7434619389525154,1.6356609347310993,18.405588228209897
10360,7.670733955026576e-06,16.020541926269352,0.7449891496198869,1.6405331744129965,18.406064250302236
10380,7.68554232173512e-06,16.0164827658858,0.7462812627615503,1.643529477261449,18.4062935059088
10400,7.700350688443666e-06,16.010692398602735,0.7475326111694487,1.6484829152429012,18.406707925015084
10420,7.715159055152212e-06,16.0060781316707,0.7490311118198653,1.6521486220144872,18.407257865505052
10440,7.729967421860758e-06,16.001078866648506,0.7500159943780796,1.6564373312516705,18.407532192278254
10460,7.744775788569302e-06,15.994387827109096,0.7517757987333196,1.6617127081551493,18.407876333997564
10480,7.759584155277848e-06,15.990363425280464,0.75271110274879,1.6650645783043494,18.408139106333604
10500,7.774392521986394e-06,15.98567125497399,0.7531588925071296,1.6695517074932673,18.408381854974387
10520,7.78920088869494e-06,15.980352716112785,0.7547113747572646,1.6738138025826799,18.40887789345273
10540,7.804009255403485e-06,15.974244839493208,0.7568537987727625,1.678174451249728,18.409273089515697
10560,7.81881762211203e-06,15.968692520231246,0.7582205058145344,1.6827424535977975,18.409655479643575
10580,7.833625988820576e-06,15.963647984670237,0.7594520514279156,1.6869760921725927,18.410076128270745
10600,7.848434355529122e-06,15.957225875103433,0.7614171787274948,1.691910401982684,18.410553455813613
10620,7.863242722237667e-06,15.951058370981473,0.7627538633330895,1.6970247598799775,18.41083699419454
10640,7.878051088946212e-06,15.946775103635579,0.7642777415139259,1.700213342320807,18.411266187470314
10660,7.892859455654758e-06,15.941986800859148,0.7655793116034093,1.7040404839679837,18.41160659643054
10680,7.907667822363304e-06,15.935964810523517,0.766361198112817,1.7098017234680256,18.41212773210436
10700,7.922476189071849e-06,15.931849502763084,0.767663422109531,1.712968435143378,18.412481360015992
10720,7.937284555780395e-06,15.926979563001535,0.7691639852280804,1.716829233105032,18.412972781334645
10740,7.95209292248894e-06,15.920183608280517,0.7706725600066122,1.7226436981042976,18.413499866391426
10760,7.966901289197486e-06,15.9155351259035,0.7723108804659742,1.7259855788908154,18.413831585260287
10780,7.98170965590603e-06,15.909863532484065,0.7736075372906284,1.730488779634228,18.413959849408922
10800,7.996518022614577e-06,15.905131863206075,0.7751014958417538,1.7343249242782637,18.414558283326095
10820,8.011326389323122e-06,15.898200637268184,0.7767229348096842,1.7399048848123764,18.414828456890245
10840,8.026134756031668e-06,15.894229438137288,0.7779284573132036,1.74290853757513,18.415066433025622
10860,8.040943122740213e-06,15.887847928347705,0.7793085403620317,1.7480550747191148,18.415211543428853
10880,8.055751489448759e-06,15.883033823106189,0.780445996169631,1.752279885588655,18.415759704864477
10900,8.070559856157305e-06,15.878800516059961,0.7809348869464564,1.756132537742774,18.415867940749195
10920,8.08536822286585e-06,15.873180035027186,0.7823337688413274,1.7608767896412503,18.416390593509764
10940,8.100176589574395e-06,15.867527322462958,0.7836345943303846,1.7656474586488287,18.41680937544217
10960,8.11498495628294e-06,15.86284072172786,0.7852316780984522,1.7695603000202356,18.417632699846546
10980,8.129793322991487e-06,15.857536246892343,0.7863449741031613,1.7742010876201757,18.41808230861568
11000,8.144601689700033e-06,15.85202493600097,0.7874138450372888,1.779076476514486,18.418515257552745
11020,8.159410056408577e-06,15.848071798714232,0.7880136467640841,1.7826464929371975,18.41873193841551
11040,8.174218423117123e-06,15.84165869943352,0.7889862061492856,1.7885247944615048,18.41916970004431
11060,8.189026789825669e-06,15.83727308009472,0.7908660220411337,1.791477221940133,18.41961632407599
11080,8.203835156534215e-06,15.832019162374065,0.7917713468769714,1.796259848914965,18.420050358166
11100,8.218643523242759e-06,15.827524458944161,0.7930049336554217,1.7999368965191658,18.42046628911875
11120,8.233451889951305e-06,15.82168240220538,0.7937093952934957,1.8052021980721715,18.420593995571046
11140,8.24826025665985e-06,15.817250404617617,0.7949310085331078,1.8090995821036713,18.421280995254396
11160,8.263068623368397e-06,15.812302459021218,0.7954215408557608,1.81381844317817,18.42154244305515
11180,8.27787699007694e-06,15.807387594929889,0.7969495171854447,1.8177124515028624,18.4220495636182
11200,8.292685356785487e-06,15.802743996911168,0.7981227469486203,1.8215686033470417,18.422435347206832
11220,8.307493723494033e-06,15.79785489219001,0.7989968138074105,1.8258359455248603,18.42268765152228
11240,8.322302090202579e-06,15.791091277895479,0.8007452701603416,1.8312032030894554,18.423039751145275
11260,8.337110456911123e-06,15.786578628878786,0.8016332800047529,1.8352125769086833,18.423424485792225
11280,8.351918823619669e-06,15.781715552029004,0.8025837154732566,1.8394876896642858,18.423786957166545
11300,8.366727190328215e-06,15.775866835665552,0.8035876659862149,1.8449301602345534,18.42438466188632
11320,8.38153555703676e-06,15.771047853633654,0.805143050040077,1.8486162692240886,18.424807172897818
11340,8.396343923745305e-06,15.7667830112393,0.8061096052059931,1.8523473702840751,18.42523998672937
11360,8.41115229045385e-06,15.76129391638891,0.8065690565260072,1.8579026639919918,18.42576563690691
11380,8.425960657162397e-06,15.756677542357895,0.8076855276330506,1.8615063848254705,18.425869454816418
11400,8.440769023870943e-06,15.752896257360186,0.8073403841839538,1.8658365602219145,18.426073201766055
11420,8.455577390579489e-06,15.747710282968184,0.8081458658868738,1.8705421363666697,18.426398285221726
11440,8.470385757288033e-06,15.743230275254316,0.808669506391595,1.8747488629375013,18.426648644583413
11460,8.485194123996579e-06,15.737859652856136,0.8092171112757887,1.8799516921220811,18.427028456254003
11480,8.500002490705125e-06,15.732712981794588,0.8101407109255059,1.8845292534634428,18.427382946183535
11500,8.51481085741367e-06,15.728757352185758,0.8112876056970393,1.8878543996604782,18.42789935754328
11520,8.529619224122215e-06,15.722587637660283,0.8126552759726511,1.8932359758374022,18.428478889470338
11540,8.54442759083076e-06,15.717167557217465,0.8139350408749327,1.89796537911887,18.429067977211268
11560,8.559235957539307e-06,15.712781368413397,0.81483707703884,1.9018887683760068,18.429507213828245
11580,8.574044324247853e-06,15.7083210179857,0.8154693420994998,1.9060608280511167,18.42985118813632
11600,8.588852690956397e-06,15.703195230116851,0.8164363111308588,1.910604348737134,18.430235889984843
11620,8.603661057664943e-06,15.698174773992314,0.8174738317377882,1.914944531283241,18.430593137013343
11640,8.618469424373489e-06,15.693440384855966,0.8182491721830782,1.91929106747525,18.430980624514294
11660,8.633277791082035e-06,15.687634208939208,0.8192899354232147,1.9243640982492172,18.43128824261164
11680,8.648086157790579e-06,15.684498227909387,0.8195800182488314,1.9274428575799418,18.43152110373816
11700,8.662894524499125e-06,15.679509488850465,0.8203445355834181,1.9320440500323768,18.43189807446626
11720,8.67770289120767e-06,15.672394564324325,0.8212067043968297,1.9387811693469386,18.432382438068093
11740,8.692511257916217e-06,15.669173527493376,0.8224395039777752,1.941098277330311,18.432711308801462
11760,8.707319624624761e-06,15.662203622967915,0.8231737111703957,1.9473758716565963,18.432753205794906
11780,8.722127991333307e-06,15.657951795162022,0.8242098837210837,1.9513144041204555,18.433476083003562
11800,8.736936358041853e-06,15.654118125409513,0.8246839481534464,1.955031282322699,18.43383335588566
11820,8.751744724750399e-06,15.649553936668305,0.8248942285850661,1.9596839359351765,18.434132101188546
11840,8.766553091458943e-06,15.644468677550506,0.8254323717681158,1.9645424259605635,18.434443475279185
11860,8.781361458167489e-06,15.639807442095915,0.8266098054163068,1.9684930783431818,18.434910325855405
11880,8.796169824876035e-06,15.633583181095037,0.8272590509685228,1.974349448712761,18.43519168077632
11900,8.81097819158458e-06,15.629696061446188,0.8274918519852711,1.978336781993364,18.43552469542482
11920,8.825786558293125e-06,15.623336323391024,0.8285015826000466,1.9842992265214727,18.436137132512542
11940,8.840594925001671e-06,15.620328216754531,0.8293176169131652,1.9867135469254253,18.43635938059312
11960,8.855403291710217e-06,15.614448575519425,0.8295632015837701,1.99273634693483,18.436748124038026
11980,8.870211658418763e-06,15.610945116582286,0.8303082942969682,1.9958152384803536,18.43706864935961
12000,8.885020025127307e-06,15.603960808236273,0.8311762097270625,2.0026697097578285,18.437806727721163
12020,8.899828391835853e-06,15.600681590879777,0.832250205265621,2.0051745638310083,18.438106359976405
12040,8.914636758544399e-06,15.596722117784148,0.8329730348526659,2.0087574949842244,18.438452647621038
12060,8.929445125252945e-06,15.5905167220603,0.8336569665937686,2.0146097458173102,18.43878343447138
12080,8.944253491961489e-06,15.587273746303548,0.8333709796468486,2.018549251971156,18.43919397792155
12100,8.959061858670035e-06,15.582901944329766,0.833848390604906,2.0229170865711814,18.439667421505852
12120,8.973870225378581e-06,15.578270257353543,0.834583090774575,2.0274463461583503,18.440299694286466
12140,8.988678592087127e-06,15.573688457337658,0.8348106401397946,2.0321689481593657,18.44066804563682
12160,9.003486958795671e-06,15.568580186740363,0.8363291187752703,2.036393210014465,18.441302515530097
12180,9.018295325504217e-06,15.564260865257104,0.8368776989654974,2.040499486067568,18.44163805029017
12200,9.033103692212763e-06,15.559182272540305,0.8373119069563412,2.0455313396639503,18.442025519160595
12220,9.047912058921309e-06,15.553545395877425,0.8378801056749282,2.0508064576823894,18.44223195923474
12240,9.062720425629853e-06,15.548259004279682,0.8386502261069455,2.055820912003343,18.44273014238997
12260,9.077528792338399e-06,15.544241858313377,0.8395561947078182,2.059426208639096,18.44322426166029
12280,9.092337159046945e-06,15.539791621131815,0.8403900702558299,2.063426445805727,18.443608137193372
12300,9.107145525755491e-06,15.53524245148663,0.8406912092289374,2.0681940251983235,18.44412768591389
12320,9.121953892464035e-06,15.530578848602003,0.841289821151931,2.0725058000101773,18.44437446976411
12340,9.136762259172581e-06,15.525545009726612,0.8416682461234661,2.077449126560899,18.44466238241098
12360,9.151570625881127e-06,15.521820017838246,0.8419777420687037,2.08141003439336,18.445207794300313
12380,9.166378992589673e-06,15.516965841179914,0.8429000906033794,2.085776273288535,18.445642205071827
12400,9.181187359298217e-06,15.512767114883223,0.8436480890678867,2.089779984598751,18.446195188549858
12420,9.195995726006763e-06,15.50798168510292,0.8441182286013709,2.0944718493362746,18.446571763040566
12440,9.210804092715309e-06,15.503590369012175,0.844482570972883,2.0988074431833383,18.4468803831684
12460,9.225612459423855e-06,15.497581940196255,0.845195302144438,2.1043107339328437,18.44708797627354
12480,9.2404208261324e-06,15.49377882184317,0.8457615809078548,2.1080110371154794,18.447551439866505
12500,9.255229192840945e-06,15.488887124705322,0.8459184002066824,2.113226662540266,18.44803218745227
12520,9.270037559549491e-06,15.485001968288984,0.8465537203656357,2.1168077797155274,18.448363468370147
12540,9.284845926258037e-06,15.480451533139536,0.8463530179591701,2.1215512715484754,18.448355822647184
12560,9.299654292966581e-06,15.476157018182338,0.8466207841472666,2.1260868262813055,18.44886462861091
12580,9.314462659675127e-06,15.471221717597166,0.8467667260643262,2.1309153321901504,18.44890377585164
12600,9.329271026383673e-06,15.466707230785897,0.8476780095373628,2.1351298143091086,18.449515054632368
12620,9.34407939309222e-06,15.462083566648573,0.8479178535150328,2.13999711373824,18.449998533901844
12640,9.358887759800763e-06,15.45853112045907,0.8479592813037613,2.1437717490443737,18.450262150807202
12660,9.37369612650931e-06,15.453617719304876,0.8483892309158325,2.148668022173479,18.450674972394186
12680,9.388504493217855e-06,15.4492586711443,0.8486021765735282,2.153202898783234,18.451063746501063
12700,9.403312859926401e-06,15.444802374396877,0.8490845882955987,2.157501933309574,18.45138889600205
12720,9.418121226634945e-06,15.439847294928349,0.8492795150239794,2.162642647618174,18.451769457570503
12740,9.432929593343491e-06,15.435855105056493,0.848989220157628,2.1669931423801656,18.451837467594284
12760,9.447737960052037e-06,15.431906079321404,0.8497140365981499,2.1708174309680275,18.452437546887584
12780,9.462546326760583e-06,15.427149665035195,0.8500252058330574,2.175568495594479,18.45274336646273
12800,9.477354693469127e-06,15.42121444480419,0.8512962027733931,2.1807751530721347,18.453285800649716
12820,9.492163060177673e-06,15.417058003725698,0.8511366414807041,2.1850653888229754,18.453260034029377
12840,9.50697142688622e-06,15.41203846933394,0.8515344349499548,2.1904937512431766,18.454066655527072
12860,9.521779793594765e-06,15.408794429703782,0.851518054688727,2.1937900837951188,18.45410256818763
12880,9.53658816030331e-06,15.403710262268431,0.8520507926188259,2.1984550556875755,18.454216110574833
12900,9.551396527011855e-06,15.398835777790765,0.8533732927212847,2.202696116661091,18.45490518717314
12920,9.566204893720401e-06,15.393011017789327,0.8532408126097485,2.2090208370564888,18.455272667455564
12940,9.581013260428947e-06,15.390008455696282,0.8536473157443722,2.211693602182306,18.45534937362296
12960,9.595821627137492e-06,15.385064710910632,0.8540741933168188,2.2170410783689922,18.456179982596442
12980,9.610629993846037e-06,15.380952361410518,0.8542028076406549,2.220955262835923,18.456110431887094
13000,9.625438360554583e-06,15.376984615716733,0.8543361336079801,2.2252133235824987,18.45653407290721
13020,9.64024672726313e-06,15.372994969608959,0.8547072372646719,2.2291917985875362,18.456894005461166
13040,9.655055093971674e-06,15.367131906622731,0.8546838335311228,2.2351227402167884,18.456938480370642
13060,9.66986346068022e-06,15.364428092943715,0.8540139289787045,2.238835061334327,18.45727708325675
13080,9.684671827388765e-06,15.360328572983992,0.8541567070030313,2.2430475703392316,18.457532850326256
13100,9.699480194097311e-06,15.353075872338865,0.8539390907906036,2.250771832445179,18.457786795574645
13120,9.714288560805856e-06,15.350631497783965,0.8544987650057292,2.253020286333661,18.458150549123356
13140,9.729096927514402e-06,15.347016124794154,0.854189807797054,2.2574418248168078,18.458647757408016
13160,9.743905294222947e-06,15.34256632894519,0.8531287392145166,2.2631317483714,18.458826816531108
13180,9.758713660931493e-06,15.339031669960093,0.8540661780562581,2.266207183323939,18.45930503134029
13200,9.773522027640038e-06,15.33245382729083,0.8545414085665054,2.272785797702249,18.459781033559583
13220,9.788330394348584e-06,15.33027541977211,0.8539241789072002,2.2758910631738907,18.4600906618532
13240,9.80313876105713e-06,15.325790085364858,0.8545686291576889,2.28047945127323,18.460838165795778
13260,9.817947127765675e-06,15.320444615578019,0.8546062922193051,2.286362185447051,18.461413093244374
13280,9.83275549447422e-06,15.317598646329785,0.8549014502914927,2.289464514130956,18.461964610752233
13300,9.847563861182766e-06,15.31305813926943,0.8544771933027857,2.2944784251671844,18.4620137577394
13320,9.862372227891312e-06,15.308817514974116,0.8546280480033678,2.2992153791747314,18.462660942152215
13340,9.877180594599857e-06,15.303982596137667,0.8555567697774542,2.3035769245079,18.463116290423024
13360,9.891988961308402e-06,15.300020537013028,0.8554620137610991,2.307952190693392,18.46343474146752
13380,9.906797328016948e-06,15.296269436253308,0.8555933031798227,2.311993287690823,18.463856027123953
13400,9.921605694725494e-06,15.290417071377881,0.8552021516511484,2.318514602715014,18.464133825744042
13420,9.93641406143404e-06,15.287799622449148,0.8551425105074775,2.3215413288937277,18.464483461850353
13440,9.951222428142584e-06,15.280741878569275,0.8552970319660446,2.32894950394262,18.46498841447794
13460,9.96603079485113e-06,15.278156202827079,0.8555053069660891,2.3317087075017815,18.46537021729495
13480,9.980839161559676e-06,15.275294230113104,0.8553846992910571,2.3351127058019103,18.465791635206074
13500,9.995647528268222e-06,15.271240955152779,0.8545514586785229,2.340296608011939,18.466089021843242
13520,1.0010455894976766e-05,15.26663213001073,0.8550847348942178,2.3449053433856957,18.466622208290644
13540,1.0025264261685312e-05,15.261158085009612,0.8547679835003428,2.3512968342257397,18.467222902735692
13560,1.0040072628393858e-05,15.258406229963875,0.85468392585508,2.354318100303819,18.467408256122773
13580,1.0054880995102404e-05,15.2535764878216,0.854905174409725,2.3592589809096207,18.46774064314095
13600,1.0069689361810948e-05,15.249670041260877,0.8549952729204661,2.363339461356602,18.468004775537946
13620,1.0084497728519494e-05,15.242676109814582,0.8556386367618508,2.370537261393534,18.468852007969964
13640,1.009930609522804e-05,15.239873071790194,0.8558583800324616,2.3735093421736697,18.469240793996324
13660,1.0114114461936586e-05,15.23418777077827,0.8562579945143685,2.378964152399948,18.469409917692587
13680,1.0128922828645132e-05,15.231070091600635,0.8563605639532043,2.382511638564449,18.469942294118287
13700,1.0143731195353676e-05,15.226413102285498,0.8563668189569895,2.387549474152424,18.470329395394913
13720,1.0158539562062222e-05,15.222961678375118,0.8568330183091586,2.390908928730891,18.470703625415165
13740,1.0173347928770768e-05,15.216049564339261,0.8569924541083214,2.3979707568647024,18.471012775312285
13760,1.0188156295479314e-05,15.21293338706965,0.8572057403907289,2.4014824712812137,18.471621598741592
13780,1.0202964662187858e-05,15.208448983165578,0.8578301951433621,2.4059504253809765,18.472229603689915
13800,1.0217773028896404e-05,15.203849194888601,0.8583010441253818,2.4103922908645585,18.47254252987854
13820,1.023258139560495e-05,15.1976644425322,0.8575454734615647,2.4173704500607,18.472580366054466
13840,1.0247389762313496e-05,15.195084782536563,0.8571237100536871,2.4204939435608956,18.472702436151145
13860,1.026219812902204e-05,15.190722172962918,0.8582433339408123,2.4248312881646354,18.473796795068367
13880,1.0277006495730586e-05,15.18534685613905,0.8587116396564637,2.4304102667476566,18.47446876254317
13900,1.0291814862439132e-05,15.182075955548182,0.8584627230896404,2.434273728953503,18.474812407591326
13920,1.0306623229147678e-05,15.177195534305518,0.8586941281676074,2.4393475821743413,18.475237244647467
13940,1.0321431595856222e-05,15.173593108300196,0.8579729811686082,2.444050293884691,18.475616383353493
13960,1.0336239962564768e-05,15.169125489889506,0.8588512843414342,2.4481318290257628,18.4761086032567
13980,1.0351048329273314e-05,15.161793613647594,0.8595795624482615,2.4553207646948687,18.476693940790724
14000,1.036585669598186e-05,15.16007590521137,0.8586331153551864,2.458029216140797,18.476738236707355
14020,1.0380665062690404e-05,15.156035117344842,0.8589913247564901,2.4621147632021363,18.47714120530347
14040,1.039547342939895e-05,15.150383388710653,0.8587564112405912,2.4684800378620873,18.47761983781333
14060,1.0410281796107496e-05,15.148056446700647,0.8582642510583229,2.4716194751428797,18.47794017290185
14080,1.0425090162816042e-05,15.143013074981608,0.8584646107564105,2.477006591220466,18.478484276958483
14100,1.0439898529524586e-05,15.138464435134386,0.8597658884246562,2.4810209657147264,18.47925128927377
14120,1.0454706896233132e-05,15.133596169567019,0.8607489211900607,2.4853410299324863,18.479686120689564
14140,1.0469515262941678e-05,15.130522114224405,0.8600692722190476,2.4892445409493376,18.47983592739279
14160,1.0484323629650224e-05,15.123954450763254,0.8596807428142617,2.4964647466971774,18.480099940274695
14180,1.0499131996358768e-05,15.121022282238524,0.860321459717212,2.49919566232271,18.480539404278446
14200,1.0513940363067314e-05,15.118239681080926,0.86015128577692,2.502327969570345,18.48071893642819
14220,1.052874872977586e-05,15.112375513869585,0.8604706129534291,2.5082334699176205,18.481079596740635
14240,1.0543557096484406e-05,15.108128457173155,0.8611307285836681,2.512407653648636,18.48166683940546
14260,1.055836546319295e-05,15.104086663712794,0.8611459349737548,2.5166367374794443,18.481869336165992
14280,1.0573173829901496e-05,15.099948579805497,0.8614191816479305,2.5209145852778576,18.482282346731285
14300,1.0587982196610042e-05,15.093022388649686,0.8618359116536816,2.5281643141720123,18.48302261447538
14320,1.0602790563318588e-05,15.0906794654082,0.861524009716934,2.531009523083582,18.483212998208717
14340,1.0617598930027132e-05,15.085633576168224,0.8617341819130921,2.5362866531943724,18.48365441127569
14360,1.0632407296735678e-05,15.079087644717422,0.8622561392564027,2.543117783549771,18.484461567523596
14380,1.0647215663444224e-05,15.077786650312241,0.8614384401961417,2.5451496304720993,18.484374720980483
14400,1.066202403015277e-05,15.072958014251824,0.8621743321337716,2.549889555220187,18.485021901605784
14420,1.0676832396861314e-05,15.06872403698079,0.8624890765117591,2.5544573502158876,18.485670463708438
14440,1.069164076356986e-05,15.063565456260964,0.8626805008813264,2.5595555173740934,18.485801474516386
14460,1.0706449130278406e-05,15.060049797168617,0.8628258699243403,2.563411994700954,18.48628766179391
14480,1.0721257496986952e-05,15.05510552871487,0.8630805614206456,2.5686853434243315,18.48687143355985
14500,1.0736065863695496e-05,15.05043754942134,0.8634801833779505,2.573634482720953,18.487552215520243
14520,1.0750874230404042e-05,15.046928108949064,0.8632554963545048,2.5776118310794462,18.487795436383017
14540,1.0765682597112588e-05,15.043221900019466,0.8632047264497054,2.581682191573568,18.48810881804274
14560,1.0780490963821134e-05,15.03886353341171,0.8628425032274923,2.5867187762726003,18.488424812911802
14580,1.0795299330529678e-05,15.031691850926146,0.8634491182030475,2.5943366832931485,18.489477652422345
14600,1.0810107697238224e-05,15.028962174549402,0.8643072976371315,2.5965019004838332,18.48977137267037
14620,1.082491606394677e-05,15.02424241769235,0.864330538690955,2.6014215058331964,18.4899944622165
14640,1.0839724430655316e-05,15.021865292905677,0.863849746846029,2.6045602252740188,18.490275265025723
14660,1.085453279736386e-05,15.016412603585557,0.8639770718860249,2.610535711842335,18.490925387313915
14680,1.0869341164072406e-05,15.01320575165262,0.8638870742102267,2.6142503619280983,18.491343187790946
14700,1.0884149530780952e-05,15.009628084511274,0.8632646482117375,2.6187559139500816,18.49164864667309
14720,1.0898957897489498e-05,15.003763950959742,0.8635787188719197,2.6248509504061044,18.492193620237764
14740,1.0913766264198042e-05,15.001214202736355,0.8638491487350106,2.6275212321003694,18.492584583571734
14760,1.0928574630906588e-05,14.995898425033001,0.8634786013189902,2.6336012035242504,18.492978229876243
14780,1.0943382997615134e-05,14.991894467861247,0.8636673491194674,2.638200937487336,18.49376275446805
14800,1.095819136432368e-05,14.988825199619153,0.8630059862255031,2.642077339570013,18.493908525414668
14820,1.0972999731032224e-05,14.985204321153999,0.8622989501659132,2.646524970113356,18.49402824143327
14840,1.098780809774077e-05,14.980175316518494,0.8632692327499343,2.65118249398461,18.49462704325304
14860,1.1002616464449316e-05,14.976424932052481,0.8632890916709076,2.6553498251590475,18.495063848882435
14880,1.1017424831157862e-05,14.972796122346022,0.8625449189271329,2.6600087089662763,18.49534975023943
14900,1.1032233197866406e-05,14.965032767169186,0.8632848201184818,2.6676559406012292,18.495973527888896
14920,1.1047041564574952e-05,14.96316474540519,0.8632061466153064,2.6696380150858072,18.496008907106305
14940,1.1061849931283498e-05,14.959980254734814,0.8626276164339273,2.6738236560928836,18.496431527261628
14960,1.1076658297992044e-05,14.95600440125204,0.8623311396280974,2.6784196403323692,18.496755181212507
14980,1.1091466664700588e-05,14.952843511872846,0.8613805100496332,2.6827503134325106,18.49697433535499
15000,1.1106275031409134e-05,14.949648045398916,0.8602938322936212,2.687432719426136,18.49737459711867
15020,1.112108339811768e-05,14.943397615664061,0.8601468097586641,2.694483795923733,18.49802822134646
15040,1.1135891764826226e-05,14.941743999921627,0.8604233987626834,2.6961555860559407,18.498322984740252
15060,1.115070013153477e-05,14.936725752177875,0.8600054408862525,2.702392183421694,18.499123376485823
15080,1.1165508498243316e-05,14.934041942063967,0.859321467730682,2.7058076633900425,18.49917107318469
15100,1.1180316864951862e-05,14.929095915811828,0.8591192486693089,2.711320465684377,18.499535630165514
15120,1.1195125231660408e-05,14.92671585631949,0.8586840321025091,2.7146589930312124,18.50005888145321
15140,1.1209933598368952e-05,14.924052291997087,0.8570515468138284,2.719093013011228,18.500196851822142
15160,1.1224741965077498e-05,14.919348210250613,0.8565937344584533,2.7243154580031566,18.500257402712222
15180,1.1239550331786044e-05,14.916745600385589,0.8566342495211483,2.7273769806008685,18.500756830507605
15200,1.125435869849459e-05,14.912091865756048,0.8552164831262602,2.733789998827756,18.501098347710062
15220,1.1269167065203134e-05,14.909853867970208,0.8545668223545887,2.7364837828584676,18.50090447318326
15240,1.128397543191168e-05,14.908186284742472,0.8531117958061899,2.7398231406131233,18.501121221161785
15260,1.1298783798620226e-05,14.904273679141205,0.8521033475023666,2.744944405114911,18.501321431758484
15280,1.1313592165328772e-05,14.89988529580066,0.8511020509754291,2.750139401713293,18.501126748489384
15300,1.1328400532037317e-05,14.897775329468498,0.850271688066586,2.7533634925996058,18.50141051013469
15320,1.1343208898745862e-05,14.89284118036366,0.849577249673996,2.7592333614402182,18.501651791477876
15340,1.1358017265454408e-05,14.891420359765913,0.8488068050175783,2.761881184798248,18.50210834958174
15360,1.1372825632162954e-05,14.888354170575518,0.8473410352865314,2.7664812834513888,18.502176489313438
15380,1.1387633998871499e-05,14.885564501530425,0.8458538232857465,2.7708446706110728,18.502262995427245
15400,1.1402442365580044e-05,14.881193072889591,0.845492506392616,2.776233433886007,18.502919013168214
15420,1.141725073228859e-05,14.879861027129367,0.8435459274319322,2.779544608216028,18.502951562777326
15440,1.1432059098997136e-05,14.877429258431219,0.8415367317994819,2.7840179179099933,18.502983908140692
15460,1.144686746570568e-05,14.87595414630523,0.84016133095646,2.787325748201399,18.50344122546309
15480,1.1461675832414227e-05,14.872345488882718,0.8386434993303148,2.792780925790036,18.50376991400307
15500,1.1476484199122772e-05,14.870330512719683,0.8361128825382682,2.797438431805795,18.503881827063747
15520,1.1491292565831318e-05,14.867514125894427,0.8353029682189622,2.801736911946048,18.504554006059436
15540,1.1506100932539863e-05,14.86251812209787,0.8340050452602374,2.808374654230312,18.50489782158842
15560,1.1520909299248409e-05,14.86222091225617,0.8318820578815784,2.811041809833753,18.505144779971502
15580,1.1535717665956954e-05,14.859416354045287,0.8303914963659738,2.8160614031402655,18.505869253551523
15600,1.15505260326655e-05,14.857274081538257,0.8293073760327577,2.8199194051040197,18.506500862675033
15620,1.1565334399374045e-05,14.854879626270066,0.827149882540315,2.824749244854859,18.506778753665238
15640,1.158014276608259e-05,14.85285023960891,0.8246122528183929,2.829861989388545,18.507324481815846
15660,1.1594951132791137e-05,14.850745591485822,0.8227971807996677,2.8340861743972825,18.50762894668277
15680,1.1609759499499682e-05,14.848496847243366,0.8210226951841891,2.838755288208488,18.508274830636044
15700,1.1624567866208227e-05,14.846660844167102,0.819041233042334,2.843217759508678,18.508919836718114
15720,1.1639376232916773e-05,14.844921852732451,0.8164020358843038,2.8478937070025876,18.509217595619344
15740,1.1654184599625319e-05,14.841845287622176,0.8143290216680532,2.8539876094464427,18.51016191873667
15760,1.1668992966333864e-05,14.840084738134795,0.8120490730567308,2.858589119903506,18.51072293109503
15780,1.1683801333042409e-05,14.837724960731657,0.8093071035856657,2.864550314745511,18.511582379062833
15800,1.1698609699750955e-05,14.835459593811258,0.8072711194795614,2.86912181044104,18.51185252373186
15820,1.17134180664595e-05,14.834445313204448,0.8061425863348851,2.8720754348437643,18.5126633343831
15840,1.1728226433168047e-05,14.83139459728228,0.8040345932172376,2.8784702905202977,18.513899481019813
15860,1.174303479987659e-05,14.829274647427592,0.8012657168817662,2.8842881202940025,18.51482848460336
15880,1.1757843166585137e-05,14.829628216915463,0.7986175986762177,2.887196748773828,18.515442564365507
15900,1.1772651533293683e-05,14.828074859267673,0.7967741523222939,2.891769499612288,18.516618511202257
15920,1.1787459900002229e-05,14.824317379125826,0.7951863444425765,2.8982681628927707,18.517771886461173
15940,1.1802268266710775e-05,14.824530115784864,0.7925153447772368,2.9012681666042797,18.51831362716638
15960,1.1817076633419319e-05,14.822991599736808,0.7900305176582202,2.906058581005788,18.519080698400817
15980,1.1831885000127865e-05,14.82154950344091,0.78788754573155,2.910787092726248,18.52022414189871
16000,1.184669336683641e-05,14.818037368263692,0.78596997392501,2.917536206258342,18.521543548447042
16020,1.1861501733544957e-05,14.816643922969863,0.7842895490429599,2.920940932956374,18.521874404969196
16040,1.18763101002535e-05,14.816429692967258,0.7816121389936604,2.9247317682557563,18.522773600216674
16060,1.1891118466962047e-05,14.81386831790391,0.7797085423707124,2.9301812527697244,18.523758113044348
16080,1.1905926833670593e-05,14.813279254863698,0.7773650808528563,2.9336594021314832,18.524303737848037
16100,1.1920735200379139e-05,14.811654992974598,0.7760928818757613,2.937653822348761,18.525401697199122
16120,1.1935543567087683e-05,14.807548501942609,0.7742858592611465,2.944552576479281,18.526386937683036
16140,1.1950351933796229e-05,14.806989365449098,0.7726580218842144,2.947266681034208,18.52691406836752
16160,1.1965160300504775e-05,14.806189082061184,0.770539056248475,2.9510093075771495,18.52773744588681
16180,1.197996866721332e-05,14.804664421459284,0.7677626001729662,2.955966267652385,18.528393289284637
16200,1.1994777033921865e-05,14.802693673895387,0.7657172810422198,2.9603457641412296,18.528756719078835
16220,1.200958540063041e-05,14.801966055973057,0.7640704302558408,2.9635640459953754,18.529600532224272
16240,1.2024393767338957e-05,14.800853308623138,0.7623018089732606,2.9671024943486373,18.530257611945036
16260,1.2039202134047503e-05,14.800009234218644,0.7594732485148002,2.971168418211824,18.53065090094527
16280,1.2054010500756047e-05,14.798768013509243,0.7575168996932847,2.974902402133753,18.53118731533628
16300,1.2068818867464593e-05,14.7965723448596,0.7567683723740795,2.9785838237831124,18.531924541016792
16320,1.2083627234173139e-05,14.795419092174594,0.7540310337747009,2.9827269813157233,18.53217710726502
16340,1.2098435600881685e-05,14.795129651219806,0.7513287631591105,2.9860836796871464,18.532542094066063
16360,1.2113243967590229e-05,14.794261812505034,0.7492367069289136,2.989567828046644,18.53306634748059
16380,1.2128052334298775e-05,14.79245093155619,0.747757277831661,2.9936374461807618,18.533845655568612
16400,1.214286070100732e-05,14.791003582114673,0.7451826217108702,2.9978554057096747,18.53404160953522
16420,1.2157669067715867e-05,14.791076468777174,0.7424459669572588,3.0005762782112275,18.53409871394566
16440,1.2172477434424411e-05,14.787822320699693,0.7399944224293064,3.006110112163676,18.533926855292677
16460,1.2187285801132957e-05,14.786677884224058,0.7387889046853197,3.0093091585766465,18.534775947486025
16480,1.2202094167841503e-05,14.786572585225578,0.7358354540865937,3.012635838854129,18.5350438781663
16500,1.2216902534550049e-05,14.785128078413614,0.7340005628113381,3.016105842124941,18.535234483349893
16520,1.2231710901258593e-05,14.783314595480787,0.7323947898231706,3.0198131830253327,18.53552256832929
16540,1.2246519267967139e-05,14.783680866451178,0.7299388942306523,3.0223110897389933,18.535930850420826
16560,1.2261327634675685e-05,14.780130703234642,0.7283453443814191,3.027712309831494,18.536188357447553
16580,1.227613600138423e-05,14.779569277872236,0.7259215760289925,3.0307144955352654,18.536205349436493
16600,1.2290944368092775e-05,14.779530262313937,0.7237854032589119,3.0331694311151924,18.53648509668804
16620,1.2305752734801321e-05,14.776311953420382,0.7216570170226231,3.0388025390908937,18.5367715095339
16640,1.2320561101509867e-05,14.775371254048833,0.72054856521166,3.041271519514242,18.537191338774736
16660,1.2335369468218413e-05,14.775579194579759,0.7176027886747374,3.0442592548971614,18.537441238151658
16680,1.2350177834926957e-05,14.774197689441548,0.7153375503789635,3.048124618915378,18.53765985873589
16700,1.2364986201635503e-05,14.772250483978162,0.7135201468103022,3.052303909591428,18.538074540379892
16720,1.2379794568344049e-05,14.770738137315586,0.712374359946323,3.0551568243112546,18.538269321573164
16740,1.2394602935052595e-05,14.768627624413122,0.7109611112301424,3.0590182380085666,18.53860697365183
16760,1.2409411301761139e-05,14.766928333806659,0.7093527353532335,3.062602834942534,18.538883904102427
16780,1.2424219668469685e-05,14.765788139977222,0.7072945503672429,3.0658465642645885,18.53892925460905
16800,1.2439028035178231e-05,14.764420603601266,0.7060103450319185,3.068882643221185,18.53931359185437
16820,1.2453836401886777e-05,14.762371071067939,0.7048603184985086,3.0724069426600735,18.539638332226524
16840,1.2468644768595321e-05,14.758969542810467,0.702881813578428,3.07765056351559,18.539501919904485
16860,1.2483453135303867e-05,14.757816580762263,0.7020239112712743,3.0796907633199098,18.539531255353445
16880,1.2498261502012413e-05,14.75593774382908,0.7008235867714084,3.0833884267519878,18.540149757352474
16900,1.2513069868720959e-05,14.754847600246762,0.6991744332246485,3.0864316137917447,18.540453647263156
16920,1.2527878235429503e-05,14.752129231018692,0.6982120055464349,3.090336870853006,18.54067810741813
16940,1.2542686602138049e-05,14.747809304241775,0.6966571741925585,3.096088656966205,18.54055513540054
16960,1.2557494968846595e-05,14.747316884062526,0.6954853812116242,3.098019798532712,18.54082206380686
16980,1.2572303335555141e-05,14.74512724338394,0.6951702572490351,3.1009377690859696,18.541235269718946
17000,1.2587111702263685e-05,14.740966928701047,0.6949955570129495,3.105791465677909,18.541753951391907
17020,1.2601920068972231e-05,14.73867320438881,0.6947756415111119,3.108660946702429,18.542109792602353
17040,1.2616728435680777e-05,14.736378354251098,0.6932468632451705,3.1125975114311073,18.542222728927374
17060,1.2631536802389323e-05,14.733698183426869,0.6918756886848284,3.116906226852837,18.542480098964532
17080,1.2646345169097867e-05,14.731322033212615,0.6911594916164798,3.120214796931574,18.54269632176067
17100,1.2661153535806413e-05,14.728502941312676,0.6910166678636867,3.123123094591863,18.542642703768227
17120,1.2675961902514959e-05,14.72240330664376,0.6905750431714395,3.1298293049018175,18.542807654717016
17140,1.2690770269223505e-05,14.720742760572655,0.6904840860505802,3.1320450595159417,18.543271906139175
17160,1.270557863593205e-05,14.71728513169217,0.6901563205761921,3.1361328478431645,18.543574300111526
17180,1.2720387002640595e-05,14.714018376176863,0.6884995101453107,3.140885636583333,18.543403522905507
17200,1.2735195369349141e-05,14.71161114943656,0.688389423860308,3.143797383098527,18.543797956395395
17220,1.2750003736057687e-05,14.706816308438842,0.6889181206919354,3.1487639489380213,18.5444983780688
17240,1.2764812102766231e-05,14.703754655416784,0.6883985177734262,3.1524135930733044,18.544566766263515
17260,1.2779620469474777e-05,14.700247406080468,0.6884185194008833,3.156155626459046,18.544821551940398
17280,1.2794428836183323e-05,14.692946998318305,0.688719527394975,3.163598001174445,18.545264526887724
17300,1.2809237202891869e-05,14.690349166930972,0.6889993416465838,3.1659090800108283,18.545257588588385
17320,1.2824045569600413e-05,14.687066241919341,0.6884536104073525,3.1699462804382126,18.545466132764908
17340,1.283885393630896e-05,14.683031438496204,0.689194309130031,3.1733678979440696,18.545593645570303
17360,1.2853662303017505e-05,14.678755428197881,0.6899531346963287,3.1774970645287257,18.546205627422935
17380,1.2868470669726051e-05,14.67558289684303,0.6894681598180665,3.181450900191008,18.546501956852104
17400,1.2883279036434595e-05,14.667883710542762,0.6904367602869134,3.188919452191789,18.547239923021465
17420,1.2898087403143141e-05,14.665448331448578,0.6913765153764148,3.1903621446989328,18.547186991523926
17440,1.2912895769851687e-05,14.65960896548288,0.6914009684628665,3.1962676188531622,18.54727755279891
17460,1.2927704136560233e-05,14.656280888434846,0.6924512876432213,3.1988772132978056,18.54760938937587
17480,1.2942512503268777e-05,14.651744426353863,0.6933705892683921,3.2030722741841946,18.54818728980645
17500,1.2957320869977323e-05,14.647339459472573,0.6939433312940807,3.2072555203105124,18.548538311077166
17520,1.297212923668587e-05,14.643198351873346,0.6935781554376602,3.2119479626543077,18.548724469965315
17540,1.2986937603394415e-05,14.638172751916597,0.6945146793467166,3.216274047670482,18.548961478933798
17560,1.300174597010296e-05,14.633553759224416,0.6955434615609286,3.220197440104848,18.549294660890194
17580,1.3016554336811505e-05,14.628747648336995,0.6961010130568434,3.224777652093215,18.549626313487053
17600,1.3031362703520051e-05,14.622913790728015,0.6973033147375457,3.2295542376242485,18.54977134308981
17620,1.3046171070228597e-05,14.619153243650747,0.6979877008989314,3.2328568743809742,18.549997818930652
17640,1.3060979436937141e-05,14.611875711357357,0.6987564022112936,3.2396329480803994,18.55026506164905
17660,1.3075787803645687e-05,14.608917061689278,0.6990568513671582,3.242731055381726,18.55070496843816
17680,1.3090596170354233e-05,14.604514210580348,0.6999166888641039,3.2465775224465174,18.55100842189097
17700,1.310540453706278e-05,14.599193258694047,0.7014073834369358,3.250766491953487,18.55136713408447
17720,1.3120212903771324e-05,14.594368948814058,0.7023485703272866,3.254946744158717,18.55166426330006
17740,1.313502127047987e-05,14.588807875049934,0.7041994403361527,3.258954974066705,18.551962289452792
17760,1.3149829637188415e-05,14.580845149958337,0.7052197076487737,3.265921134089251,18.551985991696363
17780,1.3164638003896961e-05,14.577552134992004,0.70619878440611,3.268506422908017,18.55225734230613
17800,1.3179446370605506e-05,14.57355898742901,0.7071769005000592,3.2719623912792617,18.55269827920833
17820,1.3194254737314052e-05,14.567927754899923,0.7082488386733624,3.2766443862835324,18.55282097985682
17840,1.3209063104022597e-05,14.55909175367994,0.7095440660157112,3.2847560010636245,18.553391820759277
17860,1.3223871470731143e-05,14.556945410155844,0.7102985632367143,3.28607833537005,18.55332230876261
17880,1.3238679837439688e-05,14.552621924466509,0.7113643284089306,3.289621802572684,18.553608055448123
17900,1.3253488204148234e-05,14.545819474855499,0.7130819171537974,3.295154261844929,18.554055653854224
17920,1.326829657085678e-05,14.541913248407635,0.7139479520724629,3.2981313879565466,18.553992588436643
17940,1.3283104937565325e-05,14.535418589677253,0.7154569641368062,3.3034136589894008,18.55428921280346
17960,1.329791330427387e-05,14.530649585181141,0.7167405426042347,3.3073290010524,18.554719128837775
17980,1.3312721670982416e-05,14.522352868901269,0.7176721121744112,3.314797571795716,18.554822552871396
18000,1.3327530037690962e-05,14.518121188140956,0.719414477265199,3.3176556390587337,18.555191304464888
18020,1.3342338404399507e-05,14.513745155279192,0.721378032579868,3.3205239383117138,18.555647126170772
18040,1.3357146771108052e-05,14.506412071955012,0.7224437345827583,3.3270543640214294,18.555910170559198
18060,1.3371955137816598e-05,14.502615201201571,0.7235524291084386,3.330130113487696,18.556297743797707
18080,1.3386763504525144e-05,14.497180995342168,0.7249580497229577,3.334715536253374,18.5568545813185
18100,1.340157187123369e-05,14.491715776524362,0.7265152610438949,3.338738208365478,18.556969245933736
18120,1.3416380237942234e-05,14.485351739027838,0.7268676120053829,3.344996251990975,18.557215603024197
18140,1.343118860465078e-05,14.47988116280903,0.7275240138336919,3.3494135580003532,18.556818734643073
18160,1.3445996971359326e-05,14.475378213349703,0.729619737542054,3.352340743809483,18.55733869470124
18180,1.3460805338067872e-05,14.469726619010505,0.7309252588036508,3.3571654354726617,18.55781731328682
18200,1.3475613704776416e-05,14.460910509085132,0.7327301471067756,3.3650393521734956,18.558680008365403
18220,1.3490422071484962e-05,14.45648366539072,0.733953396775053,3.3677030832866404,18.558140145452413
18240,1.3505230438193508e-05,14.452162143954933,0.7355170815195399,3.370852788293078,18.55853201376755
18260,1.3520038804902054e-05,14.446520042313047,0.737075547641004,3.3756333382139556,18.559228928168007
18280,1.35348471716106e-05,14.440035216243821,0.7384033660753382,3.381285115731894,18.559723698051055
18300,1.3549655538319144e-05,14.4355966770334,0.7397273283000038,3.3844488215402566,18.55977282687366
18320,1.356446390502769e-05,14.43024336145149,0.7408527560165276,3.3890742701080354,18.560170387576054
18340,1.3579272271736236e-05,14.423669041765054,0.7420945003622306,3.3944951231527942,18.560258665280077
18360,1.3594080638444782e-05,14.419376835349746,0.7433857062618965,3.3980151743454705,18.560777715957116
18380,1.3608889005153326e-05,14.413365679838153,0.74505377895111,3.402735963835203,18.561155422624466
18400,1.3623697371861872e-05,14.40521298161301,0.7464052299927252,3.4096994751523924,18.561317686758127
18420,1.3638505738570418e-05,14.401603250708096,0.7475407373408175,3.412501794545849,18.561645782594763
18440,1.3653314105278964e-05,14.397668243761121,0.748061504914969,3.4163258398535934,18.56205558852968
18460,1.3668122471987508e-05,14.392325505283344,0.7496605500984573,3.4203364985168565,18.562322553898657
18480,1.3682930838696054e-05,14.386178117758512,0.7510817406035764,3.4253785174682916,18.562638375830378
18500,1.36977392054046e-05,14.379920556488985,0.7530623272547706,3.430231370892089,18.563214254635845
18520,1.3712547572113146e-05,14.375642540297573,0.7538450557405654,3.4339621802847327,18.563449776322873
18540,1.372735593882169e-05,14.370737519167092,0.7541837400005068,3.43861298290639,18.563534242073988
18560,1.3742164305530236e-05,14.36285387880465,0.7560418793195216,3.4450464786996258,18.5639422368238
18580,1.3756972672238782e-05,14.357595863593414,0.7574328880240369,3.4490156750599614,18.564044426677413
18600,1.3771781038947328e-05,14.353829739857279,0.7585728028209997,3.4523103160940334,18.56471285877231
18620,1.3786589405655872e-05,14.34593283626797,0.7602183858045242,3.45900918553545,18.565160407607944
18640,1.3801397772364418e-05,14.342195633517646,0.7617643325413453,3.4614545647335238,18.565414530792516
18660,1.3816206139072964e-05,14.338470702899452,0.7623690484447202,3.465004319767989,18.56584407111216
18680,1.383101450578151e-05,14.331158158727295,0.7637127123651497,3.4712355718467434,18.566106442939187
18700,1.3845822872490054e-05,14.32491735986943,0.7654277568399019,3.475901369857051,18.56624648656638
18720,1.38606312391986e-05,14.320086428032416,0.7672412998550014,3.4795212252564283,18.566848953143847
18740,1.3875439605907146e-05,14.315409695095818,0.7675796303724668,3.48396051114971,18.566949836617994
18760,1.3890247972615692e-05,14.309372225407527,0.7693307799518716,3.4885712815741567,18.567274286933557
18780,1.3905056339324236e-05,14.30325632447471,0.770483602395785,3.4938259303133794,18.567565857183872
18800,1.3919864706032782e-05,14.298619696553732,0.7718224371569802,3.497427761639435,18.56786989535015
18820,1.3934673072741328e-05,14.294458206719977,0.7730512305744638,3.5007754547439704,18.56828489203841
18840,1.3949481439449874e-05,14.285203089690999,0.7746379301476,3.508639447228285,18.568480467066884
18860,1.3964289806158418e-05,14.282080040636366,0.7749913664385331,3.5115643270447223,18.56863573411962
18880,1.3979098172866964e-05,14.276706267235003,0.7769358735487689,3.5153113697399987,18.56895351052377
18900,1.399390653957551e-05,14.271874019827981,0.7777623640520349,3.519439545810176,18.569075929690193
18920,1.4008714906284056e-05,14.263728582847017,0.7798203626905625,3.5259409678068314,18.569489913344412
18940,1.40235232729926e-05,14.258148790727954,0.7808118572640274,3.530891390148967,18.569852038140947
18960,1.4038331639701146e-05,14.253808021531473,0.7820746177668157,3.5337623573830585,18.569644996681347
18980,1.4053140006409692e-05,14.248419674801813,0.7831077687290002,3.5384053335260415,18.569932777056856
19000,1.4067948373118238e-05,14.24217934002706,0.7855020560276177,3.5426226176997373,18.570304013754416
19020,1.4082756739826782e-05,14.236350449932214,0.7868138712442687,3.5473728615967977,18.57053718277328
19040,1.4097565106535328e-05,14.233152230060103,0.786937976322802,3.550477924808356,18.570568131191262
19060,1.4112373473243874e-05,14.223868265569878,0.7880251237454262,3.5584128103786297,18.570306199693935
19080,1.412718183995242e-05,14.219433652515525,0.7897364183141024,3.5617550722453544,18.57092514307498
19100,1.4141990206660964e-05,14.212591119692359,0.7922265975610371,3.566288894069327,18.571106611322723
19120,1.415679857336951e-05,14.209447686924182,0.7927602029718261,3.5692388743944825,18.571446764290492
19140,1.4171606940078056e-05,14.201758386893758,0.7935892036948594,3.5763829811921735,18.57173057178079
19160,1.4186415306786602e-05,14.197810402822686,0.794930421977369,3.579447223592311,18.572188048392366
19180,1.4201223673495146e-05,14.194093853272536,0.7962630138909828,3.582328997177123,18.57268586434064
19200,1.4216032040203692e-05,14.187486335023795,0.797295292409953,3.5880869047712887,18.572868532205035
19220,1.4230840406912238e-05,14.182629912143266,0.7982172730639662,3.5925282588236525,18.573375444030884
19240,1.4245648773620784e-05,14.17802358013071,0.7992494783509277,3.596492866725854,18.573765925207493
19260,1.4260457140329328e-05,14.171671622025272,0.8007673048173108,3.601571658662883,18.574010585505466
19280,1.4275265507037874e-05,14.167492545786736,0.8007553779126276,3.6059598064580562,18.57420773015742
19300,1.429007387374642e-05,14.162341482762546,0.8019672112325955,3.610117077069938,18.57442577106508
19320,1.4304882240454966e-05,14.156411896970846,0.803684554461279,3.6147688287743422,18.574865280206467
19340,1.431969060716351e-05,14.15129438507101,0.8042533173840115,3.619556084017387,18.575103786472408
19360,1.4334498973872056e-05,14.146813762358512,0.8046913162597391,3.6239104855011393,18.57541556411939
19380,1.4349307340580602e-05,14.140989796756624,0.8047865871253853,3.6297070016190656,18.575483385501073
19400,1.4364115707289148e-05,14.136387133565973,0.8065817988089459,3.632943957335072,18.57591288970999
19420,1.4378924073997692e-05,14.131014831630793,0.8080084007742084,3.6375381022217503,18.576561334626753
19440,1.4393732440706238e-05,14.124996508714844,0.8082584509473419,3.643065569772406,18.576320529434593
19460,1.4408540807414784e-05,14.121400074264658,0.8086230005930939,3.6466346424578804,18.576657717315634
19480,1.442334917412333e-05,14.116483924110677,0.8101372520490077,3.650510959269921,18.577132135429608
19500,1.4438157540831874e-05,14.11140648122174,0.8110127248158089,3.655114856772329,18.577534062809878
19520,1.445296590754042e-05,14.105491823452223,0.8108623323736904,3.6611565054690285,18.57751066129494
19540,1.4467774274248966e-05,14.102102529521012,0.811677964001474,3.663895300802741,18.577675794325227
19560,1.4482582640957512e-05,14.098269837805042,0.8109803844510618,3.668627549152024,18.577877771408126
19580,1.4497391007666056e-05,14.09208668917347,0.8123142434031463,3.6736591797374163,18.578060112314034
19600,1.4512199374374602e-05,14.088270264767672,0.8127047633984181,3.677342683874023,18.578317712040114
19620,1.4527007741083148e-05,14.081545848351666,0.8127752615063718,3.6838095659154337,18.578130675773473
19640,1.4541816107791694e-05,14.07807409351641,0.8142411992921816,3.6866242732068284,18.57893956601542
19660,1.4556624474500238e-05,14.074942199826676,0.8143385664181244,3.690015801856629,18.57929656810143
19680,1.4571432841208784e-05,14.06954198037143,0.8149812022488047,3.6950728002611983,18.579595982881433
19700,1.458624120791733e-05,14.061250186920082,0.8166513324002994,3.7022072419694174,18.5801087612898
19720,1.4601049574625876e-05,14.056080721015382,0.8174720950761637,3.706776022253088,18.580328838344634
19740,1.461585794133442e-05,14.051781294624199,0.8184635857874977,3.7108284445684174,18.581073324980114
19760,1.4630666308042966e-05,14.046374142782392,0.8196768933379137,3.7150541641487695,18.581105200269075
19780,1.4645474674751512e-05,14.043877030150114,0.819964744350811,3.7174210082679355,18.58126278276886
19800,1.4660283041460058e-05,14.03802927082445,0.8205730602534571,3.7229029023886007,18.58150523346651
19820,1.4675091408168602e-05,14.033244831176031,0.8217462111504387,3.7269183436034865,18.581909385929954
19840,1.4689899774877148e-05,14.028212387974179,0.823509062202372,3.7307825322890724,18.582503982465624
19860,1.4704708141585694e-05,14.020544123026314,0.8239553576638478,3.7379492508910888,18.582448731581252
19880,1.471951650829424e-05,14.017154300527867,0.8249901651981907,3.740854817511634,18.58299928323769
19900,1.4734324875002784e-05,14.013176654699448,0.8256613116574925,3.744593311849698,18.58343127820664
19920,1.474913324171133e-05,14.008029140878808,0.8257660910916441,3.749463964003521,18.583259195973973
19940,1.4763941608419876e-05,14.00288129063931,0.8262121215980744,3.754344668813984,18.58343808105137
19960,1.4778749975128422e-05,13.997100337921678,0.8278741363054198,3.759014663122815,18.583989137349914
19980,1.4793558341836966e-05,13.991637800247881,0.8290040716768997,3.763493957419786,18.584135829344568
20000,1.4808366708545512e-05,13.986101592348891,0.8295723840686223,3.7685814235441963,18.584255399961712
20020,1.4823175075254058e-05,13.98108382583753,0.8306010873242269,3.7726485994773418,18.5843335126391
20040,1.4837983441962604e-05,13.976419373306333,0.8309349211890061,3.777259147075357,18.584613441570696
20060,1.4852791808671149e-05,13.968312101817835,0.8325547740232576,3.784017953191098,18.58488482903219
20080,1.4867600175379694e-05,13.964746534214532,0.8338222306043925,3.78668456314035,18.585253327959276
20100,1.488240854208824e-05,13.958951437122398,0.8345800673878997,3.7919829198984534,18.58551442440875
20120,1.4897216908796786e-05,13.954238297266189,0.8345991595406119,3.796924565425518,18.58576202223232
20140,1.491202527550533e-05,13.949711245790537,0.8356758708362699,3.80051942133409,18.5859065379609
20160,1.4926833642213876e-05,13.943828903731951,0.8361683728919544,3.8061595173119454,18.58615679393585
20180,1.4941642008922422e-05,13.93881579274391,0.8368618366290977,3.810542701159487,18.586220330532495
20200,1.4956450375630968e-05,13.932930998482195,0.8386083271840338,3.815068943323264,18.586608268989494
20220,1.4971258742339513e-05,13.92776536000389,0.8393978729919435,3.8195825424591106,18.586745775454943
20240,1.4986067109048059e-05,13.921719885339902,0.8402563149445038,3.8250834572197205,18.587059657504128
20260,1.5000875475756604e-05,13.91781271131566,0.8402237301824642,3.8288985174977688,18.586934958995894
20280,1.501568384246515e-05,13.91158246829696,0.8419628784150135,3.8337697701322315,18.587315116844206
20300,1.5030492209173695e-05,13.905451646874637,0.8432010202639574,3.839198873678869,18.587851540817464
20320,1.504530057588224e-05,13.89993351953282,0.8435261916042961,3.8444432176667416,18.587902928803857
20340,1.5060108942590786e-05,13.893581630748766,0.8447943979712016,3.849500352475019,18.587876381194988
20360,1.5074917309299332e-05,13.887762553010297,0.8460599412428287,3.85471155363504,18.588534047888167
20380,1.5089725676007877e-05,13.882234179531821,0.8473335805293081,3.8594960802558465,18.589063840316975
20400,1.5104534042716423e-05,13.87853911225763,0.8475501286194977,3.862989886660591,18.58907912753772
20420,1.5119342409424969e-05,13.872671422732108,0.8490748552396544,3.8679751980094386,18.5897214759812
20440,1.5134150776133514e-05,13.8651539726792,0.8499831853013842,3.874738016443348,18.589875174423934
20460,1.5148959142842059e-05,13.8614858899759,0.8508962305117835,3.877975675596235,18.590357796083918
20480,1.5163767509550605e-05,13.855099102338926,0.8517694167139427,3.8840383376004626,18.59090685665333
20500,1.517857587625915e-05,13.849931088035994,0.853798474549124,3.8875612058245936,18.591290768409714
20520,1.5193384242967696e-05,13.839816096518708,0.8555205379751809,3.897042435627119,18.59237907012101
20540,1.5208192609676242e-05,13.836622044744598,0.8564969228017665,3.8992087946219045,18.59232776216827
20560,1.5223000976384787e-05,13.832513336526768,0.8573406454934347,3.9026811522798353,18.59253513430004
20580,1.5237809343093333e-05,13.82755643128889,0.8581899034218048,3.907203664510665,18.59294999922136
20600,1.5252617709801879e-05,13.818253188375781,0.8600487788860786,3.9150956613345915,18.59339762859645
20620,1.5267426076510423e-05,13.814412764717694,0.8611701719875934,3.917961054331678,18.593543991036967
20640,1.528223444321897e-05,13.80780572070078,0.8626855225511793,3.923852247237754,18.594343490489713
20660,1.5297042809927515e-05,13.802839463953948,0.8637565563872146,3.9280964560777067,18.594692476418867
20680,1.531185117663606e-05,13.794916440140973,0.8640606571209243,3.9369251352607186,18.59590223252262
20700,1.5326659543344606e-05,13.79096133419381,0.8660438649391209,3.939044642632619,18.59604984176555
20720,1.5341467910053152e-05,13.785917194170782,0.8678626152882343,3.9425844038789117,18.596364213337928
20740,1.53562762767617e-05,13.780226517546232,0.8684613859051653,3.9478065434214034,18.5964944468728
20760,1.537108464347024e-05,13.771394083368065,0.8706231558242465,3.9547809592530516,18.596798198445363
20780,1.5385893010178787e-05,13.766862540693419,0.8722253604430682,3.9584701709158105,18.597558072052298
20800,1.5400701376887333e-05,13.762447373683706,0.8726371291759033,3.9626410596475345,18.597725562507144
20820,1.541550974359588e-05,13.756900681176585,0.8732794528143181,3.9678877344466383,18.598067868437543
20840,1.5430318110304425e-05,13.749747989853574,0.8756993070182758,3.9731666798571013,18.598613976728952
20860,1.544512647701297e-05,13.744270707756623,0.8767807152334761,3.9775800545756463,18.598631477565746
20880,1.5459934843721516e-05,13.738326300856382,0.8777043218731787,3.983098306996748,18.59912892972631
20900,1.5474743210430062e-05,13.732538939535495,0.8790417180598977,3.9880222675144053,18.5996029251098
20920,1.5489551577138605e-05,13.727671168052773,0.8805072518480417,3.9915985623970176,18.599776982297833
20940,1.550435994384715e-05,13.718513004080673,0.8819544274386084,3.999649949897766,18.600117381417046
20960,1.5519168310555697e-05,13.713226562426083,0.8838432754700477,4.00382817327953,18.60089801117566
20980,1.5533976677264243e-05,13.705965883609558,0.8862702024741592,4.008980769598281,18.601216855681997
21000,1.554878504397279e-05,13.700294075908456,0.8884532146017506,4.013163051947963,18.60191034245817
21020,1.5563593410681335e-05,13.696196847792343,0.888591784729241,4.017279624576502,18.602068257098086
21040,1.557840177738988e-05,13.69126863430784,0.8892121862664638,4.021856208619547,18.60233702919385
21060,1.5593210144098427e-05,13.685043100712488,0.8899581118789257,4.027319902862795,18.60232111545421
21080,1.560801851080697e-05,13.678829798497333,0.8927054470590962,4.031637301835139,18.60317254739157
21100,1.5622826877515515e-05,13.673129602222366,0.8947249650669791,4.035824292501574,18.603678859790918
21120,1.563763524422406e-05,13.667079261694083,0.894765036093762,4.041972304308748,18.603816602096593
21140,1.5652443610932607e-05,13.659280140416595,0.8969980888388536,4.047655924192441,18.603934153447888
21160,1.5667251977641153e-05,13.655750934403233,0.8981389065513632,4.050420461115375,18.604310302069972
21180,1.56820603443497e-05,13.650334894253422,0.8998075572730485,4.054962961766509,18.60510541329298
21200,1.5696868711058245e-05,13.64470566627802,0.9005703561830254,4.060083260490036,18.60535928295108
21220,1.571167707776679e-05,13.639154224537968,0.902615037936439,4.064081319227303,18.60585058170171
21240,1.5726485444475333e-05,13.630799872442374,0.903723728648875,4.071796477426492,18.60632007851774
21260,1.574129381118388e-05,13.625629169962703,0.905947817706075,4.0750031182578095,18.60658010592659
21280,1.5756102177892425e-05,13.61899731463012,0.9070206430531241,4.08088298509118,18.606900942774423
21300,1.577091054460097e-05,13.613688776638707,0.9092179660338822,4.084512093140804,18.60741883581339
21320,1.5785718911309517e-05,13.609052705832223,0.9100682619757313,4.088643143963021,18.607764111770976
21340,1.5800527278018063e-05,13.605151592879185,0.910860074924625,4.092043354161892,18.6080550219657
21360,1.581533564472661e-05,13.597585556585088,0.9123460082363453,4.098449053433891,18.608380618255325
21380,1.5830144011435155e-05,13.591512665591651,0.9146522370124198,4.10287308110377,18.609037983707843
21400,1.5844952378143697e-05,13.582753305635356,0.9167212997846516,4.109725395302894,18.6092000007229
21420,1.5859760744852243e-05,13.578862410736582,0.9178241669649194,4.113063881550307,18.609750459251806
21440,1.587456911156079e-05,13.573303188529094,0.9189461284864159,4.11781026063047,18.61005957764598
21460,1.5889377478269335e-05,13.568663077168605,0.920126751868638,4.121555116981611,18.610344946018856
21480,1.590418584497788e-05,13.558735323204308,0.9227852624768674,4.129603265003768,18.611123850684944
21500,1.5918994211686427e-05,13.555606295718317,0.9246582407087924,4.130984213014879,18.611248749441987
21520,1.5933802578394973e-05,13.545910351971667,0.9268631982552081,4.139235640438045,18.61200919066492
21540,1.594861094510352e-05,13.54195575801933,0.9282444552779952,4.141636219585168,18.61183643288249
21560,1.596341931181206e-05,13.53742808661535,0.9291476515034658,4.145517063272436,18.612092801391253
21580,1.5978227678520607e-05,13.53190210292236,0.9306503331629795,4.149639546368681,18.61219198245402
21600,1.5993036045229153e-05,13.523745236398357,0.9321898524520765,4.157073662978988,18.61300875182942
21620,1.60078444119377e-05,13.519408819353218,0.9338820314475706,4.159699803232933,18.612990654033723
21640,1.6022652778646245e-05,13.5133779964378,0.9364852087904268,4.16372719886737,18.613590404095596
21660,1.603746114535479e-05,13.504886843693807,0.937829340300107,4.170867341421982,18.613583525415898
21680,1.6052269512063337e-05,13.5002933876207,0.9389991751560534,4.174670945531963,18.613963508308714
21700,1.6067077878771883e-05,13.495448166410391,0.9407168749634908,4.178233995557267,18.614399036931147
21720,1.6081886245480425e-05,13.488906890683626,0.9431979776523292,4.1829693269689425,18.6150741953049
21740,1.609669461218897e-05,13.478162438690743,0.9450201104906019,4.192124627961934,18.61530717714328
21760,1.6111502978897517e-05,13.474491447524112,0.9462132663468534,4.194470572010268,18.615175285881236
21780,1.6126311345606063e-05,13.47032175853802,0.9471552651439731,4.19804410956908,18.61552113325107
21800,1.614111971231461e-05,13.463025814493072,0.9493679466434904,4.2040472854880395,18.6164410466246
21820,1.6155928079023155e-05,13.455999474793558,0.9509635500104004,4.2091544302238,18.61611745502776
21840,1.61707364457317e-05,13.450709973099361,0.953021098021982,4.212883636657759,18.6166147077791
21860,1.6185544812440247e-05,13.445632580784071,0.9542765997068525,4.21694950140472,18.616858681895643
21880,1.620035317914879e-05,13.439993710148375,0.956209260538545,4.22114078391111,18.617343754598032
21900,1.6215161545857335e-05,13.433949870812924,0.9571841948289256,4.2265551998020765,18.61768926544393
21920,1.622996991256588e-05,13.428093157232462,0.9585151220807556,4.231317083524558,18.617925362837777
21940,1.6244778279274427e-05,13.42218378740517,0.9602787362410278,4.235670307942265,18.618132831588465
21960,1.6259586645982973e-05,13.412863569254656,0.9625376392193182,4.242524440360168,18.61792564883414
21980,1.627439501269152e-05,13.408333013086029,0.9639226686898492,4.246430208980022,18.6186858907559
22000,1.6289203379400065e-05,13.402967543553581,0.9664204615401067,4.25004501397444,18.61943301906813
22020,1.630401174610861e-05,13.396152048108494,0.9680553054873148,4.255308047624981,18.619515401220788
22040,1.6318820112817153e-05,13.387600890509535,0.969005881363929,4.263397865955804,18.62000463782927
22060,1.63336284795257e-05,13.383405263762462,0.9705826065412598,4.265697961842741,18.619685832146462
22080,1.6348436846234245e-05,13.378047558674313,0.9728282871458557,4.269238359037081,18.62011420485725
22100,1.636324521294279e-05,13.371637200139777,0.9746625370272867,4.274319369040396,18.62061910620746
22120,1.6378053579651337e-05,13.366758737293411,0.9758860768413335,4.278129960997196,18.62077477513194
22140,1.6392861946359883e-05,13.360422750959502,0.9774551064006337,4.283211986655021,18.621089844015156
22160,1.640767031306843e-05,13.351024298141004,0.9788244480402972,4.291563219052782,18.621411965234085
22180,1.6422478679776975e-05,13.346867131545569,0.9808306837947967,4.293759777777487,18.621457593117853
22200,1.6437287046485518e-05,13.342224673472526,0.9821574984471444,4.297493083063232,18.621875254982903
22220,1.6452095413194063e-05,13.33647591257431,0.9833842392825737,4.302523788284271,18.622383940141155
22240,1.646690377990261e-05,13.330907796404132,0.9853425337173405,4.306643913644765,18.622894243766236
22260,1.6481712146611155e-05,13.325515788997004,0.9859802524582282,4.311406802934152,18.622902844389383
22280,1.64965205133197e-05,13.318963980008483,0.9869559776540062,4.317153593447067,18.623073551109556
22300,1.6511328880028247e-05,13.31091193762704,0.9883386383238381,4.323811440850683,18.623062016801562
22320,1.6526137246736793e-05,13.305885258202492,0.9906419840733299,4.327187614869405,18.623714857145227
22340,1.654094561344534e-05,13.301947526168288,0.9912631129353955,4.331274106924055,18.62448474602774
22360,1.655575398015388e-05,13.296815105643283,0.9928119521661545,4.335070148651628,18.624697206461065
22380,1.6570562346862428e-05,13.29060180650802,0.9948373945695724,4.340021180048851,18.625460381126445
22400,1.6585370713570973e-05,13.28524677307629,0.9957085030882767,4.344924994368617,18.625880270533184
22420,1.660017908027952e-05,13.275269743034212,0.9968604316152004,4.3540130974392515,18.62614327208866
22440,1.6614987446988065e-05,13.271531897593281,0.9983190605642526,4.356079597124006,18.62593055528154
22460,1.662979581369661e-05,13.26661514690186,0.999931430656706,4.3599600489710895,18.626506626529654
22480,1.6644604180405157e-05,13.261973331640334,1.0015475066823873,4.363383824915952,18.626904663238673
22500,1.6659412547113703e-05,13.25557804567396,1.0031532744521436,4.368727212287236,18.62745853241334
22520,1.6674220913822246e-05,13.249570747612745,1.0041474316957244,4.373684823409806,18.627403002718275
22540,1.668902928053079e-05,13.245791805563739,1.005150941079279,4.376514635416861,18.62745738205988
22560,1.6703837647239338e-05,13.235043461911939,1.007310101526954,4.3855906284010455,18.627944191839937
22580,1.6718646013947883e-05,13.230236598158637,1.0093194792584463,4.38896659859125,18.628522676008334
22600,1.673345438065643e-05,13.22575636045838,1.0107803916882734,4.392374417087622,18.628911169234275
22620,1.6748262747364975e-05,13.220881678884803,1.0113805273906198,4.3967711130831795,18.6290333193586
22640,1.676307111407352e-05,13.214365276735407,1.0128720552456658,4.401975073225351,18.629212405206424
22660,1.6777879480782067e-05,13.209183718489918,1.0143231734045768,4.406007694298054,18.62951458619255
22680,1.679268784749061e-05,13.20201437101797,1.0157980562736804,4.412055492456302,18.62986791974795
22700,1.6807496214199156e-05,13.198734221064447,1.0168582143730214,4.41453427299425,18.630126708431717
22720,1.68223045809077e-05,13.189146132442925,1.0188389059230631,4.423041456818594,18.63102649518458
22740,1.6837112947616248e-05,13.184377334912877,1.0205608593222795,4.426303877487372,18.63124207172253
22760,1.6851921314324794e-05,13.176994063365756,1.022284941747284,4.43282498867786,18.6321039937909
22780,1.686672968103334e-05,13.173700592321069,1.0231382798531428,4.4351123424308865,18.6319512146051
22800,1.6881538047741885e-05,13.167014572366204,1.024681099123097,4.4408259351413175,18.63252160663062
22820,1.689634641445043e-05,13.16211901788975,1.0267076404110902,4.444214410845974,18.633041069146813
22840,1.6911154781158977e-05,13.157764378129798,1.0275756733177086,4.447991846737378,18.633331898184885
22860,1.692596314786752e-05,13.152563009035692,1.0282436641781794,4.45281143438705,18.63361810760092
22880,1.6940771514576066e-05,13.146653296681226,1.0302526195830708,4.457331612598768,18.634237528863064
22900,1.695557988128461e-05,13.141224197956376,1.0316344402415667,4.461675464654951,18.634534102852893
22920,1.6970388247993158e-05,13.13576035327279,1.0328411574054306,4.466012621754723,18.634614132432944
22940,1.6985196614701704e-05,13.128034242017087,1.0336580958716441,4.472890780537441,18.63458311842617
22960,1.700000498141025e-05,13.122480888932339,1.0350644512219669,4.477040857439102,18.634586197593407
22980,1.7014813348118795e-05,13.118037745834775,1.0362427835197405,4.480092261453818,18.634372790808335
23000,1.702962171482734e-05,13.112696317118997,1.0380653484384934,4.484125744135622,18.634887409693114
23020,1.7044430081535884e-05,13.10555535011739,1.0399716264920802,4.489712749905037,18.635239726514506
23040,1.705923844824443e-05,13.100714031735805,1.041997022055572,4.493019015226422,18.6357300690178
23060,1.7074046814952976e-05,13.09553176240473,1.0430886787216425,4.497373102324325,18.6359935434507
23080,1.708885518166152e-05,13.090329696606283,1.0434547603518274,4.502361082659828,18.63614553961794
23100,1.7103663548370068e-05,13.083087060154249,1.0456041192560617,4.507139486147,18.63583066555731
23120,1.7118471915078614e-05,13.075232567922024,1.048111348178584,4.513093017934352,18.63643693403496
23140,1.713328028178716e-05,13.072061053573782,1.0487353165562991,4.515779878967717,18.636576249097796
23160,1.7148088648495705e-05,13.064177154865277,1.0499958123773996,4.52222479071866,18.636397757961337
23180,1.7162897015204248e-05,13.059993301690021,1.051671239509239,4.525437466222648,18.63710200742191
23200,1.7177705381912794e-05,13.054770950100664,1.053684018328881,4.52896653828852,18.637421506718063
23220,1.719251374862134e-05,13.048888428301318,1.0546359282069557,4.533912929160283,18.637437285668558
23240,1.7207322115329886e-05,13.042536817581912,1.0565200612084091,4.538830448012197,18.63788732680252
23260,1.722213048203843e-05,13.036977923699471,1.0579514369541765,4.54297707414592,18.637906434799568
23280,1.7236938848746978e-05,13.03019540961667,1.06072692532718,4.547633065764795,18.638555400708647
23300,1.7251747215455524e-05,13.024075779516718,1.0623266705725747,4.552553524740228,18.63895597482952
23320,1.726655558216407e-05,13.017253716379006,1.0634465719483162,4.558246385507053,18.638946673834376
23340,1.7281363948872612e-05,13.012940971516029,1.0645848840914642,4.561589399502081,18.639115255109573
23360,1.7296172315581158e-05,13.004535738938834,1.0650814764295407,4.570459679576413,18.640076894944787
23380,1.7310980682289704e-05,12.99893610980427,1.0674558164053682,4.573798739712121,18.640190665921757
23400,1.732578904899825e-05,12.994087555416227,1.0692199211065851,4.577262186402552,18.640569662925365
23420,1.7340597415706796e-05,12.985720207160849,1.069946006986796,4.585471197437194,18.64113741158484
23440,1.735540578241534e-05,12.981962216822588,1.0715508654548944,4.587467875588221,18.6409809578657
23460,1.7370214149123888e-05,12.976652343105002,1.0736336381106195,4.591194712420978,18.6414806936366
23480,1.7385022515832434e-05,12.97012159499729,1.0756032266154163,4.596291254810593,18.642016076423296
23500,1.7399830882540976e-05,12.964731670906808,1.0769919684409874,4.600482256223388,18.642205895571184
23520,1.7414639249249522e-05,12.958306064013062,1.0793534379589125,4.605218305962946,18.642877807934923
23540,1.7429447615958068e-05,12.949458568609312,1.0812432169996662,4.6123358685676115,18.64303765417659
23560,1.7444255982666614e-05,12.94466975219342,1.083055388690571,4.615610849562503,18.643335990446495
23580,1.745906434937516e-05,12.93879114550208,1.085223633581742,4.619642877120388,18.643657656204212
23600,1.7473872716083706e-05,12.929283582247818,1.0870708131616047,4.6277741799359475,18.64412857534537
23620,1.748868108279225e-05,12.925419131447647,1.088448739831998,4.630209644350387,18.64407751563003
23640,1.7503489449500798e-05,12.920502883248245,1.090408501858313,4.633917752442626,18.644829137549184
23660,1.751829781620934e-05,12.912792967637166,1.0929359374426437,4.6392631592286895,18.6449920643085
23680,1.7533106182917886e-05,12.9078366048434,1.0942889400635443,4.6431079912757,18.645233536182644
23700,1.7547914549626432e-05,12.902020706066576,1.096066818032621,4.647477211152904,18.6455647352521
23720,1.7562722916334978e-05,12.895653499572825,1.09732161225971,4.652907662865434,18.64588277469797
23740,1.7577531283043524e-05,12.890256594551754,1.0992110505679005,4.656801346513889,18.646268991633544
23760,1.759233964975207e-05,12.881809065159388,1.1004873583039918,4.664099507808869,18.64639593127225
23780,1.7607148016460616e-05,12.874015535671232,1.1027815906529326,4.669379405713799,18.646176532037963
23800,1.762195638316916e-05,12.867755134819387,1.1062498261423008,4.673117542717059,18.647122503678748
23820,1.7636764749877704e-05,12.863087261991076,1.1082258234384348,4.676264675120306,18.647577760549815
23840,1.765157311658625e-05,12.857364236325104,1.1099294558258637,4.681026731745968,18.648320423896934
23860,1.7666381483294796e-05,12.85152544623628,1.1121043925414478,4.685063080994894,18.64869291977262
23880,1.7681189850003342e-05,12.845268484352431,1.1137300553386358,4.6897919620487,18.648790501739768
23900,1.7695998216711888e-05,12.836231493999296,1.1161756330884027,4.697082185297736,18.649489312385434
23920,1.7710806583420434e-05,12.832250575012814,1.1177991743195905,4.699366615416757,18.64941636474916
23940,1.772561495012898e-05,12.82712120704553,1.1194477629614485,4.702971681878828,18.649540651885804
23960,1.7740423316837526e-05,12.81865916731166,1.1226272917909261,4.708591300431479,18.649877759534064
23980,1.7755231683546068e-05,12.813127096183132,1.1243935665003717,4.712546457767152,18.650067120450657
24000,1.7770040050254614e-05,12.807564429970032,1.1254925486078857,4.717159279750753,18.65021625832867
24020,1.778484841696316e-05,12.800724979632509,1.1276175873143315,4.722113039746461,18.6504556066933
24040,1.7799656783671706e-05,12.7950976489721,1.1294081692232727,4.726007220249696,18.65051303844507
24060,1.7814465150380252e-05,12.78396410375748,1.131365551168478,4.735187596043879,18.650517250969838
24080,1.7829273517088798e-05,12.77984930838948,1.133456796720236,4.737594539597417,18.650900644707132
24100,1.7844081883797344e-05,12.776130583633794,1.1348557104534687,4.740301842585357,18.65128813667262
24120,1.785889025050589e-05,12.76938488719529,1.1372556670118024,4.745160923117589,18.651801477324682
24140,1.7873698617214432e-05,12.761821504528351,1.1391219754394077,4.751536486800355,18.652479966768112
24160,1.7888506983922978e-05,12.756870948476138,1.1414344627336677,4.754593839016934,18.65289925022674
24180,1.7903315350631524e-05,12.751911432759755,1.142252180424595,4.759077195136836,18.653240808321186
24200,1.791812371734007e-05,12.744501479484184,1.145118432359856,4.764200762130935,18.653820673974977
24220,1.7932932084048616e-05,12.739014064177477,1.146547932542895,4.768382443550502,18.653944440270873
24240,1.7947740450757162e-05,12.732387011098936,1.1479802574505744,4.773374083579343,18.653741352128854
24260,1.7962548817465708e-05,12.72565480296574,1.1498722227735132,4.778222879052794,18.653749904792047
24280,1.7977357184174254e-05,12.721617217012044,1.1515550430995567,4.780769843359039,18.65394210347064
24300,1.7992165550882796e-05,12.711537963094377,1.1529087423916338,4.789864884483955,18.654311589969968
24320,1.8006973917591342e-05,12.706262132256247,1.1551659930279752,4.792816460695773,18.654244585979995
24340,1.8021782284299888e-05,12.700756960370345,1.156969217625276,4.796770172168041,18.65449635016366
24360,1.8036590651008434e-05,12.694317863830712,1.1588786440584442,4.801802742736774,18.654999250625927
24380,1.805139901771698e-05,12.687550734626644,1.1608837401809504,4.806881749698592,18.655316224506187
24400,1.8066207384425526e-05,12.680702181639994,1.1627879677046342,4.81183972493066,18.65532987427529
24420,1.8081015751134072e-05,12.673344472278341,1.1643840337965703,4.817148586153816,18.654877092228727
24440,1.8095824117842618e-05,12.665525041683171,1.1664908992366465,4.82233309916324,18.654349040083055
24460,1.811063248455116e-05,12.661849377533466,1.1674574213131348,4.825423119227393,18.654729918073993
24480,1.8125440851259706e-05,12.655435749245022,1.1692024243081307,4.830267390496447,18.6549055640496
24500,1.8140249217968252e-05,12.649943064284606,1.1696324165057637,4.834985718644326,18.654561199434696
24520,1.8155057584676798e-05,12.643149887725421,1.171154441322193,4.840227845704529,18.65453217475214
24540,1.8169865951385344e-05,12.635705294864003,1.173054066588292,4.845514856335597,18.654274217787894
24560,1.818467431809389e-05,12.630620272494305,1.1747721715952268,4.849329857910023,18.654722301999556
24580,1.8199482684802436e-05,12.624831760539553,1.176425709621014,4.853617221498435,18.654874691659003
24600,1.8214291051510982e-05,12.617060004880534,1.1776020922250356,4.85997533778636,18.654637434891928
24620,1.8229099418219525e-05,12.612468706504048,1.178804754155793,4.86380963830336,18.655083098963203
24640,1.824390778492807e-05,12.608011489318894,1.179834869948883,4.867721499551023,18.6555678588188
24660,1.8258716151636616e-05,12.60143179777872,1.1819857267617986,4.872690855034509,18.656108379575027
24680,1.8273524518345162e-05,12.595699087182236,1.1828690066288057,4.877768606331743,18.656336700142784
24700,1.8288332885053708e-05,12.590416487451495,1.184092680828657,4.881938907970225,18.656448076250378
24720,1.8303141251762254e-05,12.58526005767862,1.1845008720221037,4.887140726294542,18.656901655995267
24740,1.83179496184708e-05,12.576390060512363,1.1848755807126408,4.89644092524984,18.657706566474843
24760,1.8332757985179346e-05,12.571801482870105,1.1868895736257399,4.899284741845333,18.657975798341177
24780,1.834756635188789e-05,12.567746619523044,1.1877444918108455,4.902831293430805,18.658322404764693
24800,1.8362374718596435e-05,12.563039273204899,1.188588024821829,4.907013419220549,18.658640717247277
24820,1.837718308530498e-05,12.557217042843504,1.1903818275889066,4.911284926395936,18.65888379682835
24840,1.8391991452013526e-05,12.551058013167786,1.1904949983857993,4.916986156204066,18.658539167757652
24860,1.8406799818722072e-05,12.546288336204695,1.191426959863411,4.921049103268521,18.658764399336626
24880,1.8421608185430618e-05,12.540969146159402,1.1934342921260048,4.9247999730392475,18.659203411324654
24900,1.8436416552139164e-05,12.53360547483291,1.1945661903559408,4.930937063054037,18.659108728242888
24920,1.845122491884771e-05,12.528339471112364,1.1956285714353365,4.935395234511753,18.65936327705945
24940,1.8466033285556253e-05,12.522355275996473,1.1965727483902677,4.940382782750897,18.659310807137636
24960,1.84808416522648e-05,12.51598986478675,1.1978434452322368,4.945745767422984,18.659579077441972
24980,1.8495650018973345e-05,12.51216841747417,1.1982504086979768,4.9493042368337905,18.659723063005938
25000,1.851045838568189e-05,12.506951389297022,1.1992639026901488,4.95365024572125,18.65986553770842
25020,1.8525266752390436e-05,12.49995571605848,1.2011628573922004,4.958990578054264,18.660109151504944
25040,1.8540075119098982e-05,12.493889779733827,1.2029654234075473,4.963615786229875,18.660470989371248
25060,1.855488348580753e-05,12.486404084779098,1.2036095168598464,4.970356221047167,18.66036982268611
25080,1.8569691852516074e-05,12.483279106147208,1.2039599106349654,4.973211419413876,18.66045043619605
25100,1.858450021922462e-05,12.477403030112134,1.2056796030877015,4.977813803153076,18.66089643635291
25120,1.8599308585933163e-05,12.471273873466558,1.2061022014094334,4.984327567570241,18.66170364244623
25140,1.861411695264171e-05,12.465250118904097,1.2065163174984215,4.990122232124509,18.661888668527027
25160,1.8628925319350255e-05,12.459227372062712,1.2084989905706622,4.994004280609126,18.6617306432425
25180,1.86437336860588e-05,12.454271968807982,1.2102164391602561,4.9980692447365955,18.662557652704834
25200,1.8658542052767346e-05,12.449374344967996,1.2115044071748693,5.0020892413753,18.662967993518166
25220,1.8673350419475892e-05,12.44553197264883,1.211355870162399,5.006185612973443,18.66307345578467
25240,1.868815878618444e-05,12.438146058615189,1.2126716994696554,5.0126406549830875,18.663458413067932
25260,1.8702967152892984e-05,12.434024182440783,1.2139104798312625,5.015897359763546,18.663832022035592
25280,1.8717775519601527e-05,12.428182074982674,1.2148068909450362,5.021617063221093,18.664606029148803
25300,1.8732583886310073e-05,12.423274952495614,1.2165462603815385,5.024922212552602,18.664743425429755
25320,1.874739225301862e-05,12.419354847307883,1.2166558893197226,5.029193168216295,18.6652039048439
25340,1.8762200619727165e-05,12.413648466024604,1.2180640537606926,5.034113896759746,18.66582641654504
25360,1.877700898643571e-05,12.409734520012577,1.2183478728923354,5.037681822041321,18.665764214946236
25380,1.8791817353144256e-05,12.403024411207713,1.220066496511877,5.043234593021147,18.666325500740736
25400,1.8806625719852802e-05,12.39783889608632,1.2211876940551394,5.047911252204293,18.666937842345753
25420,1.882143408656135e-05,12.391316943084286,1.2220165913025423,5.053715110257735,18.667048644644563
25440,1.883624245326989e-05,12.38787652822203,1.2224963290077808,5.056912351748394,18.667285208978203
25460,1.8851050819978437e-05,12.383476486209915,1.2228230161338793,5.0613581751788015,18.667657677522598
25480,1.8865859186686983e-05,12.378981164825035,1.2236913058747554,5.065424756405364,18.668097227105154
25500,1.888066755339553e-05,12.37366720999739,1.2249294570951372,5.069659388096668,18.668256055189193
25520,1.8895475920104075e-05,12.367162815157663,1.225703570992574,5.075358581649571,18.66822496779981
25540,1.891028428681262e-05,12.363307442415653,1.2258441899282366,5.079269381831335,18.668421014175223
25560,1.8925092653521166e-05,12.35782775739846,1.2275340687495904,5.083513450557467,18.66887527670552
25580,1.8939901020229712e-05,12.352921863320743,1.2280270890626341,5.08833487146066,18.669283823844037
25600,1.8954709386938255e-05,12.347968091592055,1.2290080672226498,5.092450505356195,18.6694266641709
25620,1.89695177536468e-05,12.342911755614058,1.2295299034848446,5.0971399933941415,18.669581652493044
25640,1.8984326120355347e-05,12.333805263866184,1.2311890039168356,5.105457525140087,18.670451792923107
25660,1.8999134487063893e-05,12.329572383957261,1.23258539451468,5.107866110617232,18.670023889089173
25680,1.901394285377244e-05,12.324783897558357,1.2337294517018016,5.111775525757471,18.67028887501763
25700,1.9028751220480985e-05,12.320443992732825,1.2346440265948684,5.115693140209106,18.670781159536798
25720,1.904355958718953e-05,12.314640144317051,1.2355406333339731,5.120894786786756,18.671075564437782
25740,1.9058367953898076e-05,12.309200688186618,1.2368255334875462,5.125208136784277,18.67123435845844
25760,1.907317632060662e-05,12.303310750271377,1.2381756501249692,5.130153136124446,18.671639536520793
25780,1.9087984687315165e-05,12.296344260468885,1.2399652025144847,5.135968626453286,18.672278089436656
25800,1.910279305402371e-05,12.291594911791815,1.2411616722115757,5.139346122251942,18.67210270625533
25820,1.9117601420732257e-05,12.28620823966993,1.242830041828336,5.143383493815726,18.672421775313992
25840,1.9132409787440803e-05,12.281375757253734,1.2439780154074724,5.147512400569907,18.672866173231114
25860,1.914721815414935e-05,12.275335294040985,1.2454087369987592,5.152388390060761,18.673132421100505
25880,1.9162026520857895e-05,12.266526091197782,1.2467687479461362,5.160361915628676,18.673656754772594
25900,1.917683488756644e-05,12.261965016293892,1.2477358004545105,5.163623552879928,18.673324369628332
25920,1.9191643254274983e-05,12.256662252818582,1.2502444970219069,5.1671587913473935,18.674065541187883
25940,1.920645162098353e-05,12.252092374485922,1.2510530901829033,5.1712523889523805,18.67439785362121
25960,1.9221259987692075e-05,12.247282385167193,1.2509624850399155,5.176173254908421,18.67441812511553
25980,1.923606835440062e-05,12.242057452888735,1.2525032909035052,5.180510040209421,18.67507078400166
26000,1.9250876721109167e-05,12.236570737513153,1.2518905776236215,5.186515520575493,18.67497683571227
26020,1.9265685087817713e-05,12.23213787469181,1.2532956631049414,5.1898911781811385,18.67532471597789
26040,1.928049345452626e-05,12.227638636949765,1.2545489825029355,5.193920287351615,18.676107906804315
26060,1.9295301821234805e-05,12.221212712075602,1.2542389183973206,5.200907431518132,18.676359061991054
26080,1.9310110187943347e-05,12.218102530647897,1.2547073847557215,5.203752507673034,18.676562423076653
26100,1.9324918554651893e-05,12.21230302944366,1.2556358872463045,5.209132658685669,18.677071575375635
26120,1.933972692136044e-05,12.206662796237229,1.2571077975829623,5.213752639394562,18.677523233214753
26140,1.9354535288068985e-05,12.201821302255144,1.257785342082505,5.218032447957139,18.67763909229479
26160,1.936934365477753e-05,12.196733117428366,1.2578405026268573,5.223112098324298,18.67768571837952
26180,1.9384152021486077e-05,12.18995636386353,1.2600753731514591,5.228195304274902,18.67822704128989
26200,1.9398960388194623e-05,12.184960900594978,1.260286543295074,5.2330430695496615,18.678290513439713
26220,1.941376875490317e-05,12.178979927858371,1.2620607430737552,5.237655419571831,18.67869609050396
26240,1.942857712161171e-05,12.16855082285402,1.2636871128129186,5.246424266381773,18.678662202048713
26260,1.9443385488320257e-05,12.164838823619487,1.265001022267339,5.248963003415224,18.67880284930205
26280,1.9458193855028803e-05,12.160895446954664,1.2657886675577161,5.252676008397528,18.67936012290991
26300,1.947300222173735e-05,12.154764294103124,1.2678435738395983,5.257405434208197,18.68001330215092
26320,1.9487810588445895e-05,12.149068914391577,1.2678181423700274,5.263205724270453,18.68009278103206
26340,1.950261895515444e-05,12.141605686741242,1.2691338229815912,5.269983777838917,18.680723287561747
26360,1.9517427321862987e-05,12.135736473554246,1.2717632157923466,5.2732503298206295,18.680750019167224
26380,1.9532235688571533e-05,12.129558662346078,1.2729850107348222,5.278856086521224,18.681399759602122
26400,1.9547044055280075e-05,12.121815768965027,1.2746545970229735,5.284799194179682,18.68126956016768
26420,1.956185242198862e-05,12.117983100718387,1.2749376592578774,5.288410574776632,18.681331334752898
26440,1.9576660788697167e-05,12.112575249876494,1.2765138856959755,5.292913203450856,18.682002339023324
26460,1.9591469155405713e-05,12.106395217814887,1.279405842676838,5.296974462026942,18.682775522518668
26480,1.960627752211426e-05,12.102556987861039,1.2785247610601083,5.301791124645588,18.682872873566737
26500,1.9621085888822805e-05,12.098897047957418,1.2788120188177992,5.305439820910987,18.683148887686205
26520,1.963589425553135e-05,12.091254842494795,1.280431128165546,5.312198179322803,18.683884149983143
26540,1.9650702622239897e-05,12.084282166793288,1.2812528982882874,5.318326232968371,18.683861298049948
26560,1.966551098894844e-05,12.079337501909773,1.283534544326058,5.321527758125655,18.684399804361487
26580,1.9680319355656985e-05,12.075077062424569,1.2840116075090506,5.325834648265973,18.684923318199594
26600,1.969512772236553e-05,12.071101099932488,1.2832008643270136,5.330784716574053,18.685086680833557
26620,1.9709936089074077e-05,12.06604888926449,1.2835688485905494,5.335710967792776,18.685328705647816
26640,1.9724744455782623e-05,12.061506370810616,1.284179947733427,5.3400668886404254,18.68575320718447
26660,1.973955282249117e-05,12.054108463359935,1.2862971360381237,5.345886932393684,18.686292531791743
26680,1.9754361189199715e-05,12.050147206163128,1.287430247460067,5.3490707800688355,18.686648233692033
26700,1.976916955590826e-05,12.04506193524136,1.2872098151575437,5.354849153323366,18.68712090372227
26720,1.9783977922616803e-05,12.037887896086314,1.288623236364751,5.360571358478264,18.687082490929328
26740,1.979878628932535e-05,12.034891000532875,1.288041224108919,5.36419232337648,18.687124548018275
26760,1.9813594656033895e-05,12.029647729075938,1.2899344603628728,5.368216030133788,18.6877982195726
26780,1.982840302274244e-05,12.019378222438508,1.2911329630557402,5.377793675332842,18.688304860827092
26800,1.9843211389450987e-05,12.017380956304581,1.2910701909027809,5.37986658048227,18.688317727689633
26820,1.9858019756159533e-05,12.013039143872943,1.2922237186902006,5.38363391987171,18.688896782434853
26840,1.987282812286808e-05,12.008549545713244,1.2925937193025412,5.38845336194871,18.689596626964494
26860,1.9887636489576625e-05,12.004585165884949,1.292656556498503,5.392720227644375,18.68996195002783
26880,1.9902444856285168e-05,11.998090893106994,1.29386815692259,5.39826551851046,18.690224568540046
26900,1.9917253222993713e-05,11.992929419453091,1.2957748924143209,5.402003312019517,18.69070762388693
26920,1.993206158970226e-05,11.987740057978673,1.2967861364712168,5.406684814282279,18.691211008732168
26940,1.9946869956410805e-05,11.983034708124372,1.2966026493734562,5.4115471998541045,18.69118455735193
26960,1.996167832311935e-05,11.978502600994293,1.2968063897994564,5.416165393508424,18.691474384302175
26980,1.9976486689827897e-05,11.973302336083105,1.2974670019814123,5.421137033932851,18.69190637199737
27000,1.9991295056536443e-05,11.968285096380665,1.2982441539756793,5.425594544395998,18.69212379475234
27020,2.000610342324499e-05,11.961022990786503,1.2994510259978427,5.432132114409774,18.692606131194122
27040,2.002091178995353e-05,11.958046635020581,1.2993924444014469,5.4352208243300835,18.692659903752112
27060,2.0035720156662078e-05,11.952105222747637,1.3023112267479027,5.439026898089015,18.693443347584555
27080,2.0050528523370623e-05,11.948730443576075,1.3016096105429777,5.443352231429347,18.693692285548398
27100,2.006533689007917e-05,11.944737497693204,1.302266255802067,5.447139395925277,18.694143149420547
27120,2.0080145256787715e-05,11.939654403492725,1.303067447865728,5.451638935755476,18.69436078711393
27140,2.009495362349626e-05,11.934916151708617,1.3032272050622538,5.456214454119979,18.69435781089085
27160,2.0109761990204807e-05,11.930742807881401,1.303758292403373,5.460059039886589,18.69456014017136
27180,2.0124570356913353e-05,11.92311236095791,1.3047410899228262,5.467043466919532,18.694896917800268
27200,2.0139378723621896e-05,11.918744292648373,1.3056637385730445,5.470495449871254,18.694903481092673
27220,2.015418709033044e-05,11.915974344045887,1.305689323067596,5.473322876935096,18.69498654404858
27240,2.0168995457038988e-05,11.910975564607398,1.3058940351408836,5.478265390127552,18.695134989875832
27260,2.0183803823747533e-05,11.905386374974189,1.3074072850640566,5.4828457935512604,18.695639453589507
27280,2.019861219045608e-05,11.90050533781888,1.307909119624843,5.487817664615823,18.69623212205955
27300,2.0213420557164625e-05,11.896554846955304,1.3086939979448549,5.491374497979806,18.696623342879967
27320,2.022822892387317e-05,11.890780599222104,1.3094885461095087,5.496504710955337,18.696773856286953
27340,2.0243037290581717e-05,11.886704256028988,1.309680963125842,5.500319866666064,18.696705085820895
27360,2.0257845657290263e-05,11.880213770608712,1.3105364562932675,5.506022128933384,18.696772355835364
27380,2.0272654023998806e-05,11.871345390442567,1.3127889471153298,5.512814136219832,18.69694847377773
27400,2.028746239070735e-05,11.8687281301799,1.312841532350937,5.515468526023431,18.697038188554266
27420,2.0302270757415898e-05,11.863842689065317,1.3136422501739666,5.519681786889031,18.697166726128316
27440,2.0317079124124443e-05,11.85612813774613,1.3159536984443425,5.525739812409425,18.6978216485999
27460,2.033188749083299e-05,11.849637541608736,1.316605257328496,5.531711216213651,18.697954015150884
27480,2.0346695857541535e-05,11.845060196652696,1.3179229442061482,5.535002960892074,18.69798610175092
27500,2.036150422425008e-05,11.839220583229167,1.3194258024703591,5.539711487655427,18.698357873354954
27520,2.0376312590958627e-05,11.833523287792431,1.3201180027086665,5.544468923203022,18.69811021370412
27540,2.039112095766717e-05,11.828670751262603,1.3210153798581332,5.548813991642153,18.69850012276289
27560,2.0405929324375716e-05,11.821902327076758,1.3239725433237748,5.553235373627002,18.699110244027537
27580,2.042073769108426e-05,11.81794522813722,1.323763034221456,5.557407490039985,18.69911575239866
27600,2.0435546057792808e-05,11.811460269225304,1.3256688792933804,5.562288227415387,18.69941737593407
27620,2.0450354424501353e-05,11.800673053593714,1.3280528207814073,5.5709835045624825,18.699709378937605
27640,2.04651627912099e-05,11.796752462761201,1.3292844473003025,5.5737452848101,18.699782194871602
27660,2.0479971157918445e-05,11.792416903468933,1.330196524235524,5.577688226069572,18.700301653774027
27680,2.049477952462699e-05,11.786654328247694,1.3309899604615958,5.583461213382283,18.701105502091572
27700,2.0509587891335534e-05,11.780091120126336,1.3332791274830862,5.588133733595091,18.701503981204514
27720,2.052439625804408e-05,11.773171579651965,1.3342774855119017,5.594753945656746,18.70220301082061
27740,2.0539204624752626e-05,11.769002931893226,1.3341410006517442,5.598771246568228,18.7019151791132
27760,2.055401299146117e-05,11.764218885318748,1.3355260563709634,5.60248416888894,18.70222911057865
27780,2.0568821358169718e-05,11.758590004890277,1.3366857777928618,5.6072186111358056,18.702494393818945
27800,2.0583629724878263e-05,11.751161505299123,1.3395023791389962,5.612707432104859,18.703371316542977
27820,2.059843809158681e-05,11.745214646665712,1.3410780901919608,5.617578193948383,18.703870930806055
27840,2.0613246458295355e-05,11.739547466143659,1.341148589544432,5.62343079833846,18.70412685402655
27860,2.0628054825003898e-05,11.735321746880985,1.3405618863995765,5.627703469179318,18.703587102459878
27880,2.0642863191712444e-05,11.72944456050481,1.3422363082947388,5.631894650192501,18.70357551899205
27900,2.065767155842099e-05,11.722669116143011,1.3438160878741316,5.6371107879035875,18.70359599192073
27920,2.0672479925129536e-05,11.717611430272408,1.343564573769293,5.642152245729692,18.703328249771392
27940,2.068728829183808e-05,11.711779313874054,1.3453036862616359,5.646418565449704,18.70350156558539
27960,2.0702096658546628e-05,11.705313085922986,1.3469129188654003,5.651444768897722,18.70367077368611
27980,2.0716905025255173e-05,11.698965031412353,1.3474287089439196,5.6570714731870035,18.703465213543275
28000,2.073171339196372e-05,11.694512822254055,1.348018267290448,5.660906899298104,18.703437988842605
28020,2.0746521758672262e-05,11.68910365782452,1.3484292127119866,5.665675041968167,18.703207912504674
28040,2.0761330125380808e-05,11.682666955888964,1.349435316828059,5.67139912946168,18.703501402178702
28060,2.0776138492089354e-05,11.677175682726222,1.3510560302701773,5.675659863811463,18.703891576807862
28080,2.07909468587979e-05,11.6718224239725,1.3524497561285438,5.680024229726257,18.7042964098273
28100,2.0805755225506446e-05,11.665722561231124,1.354179696617934,5.684741420755505,18.704643678604562
28120,2.082056359221499e-05,11.66137370498737,1.3546028634211347,5.688866579057958,18.704843147466462
28140,2.0835371958923538e-05,11.656202112463964,1.3553486224860631,5.693432473845315,18.70498320879534
28160,2.0850180325632083e-05,11.651035500937045,1.3558046346257788,5.698280819156625,18.705120954719447
28180,2.0864988692340626e-05,11.64627878563889,1.3569044278519617,5.70241500526286,18.70559821875371
28200,2.0879797059049172e-05,11.637674843277162,1.3581464928273643,5.710287183439117,18.706108519543644
28220,2.0894605425757718e-05,11.63404213668971,1.3587035353290533,5.713397387475153,18.706143059493918
28240,2.0909413792466264e-05,11.627267862674,1.3601464784785846,5.718585605119161,18.705999946271746
28260,2.092422215917481e-05,11.62301732791479,1.3603919962058573,5.722252215171615,18.70566153929226
28280,2.0939030525883356e-05,11.619579553757674,1.3601847764536161,5.725998736061517,18.70576306627281
28300,2.09538388925919e-05,11.614835042058509,1.3618151640408194,5.72950658636799,18.70615679246732
28320,2.0968647259300448e-05,11.610429335431018,1.3621009194242308,5.733728939895585,18.706259194750835
28340,2.098345562600899e-05,11.604530076224602,1.363325431010368,5.738460108885743,18.706315616120712
28360,2.0998263992717536e-05,11.598081406502203,1.3646337613253487,5.743448703540536,18.706163871368087
28380,2.1013072359426082e-05,11.593461745358503,1.3650747957843792,5.74746420937875,18.706000750521632
28400,2.1027880726134628e-05,11.588961372639996,1.365612189272087,5.751516153261719,18.706089715173803
28420,2.1042689092843174e-05,11.582251066922574,1.3668354301718988,5.756774066751188,18.70586056384566
28440,2.105749745955172e-05,11.57523902482565,1.3670794230508467,5.7638102412626955,18.70612868913919
28460,2.1072305826260266e-05,11.570781510728676,1.368874232072163,5.766720608491632,18.70637635129247
28480,2.108711419296881e-05,11.566934100187092,1.3695583445349815,5.770175999432645,18.70666844415472
28500,2.1101922559677354e-05,11.562824650537097,1.3694869545694077,5.7744849331346915,18.706796538241196
28520,2.11167309263859e-05,11.554012575661481,1.370803236796477,5.782539810186838,18.707355622644798
28540,2.1131539293094446e-05,11.55012286697374,1.3718306823477815,5.785156410495383,18.707109959816904
28560,2.1146347659802992e-05,11.5451610158987,1.3728087994943003,5.788918413569992,18.706888228962992
28580,2.1161156026511538e-05,11.538972855280013,1.373419457159426,5.794941625239551,18.707333937678992
28600,2.1175964393220084e-05,11.534724537587998,1.3746808275038418,5.798158113449506,18.707563478541346
28620,2.119077275992863e-05,11.52804803204913,1.3766810484107905,5.803122913969545,18.707851994429465
28640,2.1205581126637176e-05,11.518582097330059,1.37677668514514,5.812812289616228,18.708171072091428
28660,2.1220389493345718e-05,11.51580299778988,1.3779031230465018,5.813994441329154,18.707700562165535
28680,2.1235197860054264e-05,11.50992642520183,1.3780321596946943,5.819538117975538,18.707496702872064
28700,2.125000622676281e-05,11.504632981293636,1.3793554169150615,5.824054393566527,18.708042791775224
28720,2.1264814593471356e-05,11.499981172396867,1.3812649172796696,5.827035393227304,18.70828148290384
28740,2.1279622960179902e-05,11.489134915747533,1.3820636975339646,5.837092380738663,18.70829099402016
28760,2.1294431326888448e-05,11.483711110857222,1.384149157685803,5.840436431822515,18.70829670036554
28780,2.1309239693596994e-05,11.480276096137903,1.3846983337664363,5.843506778430695,18.708481208335034
28800,2.132404806030554e-05,11.476065171503853,1.3848123943871902,5.847771003405548,18.708648569296592
28820,2.1338856427014082e-05,11.46795419247644,1.3861980670425047,5.85542370443595,18.709575963954897
28840,2.1353664793722628e-05,11.46552437706991,1.386283833146227,5.857385199283803,18.70919340949994
28860,2.1368473160431174e-05,11.460254340530717,1.387215140639564,5.861783918599209,18.70925339976949
28880,2.138328152713972e-05,11.45518994695222,1.3867255971644714,5.867397997970123,18.709313542086814
28900,2.1398089893848266e-05,11.449396360364613,1.3878189666526295,5.871723692608236,18.70893901962548
28920,2.1412898260556812e-05,11.445045669269234,1.3884467285388693,5.875963524114366,18.70945592192247
28940,2.1427706627265358e-05,11.439638823884284,1.3892021124454061,5.8807475985045325,18.709588534834225
28960,2.1442514993973904e-05,11.434855999827915,1.3894988019121333,5.885520244203098,18.709875045943146
28980,2.1457323360682446e-05,11.428921860694661,1.3888798540103393,5.891995413031898,18.7097971277369
29000,2.1472131727390992e-05,11.424219318772362,1.3897400576936778,5.895972937568153,18.70993231403419
29020,2.1486940094099538e-05,11.41999100951526,1.390855058220111,5.899574858224592,18.710420925959962
29040,2.1501748460808084e-05,11.415327728941131,1.391627380722233,5.903741677103515,18.710696786766878
29060,2.151655682751663e-05,11.40804725407494,1.3907941552936804,5.912559735895014,18.711401145263636
29080,2.1531365194225176e-05,11.405876606485245,1.390900884406011,5.914471007776647,18.711248498667903
29100,2.1546173560933722e-05,11.402324156483564,1.3904949340245174,5.918553154400328,18.71137224490841
29120,2.1560981927642268e-05,11.397347135867985,1.391492495618051,5.923043308290562,18.711882939776597
29140,2.157579029435081e-05,11.393692075576677,1.391296827783448,5.927166268714084,18.71215517207421
29160,2.1590598661059356e-05,11.38986837991964,1.3903906910247654,5.931923185607153,18.71218225655156
29180,2.1605407027767902e-05,11.382325057967932,1.3914597273330918,5.938551506788829,18.712336292089855
29200,2.1620215394476448e-05,11.378220499862913,1.3926244692901588,5.941940063891511,18.712785033044582
29220,2.1635023761184994e-05,11.374163660251535,1.3922273719057043,5.9464754604176315,18.71286649257487
29240,2.164983212789354e-05,11.368850042720537,1.3929096400704886,5.951376251071459,18.713135933862485
29260,2.1664640494602086e-05,11.364371802024767,1.3933664463992,5.95526898426016,18.713007232684127
29280,2.1679448861310632e-05,11.359282785883769,1.393733773921179,5.960063224342192,18.71307978414714
29300,2.1694257228019175e-05,11.353537472419884,1.3946567363597921,5.964989403658038,18.713183612437714
29320,2.170906559472772e-05,11.349020043681525,1.3950320266822622,5.9691789152377925,18.71323098560158
29340,2.1723873961436266e-05,11.343859007383044,1.3957342112384905,5.973868335896703,18.713461554518236
29360,2.1738682328144812e-05,11.33918662713279,1.3967913319460865,5.977947380947728,18.713925340026606
29380,2.1753490694853358e-05,11.333403703480784,1.3958077041750827,5.984550060688198,18.713761468344064
29400,2.1768299061561904e-05,11.328648159498616,1.3962638932842497,5.988555789429652,18.713467842212516
29420,2.178310742827045e-05,11.323555261462216,1.3971480929128501,5.993093653206644,18.71379700758171
29440,2.1797915794978996e-05,11.319134944211926,1.3976406350927264,5.997402793026134,18.714178372330785
29460,2.181272416168754e-05,11.313994307498174,1.3977721670250325,6.002360140601362,18.714126615124567
29480,2.1827532528396085e-05,11.304814208133715,1.3982100553178356,6.011116629329777,18.71414089278133
29500,2.184234089510463e-05,11.299740305131767,1.4014221104263924,6.013424453746058,18.714586869304217
29520,2.1857149261813176e-05,11.29536117909818,1.4007211312260959,6.018692090966544,18.714774401290818
29540,2.1871957628521722e-05,11.290212898853856,1.4010173379724218,6.023753335375664,18.71498357220194
29560,2.1886765995230268e-05,11.286101594508251,1.4021642737187168,6.027147361057702,18.71541322928467
29580,2.1901574361938814e-05,11.279728728617997,1.402390159268039,6.033756223598005,18.715875111484042
29600,2.191638272864736e-05,11.273189652811048,1.4030323494069585,6.039236609260765,18.715458611478773
29620,2.1931191095355906e-05,11.268458963012545,1.4042407472605403,6.043424057919954,18.71612376819304
29640,2.194599946206445e-05,11.263874733290915,1.404744733606617,6.0477337653772425,18.716353232274773
29660,2.1960807828772995e-05,11.258673727544934,1.404553469595934,6.053221683473641,18.716448880614507
29680,2.197561619548154e-05,11.254961451463284,1.4046545058284587,6.056963430330174,18.716579387621916
29700,2.1990424562190086e-05,11.250658317279113,1.404516663009847,6.061593352772061,18.71676833306102
29720,2.2005232928898632e-05,11.245048701179648,1.4052023211424336,6.0668244043289095,18.71707542665099
29740,2.2020041295607178e-05,11.240495434933697,1.4054744570566808,6.071115805333034,18.717085697323412
29760,2.2034849662315724e-05,11.235316879600182,1.4056528374451607,6.076253109906297,18.71722282695164
29780,2.204965802902427e-05,11.225575678416666,1.4055622133198409,6.086166270132034,18.71730416186854
29800,2.2064466395732813e-05,11.222308884922127,1.4061275647700993,6.088033958253101,18.716470407945327
29820,2.207927476244136e-05,11.217954527239893,1.406336283863609,6.092551437849329,18.71684224895283
29840,2.2094083129149905e-05,11.213618707209013,1.4059579458994291,6.0975019879451455,18.71707864105359
29860,2.210889149585845e-05,11.207853252129205,1.4071563918132652,6.102289206522812,18.717298850465284
29880,2.2123699862566996e-05,11.200652870827621,1.4077132738850775,6.109235578729887,18.717601723442584
29900,2.2138508229275542e-05,11.195929768029238,1.4081959029805227,6.113314746834229,18.71744041784399
29920,2.2153316595984088e-05,11.192250348839998,1.4079032177515467,6.11743514939436,18.717588715985904
29940,2.2168124962692634e-05,11.185871761079422,1.409218822649713,6.122953848973777,18.71804443270291
29960,2.2182933329401177e-05,11.180435433219937,1.409328761645521,6.128251628421498,18.718015823286954
29980,2.2197741696109723e-05,11.176049996442316,1.4096197252840574,6.132524779581355,18.718194501307728
30000,2.221255006281827e-05,11.166119522634144,1.4112284823881092,6.140968817671294,18.71831682269355
30020,2.2227358429526815e-05,11.160940561521546,1.412291798800082,6.145272519702335,18.718504880023964
30040,2.224216679623536e-05,11.156263942560258,1.4124492226058427,6.150087576344335,18.718800741510435
30060,2.2256975162943906e-05,11.150918190219123,1.4134165649631245,6.154829529367927,18.719164284550175
30080,2.2271783529652452e-05,11.145164983296574,1.4143740372838558,6.16003178305456,18.71957080363499
30100,2.2286591896360998e-05,11.14015186784146,1.4143937852354018,6.165351429435178,18.71989708251204
30120,2.230140026306954e-05,11.132079955161139,1.41528310942576,6.172792293922498,18.720155358509395
30140,2.2316208629778087e-05,11.126728563199734,1.4152269774834214,6.178497055143775,18.72045259582693
30160,2.2331016996486633e-05,11.123876744753481,1.4148261498510364,6.182189236512362,18.72089213111688
30180,2.234582536319518e-05,11.117857898705445,1.4158868913878133,6.187487705411573,18.721232495504832
30200,2.2360633729903725e-05,11.110518091062783,1.4156854030428816,6.195688385183971,18.721891879289636
30220,2.237544209661227e-05,11.106978463458113,1.416361913111635,6.198881594970201,18.72222197153995
30240,2.2390250463320816e-05,11.102006723556595,1.4165868424513897,6.203856607428054,18.722450173436037
30260,2.2405058830029362e-05,11.097183837711162,1.417910583700332,6.20789999417652,18.722994415588012
30280,2.2419867196737905e-05,11.090915817010035,1.4182399012590319,6.214299601858848,18.723455320127915
30300,2.243467556344645e-05,11.08640871649369,1.418413724024752,6.218919313979163,18.723741754497606
30320,2.2449483930154997e-05,11.080460076937246,1.4190436449840589,6.224558806923915,18.72406252884522
30340,2.2464292296863543e-05,11.071630058211234,1.4200028750627842,6.232417628620267,18.724050561894288
30360,2.247910066357209e-05,11.067558195214103,1.4203124618432996,6.236646795177558,18.724517452234963
30380,2.2493909030280635e-05,11.061867102377546,1.4215542029770234,6.241447229023095,18.724868534377663
30400,2.250871739698918e-05,11.056041188071802,1.4218945673378822,6.247507273090533,18.725443028500216
30420,2.2523525763697726e-05,11.04794576062934,1.4219271015285206,6.256433814922546,18.726306677080405
30440,2.253833413040627e-05,11.044309106942682,1.4231431499311458,6.258680684444528,18.726132941318355
30460,2.2553142497114815e-05,11.03972134001964,1.424128832487843,6.262795208711332,18.726645381218816
30480,2.256795086382336e-05,11.033747113240134,1.4257094241077863,6.267740148291445,18.727196685639363
30500,2.2582759230531907e-05,11.027795381177178,1.4273175307259136,6.272475794912362,18.727588706815453
30520,2.2597567597240453e-05,11.023762762240105,1.4270679709616882,6.2770848927657585,18.727915625967555
30540,2.2612375963949e-05,11.017118927964091,1.427736472690242,6.283660895613148,18.728516296267482
30560,2.2627184330657545e-05,11.008025743289823,1.429853232836531,6.291808962579735,18.729687938706086
30580,2.264199269736609e-05,11.004871232007593,1.4296963156477573,6.294901502163524,18.729469049818874
30600,2.2656801064074633e-05,10.999044735926574,1.4310071277712353,6.299793012044575,18.729844875742383
30620,2.267160943078318e-05,10.994176686864563,1.4313626167645706,6.304688489402325,18.73022779303146
30640,2.2686417797491725e-05,10.989177359680692,1.4323767665759675,6.309367087845594,18.730921214102253
30660,2.270122616420027e-05,10.98018397722877,1.433410088482407,6.318139578645051,18.73173364435623
30680,2.2716034530908817e-05,10.976440027116542,1.4339132960447325,6.321194600264964,18.731547923426238
30700,2.2730842897617363e-05,10.969207398876557,1.4367528842627606,6.326464612180359,18.732424895319678
30720,2.274565126432591e-05,10.965266263699185,1.4368600262642979,6.330466747425952,18.732593037389435
30740,2.2760459631034455e-05,10.959239548342318,1.4380348073281286,6.335696876633112,18.73297123230356
30760,2.2775267997742997e-05,10.955022363783026,1.4378512244725297,6.340381113655226,18.73325470191078
30780,2.2790076364451543e-05,10.948735826530505,1.4401102903660439,6.3450800358317245,18.733926152728273
30800,2.280488473116009e-05,10.942598050528282,1.4414635373384432,6.350376235695681,18.734437823562406
30820,2.2819693097868635e-05,10.937736536744065,1.4420050278903513,6.354937977570838,18.734679542205257
30840,2.283450146457718e-05,10.932384683325102,1.4422420974382286,6.3600947503010365,18.734721531064366
30860,2.2849309831285727e-05,10.92582342168274,1.4432191520472581,6.365917325131605,18.734959898861604
30880,2.2864118197994273e-05,10.92013142381538,1.445354589910548,6.37009225307742,18.735578266803348
30900,2.287892656470282e-05,10.91069147878818,1.4479717437054125,6.377720079272725,18.736383301766317
30920,2.289373493141136e-05,10.90768832563504,1.4482993767462085,6.380480175724817,18.736467878106065
30940,2.2908543298119907e-05,10.899998861499755,1.4494886107662968,6.38784089065271,18.737328362918763
30960,2.2923351664828453e-05,10.89408845537384,1.4507563293607255,6.392856796869761,18.737701581604327
30980,2.2938160031537e-05,10.887769570421186,1.4529831018841555,6.397185407796584,18.737938080101927
31000,2.2952968398245545e-05,10.883363294016199,1.4536603741970435,6.401388546520709,18.738412214733952
31020,2.296777676495409e-05,10.876807491115976,1.4556389356644022,6.4064858923997345,18.738932319180112
31040,2.2982585131662637e-05,10.870442708977102,1.4567713361021424,6.4113896653351174,18.738603710414363
31060,2.2997393498371183e-05,10.859361298747377,1.4586423397703212,6.420191692793051,18.73819533131075
31080,2.3012201865079725e-05,10.854458923647114,1.4608088574712468,6.422942651148756,18.738210432267117
31100,2.302701023178827e-05,10.84831086935342,1.462244959521287,6.427390447053602,18.73794627592831
31120,2.3041818598496817e-05,10.843069948109367,1.463341099303405,6.431426118339646,18.737837165752417
31140,2.3056626965205363e-05,10.836239360812781,1.465489848402901,6.436190258031503,18.737919467247185
31160,2.307143533191391e-05,10.827004897266821,1.4670566106904046,6.4437130523017565,18.737774560258984
31180,2.3086243698622455e-05,10.82194598627456,1.469191360294863,6.446739575269532,18.737876921838954
31200,2.3101052065331e-05,10.816210565865145,1.4697321562780512,6.452025366033432,18.73796808817663
31220,2.3115860432039547e-05,10.807946290180443,1.472167243329172,6.457896627702476,18.73801016121209
31240,2.313066879874809e-05,10.802436411482315,1.474358866096469,6.461456539086171,18.738251816664956
31260,2.3145477165456635e-05,10.792841088736385,1.4753026430388823,6.470091544752911,18.73823527652818
31280,2.316028553216518e-05,10.78812716588827,1.4770777213824973,6.47313229332131,18.738337180592076
31300,2.3175093898873727e-05,10.782219669681854,1.479753945431036,6.476861322593094,18.738834937705985
31320,2.3189902265582273e-05,10.777080805025303,1.4811206568701827,6.480866344821513,18.739067806717
31340,2.320471063229082e-05,10.769467969033606,1.4827882613130687,6.487062311789764,18.739318542136438
31360,2.3219518998999365e-05,10.764630159180019,1.4839257465372024,6.490837243813237,18.739393149530457
31380,2.323432736570791e-05,10.760231883570832,1.4838708106489373,6.49518902567105,18.73929171989082
31400,2.3249135732416453e-05,10.753853805095236,1.4863179670860502,6.4997700981479944,18.739941870329282
31420,2.3263944099125e-05,10.746471225721963,1.488281045850865,6.50574183880106,18.740494110373888
31440,2.3278752465833545e-05,10.740436473390526,1.4896335800090066,6.510635233395205,18.74070528679474
31460,2.329356083254209e-05,10.735179783383487,1.4904932463818341,6.515119333148368,18.740792362913687
31480,2.3308369199250637e-05,10.730528289847515,1.4907394554737756,6.520067225974467,18.741334971295757
31500,2.3323177565959183e-05,10.724444456176572,1.4925650376719022,6.5246346893361515,18.741644183184626
31520,2.333798593266773e-05,10.717465227023357,1.4951240598623217,6.529695960572884,18.74228524745856
31540,2.3352794299376275e-05,10.712041740227843,1.4969122189336521,6.533614461822463,18.742568420983957
31560,2.3367602666084817e-05,10.70716147663786,1.4973110114671424,6.538139745042791,18.742612233147796
31580,2.3382411032793363e-05,10.701347500140312,1.4989843702727612,6.542609540971833,18.742941411384905
31600,2.339721939950191e-05,10.69568793545903,1.4997500233332561,6.54769422587955,18.743132184671836
31620,2.3412027766210455e-05,10.689611289028427,1.502015257655396,6.551780285079854,18.74340683176368
31640,2.3426836132919e-05,10.680842863369277,1.503694929093263,6.558857896274968,18.743395688737507
31660,2.3441644499627547e-05,10.67664961302771,1.5047682679479406,6.562020293483153,18.743438174458802
31680,2.3456452866336093e-05,10.670129789431298,1.5063261426152155,6.566908377911831,18.743364309958345
31700,2.347126123304464e-05,10.65991920787179,1.5081091844120338,6.574833876759111,18.742862269042934
31720,2.348606959975318e-05,10.655514702099442,1.5099007404980866,6.5773755588046345,18.74279100140216
31740,2.3500877966461727e-05,10.64919537109049,1.5107253095724278,6.583818097407672,18.74373877807059
31760,2.3515686333170273e-05,10.643492219216458,1.512583015081818,6.587123135010146,18.743198369308423
31780,2.353049469987882e-05,10.638301252525704,1.514134686826783,6.590937057208265,18.74337299656075
31800,2.3545303066587365e-05,10.632420233881351,1.5162174717074381,6.595231485173674,18.743869190762464
31820,2.356011143329591e-05,10.626728923917916,1.5168386930331834,6.600376909128497,18.743944526079595
31840,2.3574919800004457e-05,10.620785651891104,1.5185034478297972,6.604397817798668,18.743686917519568
31860,2.3589728166713003e-05,10.614103488561499,1.5205035859396836,6.609225462623904,18.743832537125087
31880,2.360453653342155e-05,10.608033624590671,1.521505359231817,6.6142742202757745,18.743813204098263
31900,2.361934490013009e-05,10.601724136440216,1.5212940186515187,6.620488221660887,18.74350637675262
31920,2.3634153266838637e-05,10.59439404648779,1.5239386553283563,6.62511847850825,18.7434511803244
31940,2.3648961633547183e-05,10.589539773857195,1.525011937771655,6.6293089581506734,18.743860669779522
31960,2.366377000025573e-05,10.583488209044456,1.5266075584421044,6.634239177810279,18.74433494529684
31980,2.3678578366964275e-05,10.578087936230602,1.5272116028233125,6.63903709663181,18.744336635685727
32000,2.369338673367282e-05,10.572349380074403,1.5267034793679026,6.6451773969830725,18.74423025642538
32020,2.3708195100381367e-05,10.565844043527417,1.530226985896212,6.648480443141573,18.744551472565202
32040,2.3723003467089913e-05,10.560192732962026,1.5303449718962727,6.6537656273048515,18.74430333216315
32060,2.3737811833798456e-05,10.552370078476873,1.5308995329719701,6.661177283214533,18.744446894663376
32080,2.3752620200507e-05,10.547708185975567,1.5318170573021188,6.664638618678088,18.744163861955776
32100,2.3767428567215547e-05,10.542222981906297,1.5330370284000776,6.6693177879692165,18.744577798275593
32120,2.3782236933924093e-05,10.537386666736213,1.533433656616907,6.6742864343476045,18.745106757700725
32140,2.379704530063264e-05,10.533182052432899,1.533468905345168,6.678264074827583,18.74491503260565
32160,2.3811853667341185e-05,10.527139696080928,1.5342699459170428,6.683678830580091,18.74508847257806
32180,2.382666203404973e-05,10.520619945828958,1.5362043815519628,6.688546768633375,18.745371096014296
32200,2.3841470400758277e-05,10.507867329369658,1.5372830473176202,6.700081728987103,18.745232105674383
32220,2.385627876746682e-05,10.504484134923555,1.5379147857830209,6.702696365046916,18.745095285753493
32240,2.3871087134175366e-05,10.496403698845244,1.5407228126561483,6.709058436766481,18.746184948267874
32260,2.388589550088391e-05,10.491980999858464,1.5415623861516567,6.71266702015719,18.74621040616731
32280,2.3900703867592457e-05,10.48815643121188,1.541486868062336,6.7167167744687095,18.746360073742927
32300,2.3915512234301003e-05,10.482461846666732,1.5426915571264104,6.72154485994005,18.746698263733194
32320,2.393032060100955e-05,10.477251182308041,1.5440678908788394,6.725778932544863,18.747098005731743
32340,2.3945128967718095e-05,10.471591230642733,1.5450796150798403,6.730580242108837,18.747251087831412
32360,2.395993733442664e-05,10.465797294436499,1.5446103155496527,6.736678216326282,18.747085826312432
32380,2.3974745701135184e-05,10.458981242474668,1.546185475353848,6.742177089983299,18.747343807811816
32400,2.398955406784373e-05,10.453332032954995,1.5474264874911159,6.746680372908384,18.747438893354495
32420,2.4004362434552276e-05,10.447626328813396,1.5486120960456344,6.751450876455573,18.7476893013146
32440,2.401917080126082e-05,10.444091362680872,1.5476971641586963,6.755820499753039,18.747609026592606
32460,2.4033979167969367e-05,10.437081886554314,1.5495512342465063,6.761095431139112,18.747728551939932
32480,2.4048787534677913e-05,10.42716600088048,1.5511903942875929,6.76991527084948,18.74827166601755
32500,2.406359590138646e-05,10.419928683711577,1.5529521893055132,6.775026830362735,18.747907703379823
32520,2.4078404268095005e-05,10.41477615559112,1.5541557107276525,6.778984566455746,18.747916432774517
32540,2.4093212634803548e-05,10.410168153778985,1.5549053922731852,6.783474839003848,18.74854838505602
32560,2.4108021001512094e-05,10.404839709636988,1.5567628397345197,6.787495285186623,18.74909783455813
32580,2.412282936822064e-05,10.398563167887406,1.5567155902656142,6.794101910814131,18.749380668967152
32600,2.4137637734929186e-05,10.392820574023917,1.5578073494853988,6.7988049245784765,18.749432848087793
32620,2.415244610163773e-05,10.38706470939553,1.560018920389193,6.802803947441324,18.749887577226048
32640,2.4167254468346277e-05,10.381358616787974,1.560910153095361,6.808044646498523,18.750313416381857
32660,2.4182062835054823e-05,10.37632869294455,1.5605552729881487,6.813370562747593,18.750254528680294
32680,2.419687120176337e-05,10.36877969757939,1.5635900771434428,6.818286629960894,18.750656404683728
32700,2.4211679568471912e-05,10.358941673752652,1.5639521028917542,6.827458663625626,18.75035244027003
32720,2.4226487935180458e-05,10.354629695584627,1.565816171835086,6.830308565331405,18.75075443275112
32740,2.4241296301889004e-05,10.34497614604154,1.5679236197915785,6.8388629366288995,18.751762702462017
32760,2.425610466859755e-05,10.34052440529671,1.5699744233713644,6.841558262776285,18.75205709144436
32780,2.4270913035306096e-05,10.334879720911923,1.5719929920290983,6.845771381265209,18.752644094206232
32800,2.428572140201464e-05,10.329198179525081,1.5741565442364178,6.849683417635052,18.75303814139655
32820,2.4300529768723188e-05,10.318292842820231,1.5746962967648757,6.860393565454056,18.75338270503916
32840,2.4315338135431733e-05,10.31382905980847,1.5762959650786021,6.8628680249067076,18.75299304979378
32860,2.4330146502140276e-05,10.308973464559088,1.5783048592042104,6.866245903418,18.7535242271813
32880,2.4344954868848822e-05,10.302425880288324,1.5807089204851263,6.870776708303394,18.753911509076843
32900,2.4359763235557368e-05,10.294996435153802,1.5834403537056245,6.875950969557329,18.754387758416755
32920,2.4374571602265914e-05,10.289747817969086,1.5851046393410144,6.880034968390384,18.754887425700485
32940,2.438937996897446e-05,10.282208639476309,1.586316350794429,6.886395478797599,18.754920469068338
32960,2.4404188335683006e-05,10.27588298320881,1.5873532038827598,6.8915838703343155,18.754820057425885
32980,2.441899670239155e-05,10.269510586289845,1.5891922914602399,6.89612992833902,18.754832806089105
33000,2.4433805069100098e-05,10.261475491368815,1.5925264850843717,6.901658002788187,18.755659979241372
33020,2.444861343580864e-05,10.256492931971936,1.5931030406810567,6.906411624811334,18.756007597464325
33040,2.4463421802517186e-05,10.25096593884068,1.5943762540214061,6.910895136802104,18.75623732966419
33060,2.4478230169225732e-05,10.2437864900594,1.596767512239784,6.91600882585927,18.756562828158454
33080,2.4493038535934278e-05,10.233520487598923,1.599643264937514,6.924148853777873,18.75731260631431
33100,2.4507846902642824e-05,10.22985713815203,1.5998609634172818,6.927099862948498,18.756817964517808
33120,2.452265526935137e-05,10.22221823628519,1.60135678013061,6.933391568817189,18.756966585232988
33140,2.4537463636059916e-05,10.215505598195175,1.6039773936622628,6.937960557890566,18.757443549748004
33160,2.455227200276846e-05,10.20952617425578,1.606684380684524,6.941643427826815,18.757853982767116
33180,2.4567080369477004e-05,10.200663738498537,1.6083068340891056,6.949044431935002,18.758015004522647
33200,2.458188873618555e-05,10.194980157021025,1.6096323648872177,6.953708677729565,18.75832119963781
33220,2.4596697102894096e-05,10.18828679206042,1.61291399192606,6.957645603204855,18.758846387191337
33240,2.4611505469602642e-05,10.181723156786731,1.615379332885853,6.962499419246701,18.759601908919286
33260,2.4626313836311188e-05,10.17525621337559,1.616639185396995,6.967423922235409,18.759319321007993
33280,2.4641122203019734e-05,10.170251348047696,1.617200280280523,6.971700631415862,18.75915225974408
33300,2.465593056972828e-05,10.161738040737243,1.6209936925862636,6.977018872381297,18.759750605704802
33320,2.4670738936436826e-05,10.15540554876658,1.62234235765915,6.9818599764981855,18.759607882923916
33340,2.4685547303145368e-05,10.148861281203928,1.6232586955462,6.98718266125789,18.759302638008016
33360,2.4700355669853914e-05,10.141061786348995,1.625694336891289,6.992828913173087,18.75958503641337
33380,2.471516403656246e-05,10.13489512802922,1.6270651287578524,6.997774908237601,18.759735165024672
33400,2.4729972403271006e-05,10.128725449748377,1.629005552667749,7.002472751819912,18.760203754236038
33420,2.4744780769979552e-05,10.121837431652487,1.630263402383256,7.007842719678197,18.759943553713942
33440,2.4759589136688098e-05,10.114470455604028,1.632291147136107,7.013163890859192,18.759925493599326
33460,2.4774397503396644e-05,10.107092788108496,1.6354293844944718,7.017744590841904,18.76026676344487
33480,2.478920587010519e-05,10.099196975882734,1.6360963123069894,7.0248344383709735,18.760127726560697
33500,2.4804014236813732e-05,10.092490054555672,1.6368361252404071,7.030492858568422,18.7598190383645
33520,2.4818822603522278e-05,10.085485355188974,1.639647659175718,7.034990882089458,18.76012389645415
33540,2.4833630970230824e-05,10.078821424442559,1.641518055920232,7.039849506935964,18.760188987298754
33560,2.484843933693937e-05,10.0733824641554,1.6424563710111477,7.044783297195717,18.760622132362265
33580,2.4863247703647916e-05,10.065584261243682,1.6447346715865343,7.050558279684274,18.76087721251449
33600,2.4878056070356462e-05,10.060044311790211,1.645088553002374,7.055473839525138,18.760606704317723
33620,2.4892864437065008e-05,10.053254195416242,1.6456145885829536,7.061657694820518,18.760526478819713
33640,2.4907672803773554e-05,10.047706201912082,1.6471294063695285,7.065874676610413,18.76071028489202
33660,2.4922481170482096e-05,10.042260630292677,1.6470896386450622,7.071275583589276,18.760625852527014
33680,2.4937289537190642e-05,10.034667791282786,1.6494763642784016,7.076845765311081,18.76098992087227
33700,2.4952097903899188e-05,10.027449796412608,1.6520705246397074,7.081976159039587,18.761496480091903
33720,2.4966906270607734e-05,10.015763363141422,1.6533158995441202,7.092263562412784,18.761342825098325
33740,2.498171463731628e-05,10.01198592654535,1.6537271294664242,7.095804640663211,18.761517696674986
33760,2.4996523004024826e-05,10.005115780191902,1.6549403729154668,7.102202584788079,18.76225873789545
33780,2.5011331370733372e-05,9.999370638766788,1.6559061082277742,7.107388680398475,18.76266542739304
33800,2.5026139737441918e-05,9.993885584672164,1.6567512513793394,7.112187588916341,18.762824424967846
33820,2.504094810415046e-05,9.987865447789208,1.6586392332237232,7.116681675163894,18.763186356176824
33840,2.5055756470859006e-05,9.982606110474379,1.659728441849947,7.121317319293682,18.763651871618006
33860,2.5070564837567552e-05,9.97369107000574,1.660917707361017,7.129711348667676,18.764320126034434
33880,2.5085373204276098e-05,9.969096636182886,1.6616094801969064,7.133724042421949,18.76443015880174
33900,2.5100181570984644e-05,9.962639496153903,1.6634994759277333,7.138772740960941,18.764911713042576
33920,2.511498993769319e-05,9.956804204325374,1.6626275003814253,7.145469300537954,18.764901005244752
33940,2.5129798304401736e-05,9.951817334726815,1.6634181553799838,7.149782580110685,18.765018070217486
33960,2.5144606671110282e-05,9.942282289331203,1.6651565031728153,7.157708928169066,18.765147720673085
33980,2.5159415037818824e-05,9.935904101933517,1.6662087541733284,7.163253102268211,18.765365958375057
34000,2.517422340452737e-05,9.931363241182858,1.6675068957433052,7.166917297165453,18.765787434091614
34020,2.5189031771235916e-05,9.924981609792372,1.6682054219556057,7.173126495905748,18.766313527653725
34040,2.5203840137944462e-05,9.920045141872478,1.6684528632548963,7.177901860964443,18.766399866091817
34060,2.5218648504653008e-05,9.913833310482978,1.6703365796510936,7.182476491188501,18.766646381322573
34080,2.5233456871361554e-05,9.909859444312602,1.6688136868335866,7.188175505099659,18.766848636245847
34100,2.52482652380701e-05,9.903879665923787,1.6697761320939963,7.193370798163873,18.76702659618166
34120,2.5263073604778646e-05,9.899212313596522,1.6702738300045086,7.198097707043947,18.767583850644975
34140,2.5277881971487192e-05,9.892381209096094,1.6716545683418735,7.203922136774691,18.76795791421266
34160,2.5292690338195734e-05,9.889048246828663,1.6708894227678948,7.207997519645736,18.767935189242294
34180,2.530749870490428e-05,9.88136946945542,1.6720811136856422,7.214894851609875,18.768345434750938
34200,2.5322307071612826e-05,9.875825114776989,1.6731706895039111,7.219498063788041,18.76849386806894
34220,2.5337115438321372e-05,9.869213105129784,1.673236910369896,7.226168081364622,18.7686180968643
34240,2.5351923805029918e-05,9.865350558498825,1.673305262044865,7.230044258238748,18.768700078782437
34260,2.5366732171738464e-05,9.86126023043484,1.6729658961489278,7.234382483674133,18.7686086102579
34280,2.538154053844701e-05,9.854213420121916,1.673327576812484,7.241432388694335,18.768973385628733
34300,2.5396348905155556e-05,9.849718884234708,1.6742353572193611,7.245435795986119,18.76939003744019
34320,2.54111572718641e-05,9.842540118864635,1.6769974296646457,7.250467424359099,18.77000497288838
34340,2.5425965638572644e-05,9.838104906424398,1.6765833796502974,7.2552034968627375,18.769891782937435
34360,2.544077400528119e-05,9.832034681884302,1.6781912761334774,7.259953293639581,18.77017925165736
34380,2.5455582371989736e-05,9.824338103328461,1.6794962959418953,7.2665458455226934,18.77038024479305
34400,2.5470390738698282e-05,9.818669359472437,1.6813558651747786,7.270956410921007,18.770981635568223
34420,2.5485199105406828e-05,9.812432418921466,1.6829038550270807,7.276181347017228,18.771517620965774
34440,2.5500007472115374e-05,9.804301720124826,1.6839657573183566,7.283634826385653,18.771902303828835
34460,2.551481583882392e-05,9.79984553916201,1.684419900636237,7.287489872207965,18.771755312006214
34480,2.5529624205532463e-05,9.79320714077857,1.687569839583087,7.291879472255433,18.772656452617092
34500,2.554443257224101e-05,9.788276146635303,1.6884271671466617,7.296582048935982,18.773285362717946
34520,2.5559240938949554e-05,9.777738096855895,1.68894213718593,7.307369412412025,18.77404964645385
34540,2.55740493056581e-05,9.774164212323935,1.69132324400004,7.308644628442913,18.77413208476689
34560,2.5588857672366646e-05,9.76675022090966,1.6927501751395202,7.315349887259762,18.774850283308943
34580,2.5603666039075192e-05,9.760808551801906,1.6943238580174491,7.320440841966111,18.775573251785467
34600,2.5618474405783738e-05,9.756579489271903,1.6960354965067403,7.323136390369115,18.77575137614776
34620,2.5633282772492284e-05,9.748082456450835,1.6984979507270497,7.330364591404838,18.77694499858272
34640,2.5648091139200827e-05,9.74299768023874,1.699462269406129,7.3347740198045175,18.777233969449387
34660,2.5662899505909373e-05,9.738036348456868,1.700470279984911,7.339143520095316,18.777650148537095
34680,2.567770787261792e-05,9.732607151665423,1.7011645201651455,7.344083914451937,18.777855586282506
34700,2.5692516239326465e-05,9.724749090750532,1.7047132483902148,7.348952938096778,18.778415277237524
34720,2.570732460603501e-05,9.718727122987548,1.706913833743298,7.353374272147661,18.779015228878507
34740,2.5722132972743556e-05,9.712890325635104,1.707309858548105,7.358941492991068,18.779141677174277
34760,2.5736941339452102e-05,9.705859868868504,1.7086110854121876,7.3650512517059035,18.779522205986595
34780,2.5751749706160648e-05,9.6982823481905,1.7105969127199914,7.371009466406255,18.779888727316745
34800,2.576655807286919e-05,9.692337265545708,1.7114832362543335,7.375492692457346,18.779313194257387
34820,2.5781366439577737e-05,9.685263280722324,1.7132040535209165,7.380349211125643,18.778816545368883
34840,2.5796174806286283e-05,9.68003796818356,1.7141353186561172,7.384409278465871,18.77858256530555
34860,2.581098317299483e-05,9.673802406774321,1.7144096649649447,7.390274099289032,18.778486171028298
34880,2.5825791539703375e-05,9.66557630518282,1.7171222966081627,7.395782518298673,18.778481120089655
34900,2.584059990641192e-05,9.658406309755417,1.7197043418388793,7.400461647121281,18.778572298715577
34920,2.5855408273120466e-05,9.651482165641639,1.7213645156395034,7.405647895253529,18.778494576534673
34940,2.5870216639829012e-05,9.642077675178749,1.722999551632226,7.4140744648560375,18.77915169166701
34960,2.5885025006537555e-05,9.637184351996561,1.7238946166290599,7.4170665425298505,18.778145511155472
34980,2.58998333732461e-05,9.629102995074042,1.72582933372496,7.423355455940369,18.77828778473937
35000,2.5914641739954647e-05,9.62240667984626,1.7271725529796598,7.428442227430297,18.77802146025622
35020,2.5929450106663193e-05,9.615683618640986,1.7295191936210972,7.432664683785408,18.77786749604749
35040,2.594425847337174e-05,9.60669426428589,1.7324943813912284,7.439180902678684,18.778369548355805
35060,2.5959066840080285e-05,9.599104644882676,1.735402682330579,7.4442586816856195,18.778766008898874
35080,2.597387520678883e-05,9.59320284675254,1.736929411716519,7.448561727095798,18.778693985564857
35100,2.5988683573497376e-05,9.586155938457587,1.7372408617948145,7.4551066775227515,18.778503477775153
35120,2.600349194020592e-05,9.576680363810294,1.7406487705139273,7.4611526570115245,18.778481791335743
35140,2.6018300306914465e-05,9.569505718522871,1.7436060832512854,7.465434820515899,18.778546622290055
35160,2.603310867362301e-05,9.562556268634156,1.7459829259434978,7.470708676028247,18.7792478706059
35180,2.6047917040331557e-05,9.55296177839417,1.7476465508604544,7.479756244435165,18.780364573689788
35200,2.6062725407040103e-05,9.54731357233981,1.7495607208710857,7.483396917704104,18.780271210915
35220,2.607753377374865e-05,9.539856122860275,1.7519340023188537,7.488284229427559,18.780074354606686
35240,2.6092342140457195e-05,9.534498792975498,1.7523088127691482,7.493252113712188,18.780059719456833
35260,2.610715050716574e-05,9.527314336490015,1.7562101670442825,7.497522347122477,18.78104685065677
35280,2.6121958873874283e-05,9.521810480417226,1.7573017906030384,7.502403602564199,18.781515873584464
35300,2.613676724058283e-05,9.515273859715474,1.7584466985167577,7.507490320809857,18.78121087904209
35320,2.6151575607291375e-05,9.509182418294685,1.7595526914035522,7.512463521055876,18.781198630754112
35340,2.616638397399992e-05,9.500904914184304,1.7614363077287045,7.519130186268978,18.781471408181986
35360,2.6181192340708467e-05,9.491457784985492,1.7651846274357936,7.525471250322304,18.78211366274359
35380,2.6196000707417013e-05,9.486449120084384,1.7656733936962277,7.529628775154305,18.781751288934917
35400,2.621080907412556e-05,9.479597663905267,1.7685074722948304,7.5340298200902085,18.782134956290307
35420,2.6225617440834105e-05,9.472405958559792,1.7697310123459402,7.540084684097511,18.78222165500324
35440,2.6240425807542647e-05,9.465294566241363,1.7732943080985744,7.5442028010261835,18.78279167536612
35460,2.6255234174251193e-05,9.460132216710885,1.7735288537177547,7.54894818483675,18.782609255265392
35480,2.627004254095974e-05,9.454664505689898,1.7736670640335555,7.55444465523626,18.78277622495971
35500,2.6284850907668285e-05,9.44783428899122,1.7764691394666485,7.558942103886894,18.783245532344765
35520,2.629965927437683e-05,9.441629696594692,1.7772082863251368,7.5640126498356155,18.782850632755444
35540,2.6314467641085377e-05,9.435155725394226,1.7783823625053898,7.569788669847119,18.783326757746735
35560,2.6329276007793923e-05,9.42757018625216,1.780566636643137,7.575088672174872,18.78322549507017
35580,2.634408437450247e-05,9.422000625236214,1.7812995359376314,7.579918729441399,18.783218890615245
35600,2.635889274121101e-05,9.414767987977292,1.782118752917812,7.586062434043584,18.78294917493869
35620,2.6373701107919557e-05,9.408040098925849,1.7841213483080298,7.590880441987387,18.783041889221266
35640,2.6388509474628103e-05,9.401552996247158,1.7852568257073294,7.596349842671874,18.78315966462636
35660,2.640331784133665e-05,9.395101717215734,1.7876996254122008,7.600569753964953,18.783371096592887
35680,2.6418126208045195e-05,9.386306935403073,1.7893665416445157,7.607916330486803,18.78358980753439
35700,2.643293457475374e-05,9.378272732427508,1.7916895899344758,7.613533764421309,18.783496086783295
35720,2.6447742941462287e-05,9.371728830899377,1.7925273071510806,7.619229822876864,18.783485960927322
35740,2.6462551308170833e-05,9.364449434223772,1.7931215397521898,7.62555116540996,18.78312213938592
35760,2.6477359674879375e-05,9.358146051627184,1.794531436698219,7.6309168477724825,18.783594336097885
35780,2.649216804158792e-05,9.350661532225086,1.7964319852842694,7.63675783910961,18.783851356618964
35800,2.6506976408296467e-05,9.345276244468296,1.797029436143154,7.641680036042989,18.78398571665444
35820,2.6521784775005013e-05,9.336581222831201,1.8003333217117354,7.647387258026991,18.784301802569928
35840,2.653659314171356e-05,9.329954089294922,1.801228866186017,7.653259311252824,18.784442266733762
35860,2.6551401508422105e-05,9.324147819268708,1.8023883953686266,7.658223775396701,18.784759990034036
35880,2.656620987513065e-05,9.31487730292521,1.8054468082823076,7.664490564577884,18.784814675785398
35900,2.6581018241839197e-05,9.308692596096003,1.8067402099104335,7.669427319165488,18.784860125171924
35920,2.659582660854774e-05,9.295359241565137,1.8097804930635115,7.680762689148764,18.785902423777415
35940,2.6610634975256285e-05,9.289089629917482,1.8108366737940758,7.686828923944294,18.786755227655853
35960,2.662544334196483e-05,9.281152912138623,1.814910994035202,7.691744632118133,18.78780853829196
35980,2.6640251708673377e-05,9.275651068075838,1.8161167891664332,7.6961094273467,18.787877284588973
36000,2.6655060075381923e-05,9.268164499125062,1.8193454153643958,7.70070594664709,18.788215861136546
36020,2.666986844209047e-05,9.261468491367394,1.821174938402098,7.705975443218343,18.788618872987836
36040,2.6684676808799015e-05,9.255770446538445,1.8229235002721593,7.7105538746071005,18.789247821417703
36060,2.669948517550756e-05,9.248110504583629,1.8239161950470844,7.717654152105483,18.789680851736197
36080,2.6714293542216103e-05,9.240972172464758,1.82586591923198,7.722939407440402,18.789777499137138
36100,2.672910190892465e-05,9.235558673660314,1.8268945216672061,7.727372014735048,18.789825210062567
36120,2.6743910275633195e-05,9.228189720926169,1.8291389184077353,7.733308070488137,18.790636709822042
36140,2.675871864234174e-05,9.221496170624278,1.8313338661973022,7.738688854962712,18.791518891784293
36160,2.6773527009050287e-05,9.216021667225345,1.8322675875496703,7.743246865974163,18.79153612074918
36180,2.6788335375758833e-05,9.208476245038888,1.8348927806291708,7.748367618720007,18.791736644388067
36200,2.680314374246738e-05,9.202719571018857,1.834892042870602,7.754030694107998,18.791642307997456
36220,2.6817952109175925e-05,9.195409870705632,1.8378990129813375,7.7586400204928365,18.791948904179804
36240,2.6832760475884467e-05,9.18960992968589,1.840011888867227,7.762567561385898,18.792189379939018
36260,2.6847568842593013e-05,9.179177759987262,1.84244599866858,7.771236468870448,18.79286022752629
36280,2.686237720930156e-05,9.175350320688349,1.8424027948631363,7.775074130790941,18.792827246342426
36300,2.6877185576010105e-05,9.168360926689486,1.8445581321435873,7.78009419830303,18.793013257136103
36320,2.689199394271865e-05,9.158612401399258,1.846324901745745,7.788657630276816,18.793594933421822
36340,2.6906802309427197e-05,9.150402123466735,1.8479336659266479,7.795769145376946,18.79410493477033
36360,2.6921610676135743e-05,9.143800706985896,1.8510410226101406,7.799664350264129,18.794506079860163
36380,2.693641904284429e-05,9.138262563709162,1.852916284609762,7.803780730179249,18.794959578498172
36400,2.695122740955283e-05,9.132606370228915,1.85471066880513,7.8078391990577405,18.795156238091785
36420,2.6966035776261377e-05,9.125045595945288,1.8578108921029945,7.8128532840743805,18.795709772122663
36440,2.6980844142969923e-05,9.11783092536723,1.8601603243219897,7.8183000621639565,18.796291311853174
36460,2.699565250967847e-05,9.110662604829816,1.8632425429427992,7.822834420536491,18.796739568309107
36480,2.7010460876387015e-05,9.10409517926997,1.864770597491427,7.827815516133361,18.79668129289476
36500,2.702526924309556e-05,9.094420601692864,1.8666234685644196,7.835908295583446,18.79695236584073
36520,2.7040077609804107e-05,9.089099485497734,1.8674362540418572,7.840269978425576,18.796805717965167
36540,2.7054885976512653e-05,9.080086544808987,1.8703740196388823,7.847113430288715,18.797573994736585
36560,2.70696943432212e-05,9.072290793592197,1.8738608618762187,7.8515009786655074,18.797652634133925
36580,2.708450270992974e-05,9.063920947674415,1.876313158890692,7.858670397901382,18.79890450446649
36600,2.7099311076638287e-05,9.055437534261166,1.879806447062868,7.863763264791067,18.799007246115103
36620,2.7114119443346833e-05,9.049594171115727,1.8814992599371037,7.868011106106852,18.799104537159682
36640,2.712892781005538e-05,9.04237579511242,1.884939712873094,7.8723205809760985,18.799636088961613
36660,2.7143736176763925e-05,9.035777737709871,1.887238491674042,7.876964956925152,18.799981186309065
36680,2.715854454347247e-05,9.029534203943737,1.8885991362420447,7.882205898464447,18.800339238650228
36700,2.7173352910181017e-05,9.022112384060865,1.8913651350185618,7.8873027080141895,18.800780227093618
36720,2.7188161276889563e-05,9.015662068788055,1.8927281035784063,7.892649290867139,18.8010394632336
36740,2.7202969643598106e-05,9.010852198584107,1.8940176333808247,7.896239731592106,18.801109563557038
36760,2.721777801030665e-05,9.000438193641992,1.8954436515386104,7.905874500109245,18.801756345289846
36780,2.7232586377015197e-05,8.992300626374298,1.8991234873669949,7.910134206893673,18.801558320634967
36800,2.7247394743723743e-05,8.98504253989407,1.9006946224531052,7.916221511851712,18.80195867419889
36820,2.726220311043229e-05,8.97896435856508,1.9031990416935347,7.919964854116381,18.802128254374995
36840,2.7277011477140835e-05,8.972872654445112,1.9044299421285598,7.92498875880359,18.802291355377264
36860,2.729181984384938e-05,8.9664537744099,1.9061462089741579,7.930128090153347,18.802728073537406
36880,2.7306628210557927e-05,8.9587374557427,1.907862799616739,7.936470262797249,18.803070518156687
36900,2.732143657726647e-05,8.94998765047204,1.9106042795008364,7.942601301962631,18.80319323193551
36920,2.7336244943975016e-05,8.94427490149608,1.9124492175132481,7.946967034475506,18.803691153484834
36940,2.735105331068356e-05,8.939682859987952,1.9134251068175334,7.951340944932207,18.804448911737694
36960,2.7365861677392107e-05,8.932340057355361,1.9162697784569387,7.95639234909177,18.80500218490407
36980,2.7380670044100653e-05,8.925069932234145,1.917253896595552,7.962741546759725,18.80506537558942
37000,2.73954784108092e-05,8.91778437803223,1.9201664417669424,7.96745369709411,18.805404516893283
37020,2.7410286777517745e-05,8.910165337816686,1.9211633608709515,7.974502196042172,18.80583089472981
37040,2.742509514422629e-05,8.904612393955109,1.921832373986729,7.979182295213434,18.80562706315527
37060,2.7439903510934834e-05,8.899616381795315,1.9234894663575008,7.982791000961936,18.805896849114752
37080,2.745471187764338e-05,8.89051400329478,1.9253275159833285,7.990880710094892,18.806722229373
37100,2.7469520244351926e-05,8.884326812185297,1.9273234174411997,7.99523016062513,18.806880390251628
37120,2.748432861106047e-05,8.879264340894755,1.9296924129239115,7.998810674413981,18.807767428232648
37140,2.7499136977769017e-05,8.87576133677794,1.9298820907745855,8.002197318929738,18.807840746482263
37160,2.7513945344477563e-05,8.866205061895633,1.9295679129175463,8.012356106658762,18.80812908147194
37180,2.752875371118611e-05,8.860876696276662,1.9319573219614739,8.015071201703272,18.807905219941407
37200,2.7543562077894655e-05,8.857118397991204,1.9315500557802008,8.019094329004924,18.80776278277633
37220,2.7558370444603198e-05,8.847444682005271,1.9318372734523817,8.028455017585555,18.80773697304321
37240,2.7573178811311744e-05,8.842725408759689,1.9343258852792262,8.030990302961026,18.808041596999942
37260,2.758798717802029e-05,8.835389472198992,1.9350731080922974,8.038289104206076,18.808751684497366
37280,2.7602795544728836e-05,8.829393724358368,1.936213758689061,8.042945172879266,18.808552655926697
37300,2.761760391143738e-05,8.825884087371286,1.9354071613651063,8.047311409257512,18.8086026579939
37320,2.7632412278145927e-05,8.81971014638043,1.9372370626986244,8.052038861875316,18.80898607095437
37340,2.7647220644854473e-05,8.815555468525751,1.936933401574892,8.056731180230607,18.80922005033125
37360,2.766202901156302e-05,8.812432837865924,1.935614286061501,8.061173820677048,18.809220944604473
37380,2.7676837378271562e-05,8.804465874937083,1.9381916216655366,8.067618522834422,18.81027601943704
37400,2.7691645744980108e-05,8.799759239198266,1.9378654363333778,8.072596073430748,18.810220748962394
37420,2.7706454111688654e-05,8.79512945972882,1.9383354258842864,8.076943376576043,18.81040826218915
37440,2.77212624783972e-05,8.790349751863435,1.938239359697615,8.082096212794847,18.810685324355894
37460,2.7736070845105746e-05,8.785306981703632,1.937811919873544,8.087463853554487,18.810582755131662
37480,2.775087921181429e-05,8.781078822571844,1.9382110881288943,8.091721746901992,18.81101165760273
37500,2.7765687578522837e-05,8.771931631488627,1.9385314165348528,8.10135490530702,18.811817953330497
37520,2.7780495945231383e-05,8.767595085465162,1.938639157486052,8.105129752404768,18.811363995355983
37540,2.7795304311939926e-05,8.763490992016113,1.9393762431550994,8.1088166262949,18.81168386146611
37560,2.7810112678648472e-05,8.758848208592902,1.9395497985223873,8.113646229954446,18.812044237069735
37580,2.7824921045357018e-05,8.754931350626638,1.9384934836132754,8.118617626133389,18.812042460373302
37600,2.7839729412065564e-05,8.75162733531728,1.9375025289882755,8.122872573080691,18.812002437386248
37620,2.785453777877411e-05,8.746561512778827,1.9375262311796029,8.128382167808283,18.812469911766712
37640,2.7869346145482656e-05,8.74154575336102,1.937812655317693,8.133374329719489,18.812732738398203
37660,2.78841545121912e-05,8.736669716565663,1.9387449974210627,8.137923848801858,18.813338562788584
37680,2.7898962878899747e-05,8.731043198788631,1.9391424388843432,8.143523747981334,18.813709385654306
37700,2.791377124560829e-05,8.725734543285082,1.937732875100972,8.150184987359049,18.813652405745103
37720,2.7928579612316836e-05,8.723029139459321,1.9371037585003426,8.153797593055806,18.81393049101547
37740,2.7943387979025382e-05,8.71872169003818,1.936827613933449,8.158953419331917,18.814502723303548
37760,2.7958196345733928e-05,8.713130683186101,1.937819038410225,8.163903761950923,18.81485348354725
37780,2.7973004712442474e-05,8.708769197986106,1.9381475340120635,8.16813369738456,18.81505042938273
37800,2.798781307915102e-05,8.704130462732795,1.937416698188107,8.173415123765437,18.814962284686338
37820,2.8002621445859566e-05,8.700888964186145,1.9364057826429597,8.177396485030377,18.81469123185948
37840,2.801742981256811e-05,8.69223406032396,1.934780412027843,8.187946380040014,18.814960852391817
37860,2.8032238179276654e-05,8.688756795763847,1.9356995566972646,8.190760295749714,18.815216648210825
37880,2.80470465459852e-05,8.683962973106631,1.936966233691572,8.194863846223136,18.815793053021338
37900,2.8061854912693746e-05,8.681176717028245,1.9360141300706966,8.198844081916828,18.81603492901577
37920,2.8076663279402292e-05,8.675816953962073,1.9365003196582251,8.20389535082974,18.81621262445004
37940,2.8091471646110838e-05,8.670657802606847,1.9372556723189407,8.208707640946457,18.816621115872245
37960,2.8106280012819384e-05,8.664963881025185,1.9384356549361947,8.213746271119412,18.81714580708079
37980,2.812108837952793e-05,8.660583067362534,1.937687187021451,8.21891636408141,18.817186618465396
38000,2.8135896746236476e-05,8.654658284198636,1.9386262864521606,8.223831361061226,18.817115931712024
38020,2.8150705112945018e-05,8.645995275215574,1.938377358318421,8.234386060093849,18.818758693627842
38040,2.8165513479653564e-05,8.642930824074382,1.9379558505314198,8.237340835302728,18.81822750990853
38060,2.818032184636211e-05,8.64005352935911,1.9361745413903657,8.241394810323934,18.81762288107341
38080,2.8195130213070656e-05,8.636226241618655,1.9360312136551963,8.246142617318185,18.818400072592034
38100,2.8209938579779202e-05,8.6304411384848,1.9376856608594386,8.250833950271424,18.818960749615663
38120,2.8224746946487748e-05,8.62534265116842,1.9378739553854945,8.256174281440618,18.819390887994533
38140,2.8239555313196294e-05,8.616707492609692,1.9372460899915969,8.26609815574124,18.820051738342528
38160,2.825436367990484e-05,8.614172095431698,1.9371886698291592,8.268468847163025,18.81982961242388
38180,2.8269172046613382e-05,8.608111690193102,1.937720848904093,8.274621054656823,18.820453593754017
38200,2.8283980413321928e-05,8.603343320849817,1.9386135474153452,8.278496976954848,18.82045384522001
38220,2.8298788780030474e-05,8.59868117184983,1.9384261951722552,8.283610462065383,18.820717829087467
38240,2.831359714673902e-05,8.591573113682934,1.9377682582605038,8.291827733638108,18.821169105581546
38260,2.8328405513447566e-05,8.586338145207122,1.9389692633007225,8.295981134982872,18.821288543490716
38280,2.8343213880156112e-05,8.581230093744391,1.939503516998625,8.300942031888903,18.82167564263192
38300,2.8358022246864658e-05,8.575710192187053,1.940470651607312,8.30624551112964,18.822426354924005
38320,2.8372830613573204e-05,8.571311669302005,1.9406892258084332,8.3105172449376,18.82251814004804
38340,2.8387638980281746e-05,8.56717459881871,1.9394245077848928,8.31593239698414,18.82253150358774
38360,2.8402447346990292e-05,8.562018685118456,1.9396409291317716,8.32107124591507,18.822730860165297
38380,2.8417255713698838e-05,8.554246451260731,1.9407827777555098,8.328153675108597,18.823182904124838
38400,2.8432064080407384e-05,8.549241106162533,1.9412979516011934,8.332794329741212,18.82333338750494
38420,2.844687244711593e-05,8.545137231207677,1.9400340507323637,8.338189639607428,18.82336092154747
38440,2.8461680813824476e-05,8.540781825508354,1.9400748058685742,8.342734248182104,18.823590879559035
38460,2.8476489180533022e-05,8.535383353368942,1.940581457753865,8.347767051779549,18.823731862902356
38480,2.8491297547241568e-05,8.529878946666576,1.9405310919388177,8.353557180964048,18.82396721956944
38500,2.850610591395011e-05,8.52537562288055,1.9408541580667948,8.357907873659514,18.824137654606858
38520,2.8520914280658656e-05,8.519484416161678,1.9401282645634184,8.364496154374699,18.824108835099793
38540,2.8535722647367202e-05,8.507050791194533,1.94048355514478,8.377315001745384,18.824849348084697
38560,2.8550531014075748e-05,8.503727694145361,1.9422865877120286,8.378563506619788,18.82457778847718
38580,2.8565339380784294e-05,8.49663439680741,1.9425961775675944,8.386696297666896,18.8259268720419
38600,2.858014774749284e-05,8.494119659477601,1.9421876527185185,8.3894293149195,18.825736627115617
38620,2.8594956114201386e-05,8.489383179656912,1.9436053861194242,8.392996709162269,18.825985274938603
38640,2.8609764480909932e-05,8.483545533977594,1.9453069582182274,8.397669023285774,18.826521515481595
38660,2.8624572847618474e-05,8.480628072954442,1.944892138767816,8.40138166041296,18.826901872135217
38680,2.863938121432702e-05,8.469610429051402,1.9460737574602303,8.412477545969853,18.828161732481483
38700,2.8654189581035566e-05,8.46535465179781,1.947539304302555,8.415069868292916,18.82796382439328
38720,2.8668997947744112e-05,8.461464663422058,1.9468832265116744,8.419731605078812,18.828079495012545
38740,2.8683806314452658e-05,8.457360790476692,1.9467323417548252,8.423996535224784,18.8280896674563
38760,2.8698614681161204e-05,8.450379356279642,1.949213077339443,8.428904727364293,18.828497160983378
38780,2.871342304786975e-05,8.443959121144104,1.9499622496774365,8.434643842726597,18.82856521354814
38800,2.8728231414578296e-05,8.437692747702574,1.9508915014219175,8.440222195078976,18.828806444203465
38820,2.8743039781286842e-05,8.43232559709869,1.9506980527152686,8.445502385491693,18.82852603530565
38840,2.8757848147995384e-05,8.426006790971606,1.9513064969945373,8.451593411845202,18.828906699811345
38860,2.877265651470393e-05,8.421489097304493,1.9514413139443585,8.456017040526122,18.828947451774972
38880,2.8787464881412476e-05,8.408861174151005,1.9537222456642662,8.467023685918152,18.829607105733423
38900,2.8802273248121022e-05,8.404166073064388,1.9544393029237246,8.470596314032765,18.829201690020877
38920,2.8817081614829568e-05,8.398522010484104,1.9566303601040458,8.47447798762139,18.829630358209542
38940,2.8831889981538114e-05,8.392381507787295,1.9567388923944051,8.481514138769608,18.83063453895131
38960,2.884669834824666e-05,8.386578199467738,1.9577206670121774,8.48644587093155,18.830744737411464
38980,2.8861506714955206e-05,8.381428346032466,1.9586135778463838,8.490742342849888,18.830784266728738
39000,2.887631508166375e-05,8.376203846075942,1.957861612144741,8.496787437674403,18.830852895895084
39020,2.8891123448372294e-05,8.369510895940916,1.9589598386664082,8.502981227138621,18.831451961745945
39040,2.890593181508084e-05,8.36140764522813,1.9599975457870524,8.509813753217784,18.831218944232965
39060,2.8920740181789386e-05,8.355424387073128,1.9621019346267858,8.514196069418311,18.831722391118227
39080,2.8935548548497932e-05,8.350983639616322,1.9625461482243234,8.518753954237905,18.832283742078552
39100,2.8950356915206478e-05,8.347065217706113,1.9620740271081045,8.523606662415292,18.83274590722951
39120,2.8965165281915024e-05,8.34269800597739,1.9627316015283276,8.527567095054447,18.832996702560166
39140,2.897997364862357e-05,8.330175029563447,1.9635469148099798,8.539695323100748,18.833417267474175
39160,2.8994782015332113e-05,8.326656763415244,1.963922566241107,8.542542685489193,18.833122015145545
39180,2.900959038204066e-05,8.322885828205672,1.963562117519334,8.547091150367134,18.83353909609214
39200,2.9024398748749204e-05,8.316651189307066,1.9648582711879892,8.552516979887086,18.83402644038214
39220,2.903920711545775e-05,8.312153525261945,1.9650932523280744,8.557195551385293,18.834442328975314
39240,2.9054015482166296e-05,8.308184665781145,1.9637403396968751,8.562541574184372,18.83446657966239
39260,2.9068823848874842e-05,8.294404967259224,1.9642724683880495,8.577019581039165,18.83569701668644
39280,2.9083632215583388e-05,8.291410663587595,1.9649234084976148,8.578860707067978,18.835194779153188
39300,2.9098440582291934e-05,8.288394452674304,1.9639999988432433,8.582712791971636,18.835107243489183
39320,2.9113248949000477e-05,8.284025216342743,1.964180892881189,8.587485754239852,18.835691863463783
39340,2.9128057315709023e-05,8.279871573728258,1.9642822133059632,8.592071109638221,18.83622489667244
39360,2.914286568241757e-05,8.275276382988569,1.9633494538393024,8.59787948777414,18.83650532460201
39380,2.9157674049126114e-05,8.26981712887689,1.9638571736883406,8.603141402632888,18.83681570519812
39400,2.917248241583466e-05,8.265133847568134,1.9642316963998312,8.608046655468435,18.8374121994364
39420,2.9187290782543206e-05,8.259567691326172,1.9642153483527292,8.614111581418387,18.837894621097288
39440,2.9202099149251752e-05,8.254103067285232,1.9626880901860746,8.621121496135917,18.837912653607223
39460,2.9216907515960298e-05,8.250452879329647,1.9612676791883277,8.62598380774837,18.837704366266344
39480,2.923171588266884e-05,8.242233752998201,1.9619796535526444,8.633662774810428,18.837876181361274
39500,2.9246524249377387e-05,8.238887243314878,1.9611612155060492,8.638228514455227,18.83827697327615
39520,2.9261332616085933e-05,8.235059989291555,1.9604934940152468,8.642807610879252,18.838361094186055
39540,2.927614098279448e-05,8.228924258196159,1.9616684423488515,8.648019007302404,18.838611707847413
39560,2.9290949349503024e-05,8.224651293326918,1.9602388697769804,8.653824737058871,18.83871490016277
39580,2.930575771621157e-05,8.215846419774163,1.9623243859301962,8.661292148902717,18.83946295460708
39600,2.9320566082920116e-05,8.211515311390551,1.9603355957001818,8.667003289940322,18.838854197031054
39620,2.9335374449628662e-05,8.204489422065514,1.961432189952317,8.673375003386699,18.83929661540453
39640,2.9350182816337205e-05,8.199464710923822,1.9621421737671803,8.677711636297666,18.83931852098867
39660,2.936499118304575e-05,8.19568926157076,1.9613785693677974,8.68279605454634,18.839863885484895
39680,2.9379799549754297e-05,8.190528095850375,1.9619295291694863,8.687641991050432,18.840099616070294
39700,2.9394607916462843e-05,8.186158448492405,1.9622935554964462,8.692287693035608,18.84073969702446
39720,2.940941628317139e-05,8.17973314675783,1.9629096492320186,8.69852386577773,18.84116666176758
39740,2.9424224649879934e-05,8.17215228378548,1.9625046985984147,8.706076390888343,18.840733373272236
39760,2.943903301658848e-05,8.168789472749351,1.9613282200764275,8.710585832592306,18.840703525418085
39780,2.9453841383297026e-05,8.165892266872081,1.958926443176571,8.716033321725467,18.84085203177412
39800,2.946864975000557e-05,8.158291808639522,1.9612535206715842,8.722311909410745,18.84185723872185
39820,2.9483458116714115e-05,8.15520147388734,1.9596806800689826,8.72674273566956,18.841624889625884
39840,2.949826648342266e-05,8.149275106912958,1.9603967345122213,8.732642261766566,18.842314103191747
39860,2.9513074850131207e-05,8.138359548830444,1.959849697158306,8.745680366735597,18.843889612724347
39880,2.9527883216839753e-05,8.136660089570071,1.9593214343763639,8.747386121374127,18.843367645320562
39900,2.95426915835483e-05,8.133509706217708,1.958446097311992,8.751085923399355,18.843041726929055
39920,2.9557499950256844e-05,8.127420339720828,1.9593501686348327,8.757109337124772,18.843879845480433
39940,2.957230831696539e-05,8.123286327076642,1.9586896046470117,8.762381681092261,18.844357612815912
39960,2.9587116683673933e-05,8.118837669149698,1.9584393014143362,8.767512906070612,18.844789876634646
39980,2.960192505038248e-05,8.11516379177877,1.9572017845830723,8.772491059579618,18.84485663594146
40000,2.9616733417091025e-05,8.108829047077343,1.9590719935873817,8.77764293653481,18.845543977199533
40020,2.963154178379957e-05,8.104656383230196,1.958214161296481,8.783156433338135,18.846026977864813
40040,2.9646350150508117e-05,8.100238731332196,1.9558771239066295,8.790183816757539,18.846299671996363
40060,2.9661158517216663e-05,8.09187295142241,1.9558353841655323,8.798190338599515,18.845898674187456
40080,2.967596688392521e-05,8.086222828007514,1.9561306709132589,8.80417657591708,18.84653007483785
40100,2.9690775250633754e-05,8.082922866041118,1.956222752321632,8.80795882838301,18.84710444674576
40120,2.9705583617342297e-05,8.0787433525375,1.95644801075011,8.81228197195705,18.84747333524466
40140,2.9720391984050843e-05,8.074118059804306,1.9565927714224685,8.817171086851372,18.847881918078144
40160,2.973520035075939e-05,8.068442994433756,1.9574786130079584,8.82252055838131,18.848442165823023
40180,2.9750008717467935e-05,8.06659771406604,1.955165609686296,8.826692431205823,18.84845575495816
40200,2.976481708417648e-05,8.052374541471155,1.9556383715134666,8.84098711320387,18.84900002618849
40220,2.9779625450885027e-05,8.049837099100381,1.9563069384021425,8.842816475782582,18.848960513285107
40240,2.9794433817593573e-05,8.045564196425453,1.957361620468097,8.846034704565064,18.848960521458615
40260,2.980924218430212e-05,8.041522805426895,1.956795629687616,8.85084804951491,18.84916648462942
40280,2.982405055101066e-05,8.036054796718165,1.9578363059260298,8.85588783065383,18.849778933298026
40300,2.9838858917719207e-05,8.032651493518738,1.956393861894575,8.860885754363823,18.84993110977714
40320,2.9853667284427753e-05,8.024774768368173,1.9560397681211878,8.869233022404135,18.850047558893497
40340,2.98684756511363e-05,8.019480648620455,1.9573782353669322,8.873511562686353,18.85037044667374
40360,2.9883284017844845e-05,8.014242048428947,1.9577905408367158,8.878596294739475,18.85062888400514
40380,2.989809238455339e-05,8.008587242567092,1.9585758789248033,8.88384285133144,18.851005972823337
40400,2.9912900751261937e-05,8.005326664140323,1.957204589144553,8.888572572805552,18.85110382609043
40420,2.9927709117970483e-05,7.995204216452322,1.9585883851874992,8.897494245679628,18.85128684731945
40440,2.9942517484679025e-05,7.991173484946666,1.9584046465776341,8.902205492696439,18.851783624220737
40460,2.995732585138757e-05,7.98573679177606,1.9593098094675263,8.90700713862404,18.85205373986763
40480,2.9972134218096117e-05,7.97501513526736,1.961749304427898,8.917007547285479,18.85377198698074
40500,2.9986942584804663e-05,7.970840157806323,1.9610966751187597,8.92097949827497,18.852916331200053
40520,3.000175095151321e-05,7.966637865888602,1.9604637340756237,8.92543135403324,18.852532953997468
40540,3.0016559318221755e-05,7.959781294799467,1.9612985416663182,8.932770888772682,18.853850725238466
40560,3.00313676849303e-05,7.955950863293324,1.9612218643508819,8.936555711186308,18.853728438830515
40580,3.0046176051638847e-05,7.951051301175896,1.9616367770234044,8.940987915896162,18.85367599409546
40600,3.006098441834739e-05,7.945430817909513,1.9621970641547941,8.946586352695888,18.854214234760196
40620,3.0075792785055935e-05,7.940947527856946,1.9620474172076827,8.951443080043116,18.854438025107747
40640,3.009060115176448e-05,7.936317534533725,1.9613295872121705,8.956759834362902,18.854406956108797
40660,3.0105409518473027e-05,7.928964363535474,1.9603666867865264,8.965722942490828,18.855053992812827
40680,3.0120217885181573e-05,7.923127541368652,1.9623968001845995,8.969722892345324,18.855247233898574
40700,3.013502625189012e-05,7.916572117023848,1.9613281744118927,8.978806508913602,18.856706800349343
40720,3.0149834618598665e-05,7.914727884122023,1.9602830268172333,8.981262060114693,18.856272971053947
40740,3.016464298530721e-05,7.909653274173351,1.961084841860515,8.985699063828296,18.856437179862162
40760,3.0179451352015753e-05,7.90614566623611,1.959897006780987,8.990933786571434,18.85697645958853
40780,3.01942597187243e-05,7.90321210754307,1.9589444341237856,8.994943818256722,18.857100359923578
40800,3.0209068085432845e-05,7.893542773114452,1.9576837174890274,9.006674843160779,18.857901333764257
40820,3.022387645214139e-05,7.8905994354289035,1.9580966897383245,9.009243056542825,18.85793918171005
40840,3.0238684818849937e-05,7.882111465594617,1.9580206186795663,9.019132967354386,18.85926505162857
40860,3.0253493185558483e-05,7.879120974397087,1.9579726906435864,9.022370776683603,18.859464441724278
40880,3.026830155226703e-05,7.876590728856947,1.9569580050940476,9.026699523830038,18.86024825778103
40900,3.0283109918975575e-05,7.873935620867014,1.9552309813999902,9.031225565453177,18.860392167720182
40920,3.0297918285684117e-05,7.870607136059493,1.9547828678484513,9.035796728871588,18.861186732779533
40940,3.0312726652392663e-05,7.862918710106128,1.9551068477219966,9.043685928590207,18.861711486418333
40960,3.032753501910121e-05,7.858630932940081,1.9529923889095993,9.050175546691632,18.861798868541314
40980,3.0342343385809755e-05,7.85622454754369,1.9513817215052098,9.05418434854129,18.861790617590188
41000,3.03571517525183e-05,7.8494612420030725,1.9539540072693542,9.059366692707064,18.86278194197949
41020,3.0371960119226847e-05,7.84730588196428,1.9515170378444402,9.064036480396114,18.862859400204833
41040,3.0386768485935393e-05,7.843900630325098,1.9498577415289648,9.069512737759188,18.86327110961325
41060,3.040157685264394e-05,7.838998187931684,1.949523616839506,9.075434887858794,18.863956692629984
41080,3.0416385219352485e-05,7.835331717470673,1.9484287406692664,9.080188550514443,18.86394900865438
41100,3.0431193586061027e-05,7.831375398563277,1.9462041557304957,9.086372106956038,18.86395166124981
41120,3.0446001952769573e-05,7.828138724116255,1.9446175268062855,9.091235980855856,18.863992231778397
41140,3.046081031947812e-05,7.8236130954019405,1.9436352147587443,9.096727509116896,18.86397581927758
41160,3.0475618686186665e-05,7.81864675562327,1.9416508835311987,9.103573643874217,18.863871283028686
41180,3.049042705289521e-05,7.814874718928707,1.940697092914788,9.108361450835346,18.86393326267884
41200,3.0505235419603757e-05,7.806194028589726,1.9404808242895775,9.117322550787378,18.86399740366668
41220,3.05200437863123e-05,7.802075290788689,1.9387767575586423,9.122357728321235,18.86320977666857
41240,3.0534852153020846e-05,7.7987191144867465,1.9375598708820005,9.12744095782455,18.863719943193296
41260,3.0549660519729395e-05,7.796048741642801,1.9366792699555986,9.131235008952618,18.86396302055102
41280,3.056446888643794e-05,7.791911445424942,1.9354409879732453,9.136988315501894,18.864340748900084
41300,3.057927725314649e-05,7.788845826944352,1.9331790028422866,9.142396209707872,18.86442103949451
41320,3.059408561985503e-05,7.782723156325255,1.9317744766348908,9.150418926252339,18.864916559212485
41340,3.060889398656357e-05,7.778339996702634,1.931463318918574,9.15511097393823,18.864914289559437
41360,3.062370235327212e-05,7.773554856925875,1.9310876497265053,9.160711590732973,18.865354097385353
41380,3.0638510719980664e-05,7.77068098526519,1.9288686880103505,9.166098535797381,18.865648209072923
41400,3.065331908668921e-05,7.761585261988746,1.9266002546599807,9.178676185942866,18.866861702591592
41420,3.0668127453397756e-05,7.759357874756324,1.9254906189413579,9.181062560043665,18.86591105374135
41440,3.0682935820106305e-05,7.756984476925634,1.924889704157201,9.184882499685006,18.866756680767843
41460,3.069774418681485e-05,7.7508870293827075,1.9244176668972057,9.192463073222786,18.8677677695027
41480,3.07125525535234e-05,7.748541549327948,1.9228399759706183,9.196467769481485,18.86784929478005
41500,3.072736092023194e-05,7.741185566450387,1.9216365251407563,9.2053437046056,18.86816579619674
41520,3.074216928694048e-05,7.736810882336268,1.920463566238763,9.210984027628912,18.86825847620394
41540,3.075697765364903e-05,7.7340138401941685,1.919613664551163,9.215505161453676,18.869132666199008
41560,3.0771786020357574e-05,7.726843358794431,1.9196808620960413,9.224085874196561,18.870610095087034
41580,3.078659438706612e-05,7.721853459045859,1.9190863014120598,9.229815698651693,18.87075545910961
41600,3.0801402753774666e-05,7.719207450687604,1.9178638964202792,9.234069079667309,18.87114042677519
41620,3.0816211120483215e-05,7.712941878605619,1.9170360399650808,9.242168034112192,18.872145952682892
41640,3.083101948719176e-05,7.709110814552258,1.9167633312204178,9.246713660253924,18.8725878060266
41660,3.08458278539003e-05,7.705775954175623,1.9154185313484513,9.251744657802114,18.87293914332619
41680,3.086063622060885e-05,7.70192619206861,1.9151130617277032,9.25654809537374,18.87358734917005
41700,3.087544458731739e-05,7.694463440290393,1.9149894059626429,9.265827099099376,18.87527994535241
41720,3.089025295402594e-05,7.688954659337263,1.9142027383964617,9.271567543217458,18.874724940951182
41740,3.0905061320734484e-05,7.686701561896103,1.9123879121087441,9.275660328088613,18.87474980209346
41760,3.091986968744303e-05,7.682779878743686,1.9114044938167933,9.280854534181895,18.875038906742375
41780,3.0934678054151576e-05,7.674725247964211,1.911712707720787,9.289803055943922,18.87624101162892
41800,3.0949486420860125e-05,7.670704565444559,1.9105100556398227,9.294577306838463,18.875791927922844
41820,3.096429478756867e-05,7.666006075540597,1.9107201011891037,9.29953712245826,18.87626329918796
41840,3.097910315427721e-05,7.660932207898619,1.9102532625296653,9.305681232863869,18.87686670329215
41860,3.099391152098576e-05,7.65546607115251,1.9107505740168658,9.311368789999548,18.877585435168925
41880,3.10087198876943e-05,7.653147203606906,1.9084524940652008,9.31607874283615,18.877678440508255
41900,3.102352825440285e-05,7.648193695435451,1.9075554122331293,9.322405885799023,18.878154993467604
41920,3.1038336621111394e-05,7.644699123495268,1.906497890489318,9.327441890019356,18.878638904003942
41940,3.105314498781994e-05,7.6374033975161035,1.9061950278657147,9.334843712727327,18.878442138109143
41960,3.1067953354528486e-05,7.631084524983855,1.9071342200080599,9.34058928340501,18.878808028396925
41980,3.108276172123703e-05,7.627402001965635,1.9069922458862225,9.345143720297663,18.87953796814952
42000,3.109757008794558e-05,7.62308526000878,1.9064206469601894,9.350171866540268,18.879677773509236
42020,3.111237845465412e-05,7.617859355646999,1.9064591266810298,9.356080182921666,18.880398665249693
42040,3.112718682136267e-05,7.608052839288297,1.9041984683689808,9.369463070752742,18.88171437841002
42060,3.114199518807121e-05,7.604658767786898,1.9052117461104834,9.371688096926444,18.881558610823824
42080,3.115680355477976e-05,7.601527550586889,1.9061461120810042,9.374072256784903,18.881745919452797
42100,3.1171611921488304e-05,7.590976242963931,1.9069117964852522,9.384607678832019,18.882495718281202
42120,3.118642028819685e-05,7.588835627088981,1.905762418546676,9.387627801007882,18.88222584664354
42140,3.1201228654905396e-05,7.5832957476402605,1.907919885855582,9.392126739237336,18.88334237273318
42160,3.121603702161394e-05,7.57939365100517,1.9073361725484848,9.39668584391777,18.883415667471425
42180,3.123084538832249e-05,7.572744818680231,1.90883504468276,9.402224004510074,18.883803867873066
42200,3.124565375503103e-05,7.56936678826019,1.9069916642676057,9.407752374754617,18.884110827282413
42220,3.126046212173958e-05,7.5630404040042265,1.9079504597058292,9.413172318456876,18.88416318216693
42240,3.127527048844812e-05,7.556657440034473,1.905607587483483,9.421563313812719,18.883828341330677
42260,3.129007885515667e-05,7.55161438834037,1.9058687891887987,9.426345298287707,18.883828475816877
42280,3.1304887221865214e-05,7.542754839008883,1.9078420721402765,9.434092165215146,18.884689076364303
42300,3.1319695588573756e-05,7.5375590518558155,1.9075143258879508,9.440053502797328,18.885126880541094
42320,3.1334503955282306e-05,7.532569312505222,1.9083576289896511,9.44471818941392,18.88564513090879
42340,3.134931232199085e-05,7.526836701058105,1.9098865203376922,9.449808598999574,18.886531820395373
42360,3.13641206886994e-05,7.522897683270189,1.9089309013838651,9.454798112745724,18.886626697399777
42380,3.137892905540794e-05,7.519251019812829,1.9075521622873923,9.460096945223494,18.886900127323717
42400,3.139373742211649e-05,7.513462568939309,1.9091674185729357,9.464909466318533,18.887539453830776
42420,3.140854578882503e-05,7.507480583818161,1.9091717424185657,9.47102667673412,18.88767900297085
42440,3.142335415553358e-05,7.502498441376773,1.908311748881515,9.476566747730253,18.88737693798854
42460,3.1438162522242124e-05,7.497773631566856,1.9080909015411092,9.481681915345753,18.88754644845372
42480,3.1452970888950666e-05,7.493069793249799,1.9074874874470034,9.4872931713674,18.8878504520642
42500,3.1467779255659216e-05,7.4810283347946065,1.9086704877698382,9.498540088434272,18.888238910998716
42520,3.148258762236776e-05,7.477734343339607,1.9072051529722587,9.502693212197315,18.88763270850918
42540,3.149739598907631e-05,7.4713916961342814,1.9075300222816949,9.509043953881806,18.88796567229778
42560,3.151220435578485e-05,7.463235704046559,1.910585315096968,9.514783073886779,18.888604093030306
42580,3.15270127224934e-05,7.459920219821358,1.909216121331256,9.51940604460859,18.888542385761205
42600,3.154182108920194e-05,7.453878734461877,1.9098136762573392,9.525339105110966,18.889031515830183
42620,3.1556629455910484e-05,7.4495467730549985,1.9087428625427343,9.530821024269137,18.88911065986687
42640,3.1571437822619034e-05,7.445025726305582,1.9081073745488502,9.535913688254194,18.889046789108626
42660,3.1586246189327576e-05,7.436673164484514,1.9099844969125257,9.54327022411894,18.88992788551598
42680,3.1601054556036126e-05,7.431373862108933,1.9100464608453382,9.548877298317056,18.890297621271326
42700,3.161586292274467e-05,7.42829443881973,1.9083294397928576,9.553789394055217,18.890413272667807
42720,3.163067128945322e-05,7.421600920942744,1.9092343373642267,9.560005563734508,18.89084082204148
42740,3.164547965616176e-05,7.414352427951666,1.9086892049761641,9.568326271958949,18.891367904886778
42760,3.166028802287031e-05,7.409358404346887,1.9089954385450214,9.57274727104932,18.891101113941225
42780,3.167509638957885e-05,7.4042446601763725,1.908035855454402,9.578509954748402,18.890790470379176
42800,3.1689904756287394e-05,7.393643958035573,1.9080079931052527,9.589130690923977,18.890782642064803
42820,3.1704713122995944e-05,7.3904329165571525,1.9084922316539368,9.592216456328607,18.891141604539698
42840,3.1719521489704486e-05,7.385434668122638,1.9086242676159522,9.5972489795186,18.89130791525719
42860,3.1734329856413036e-05,7.379239599152079,1.9097393633895914,9.60283259736165,18.891811559903317
42880,3.174913822312158e-05,7.375824472439943,1.9089848608657063,9.607409083326054,18.892218416631703
42900,3.176394658983013e-05,7.370178324801087,1.90831407501992,9.613885905024462,18.89237830484547
42920,3.177875495653867e-05,7.364810932095153,1.9070246322774485,9.62012058648914,18.89195615086174
42940,3.179356332324721e-05,7.350853173859051,1.9078694066344926,9.63478994278039,18.893512523273934
42960,3.180837168995576e-05,7.347701481247391,1.9077412007819345,9.637436901805158,18.892879583834485
42980,3.1823180056664304e-05,7.342255387047141,1.9076926810302597,9.64245344749585,18.89240151557325
43000,3.1837988423372854e-05,7.337961942673422,1.9069757745093747,9.646902852949587,18.891840570132384
43020,3.1852796790081396e-05,7.333154443878495,1.9071939425068325,9.652505040860925,18.89285342724625
43040,3.1867605156789946e-05,7.327847519307445,1.9071223387847347,9.6584411824295,18.89341104052168
43060,3.188241352349849e-05,7.325636584230005,1.9050483507650233,9.66338871099594,18.89407364599097
43080,3.189722189020704e-05,7.319623515706539,1.9054193220825353,9.669370007556827,18.8944128453459
43100,3.191203025691558e-05,7.307438535377445,1.9052246568103668,9.682860522612422,18.895523714800234
43120,3.192683862362412e-05,7.305020350700126,1.9057248666347975,9.684401115324192,18.895146332659117
43140,3.194164699033267e-05,7.30134909091826,1.9053776331623482,9.68850359886303,18.89523032294364
43160,3.1956455357041214e-05,7.297672835811938,1.9041283455102074,9.693809477578036,18.895610658900182
43180,3.1971263723749764e-05,7.292974836141131,1.9037355020324334,9.699625138780949,18.896335476954512
43200,3.1986072090458306e-05,7.284457791650826,1.9037480290505608,9.708980890160941,18.89718671086233
43220,3.2000880457166856e-05,7.2790345449686855,1.9040021582895004,9.714198820944194,18.89723552420238
43240,3.20156888238754e-05,7.275814240185012,1.9021028910120161,9.719249790272528,18.897166921469555
43260,3.203049719058395e-05,7.272517842906174,1.9008482676236682,9.724086093149225,18.897452203679066
43280,3.204530555729249e-05,7.266276343300476,1.9005765456699295,9.731209639209158,18.898062528179565
43300,3.206011392400103e-05,7.2624053285623695,1.8995563413861976,9.736647069336868,18.898608739285436
43320,3.207492229070958e-05,7.256525907327823,1.9010608042628294,9.741858025318283,18.899444736908936
43340,3.2089730657418124e-05,7.248834161658117,1.9000657332011905,9.751600037780623,18.90049993263993
43360,3.2104539024126674e-05,7.244311411255405,1.9005167459320285,9.755260675985085,18.900088833172518
43380,3.2119347390835216e-05,7.239712203241988,1.8999151222693644,9.760877599215599,18.900504924726953
43400,3.2134155757543766e-05,7.236214743950127,1.898039848107943,9.766379724621153,18.900634316679223
43420,3.214896412425231e-05,7.231909762208112,1.8968610717991221,9.771898505046,18.900669339053234
43440,3.216377249096085e-05,7.226933014782276,1.8969464778593443,9.777051005123177,18.900930497764797
43460,3.21785808576694e-05,7.222120217906352,1.896397814251069,9.782996524668103,18.901514556825525
43480,3.219338922437794e-05,7.219574582634796,1.894245939711844,9.787920858385846,18.901741380732485
43500,3.220819759108649e-05,7.213940163928932,1.8948592525341388,9.79345246004653,18.902251876509602
43520,3.2223005957795034e-05,7.207624956167117,1.8952436080092607,9.799843820359296,18.902712384535675
43540,3.2237814324503584e-05,7.203270125028714,1.8940025106190341,9.8052300524265,18.90250268807425
43560,3.2252622691212126e-05,7.198003169034384,1.8927519206340153,9.811720591430843,18.90247568109924
43580,3.2267431057920676e-05,7.192348141644449,1.893287993389889,9.817239256468088,18.902875391502427
43600,3.228223942462922e-05,7.185590840173064,1.8923746857824721,9.824881037645582,18.902846563601116
43620,3.229704779133776e-05,7.178892865573395,1.8941032283493044,9.830369072082565,18.903365166005266
43640,3.231185615804631e-05,7.1749680531580955,1.8926096132548516,9.836218399580336,18.903796065993284
43660,3.232666452475485e-05,7.170640714182561,1.8923760565093535,9.840735476445928,18.903752247137845
43680,3.23414728914634e-05,7.162613651657563,1.890609614734532,9.850540038033397,18.903763304425492
43700,3.2356281258171944e-05,7.155312048459619,1.8940225864493225,9.855237881146346,18.90457251605529
43720,3.2371089624880494e-05,7.153926284046043,1.891900903302277,9.85902288581806,18.90485007316638
43740,3.2385897991589036e-05,7.146851811690793,1.8930130314971003,9.865509378952217,18.90537422214011
43760,3.240070635829758e-05,7.140160893416944,1.8939926825958244,9.871633592431612,18.90578716844438
43780,3.241551472500613e-05,7.134927064626104,1.8948560726486265,9.876381180103172,18.9061643173779
43800,3.243032309171467e-05,7.1275270939580375,1.8934194305118646,9.886175434153563,18.907121958623463
43820,3.244513145842322e-05,7.1210676955733225,1.8954537982239712,9.891226187273421,18.907747681070717
43840,3.245993982513176e-05,7.118396088847922,1.8935998249371118,9.895908687191548,18.907904600976583
43860,3.247474819184031e-05,7.112292535669863,1.8958027187449822,9.900792767914933,18.908888022329776
43880,3.2489556558548854e-05,7.106219156361064,1.897284703226497,9.906271404776215,18.909775264363773
43900,3.2504364925257404e-05,7.1028144007717895,1.8963723857324144,9.911005694606917,18.91019248111112
43920,3.2519173291965946e-05,7.09858866570441,1.8960505865132418,9.915502751326068,18.91014200354372
43940,3.253398165867449e-05,7.090732846587068,1.8971979900810487,9.922335097125886,18.910265933794
43960,3.254879002538304e-05,7.084299394339277,1.8965390115457474,9.92903561926645,18.909874025151474
43980,3.256359839209158e-05,7.076491591792026,1.899280555086485,9.934876023069126,18.910648169947635
44000,3.257840675880013e-05,7.071894440798505,1.8986715897185849,9.940406581259644,18.910972611776735
44020,3.259321512550867e-05,7.066252394511037,1.8982977235348075,9.946367770498195,18.91091788854404
44040,3.260802349221722e-05,7.058434841611504,1.8998393985568316,9.95317448359137,18.911448723759705
44060,3.2622831858925764e-05,7.052612920907394,1.9010596619340703,9.958071018348464,18.911743601189926
44080,3.263764022563431e-05,7.0471314897279544,1.9018916217867898,9.96303313773745,18.912056249252196
44100,3.2652448592342856e-05,7.03835201960052,1.904106990369429,9.970483441570664,18.912942451540616
44120,3.26672569590514e-05,7.032416429345779,1.9050835072478223,9.975643299399417,18.91314323599302
44140,3.268206532575995e-05,7.025974316379639,1.9053544991868978,9.982102714416722,18.913431529983256
44160,3.269687369246849e-05,7.019801502131427,1.9068504484672035,9.986973217015565,18.913625167614196
44180,3.271168205917704e-05,7.011931304008451,1.9098248301911636,9.992367823586306,18.91412395778592
44200,3.272649042588558e-05,7.005388009968243,1.9100606814496264,9.998881875068498,18.91433056648637
44220,3.274129879259413e-05,6.997095345540837,1.9131240695446,10.004275390078956,18.91449480516439
44240,3.2756107159302674e-05,6.992138583156959,1.9126177642093287,10.009607461067288,18.914363808433578
44260,3.277091552601122e-05,6.98653959444158,1.9145079526825706,10.013878586881363,18.914926134005512
44280,3.2785723892719766e-05,6.9781754386071295,1.9167415730151138,10.020351169862844,18.91526818148509
44300,3.280053225942831e-05,6.964399837266342,1.9184587066085115,10.0325225030466,18.915381046921453
44320,3.281534062613686e-05,6.958683996226695,1.9204877583302151,10.035934139637494,18.915105894194404
44340,3.28301489928454e-05,6.953890527158482,1.9217832011613243,10.03994095465243,18.915614682972233
44360,3.284495735955395e-05,6.947917775338058,1.9241852331887335,10.04457250879846,18.916675517325253
44380,3.285976572626249e-05,6.943321664015114,1.9248569412833527,10.049086214922074,18.91726482022054
44400,3.2874574092971035e-05,6.936083793267688,1.9268028421859382,10.05471695550871,18.917603590962337
44420,3.2889382459679584e-05,6.929939889095082,1.9273640688218316,10.06031751364631,18.917621471563223
44440,3.290419082638813e-05,6.92608775030706,1.9261367725446825,10.064915707482761,18.917140230334503
44460,3.2918999193096676e-05,6.920120582980481,1.9269882673363092,10.070150401025444,18.917259251342234
44480,3.293380755980522e-05,6.907454909841755,1.9308375819947492,10.079646301587406,18.91793879342391
44500,3.294861592651377e-05,6.902855326402722,1.9317598308412083,10.083549430336129,18.91816458758006
44520,3.296342429322231e-05,6.897715320066806,1.9321645981105378,10.088538671259114,18.918418589436456
44540,3.297823265993086e-05,6.893395018711681,1.9308771360785226,10.0937805576638,18.918052712454006
44560,3.29930410266394e-05,6.887968484958433,1.9329971811051756,10.097430430793953,18.918396096857563
44580,3.3007849393347945e-05,6.873841341860951,1.9347989642360264,10.11055236726033,18.91919267335731
44600,3.3022657760056494e-05,6.869204704263922,1.9357445464282401,10.113742541243429,18.91869179193559
44620,3.303746612676504e-05,6.864174030637662,1.93713263691953,10.117717582427053,18.919024249984247
44640,3.3052274493473586e-05,6.858147446403695,1.9383562294447272,10.122871628443274,18.919375304291698
44660,3.306708286018213e-05,6.852404100532576,1.9394264709378746,10.127825619677925,18.919656191148377
44680,3.308189122689068e-05,6.847923719310688,1.9391385158911234,10.13259727512231,18.919659510324124
44700,3.309669959359922e-05,6.841624469380255,1.9394527623738618,10.138666692678438,18.919743924432552
44720,3.311150796030776e-05,6.835849256373449,1.9395547523702668,10.144393946846188,18.919797955589907
44740,3.312631632701631e-05,6.829071868770031,1.9410348032082283,10.149976717888867,18.920083389867127
44760,3.3141124693724855e-05,6.8170167594011355,1.9406563240130867,10.162165040680518,18.91983812409474
44780,3.3155933060433404e-05,6.810851717937045,1.9434139873581537,10.165601171036066,18.919866876331263
44800,3.317074142714195e-05,6.807090228291663,1.9434122535517333,10.169307369526017,18.919809851369415
44820,3.3185549793850496e-05,6.800681928235619,1.945291330600164,10.174257975743974,18.920231234579756
44840,3.320035816055904e-05,6.793726920583561,1.9459425931086969,10.180511257387568,18.920180771079828
44860,3.321516652726759e-05,6.788101265487714,1.9464850825784328,10.185706729149235,18.920293077215383
44880,3.322997489397613e-05,6.780962495670922,1.9477503438553727,10.191406456267863,18.92011929579416
44900,3.324478326068467e-05,6.774390336615735,1.9480361066821574,10.197876628067103,18.920303071364994
44920,3.325959162739322e-05,6.769549371308567,1.9478208878585976,10.203143991670807,18.92051425083797
44940,3.3274399994101765e-05,6.760690541064454,1.9498024843173185,10.210024434391126,18.9205174597729
44960,3.3289208360810314e-05,6.754172144518525,1.948565259597699,10.217677250703534,18.92041465481976
44980,3.330401672751886e-05,6.750016011814756,1.9480002115176263,10.221656947108405,18.919673170440788
45000,3.3318825094227406e-05,6.741147766323827,1.948507029422393,10.230020005824791,18.919674801571013
45020,3.333363346093595e-05,6.733103216902013,1.9515292767650374,10.235451782517258,18.920084276184305
45040,3.334844182764449e-05,6.730877251056691,1.9502663818850887,10.238784085140018,18.919927718081798
45060,3.336325019435304e-05,6.720275826062059,1.9515445233853332,10.248673314975214,18.920493664422608
45080,3.337805856106158e-05,6.7129559870159135,1.9540761310038604,10.253940358187847,18.920972476207623
45100,3.339286692777013e-05,6.708426488530854,1.9538589780966416,10.258781826693545,18.92106729332104
45120,3.3407675294478675e-05,6.696983949669171,1.953590364202169,10.271576913522392,18.922151227393734
45140,3.3422483661187224e-05,6.690383153171245,1.9543483776574195,10.277173501775323,18.921905032603988
45160,3.343729202789577e-05,6.685439185767458,1.9550790683574581,10.281538095205288,18.922056349330205
45180,3.3452100394604316e-05,6.678363800181131,1.956158716706972,10.288534828482302,18.923057345370403
45200,3.346690876131286e-05,6.6733284754250395,1.956626525188413,10.293536830081948,18.9234918306954
45220,3.34817171280214e-05,6.668376645262389,1.9555187719585578,10.299840723061605,18.92373614028255
45240,3.349652549472995e-05,6.6615173243414425,1.9571787262101743,10.306170931215142,18.92486698176676
45260,3.351133386143849e-05,6.654796840523275,1.9576865881923242,10.312839413685413,18.925322842401012
45280,3.352614222814704e-05,6.650164520498874,1.9576110910164857,10.318025173671625,18.925800785186986
45300,3.3540950594855585e-05,6.644388112372987,1.9570318060124323,10.324091433935234,18.925511352320655
45320,3.3555758961564134e-05,6.636008593171177,1.957110748903542,10.332728384625407,18.925847726700127
45340,3.357056732827268e-05,6.630727542129307,1.957443449031924,10.338327371372392,18.92649836253362
45360,3.358537569498122e-05,6.6244886716806315,1.9588975812076603,10.343929642763486,18.92731589565178
45380,3.360018406168977e-05,6.619310026490536,1.9583734448700667,10.350046055563135,18.927729526923738
45400,3.361499242839831e-05,6.615697617001804,1.9587335918745545,10.353297286195298,18.927728495071655
45420,3.362980079510686e-05,6.603366723897871,1.9599852666307729,10.36550719730835,18.92885918783699
45440,3.36446091618154e-05,6.600158953702107,1.9592098739665538,10.369240835242305,18.928609662910965
45460,3.365941752852395e-05,6.591191412025224,1.9603647651778593,10.377634834871348,18.929191012074433
45480,3.3674225895232495e-05,6.584624048562514,1.9622336227849682,10.38314959312341,18.93000726447089
45500,3.3689034261941044e-05,6.575402134882798,1.962240873471215,10.393393020836614,18.93103602919063
45520,3.370384262864959e-05,6.571806050280471,1.9622026020598897,10.396606110724044,18.930614763064405
45540,3.371865099535813e-05,6.565550457518217,1.9638157368950675,10.401702710555421,18.931068904968704
45560,3.373345936206668e-05,6.5610053247772555,1.9640139762015112,10.406626883013661,18.931646183992427
45580,3.374826772877522e-05,6.548184613467313,1.9647911894368872,10.420599639963648,18.93357544286785
45600,3.376307609548377e-05,6.544734733468352,1.9649948164162987,10.423330744266488,18.93306029415114
45620,3.377788446219231e-05,6.538895020524706,1.9663663468317145,10.428372839028501,18.933634206384923
45640,3.379269282890086e-05,6.533518273699079,1.9681395178745456,10.43272153651922,18.934379328092845
45660,3.3807501195609405e-05,6.526513344451587,1.9692771113211196,10.438747270450639,18.934537726223347
45680,3.3822309562317954e-05,6.519683530927047,1.9690627974529156,10.446236023061955,18.934982351441917
45700,3.38371179290265e-05,6.514441300444901,1.9690528499123594,10.451465952350365,18.934960102707624
45720,3.385192629573504e-05,6.508419117309517,1.9700250478833456,10.457039922706379,18.93548408789924
45740,3.386673466244359e-05,6.50136478589204,1.9711771063251695,10.46351356343284,18.93605545565005
45760,3.388154302915213e-05,6.494739592217384,1.9728115018356227,10.468782701963914,18.936333796016918
45780,3.389635139586068e-05,6.489871949995042,1.9718919616167108,10.47524224904957,18.937006160661323
45800,3.391115976256922e-05,6.482576520048104,1.9727174062511563,10.481958744670333,18.937252670969592
45820,3.392596812927777e-05,6.47738842878258,1.9734728284028513,10.486459397741784,18.937320654927213
45840,3.3940776495986315e-05,6.470364512696714,1.9739386389496145,10.493270622146461,18.937573773792792
45860,3.395558486269486e-05,6.462590682997759,1.976198666758519,10.499404438947984,18.93819378870426
45880,3.397039322940341e-05,6.454226737253427,1.975918702062945,10.508812484360671,18.938957923677044
45900,3.398520159611195e-05,6.448958509249646,1.9750294825117622,10.51393366533809,18.937921657099498
45920,3.40000099628205e-05,6.442775908111283,1.9750353867920332,10.520147806311103,18.937959101214418
45940,3.401481832952904e-05,6.436162937981957,1.9768734999708801,10.525581997279282,18.93861843523212
45960,3.402962669623759e-05,6.431652048035655,1.9766710332299753,10.531061648623155,18.939384729888786
45980,3.404443506294613e-05,6.419673431437678,1.9786993120925742,10.542143194870574,18.94051593840083
46000,3.405924342965468e-05,6.41533411627413,1.979528634029713,10.545619415977107,18.94048216628095
46020,3.4074051796363225e-05,6.408926824788124,1.9813574419013162,10.550405390398435,18.940689657087873
46040,3.408886016307177e-05,6.403302141398621,1.9821205319941007,10.555822561645218,18.94124523503794
46060,3.410366852978032e-05,6.39651617918005,1.9831546392996329,10.562491821086955,18.94216263956664
46080,3.411847689648886e-05,6.393824744609296,1.9808425685854865,10.566948870059703,18.941616183254485
46100,3.413328526319741e-05,6.381221092503742,1.9831734494133533,10.577132947824287,18.941527489741382
46120,3.414809362990595e-05,6.376926775234383,1.984046448909552,10.581193813426262,18.942167037570197
46140,3.41629019966145e-05,6.369233468102335,1.985521496996887,10.587918157469804,18.942673122569026
46160,3.417771036332304e-05,6.363307636338024,1.9866427366109805,10.593157373559734,18.943107746508737
46180,3.4192518730031586e-05,6.35740745853656,1.9876657367712474,10.598347812094067,18.943421007401874
46200,3.4207327096740135e-05,6.350222373587024,1.9881112261142533,10.605457545466265,18.943791145167545
46220,3.422213546344868e-05,6.344209642730457,1.988943078518512,10.611068837377578,18.944221558626545
46240,3.423694383015723e-05,6.337955056664246,1.989514811606195,10.616559156455711,18.944029024726152
46260,3.425175219686577e-05,6.330836630733672,1.990175960906399,10.623360298822064,18.944372890462134
46280,3.426656056357432e-05,6.324076110041428,1.9905442757653284,10.62933244944466,18.943952835251416
46300,3.428136893028286e-05,6.317425660457313,1.9926034140321278,10.634604321826398,18.944633396315837
46320,3.429617729699141e-05,6.30952350609561,1.992546121550902,10.64306776840544,18.945137396051955
46340,3.431098566369995e-05,6.303305889710392,1.9936416259366752,10.647999314759756,18.944946830406824
46360,3.4325794030408496e-05,6.28913190985669,1.9949350114305588,10.66207076422569,18.946137685512937
46380,3.4340602397117045e-05,6.286305389060229,1.9948534794739692,10.664575305348952,18.945734173883153
46400,3.435541076382559e-05,6.280919597156969,1.9956108459023345,10.669282703465045,18.94581314652435
46420,3.437021913053414e-05,6.2753583940205075,1.997130441654781,10.67416030835065,18.94664914402594
46440,3.438502749724268e-05,6.268736753460758,1.9983673274328888,10.6800933739485,18.947197454842147
46460,3.439983586395123e-05,6.2623935188051085,1.9991483949542452,10.686049147557112,18.947591061316466
46480,3.441464423065977e-05,6.256693431787425,1.9993777350959303,10.691847233924172,18.947918400807527
46500,3.4429452597368314e-05,6.249634741357199,2.0001307397013783,10.698216354215884,18.94798183527446
46520,3.444426096407686e-05,6.242721185947592,2.000274424845188,10.705180015882632,18.948175626675415
46540,3.4459069330785406e-05,6.23711778767815,2.0008313350798415,10.71083498180942,18.94878410456741
46560,3.4473877697493955e-05,6.23028920116894,2.0014516301394494,10.717082989433726,18.948823820742113
46580,3.44886860642025e-05,6.218853563225132,2.0015893978283525,10.728617282316964,18.949060243370447
46600,3.450349443091105e-05,6.214049335314008,2.002684485157901,10.732372571763435,18.949106392235343
46620,3.451830279761959e-05,6.2088494056530354,2.0021598818016115,10.738134554191637,18.949143841646283
46640,3.453311116432814e-05,6.202716584757375,2.003396731805558,10.743768641587224,18.949881958150158
46660,3.454791953103668e-05,6.196835928105948,2.002846544272904,10.750098829586815,18.949781301965665
46680,3.4562727897745224e-05,6.190081763644932,2.0039753950309396,10.755961982194975,18.950019140870847
46700,3.457753626445377e-05,6.180835629964496,2.005953499822463,10.763758243480924,18.95054737326788
46720,3.4592344631162316e-05,6.176681665541844,2.0044842809336374,10.769154660195507,18.95032060667099
46740,3.4607152997870865e-05,6.167127864006666,2.0065645107760415,10.777545593031114,18.95123796781382
46760,3.462196136457941e-05,6.161236743621496,2.006026932603049,10.783747390080277,18.951011066304822
46780,3.463676973128796e-05,6.157293761252321,2.004842226852145,10.788659590436222,18.95079557854069
46800,3.46515780979965e-05,6.148555995578559,2.007714763393819,10.794666963283131,18.95093772225551
46820,3.466638646470504e-05,6.142900182702029,2.0073033074234328,10.801344067353357,18.95154755747882
46840,3.468119483141359e-05,6.136018759204436,2.00910417326792,10.806987245728708,18.952110178201064
46860,3.4696003198122134e-05,6.130596915130916,2.0080041540310813,10.813588726905774,18.95218979606777
46880,3.471081156483068e-05,6.12296983307717,2.009205628231251,10.820357829127952,18.95253329043637
46900,3.4725619931539226e-05,6.1166551744977875,2.0104793257452886,10.825958888281816,18.95309338852489
46920,3.4740428298247775e-05,6.108933871971663,2.0114687396437883,10.832953546250653,18.953356157866104
46940,3.475523666495632e-05,6.103814245039906,2.010254992037445,10.839289112377543,18.953358349454895
46960,3.477004503166487e-05,6.0968856462464185,2.011024524697301,10.845679335974705,18.953589506918426
46980,3.478485339837341e-05,6.09077022472073,2.0104983329390627,10.852336445948488,18.95360500360828
47000,3.479966176508195e-05,6.082021354686288,2.0105192213882326,10.860715356127825,18.953255932202346
47020,3.48144701317905e-05,6.077092547199543,2.0118028019996763,10.865136342045945,18.954031691245163
47040,3.4829278498499044e-05,6.07129774553647,2.0111910533410984,10.871906757388949,18.95439555626652
47060,3.484408686520759e-05,6.0662117490742435,2.0103299731469324,10.878008722702091,18.954550444923267
47080,3.4858895231916136e-05,6.0582418321508555,2.0130927426794183,10.883809497018222,18.955144071848494
47100,3.4873703598624685e-05,6.051517690708424,2.0134388685079134,10.890778270737133,18.95573482995347
47120,3.488851196533323e-05,6.045777523051791,2.012567407903272,10.897520025811204,18.955864956766266
47140,3.490332033204177e-05,6.0399249433011075,2.0129144126125054,10.903301988775985,18.9561413446896
47160,3.491812869875032e-05,6.032839514295872,2.0109875352914917,10.912455696092085,18.95628274567945
47180,3.493293706545886e-05,6.023471705001567,2.0139178108045637,10.919314008539601,18.956703524345734
47200,3.494774543216741e-05,6.018537143761876,2.0144641356872572,10.924315663721135,18.95731694317027
47220,3.4962553798875954e-05,6.012089907773129,2.0154867380382977,10.930099071285799,18.957675717097224
47240,3.49773621655845e-05,6.007144209742344,2.0150918782599057,10.936236067097393,18.958472155099642
47260,3.4992170532293046e-05,6.001003960880153,2.0168565254989397,10.941736270925885,18.95959675730498
47280,3.5006978899001595e-05,5.994159038266446,2.0171255320544557,10.948559969252164,18.959844539573066
47300,3.502178726571014e-05,5.986163904087649,2.017876155601947,10.95633395546659,18.960374015156184
47320,3.503659563241868e-05,5.98024741493464,2.019014896656627,10.961613341105489,18.960875652696757
47340,3.505140399912723e-05,5.97396929084422,2.019585886189862,10.967240449831174,18.960795626865256
47360,3.506621236583577e-05,5.966352911406796,2.018748306751931,10.976082215699243,18.96118343385797
47380,3.508102073254432e-05,5.961265662173341,2.0186105189161414,10.980916283907778,18.96079246499726
47400,3.5095829099252864e-05,5.953059514697224,2.021588175904779,10.986887223234383,18.96153491383639
47420,3.511063746596141e-05,5.949592512809671,2.0198192515672715,10.992499228172605,18.961910992549548
47440,3.5125445832669956e-05,5.942972193156622,2.0211936662075876,10.997760174622323,18.961926033986533
47460,3.51402541993785e-05,5.929132146784103,2.0239254644535105,11.00975564307416,18.962813254311772
47480,3.515506256608705e-05,5.924763101794151,2.0241623136318667,11.01353746861777,18.962462884043788
47500,3.516987093279559e-05,5.920957848063898,2.0247809241276262,11.016863949753166,18.96260272194469
47520,3.518467929950414e-05,5.908318085098601,2.0266480893129586,11.029004436746622,18.96397061115818
47540,3.519948766621268e-05,5.900560645855786,2.027458515106815,11.036454109287538,18.96447327025014
47560,3.521429603292123e-05,5.89668258431583,2.0280286081774297,11.0394123083566,18.96412350084986
47580,3.5229104399629774e-05,5.8894069949753245,2.0306865465557413,11.04438772407968,18.964481265610747
47600,3.524391276633832e-05,5.882970409828287,2.0312554449278375,11.051003648080725,18.96522950283685
47620,3.5258721133046866e-05,5.877535345792598,2.0320755234185954,11.055804110010921,18.965414979222114
47640,3.527352949975541e-05,5.870105111467737,2.0324504801934635,11.063236129225642,18.96579172088684
47660,3.528833786646396e-05,5.86286715764427,2.0345780187534013,11.068732597604328,18.966177774002
47680,3.53031462331725e-05,5.85574001993975,2.0372071972522816,11.073467401447944,18.966414618639977
47700,3.531795459988105e-05,5.847678520915501,2.0390121205181613,11.079953620379126,18.96664426181279
47720,3.533276296658959e-05,5.8358290022119625,2.0402790321746185,11.09091918715006,18.96702722153664
47740,3.534757133329814e-05,5.828748533573773,2.042240959844787,11.095400831800884,18.966390325219443
47760,3.5362379700006684e-05,5.822496289354269,2.0430686932722164,11.100474613897262,18.966039596523746
47780,3.5377188066715227e-05,5.81394563691029,2.0468017983777176,11.105667323217917,18.966414758505927
47800,3.5391996433423776e-05,5.806673832779824,2.049274327450853,11.11064832247995,18.966596482710628
47820,3.540680480013232e-05,5.798141528090622,2.0502560351118904,11.118683460939984,18.967081024142495
47840,3.542161316684087e-05,5.787727521022961,2.0554112166619576,11.12455180786294,18.96769054554786
47860,3.543642153354941e-05,5.781915937960113,2.0563978826919924,11.12938104375792,18.967694864410028
47880,3.545122990025796e-05,5.776172679685205,2.05684120349747,11.134736964401418,18.967750847584092
47900,3.54660382669665e-05,5.764170746951956,2.060256336943416,11.143938242239024,18.968365326134396
47920,3.548084663367505e-05,5.757830838788074,2.061302981048682,11.14896283742713,18.968096657263885
47940,3.5495655000383594e-05,5.749900063811181,2.06408812803466,11.154251388390357,18.968239580236197
47960,3.5510463367092137e-05,5.743469459128166,2.0648523411527084,11.160336603064705,18.96865840334558
47980,3.5525271733800686e-05,5.737016045949892,2.067542016962553,11.164278726163804,18.96883678907625
48000,3.554008010050923e-05,5.724385814003119,2.0705915673447173,11.175084169178874,18.970061550526708
48020,3.555488846721778e-05,5.715950780777783,2.0739779370698534,11.18020480492256,18.970133522770197
48040,3.556969683392632e-05,5.7109985253534585,2.07443032628163,11.184610252055927,18.970039103691015
48060,3.558450520063487e-05,5.702518078804545,2.0770161000689176,11.190832764135397,18.97036694300886
48080,3.559931356734341e-05,5.6933191676876564,2.079030647958461,11.199031735684644,18.97138155133076
48100,3.561412193405196e-05,5.686250290512518,2.082136064354502,11.2032142624123,18.97160061727932
48120,3.5628930300760504e-05,5.681262083769148,2.0823456651500667,11.208094216297802,18.971701965217015
48140,3.5643738667469047e-05,5.668810314499897,2.0812912845906273,11.222548708758769,18.972650307849293
48160,3.5658547034177596e-05,5.662022625161904,2.086181814434882,11.224654834184125,18.972859273780912
48180,3.567335540088614e-05,5.656025347772873,2.088426619975101,11.228962172331514,18.973414140079488
48200,3.568816376759469e-05,5.649952424680867,2.0895537109909808,11.234269916913284,18.97377605258513
48220,3.570297213430323e-05,5.63727678234817,2.0916141223343563,11.247123073713803,18.97601397839633
48240,3.571778050101178e-05,5.632176564586861,2.094135760034674,11.249745796570828,18.976058121192363
48260,3.573258886772032e-05,5.625394050287777,2.0937596894338357,11.256877836733937,18.976031576455547
48280,3.5747397234428865e-05,5.618903121931082,2.095484500919886,11.26167488568114,18.97606250853211
48300,3.5762205601137414e-05,5.610451993260438,2.098116441762913,11.268063596584723,18.976632031608073
48320,3.5777013967845957e-05,5.605369129441414,2.0993400569432445,11.272205934423784,18.976915120808442
48340,3.5791822334554506e-05,5.594621951826454,2.1017188325032703,11.281857920271742,18.978198704601468
48360,3.580663070126305e-05,5.58790515655433,2.1044011937375804,11.286060936801691,18.9783672870936
48380,3.58214390679716e-05,5.583549291995035,2.1038759122963877,11.291022162775795,18.97844736706722
48400,3.583624743468014e-05,5.577536609910132,2.1053026705970392,11.295881652822864,18.978720933330035
48420,3.585105580138869e-05,5.569650569144466,2.107941501060321,11.302155061652389,18.979747131857174
48440,3.586586416809723e-05,5.56280040843974,2.1093985221116656,11.308011227890871,18.980210158442276
48460,3.5880672534805775e-05,5.557145643815694,2.109259100252593,11.31336008851549,18.979764832583776
48480,3.5895480901514324e-05,5.548587243929296,2.111389550619916,11.319875633298299,18.97985242784751
48500,3.5910289268222867e-05,5.539202084490673,2.1130986281865116,11.326566982594603,18.978867695271788
48520,3.5925097634931416e-05,5.5320588005979605,2.111649368431113,11.334070211692143,18.97777838072122
48540,3.593990600163996e-05,5.522096927893886,2.1153767845705915,11.33989408275827,18.977367795222747
48560,3.595471436834851e-05,5.516272225533962,2.116970939318124,11.34480995469351,18.978053119545596
48580,3.596952273505705e-05,5.507089737434452,2.118660673416364,11.352117041986245,18.97786745283706
48600,3.598433110176559e-05,5.49800335602073,2.1197016591402567,11.359951674812933,18.97765668997392
48620,3.599913946847414e-05,5.491272136408432,2.1205878849826427,11.365669994901465,18.97753001629254
48640,3.6013947835182685e-05,5.486719112926459,2.120072048903028,11.370711997808971,18.97750315963846
48660,3.6028756201891234e-05,5.477505017879797,2.1233508812056594,11.377294446655643,18.9781503457411
48680,3.6043564568599777e-05,5.47136896003871,2.123638372091134,11.38318550595436,18.978192838084205
48700,3.6058372935308326e-05,5.464938040115424,2.123682305988693,11.38935989375995,18.977980239864067
48720,3.607318130201687e-05,5.457494804792441,2.1252758280435637,11.395523703260356,18.97829433609636
48740,3.608798966872542e-05,5.451955846193304,2.1244427973190216,11.401956427585343,18.978355071097667
48760,3.610279803543396e-05,5.4445726511310575,2.125123476068505,11.408726825704854,18.978422952904417
48780,3.61176064021425e-05,5.435373886196219,2.12701288432839,11.416738857836306,18.979125628360915
48800,3.613241476885105e-05,5.428991262138668,2.1276029720179044,11.42274202027301,18.979336254429583
48820,3.6147223135559595e-05,5.421691029774795,2.127684038127648,11.43028098456417,18.979656052466613
48840,3.6162031502268144e-05,5.416215299677958,2.128490234519105,11.435407903056392,18.980113437253454
48860,3.6176839868976687e-05,5.412245331510594,2.1272585604840706,11.44067211090767,18.980176002902333
48880,3.6191648235685236e-05,5.4072198754181535,2.127096991682402,11.446268127838522,18.98058499493908
48900,3.620645660239378e-05,5.3995732802174725,2.129219287758935,11.45266340840836,18.98145597638477
48920,3.622126496910232e-05,5.393961935499416,2.1291140299156193,11.458615057081818,18.981691022496854
48940,3.623607333581087e-05,5.390101373970085,2.1285948437785467,11.462913015832841,18.981609233581473
48960,3.625088170251941e-05,5.383367847768568,2.127310990375741,11.470518790513248,18.981197628657558
48980,3.626569006922796e-05,5.372305358355749,2.129165746162607,11.480530660700326,18.982001765218683
49000,3.6280498435936505e-05,5.367563967672475,2.128034226544406,11.485478643934416,18.981076838151296
49020,3.6295306802645054e-05,5.359944903246581,2.129780024329643,11.491194688183944,18.98091961576017
49040,3.6310115169353597e-05,5.355274441800924,2.128646378864404,11.497294418355652,18.981215239020983
49060,3.6324923536062146e-05,5.352104996571223,2.1276321282332065,11.50139230819985,18.98112943300428
49080,3.633973190277069e-05,5.341368696595201,2.12986007844612,11.51024188948168,18.981470664523002
49100,3.635454026947923e-05,5.336447722913716,2.129858919677128,11.515197253823164,18.981503896414008
49120,3.636934863618778e-05,5.328373113011857,2.13107451480306,11.522356217258379,18.981803845073294
49140,3.638415700289632e-05,5.323153482611335,2.131038452901786,11.527720372843467,18.981912308356588
49160,3.639896536960487e-05,5.316825205774984,2.1321908583040563,11.533127304988717,18.982143369067757
49180,3.6413773736313415e-05,5.30432578376932,2.134852321821148,11.544082669989933,18.9832607755804
49200,3.6428582103021964e-05,5.300388227000779,2.135143698364532,11.547672805948158,18.98320473131347
49220,3.6443390469730507e-05,5.294756116204512,2.1353206254204564,11.553195715956603,18.98327245758157
49240,3.645819883643905e-05,5.290490430629004,2.1359177004581036,11.556946378041129,18.983354509128237
49260,3.64730072031476e-05,5.279965483414459,2.137204032841838,11.567084361686803,18.9842538779431
49280,3.648781556985614e-05,5.274517466578878,2.137615103765593,11.571696562268992,18.98382913261346
49300,3.650262393656469e-05,5.2663872573114645,2.1400849519844285,11.57745389420495,18.983926103500842
49320,3.651743230327323e-05,5.260193522869675,2.141437320712808,11.582981447070203,18.984612290652684
49340,3.653224066998178e-05,5.2560458198209625,2.1396934729975987,11.588822751385244,18.984562044203805
49360,3.6547049036690325e-05,5.247649785234493,2.142131949272362,11.59525533545529,18.985037069962146
49380,3.6561857403398874e-05,5.241703361416439,2.142367587122448,11.60109872221583,18.98516967075472
49400,3.6576665770107417e-05,5.234774685740014,2.1435609767012918,11.60703592076434,18.985371583205644
49420,3.659147413681596e-05,5.228728461074505,2.1449657813455776,11.612220294629072,18.985914537049155
49440,3.660628250352451e-05,5.222676003807927,2.144985063262138,11.618547653055707,18.986208720125774
49460,3.662109087023305e-05,5.217327777372777,2.144309063019684,11.62466912094165,18.98630596133411
49480,3.66358992369416e-05,5.209943010321123,2.1469848887057124,11.629690966891284,18.986618865918118
49500,3.665070760365014e-05,5.203300434991892,2.146335453554313,11.63710985521028,18.986745743756487
49520,3.666551597035869e-05,5.197556759959701,2.1468562134669695,11.642637790542622,18.987050763969293
49540,3.6680324337067235e-05,5.189107517815436,2.148215942952296,11.65007050543113,18.98739396619886
49560,3.669513270377578e-05,5.184254847833676,2.1477439319959912,11.655495428903285,18.987494208732954
49580,3.6709941070484327e-05,5.179184273315849,2.1480024254883947,11.660981832997983,18.988168531802227
49600,3.672474943719287e-05,5.172686470046263,2.150040940614999,11.666039594065563,18.988767004726824
49620,3.673955780390142e-05,5.166494825758257,2.150120567565571,11.672422874175368,18.989038267499197
49640,3.675436617060996e-05,5.162821569105317,2.1474895720666423,11.678184852209824,18.988495993381783
49660,3.676917453731851e-05,5.154820914299494,2.1511307675414857,11.683694870179577,18.989646552020556
49680,3.678398290402705e-05,5.1486607652773175,2.151039238440068,11.690392074148768,18.99009207786615
49700,3.67987912707356e-05,5.142766853961033,2.150842995311336,11.696435597648682,18.99004544692105
49720,3.6813599637444145e-05,5.1273787697374615,2.1525607290533144,11.712304911586052,18.992244410376827
49740,3.682840800415269e-05,5.123277933771108,2.153903023835277,11.714814881121171,18.991995838727554
49760,3.6843216370861237e-05,5.119993747949902,2.1526498467362503,11.718692500320246,18.9913360950064
49780,3.685802473756978e-05,5.11404640964349,2.1543986935723987,11.723354082280306,18.991799185496195
49800,3.687283310427833e-05,5.105262861007192,2.1563465685535266,11.730790939969252,18.99240036952997
49820,3.688764147098687e-05,5.099161702651793,2.155981229063611,11.737372963332497,18.9925158950479
49840,3.690244983769542e-05,5.093917669562501,2.1561510484745754,11.74282040328042,18.992889121317496
49860,3.691725820440396e-05,5.085893568321625,2.1582241451195108,11.749018829051154,18.99313654249229
49880,3.6932066571112505e-05,5.079937908034058,2.15834973544874,11.755468890438166,18.993756533920966
49900,3.6946874937821055e-05,5.072677000284612,2.159083920418604,11.76169667244969,18.993457593152904
49920,3.69616833045296e-05,5.063797859042113,2.161173712052984,11.768724974181797,18.993696545276894
49940,3.6976491671238147e-05,5.053274961554123,2.1619971381638656,11.779213371993423,18.99448547171141
49960,3.699130003794669e-05,5.049310845134296,2.163270812080031,11.782049366653744,18.994631023868074
49980,3.700610840465524e-05,5.041125009170006,2.1635663250179924,11.790239610844964,18.994930945032962
50000,3.702091677136378e-05,5.033542499164916,2.165581371977396,11.79584926540398,18.994973136546292
50020,3.703572513807233e-05,5.024147924898044,2.167242056785075,11.804494582717451,18.99588456440057
50040,3.705053350478087e-05,5.017703284346201,2.1678251419473584,11.80985113965613,18.99537956594969
50060,3.7065341871489415e-05,5.013306788406629,2.1666824279191266,11.815369789895346,18.9953590062211
50080,3.7080150238197965e-05,5.006594663444407,2.1681783380293704,11.821091511583198,18.995864513056976
50100,3.709495860490651e-05,4.999804433059131,2.169309975782219,11.827567597710715,18.996682006552064
50120,3.710976697161506e-05,4.9939214964265215,2.1681079352276558,11.83480541828009,18.996834849934267
50140,3.71245753383236e-05,4.98594786493411,2.170783495391705,11.840396918564721,18.997128278890536
50160,3.713938370503215e-05,4.98013037934127,2.1706283909382864,11.846569662297036,18.997328432576595
50180,3.715419207174069e-05,4.97396950649815,2.171883610919052,11.852189012563676,18.998042129980877
50200,3.716900043844924e-05,4.967905042193282,2.1715502772577127,11.858589284122761,18.998044603573756
50220,3.718380880515778e-05,4.962087266516655,2.170578032626264,11.865405440934403,18.998070740077324
50240,3.7198617171866325e-05,4.955046399613909,2.1728480326736515,11.870285529982507,18.99817996227007
50260,3.7213425538574875e-05,4.940995250849181,2.1746301810489146,11.883510586151433,18.999136018049526
50280,3.722823390528342e-05,4.936200042977537,2.1759589895677744,11.886764622765163,18.998923655310474
50300,3.724304227199197e-05,4.933312857765411,2.174777210251895,11.890739463887096,18.998829531904402
50320,3.725785063870051e-05,4.923100150541517,2.176240604731004,11.899656817412971,18.998997572685493
50340,3.727265900540906e-05,4.916890993092602,2.1770018824272404,11.90515920824978,18.999052083769623
50360,3.72874673721176e-05,4.91062908577256,2.177854371587369,11.910646816329852,18.99913027368978
50380,3.7302275738826144e-05,4.904598148100639,2.178978492591783,11.915856453508304,18.999433094200725
50400,3.731708410553469e-05,4.896693000790268,2.1808112314033985,11.92251641116341,19.000020643357075
50420,3.7331892472243235e-05,4.890041946118298,2.18010861560322,11.93030300221323,19.000453563934748
50440,3.7346700838951785e-05,4.8828505408099065,2.182521712915269,11.935220229398123,19.0005924831233
50460,3.736150920566033e-05,4.877031142579819,2.182961513237812,11.941091261258238,19.001083917075867
50480,3.737631757236888e-05,4.869638061760405,2.1832552681049253,11.94850882426252,19.001402154127852
50500,3.739112593907742e-05,4.86469821183304,2.1832836407613985,11.953215916546,19.00119776914044
50520,3.740593430578597e-05,4.855127845218907,2.184285105633783,11.962429545091963,19.00184249594465
50540,3.742074267249451e-05,4.848970002149133,2.1861824418345384,11.967527692029531,19.002680136013204
50560,3.7435551039203054e-05,4.843635223196463,2.185942668429869,11.973046832322765,19.002624723949097
50580,3.74503594059116e-05,4.833233595456195,2.185872650728995,11.984194046313792,19.003300292498984
50600,3.7465167772620145e-05,4.8261221570409685,2.188015016629967,11.989482866581064,19.003620040252
50620,3.7479976139328695e-05,4.822886390318275,2.1867652357244567,11.993808358640942,19.003459984683673
50640,3.749478450603724e-05,4.813422698776055,2.187416576460108,12.003469113762986,19.00430838899915
50660,3.750959287274579e-05,4.8117238954159305,2.1853975848295244,12.007138095041576,19.00425957528703
50680,3.752440123945433e-05,4.807848965502962,2.1850814234206295,12.011685999495626,19.004616388419215
50700,3.753920960616287e-05,4.799837469061368,2.1884490360857383,12.017459439656095,19.005745944803202
50720,3.755401797287142e-05,4.795111890464376,2.1878684468376504,12.023621011822465,19.00660134912449
50740,3.7568826339579964e-05,4.791620344136876,2.186377608416716,12.028913359738965,19.00691131229256
50760,3.758363470628851e-05,4.7862209496146555,2.186147391125355,12.034899804018155,19.007268144758164
50780,3.7598443072997055e-05,4.777852698896868,2.185144390434963,12.045115874159572,19.008112963491403
50800,3.7613251439705605e-05,4.773030800185591,2.1865642343543668,12.049064718631142,19.0086597531711
50820,3.762805980641415e-05,4.771268353722724,2.183171118558193,12.054403282680155,19.008842754961073
50840,3.76428681731227e-05,4.76764642339519,2.181646647803119,12.059998053395063,19.00929112459337
50860,3.765767653983124e-05,4.764564384879177,2.1802210149890655,12.064907139946271,19.009692539814516
50880,3.767248490653978e-05,4.758529836872708,2.178595366019645,12.073212183017198,19.01033738590955
50900,3.768729327324833e-05,4.753461537886853,2.1791189655484082,12.078194833071283,19.010775336506544
50920,3.7702101639956874e-05,4.749512477804622,2.178559535621639,12.083231844952916,19.01130385837918
50940,3.771691000666542e-05,4.747437756693937,2.1756623708564753,12.088681804126345,19.011781931676758
50960,3.7731718373373965e-05,4.743242295044393,2.174067089440684,12.094654103217259,19.011963487702335
50980,3.7746526740082515e-05,4.738026994197321,2.174754108246285,12.099821985603374,19.01260308804698
51000,3.776133510679106e-05,4.729134497827591,2.175931785032596,12.10873147160248,19.013797754462665
51020,3.77761434734996e-05,4.727444518399873,2.1728860211282197,12.113060766989957,19.01339130651805
51040,3.779095184020815e-05,4.7237455808444375,2.172060698504308,12.117796679653196,19.013602959001943
51060,3.780576020691669e-05,4.718056389846636,2.17285406030822,12.123872527895434,19.01478297805029
51080,3.782056857362524e-05,4.709350436153496,2.1720859329387863,12.134568744054645,19.016005113146928
51100,3.7835376940333784e-05,4.705861431297416,2.172729144687188,12.137931145035056,19.01652172101966
51120,3.785018530704233e-05,4.7017159209287716,2.171734128829793,12.14347477761971,19.016924827378276
51140,3.7864993673750875e-05,4.692809852400108,2.1720482474601597,12.153488198427363,19.018346298287632
51160,3.7879802040459425e-05,4.688050099632744,2.172175568493206,12.157895140708543,19.018120808834496
51180,3.789461040716797e-05,4.682546643624168,2.1723376565472012,12.162947016709536,19.017831316880905
51200,3.790941877387651e-05,4.675351336382642,2.174750245268512,12.168085344404254,19.018186926055407
51220,3.792422714058506e-05,4.662846900840153,2.1770205443662127,12.178323415402538,19.018190860608904
51240,3.79390355072936e-05,4.657610675710061,2.1760904631884586,12.183624473669235,19.017325612567756
51260,3.795384387400215e-05,4.648522437397389,2.179055521269282,12.189423581144203,19.017001539810874
51280,3.7968652240710694e-05,4.642541184049957,2.179593179594082,12.194610514991469,19.016744878635507
51300,3.798346060741924e-05,4.631866290507805,2.1823542721132543,12.202346289794665,19.016566852415725
51320,3.7998268974127785e-05,4.620361091021364,2.184734973743889,12.211805644094271,19.016901708859525
51340,3.801307734083633e-05,4.61471738460585,2.1856454072071307,12.21568435472261,19.01604714653559
51360,3.802788570754488e-05,4.60763269396147,2.1865946455741216,12.221721252084935,19.01594859162053
51380,3.804269407425342e-05,4.598827372178992,2.188548167170481,12.228907547083482,19.016283086432956
51400,3.805750244096197e-05,4.5917842513323865,2.191496507998796,12.233612781060973,19.016893540392154
51420,3.807231080767051e-05,4.582356313837524,2.1915709949087936,12.244088380163996,19.018015688910314
51440,3.808711917437906e-05,4.575500272793202,2.1957090997980133,12.24690473365099,19.018114106242205
51460,3.8101927541087604e-05,4.569201202931337,2.1984909708012275,12.251092173015552,19.018784346748117
51480,3.811673590779615e-05,4.564102016279552,2.1985833286052703,12.256477729160515,19.019163074045338
51500,3.8131544274504695e-05,4.557473408508808,2.1981264677995287,12.263713773363744,19.01931364967208
51520,3.814635264121324e-05,4.550901864021551,2.201024708692456,12.267845956884688,19.019772529598697
51540,3.816116100792179e-05,4.544650493308233,2.2020217156871555,12.273202748702424,19.019874957697812
51560,3.817596937463033e-05,4.53924619273144,2.2017967326597003,12.278214060533761,19.0192569859249
51580,3.819077774133888e-05,4.533431451063707,2.2022743093404795,12.283038789140107,19.018744549544294
51600,3.820558610804742e-05,4.525592700157381,2.2030534210487063,12.289345109878962,19.01799123108505
51620,3.822039447475597e-05,4.518474647401668,2.2048987403683498,12.294485917993555,19.017859305763572
51640,3.8235202841464514e-05,4.51646161969106,2.2022227913991284,12.298822236669379,19.017506647759568
51660,3.8250011208173056e-05,4.510789067678187,2.202487394788593,12.304162565482681,19.01743902794946
51680,3.8264819574881605e-05,4.503668892981829,2.2039164610794986,12.30981885064633,19.01740420470766
51700,3.827962794159015e-05,4.500246223322927,2.2023459442355144,12.314210100263379,19.01680226782182
51720,3.82944363082987e-05,4.492940365096459,2.202662062066911,12.321020609596163,19.016623036759533
51740,3.830924467500724e-05,4.489658629356357,2.201822208697422,12.325212571781377,19.016693409835156
51760,3.832405304171579e-05,4.485165568900674,2.201930329068014,12.32945213309644,19.016548031065128
51780,3.833886140842433e-05,4.479577604707126,2.2019069411268664,12.335049205551684,19.016533751385676
51800,3.835366977513288e-05,4.472580639289152,2.2034612928069093,12.340301070413624,19.016343002509686
51820,3.8368478141841424e-05,4.468781242916252,2.202369548972504,12.345235144008802,19.01638593589756
51840,3.8383286508549966e-05,4.465656946578459,2.20005085048256,12.350210196587309,19.01591799364833
51860,3.8398094875258515e-05,4.456154827316147,2.2019647628685,12.358665223571819,19.016784813756466
51880,3.841290324196706e-05,4.453733751231857,2.2019800634251845,12.360682996357173,19.016396811014214
51900,3.842771160867561e-05,4.445882177351575,2.202451303532423,12.368571180937836,19.016904661821833
51920,3.844251997538415e-05,4.441874285170099,2.201995720777594,12.373069326143373,19.016939332091066
51940,3.84573283420927e-05,4.43781618275486,2.2024876064389205,12.37732249771257,19.01762628690635
51960,3.847213670880124e-05,4.433566065743156,2.201772137224306,12.382685191154033,19.018023394121496
51980,3.8486945075509784e-05,4.428706677245197,2.2017111794665554,12.387899784429392,19.018317641141145
52000,3.8501753442218334e-05,4.423826757735626,2.2022259602873966,12.392449526807955,19.018502244830977
52020,3.8516561808926876e-05,4.417123003702275,2.2035874162318385,12.398328323783058,19.01903874371717
52040,3.8531370175635425e-05,4.411542291632522,2.203734139752928,12.404110174958813,19.019386606344263
52060,3.854617854234397e-05,4.405559668681582,2.204444894809778,12.409817306540067,19.01982187003143
52080,3.856098690905252e-05,4.400552522006604,2.2036836051936954,12.415479854880244,19.019715982080545
52100,3.857579527576106e-05,4.397190202694984,2.201962547890868,12.420694217994445,19.019846968580296
52120,3.859060364246961e-05,4.38819953097774,2.201812974803501,12.431670508948717,19.02168301472996
52140,3.860541200917815e-05,4.383535348931267,2.203348472091241,12.434544159975463,19.02142798099797
52160,3.8620220375886694e-05,4.37497970176071,2.2040253178055225,12.442893282454234,19.021898302020467
52180,3.8635028742595244e-05,4.3723952870862846,2.2039165670636423,12.446012650625496,19.022324504775423
52200,3.8649837109303786e-05,4.365009371839507,2.2048346184390124,12.45289052669097,19.02273451696949
52220,3.8664645476012335e-05,4.361768324757178,2.204172712809096,12.457192169148051,19.023133206714327
52240,3.867945384272088e-05,4.355907343879631,2.206150977876797,12.461580384689624,19.02363870644605
52260,3.869426220942943e-05,4.34976389566432,2.205233729390914,12.468799587151214,19.023797212206446
52280,3.870907057613797e-05,4.345316036309018,2.204453124854349,12.473990872537057,19.023760033700423
52300,3.872387894284651e-05,4.33973995629778,2.2040543585631682,12.480034699085826,19.023829013946774
52320,3.873868730955506e-05,4.331228368361131,2.206072818238404,12.486419137475472,19.023720324075008
52340,3.8753495676263604e-05,4.3236916919064905,2.205643408682174,12.494298673065996,19.02363377365466
52360,3.8768304042972154e-05,4.31801466220762,2.2059045388056746,12.499082773942975,19.02300197495627
52380,3.8783112409680696e-05,4.312316972214743,2.204669727063325,12.505940960855018,19.022927660133085
52400,3.8797920776389245e-05,4.306790917286064,2.2048690733302934,12.511051182054745,19.0227111726711
52420,3.881272914309779e-05,4.301838892263112,2.205440532154849,12.515732095394359,19.02301151981232
52440,3.882753750980634e-05,4.296590550110713,2.204552726511229,12.521920191814033,19.023063468435975
52460,3.884234587651488e-05,4.283595505407725,2.205887696387521,12.535016015015428,19.024499216810675
52480,3.885715424322342e-05,4.279730514559445,2.2056817346649145,12.53858544527294,19.023997694497297
52500,3.887196260993197e-05,4.274374475360947,2.2050807413485285,12.543869334509136,19.02332455121861
52520,3.8886770976640514e-05,4.268487935119116,2.2056305342748463,12.549388896164915,19.023507365558878
52540,3.8901579343349064e-05,4.264628769677915,2.205102854498608,12.554453439148253,19.024185063324776
52560,3.8916387710057606e-05,4.258398972768837,2.2050491068054683,12.56113392164902,19.024582001223326
52580,3.8931196076766155e-05,4.2531070470478625,2.2045745993673456,12.567298554269874,19.024980200685082
52600,3.89460044434747e-05,4.245101151265832,2.2053434606926374,12.574618739004524,19.025063350962995
52620,3.896081281018325e-05,4.238073843348923,2.2050769320414716,12.582726633679176,19.025877409069572
52640,3.897562117689179e-05,4.231255496603139,2.2055183853933675,12.589062594687897,19.025836476684404
52660,3.899042954360033e-05,4.227228951494151,2.2052775147660704,12.593041364848935,19.025547831109158
52680,3.900523791030888e-05,4.217517372105046,2.204048837774826,12.605055984223464,19.026622194103336
52700,3.9020046277017424e-05,4.210641524496163,2.205137133080812,12.61077334026284,19.026551997839814
52720,3.9034854643725974e-05,4.205086263552362,2.2056321773365952,12.615803485777693,19.02652192666665
52740,3.9049663010434516e-05,4.201619315091854,2.2032031629870334,12.62219328693705,19.02701576501594
52760,3.9064471377143066e-05,4.195059743372127,2.202610091442991,12.630328144892411,19.02799797970753
52780,3.907927974385161e-05,4.188706865546704,2.2042454802455635,12.634940456814329,19.027892802606598
52800,3.909408811056015e-05,4.184228215052838,2.2032303873917143,12.6406785970156,19.028137199460154
52820,3.91088964772687e-05,4.180047354835426,2.2008577243620473,12.647156518657763,19.028061597855235
52840,3.912370484397724e-05,4.171595454677379,2.2026831901973383,12.65413345070228,19.028412095576996
52860,3.913851321068579e-05,4.164648768725176,2.202949314476286,12.661075147954522,19.028673231155985
52880,3.9153321577394334e-05,4.1593066407173005,2.2012000007274257,12.66790198945147,19.028408630896195
52900,3.9168129944102884e-05,4.1541776825184495,2.201089519055882,12.673742719973552,19.029009921547882
52920,3.9182938310811426e-05,4.145851291379133,2.2020632449927158,12.681880046440357,19.029794582812205
52940,3.9197746677519976e-05,4.141360559556475,2.199841322766029,12.688219970338327,19.029421852660832
52960,3.921255504422852e-05,4.138677596995959,2.1971882219341135,12.693555169247926,19.029420988177996
52980,3.922736341093706e-05,4.130134116902253,2.1978506451680104,12.702305352183862,19.030290114254125
53000,3.924217177764561e-05,4.12658623984903,2.1966020680223646,12.707491391618934,19.030679699490328
53020,3.925698014435415e-05,4.122775109488678,2.195104476297115,12.713408226377583,19.031287812163377
53040,3.92717885110627e-05,4.112052859285409,2.1936772074225943,12.726472036830744,19.032202103538747
53060,3.9286596877771244e-05,4.107649564351664,2.1943884434280663,12.730003991687997,19.03204199946773
53080,3.9301405244479794e-05,4.106800397128292,2.1908964704795273,12.7348573536356,19.03255422124342
53100,3.9316213611188336e-05,4.104332612779018,2.188773965946915,12.740117258575225,19.033223837301158
53120,3.933102197789688e-05,4.099911596019963,2.1873325750345076,12.746148573275889,19.03339274433036
53140,3.934583034460543e-05,4.096084777907704,2.185962758696117,12.751771744186607,19.03381928079043
53160,3.936063871131397e-05,4.092268832765778,2.1839861515914536,12.758335272846288,19.03459025720352
53180,3.937544707802252e-05,4.080859927030456,2.1828931034716543,12.771070529416773,19.034823559918884
53200,3.939025544473106e-05,4.078328348699271,2.18176192272717,12.774895624588197,19.03498589601464
53220,3.940506381143961e-05,4.075524896925837,2.1793965887924345,12.780347788139727,19.035269273858
53240,3.9419872178148154e-05,4.072737544165999,2.177375481003782,12.785697189576691,19.035810214746473
53260,3.9434680544856704e-05,4.066168423569087,2.175241183573541,12.795016423633218,19.036426030775846
53280,3.9449488911565246e-05,4.06142617795,2.1741643151055685,12.800732996291224,19.036323489346792
53300,3.946429727827379e-05,4.056340783782432,2.1721990833494296,12.808745794373472,19.037285661505333
53320,3.947910564498234e-05,4.053867810724159,2.170427781192501,12.813261048556816,19.037556640473476
53340,3.949391401169088e-05,4.050135114101863,2.168612261308847,12.819136407610149,19.03788378302086
53360,3.950872237839943e-05,4.045952423299533,2.1658885120759304,12.826220325833432,19.038061261208895
53380,3.952353074510797e-05,4.041672502902583,2.164485919795412,12.83230202914718,19.038460451845175
53400,3.953833911181652e-05,4.026552827504655,2.1634180488975443,12.850759738186909,19.04073061458911
53420,3.9553147478525064e-05,4.023968958215001,2.163150349748983,12.853678718997417,19.0407980269614
53440,3.956795584523361e-05,4.021589370342438,2.162045274789033,12.856731619818666,19.040366264950137
53460,3.9582764211942156e-05,4.018014836701426,2.1601810258275718,12.861900604666026,19.040096467195024
53480,3.95975725786507e-05,4.012372109123898,2.1600384503123955,12.867875749527725,19.04028630896402
53500,3.961238094535925e-05,4.006927825850653,2.1586149474578114,12.875075704561882,19.040618477870346
53520,3.962718931206779e-05,3.9979654676068876,2.157213479842975,12.885967237681617,19.04114618513148
53540,3.964199767877634e-05,3.9907429117587965,2.1553893201320977,12.895217876468696,19.041350108359588
53560,3.965680604548488e-05,3.9876909858393086,2.154519697121906,12.898911181910275,19.041121864871492
53580,3.967161441219343e-05,3.982978748413292,2.154577164115694,12.904283454485752,19.041839367014738
53600,3.9686422778901974e-05,3.973458048754093,2.153411692593397,12.916298521634532,19.04316826298202
53620,3.970123114561052e-05,3.9696120421691967,2.152498302095991,12.920480126761312,19.0425904710265
53640,3.9716039512319066e-05,3.965689772195895,2.1514961126254053,12.9254808487547,19.042666733576
53660,3.973084787902761e-05,3.961037599369591,2.150588824189794,12.932099332443698,19.043725756003084
53680,3.974565624573616e-05,3.9549273170607018,2.149653549236938,12.94029155265523,19.04487241895287
53700,3.97604646124447e-05,3.946957948261955,2.15113586153082,12.947317632902173,19.04541144269495
53720,3.977527297915325e-05,3.943060451453025,2.1491620539454224,12.952998896091659,19.045221401490107
53740,3.979008134586179e-05,3.9367756758618713,2.149452108374855,12.959547348634802,19.045775132871526
53760,3.9804889712570335e-05,3.932811617389065,2.1467459299239033,12.966216221812727,19.045773769125695
53780,3.9819698079278884e-05,3.928146302307525,2.145644459793712,12.972706672570702,19.046497434671938
53800,3.983450644598743e-05,3.92272842222671,2.1455722769635526,12.978908021107786,19.04720872029805
53820,3.9849314812695976e-05,3.9194943833552345,2.142412278396677,12.985460818294118,19.04736748004603
53840,3.986412317940452e-05,3.912725445902348,2.1424319018792652,12.992568668959368,19.04772601674098
53860,3.987893154611307e-05,3.908354660151716,2.1428536706553016,12.99711016789733,19.048318498704347
53880,3.989373991282161e-05,3.8979994027625553,2.139861012666953,13.011532901524527,19.049393316954035
53900,3.990854827953016e-05,3.891563075824701,2.1397498480679014,13.01796078524581,19.04927370913841
53920,3.99233566462387e-05,3.8894895732913897,2.1384718948991797,13.021754246524306,19.049715714714875
53940,3.9938165012947245e-05,3.8855889599161992,2.137752288029656,13.027011247789655,19.05035249573551
53960,3.9952973379655794e-05,3.881013941352217,2.135690016201285,13.034434160366983,19.051138117920484
53980,3.996778174636434e-05,3.8765607964870004,2.1351412665991667,13.039585628179754,19.05128769126592
54000,3.9982590113072886e-05,3.8712193013266014,2.1338480546589347,13.04676872050564,19.051836076491178
54020,3.999739847978143e-05,3.867482293015896,2.1319828252276944,13.052657603329127,19.052122721572715
54040,4.001220684648998e-05,3.862039061281386,2.13255355467817,13.05831000646633,19.052902622425886
54060,4.002701521319852e-05,3.856354448895328,2.1299378363966692,13.067357269835561,19.053649555127556
54080,4.004182357990706e-05,3.8524249551927543,2.129409165821624,13.072026145254688,19.053860266269066
54100,4.005663194661561e-05,3.84775492325417,2.1276367759776336,13.079788299216341,19.055179998448146
54120,4.0071440313324155e-05,3.842945700808732,2.1271580631267533,13.084946022119443,19.05504978605493
54140,4.0086248680032704e-05,3.8405560207316594,2.1242129892504544,13.090450170236325,19.055219180218437
54160,4.010105704674125e-05,3.833596647857148,2.125846073342754,13.096767877941481,19.056210599141384
54180,4.0115865413449796e-05,3.8213165503548208,2.124489464517101,13.111023961946964,19.056829976818886
54200,4.013067378015834e-05,3.8177403387028295,2.1235797374167222,13.116048102697526,19.05736817881708
54220,4.014548214686689e-05,3.8154593261269647,2.1226089984875935,13.120027860311371,19.05809618492593
54240,4.016029051357543e-05,3.8103206056390744,2.1232082758278485,13.12564891359982,19.059177795066745
54260,4.017509888028397e-05,3.808453978183219,2.1203286827446184,13.130566857825977,19.059349518753812
54280,4.018990724699252e-05,3.7968339057286875,2.1198503530256723,13.144536423179249,19.06122068193361
54300,4.0204715613701065e-05,3.794754303591141,2.1189568883189445,13.147315450902648,19.061026642812735
54320,4.0219523980409614e-05,3.791260646364277,2.1164289287770495,13.153037232083623,19.06072680722495
54340,4.023433234711816e-05,3.7857553229945498,2.1159616961380654,13.159914153899809,19.061631173032424
54360,4.0249140713826706e-05,3.7793592253843262,2.1157220970232493,13.166137215618576,19.061218538026154
54380,4.026394908053525e-05,3.7770431039499495,2.113034510245282,13.171401443808211,19.061479058003442
54400,4.027875744724379e-05,3.76742171440342,2.115413176669763,13.180479929352758,19.06331482042594
54420,4.029356581395234e-05,3.7647359852378286,2.112665841597783,13.186113646334698,19.06351547317031
54440,4.030837418066088e-05,3.7573651576132634,2.111817935413584,13.195830508999427,19.065013602026276
54460,4.032318254736943e-05,3.7534808537849127,2.1110190923016834,13.199797467030384,19.064297413116982
54480,4.0337990914077975e-05,3.749008559096695,2.110227568708088,13.205424701246892,19.064660829051675
54500,4.0352799280786524e-05,3.744411814781689,2.1099350158319243,13.211513142956177,19.06585997356979
54520,4.036760764749507e-05,3.7396683187452116,2.1100574408032853,13.216839507091127,19.06656526663962
54540,4.0382416014203616e-05,3.734144665510252,2.108620721947836,13.223631809462034,19.06639719692012
54560,4.039722438091216e-05,3.7250348215964846,2.10820278073541,13.233583245106162,19.06682084743806
54580,4.04120327476207e-05,3.721252121893186,2.107048235843266,13.237797185806393,19.066097543542845
54600,4.042684111432925e-05,3.717266705557096,2.10559625281889,13.242922564271542,19.065785522647527
54620,4.044164948103779e-05,3.7108958911386543,2.1056362274119924,13.249809198150043,19.06634131670069
54640,4.045645784774634e-05,3.707374310481268,2.1046093604561857,13.25433477891585,19.066318449853302
54660,4.0471266214454885e-05,3.6999398939187595,2.1051108468436164,13.262044926709443,19.06709566747182
54680,4.0486074581163434e-05,3.6960797155148244,2.103187360042224,13.267625988884422,19.066893064441473
54700,4.050088294787198e-05,3.692545609179956,2.1015839624875086,13.272772821570385,19.06690239323785
54720,4.0515691314580526e-05,3.6849024687861007,2.1003653256636374,13.282250103864223,19.067517898313962
54740,4.053049968128907e-05,3.6797043636280464,2.1001582694683223,13.28741123251326,19.06727386560963
54760,4.054530804799761e-05,3.6772460406114265,2.098022182856528,13.292139181532669,19.067407405000623
54780,4.056011641470616e-05,3.6733268908267784,2.0964920667350806,13.298019099731338,19.067838057293198
54800,4.05749247814147e-05,3.6676687403752513,2.096961012304136,13.304255934344827,19.068885687024213
54820,4.058973314812325e-05,3.664001676270382,2.0957996254121998,13.309410353970696,19.069211655653277
54840,4.0604541514831795e-05,3.6597577797498397,2.0928333230659635,13.316434116800563,19.069025219616364
54860,4.0619349881540344e-05,3.6557539992149217,2.091846319674322,13.321890535018154,19.069490853907396
54880,4.063415824824889e-05,3.65456909704144,2.0917218309127454,13.323839288672962,19.07013021662715
54900,4.064896661495743e-05,3.6432166732505777,2.0898851031755155,13.3383100463905,19.071411822816593
54920,4.066377498166598e-05,3.6414534050905125,2.0872292147967753,13.342545629581785,19.071228249469073
54940,4.067858334837452e-05,3.638956998143486,2.0862986354489914,13.34592741405929,19.071183047651765
54960,4.069339171508307e-05,3.6356465058176166,2.0841105571093226,13.352155089969639,19.07191215289658
54980,4.070820008179161e-05,3.6249841036034915,2.0843943409152006,13.363622470586503,19.073000915105194
55000,4.072300844850016e-05,3.6226643336263438,2.082742087234493,13.366510699799719,19.071917120660554
55020,4.0737816815208705e-05,3.6207388279347157,2.0816412677056326,13.369602926487321,19.071983022127668
55040,4.0752625181917254e-05,3.610326042561485,2.0811438230718937,13.382736927525368,19.074206793158748
55060,4.07674335486258e-05,3.607609241787464,2.0808934238299517,13.385209907355565,19.07371257297298
55080,4.078224191533434e-05,3.6024212475722504,2.078182310891035,13.39315937813406,19.073762936597348
55100,4.079705028204289e-05,3.59790382254067,2.0796107707926845,13.396678437635623,19.074193030968978
55120,4.081185864875143e-05,3.5938047704203018,2.079632458356692,13.40103109344571,19.074468322222703
55140,4.082666701545998e-05,3.5897451543100756,2.078654356948786,13.406299757910013,19.074699269168875
55160,4.084147538216852e-05,3.5818200375405707,2.077214166297353,13.415463888299428,19.07449809213735
55180,4.085628374887707e-05,3.5763725906052803,2.0785740886336335,13.4194554110991,19.074402090338015
55200,4.0871092115585615e-05,3.573044975909447,2.077625551319011,13.424203035870114,19.07487356309857
55220,4.088590048229416e-05,3.562039070303829,2.0784782129217625,13.436736100166138,19.077253383391728
55240,4.090070884900271e-05,3.5612366430222235,2.077112073375675,13.438696905426266,19.077045621824162
55260,4.091551721571125e-05,3.5601032708757834,2.077070981783808,13.439888516918128,19.07706276957772
55280,4.09303255824198e-05,3.547364436754593,2.075228085099679,13.456327142747005,19.078919664601276
55300,4.094513394912834e-05,3.5423621739060493,2.077658352822631,13.45892812742782,19.0789486541565
55320,4.095994231583689e-05,3.5367513307628617,2.0753652100199456,13.467227321585577,19.079343862368383
55340,4.097475068254543e-05,3.5275819051987822,2.076009342492844,13.47636148812525,19.079952735816875
55360,4.098955904925398e-05,3.524759980910007,2.0747378979569664,13.480382980556929,19.079880859423902
55380,4.1004367415962525e-05,3.520830429674209,2.073847500012799,13.485549013822675,19.080226943509683
55400,4.101917578267107e-05,3.5168463355602038,2.074093822083834,13.49056341771388,19.081503575357917
55420,4.103398414937962e-05,3.512260705312125,2.0744547938846862,13.495385540495214,19.082101039692027
55440,4.104879251608816e-05,3.50912108638585,2.0731539567177544,13.501145956299963,19.083420999403568
55460,4.106360088279671e-05,3.5047671225326766,2.071015281573033,13.507776224921255,19.083558629026964
55480,4.107840924950525e-05,3.5003071215352555,2.070603528439405,13.513005923806977,19.083916573781636
55500,4.10932176162138e-05,3.494453820946302,2.070711544769683,13.519678671991947,19.08484403770793
55520,4.110802598292234e-05,3.4903747237281353,2.0691522249133762,13.525742974207073,19.085269922848585
55540,4.1122834349630886e-05,3.486256655004576,2.0684161814703366,13.531191991532845,19.085864828007757
55560,4.1137642716339435e-05,3.4795934733479656,2.0658759130567375,13.540989260646857,19.086458647051558
55580,4.115245108304798e-05,3.477643871210677,2.063400934497947,13.545104863471463,19.086149669180088
55600,4.116725944975653e-05,3.4733174864631775,2.0615534097984445,13.551806335591477,19.0866772318531
55620,4.118206781646507e-05,3.4682193359602547,2.0614574727130206,13.557713725522564,19.08739053419584
55640,4.119687618317362e-05,3.4623258721297043,2.060985543051166,13.565132397973194,19.088443813154065
55660,4.121168454988216e-05,3.4591444958237596,2.059528329727614,13.570078790565118,19.08875161611649
55680,4.122649291659071e-05,3.451848367839954,2.057197078556527,13.580916954574608,19.08996240097109
55700,4.124130128329925e-05,3.449662585208897,2.0564806989542137,13.584486003943628,19.09062928810674
55720,4.1256109650007796e-05,3.4485554175939304,2.05375471354452,13.588993067237034,19.091303198375485
55740,4.1270918016716345e-05,3.4420616470264354,2.0535617112458273,13.596915378240881,19.092538736513145
55760,4.128572638342489e-05,3.4375522303950508,2.0531016878295167,13.602320593563839,19.092974511788405
55780,4.130053475013344e-05,3.4363426985510808,2.0497320633709255,13.607090764058684,19.09316552598069
55800,4.131534311684198e-05,3.432818390128578,2.0484113628601346,13.612941797314914,19.094171550303628
55820,4.133015148355053e-05,3.430320342645437,2.04749791258221,13.6167245491639,19.094542804391548
55840,4.134495985025907e-05,3.4236184148977946,2.044647066730738,13.626684538756004,19.094950020384537
55860,4.1359768216967614e-05,3.4198604502656336,2.042211288576529,13.631922792119559,19.093994530961723
55880,4.137457658367616e-05,3.4161420284433968,2.0406251512322804,13.637273329529878,19.094040509205556
55900,4.1389384950384706e-05,3.4082725068260995,2.0410406500201352,13.64581803614904,19.095131192995275
55920,4.1404193317093255e-05,3.4049188543496975,2.039769295572091,13.650130026770174,19.094818176691962
55940,4.14190016838018e-05,3.399391741690178,2.038283211011417,13.657426886663888,19.095101839365483
55960,4.143381005051035e-05,3.3962943018369227,2.036359235595415,13.66200864969116,19.094662187123497
55980,4.144861841721889e-05,3.3898783409468125,2.036471326404055,13.669776366397066,19.096126033747936
56000,4.146342678392744e-05,3.3831304614336704,2.037348364247718,13.675586817181408,19.096065642862797
56020,4.147823515063598e-05,3.380950135333947,2.034363660259494,13.680385380473599,19.09569917606704
56040,4.1493043517344524e-05,3.3771920280046617,2.0333666444263425,13.68597740900745,19.096536081438455
56060,4.150785188405307e-05,3.3748849935136875,2.0308731994194327,13.691377041219088,19.09713523415221
56080,4.1522660250761616e-05,3.370417798232058,2.032558876581104,13.695241440320006,19.098218115133168
56100,4.1537468617470165e-05,3.3614079461004596,2.030732755956295,13.70740866336764,19.099549365424394
56120,4.155227698417871e-05,3.357541618365542,2.030965202311211,13.711170870454595,19.099677691131348
56140,4.156708535088726e-05,3.3524207816302205,2.0302590328818195,13.717458758006622,19.10013857251866
56160,4.15818937175958e-05,3.3466460593462974,2.0310526070577644,13.72277155747078,19.100470223874844
56180,4.159670208430434e-05,3.34380898499741,2.028415220891135,13.728268627028209,19.100492832916753
56200,4.161151045101289e-05,3.3362589306185964,2.028822203201566,13.736111602961808,19.101192736781968
56220,4.1626318817721434e-05,3.3295430641012973,2.0288116119446125,13.74334643737304,19.101701113418947
56240,4.164112718442998e-05,3.32626922290107,2.0266844438745863,13.748312505115297,19.101266171890956
56260,4.1655935551138526e-05,3.320970017774573,2.027834910663533,13.752972916471585,19.10177784490969
56280,4.1670743917847075e-05,3.317502621777663,2.025814219981609,13.758498311099627,19.101815152858897
56300,4.168555228455562e-05,3.311654990166837,2.026105810468119,13.764901987940503,19.102662788575458
56320,4.170036065126417e-05,3.307820864860811,2.024321911861941,13.770557098639857,19.10269987536261
56340,4.171516901797271e-05,3.301899759933968,2.023558078173347,13.777237843334014,19.10269568144133
56360,4.172997738468125e-05,3.2962971748244474,2.022551080212799,13.783416499001401,19.102264754038647
56380,4.17447857513898e-05,3.29265792817523,2.0210255066205165,13.788739222322786,19.10242265711853
56400,4.1759594118098344e-05,3.2846525780865017,2.0199801823222634,13.797929102727943,19.102561863136707
56420,4.177440248480689e-05,3.2803547904294246,2.0197245481692105,13.802816976643056,19.102896315241694
56440,4.1789210851515436e-05,3.2718567375165577,2.017109726422565,13.81606905376831,19.10503551770743
56460,4.1804019218223985e-05,3.2683513517178437,2.0178932033709938,13.81872977976316,19.104974334851995
56480,4.181882758493253e-05,3.2642450618791354,2.0162120375999955,13.825274913224774,19.105732012703903
56500,4.183363595164107e-05,3.261555436211394,2.0143085834404824,13.829868884452177,19.105732904104052
56520,4.184844431834962e-05,3.256981202952888,2.013495977690445,13.835766170516028,19.10624335115936
56540,4.186325268505816e-05,3.251425098692784,2.0130059577657318,13.842843646821898,19.107274703280414
56560,4.187806105176671e-05,3.2485316018415453,2.0100327656852612,13.848127655905893,19.1066920234327
56580,4.1892869418475254e-05,3.2441501918797653,2.008021473973856,13.854838443576526,19.10701010943015
56600,4.19076777851838e-05,3.2408635367566694,2.0058772674393452,13.860157166581596,19.10689797077761
56620,4.1922486151892346e-05,3.23487418081835,2.004763805406831,13.867941614306108,19.107579600531288
56640,4.1937294518600895e-05,3.2317969429097606,2.003474140878867,13.872385865191273,19.1076569489799
56660,4.195210288530944e-05,3.2252342249553347,2.002923656761469,13.880324727491109,19.10848260920791
56680,4.196691125201798e-05,3.2222301371766298,2.0005997873610695,13.885420805921198,19.1082507304589
56700,4.198171961872653e-05,3.2148349598778525,1.9988623907330252,13.895335814015752,19.10903316462663
56720,4.199652798543507e-05,3.2107333702244647,1.9969668520882258,13.9017094374423,19.109409659754988
56740,4.201133635214362e-05,3.206261644544402,1.9967332903569277,13.906501300453076,19.109496235354406
56760,4.2026144718852164e-05,3.2025650356100757,1.994731542696351,13.912991137407568,19.110287715713994
56780,4.204095308556071e-05,3.198013011643156,1.9936984184474127,13.91913119540602,19.110842625496588
56800,4.2055761452269256e-05,3.192381737531549,1.9913491799357246,13.928130916659457,19.11186183412673
56820,4.20705698189778e-05,3.188165488462086,1.9899958040403851,13.93339705740405,19.111558349906524
56840,4.208537818568635e-05,3.1822106666415593,1.9901189407077389,13.94012201773498,19.11245162508428
56860,4.210018655239489e-05,3.178983033853453,1.987792741268489,13.945726358327207,19.112502133449148
56880,4.211499491910344e-05,3.1704379244597893,1.9862609730052037,13.955973081011786,19.11267197847678
56900,4.212980328581198e-05,3.1656829570999703,1.9850879372550323,13.962632987005804,19.113403881360806
56920,4.214461165252053e-05,3.1632389914194823,1.9828871570007156,13.96707740290622,19.113203551326418
56940,4.2159420019229074e-05,3.1582673302183006,1.9822068531664785,13.97349981536063,19.113973998745408
56960,4.217422838593762e-05,3.153576818819545,1.9798631188990548,13.981177656358572,19.11461759407717
56980,4.2189036752646166e-05,3.141648923142522,1.9787467744869764,13.996409830800108,19.116805528429605
57000,4.220384511935471e-05,3.1379194216117074,1.9792125342530715,13.998680326699851,19.11581228256463
57020,4.221865348606326e-05,3.1356703514873425,1.9767034808631856,14.00298424304701,19.115358075397538
57040,4.22334618527718e-05,3.132780211975475,1.9748792769092023,14.008047146549352,19.11570663543403
57060,4.224827021948035e-05,3.1234316453042634,1.9752155659595296,14.018072888852224,19.116720100116016
57080,4.226307858618889e-05,3.1191906429301257,1.9739646092655416,14.023994369105315,19.11714962130098
57100,4.227788695289744e-05,3.1165779204591852,1.972075154707656,14.028890469390928,19.11754354455777
57120,4.2292695319605984e-05,3.1139779303310497,1.9692174051628075,14.034890344616473,19.11808568011033
57140,4.230750368631453e-05,3.1082161431009108,1.9691207761861813,14.041302118604177,19.11863903789127
57160,4.2322312053023076e-05,3.099081110269264,1.96871996086515,14.051740001583035,19.11954107271745
57180,4.233712041973162e-05,3.0955022916294896,1.966911157780211,14.057578746012117,19.11999219542182
57200,4.235192878644017e-05,3.091184939185055,1.9659336009200916,14.06333767727105,19.120456217376198
57220,4.236673715314871e-05,3.0877294304237246,1.9639790826269397,14.06897156624929,19.120680079299955
57240,4.238154551985726e-05,3.081348097603996,1.963387124099979,14.077069496411525,19.1218047181155
57260,4.23963538865658e-05,3.0764960891441024,1.9623828355281434,14.082989423392405,19.121868348064652
57280,4.241116225327435e-05,3.0661095103497145,1.9620022218863797,14.095485158455816,19.12359689069191
57300,4.2425970619982894e-05,3.063042693868116,1.961922508829265,14.09889274163892,19.1238579443363
57320,4.2440778986691436e-05,3.058946046888225,1.9613251060054337,14.103686775509395,19.123957928403055
57340,4.2455587353399986e-05,3.0525997981759496,1.9605790371113299,14.111624679662508,19.12480351494979
57360,4.247039572010853e-05,3.0472403824563927,1.9595466134401462,14.11804819334427,19.12483518924081
57380,4.248520408681708e-05,3.0415711104453202,1.9600396433224574,14.123949486282061,19.12556024004984
57400,4.250001245352562e-05,3.0378322055435327,1.9582565043265723,14.129981174047426,19.12606988391753
57420,4.251482082023417e-05,3.0316953584776805,1.9584453554610022,14.136770946405457,19.126911660344142
57440,4.252962918694271e-05,3.022844182885353,1.955811837981616,14.150841473596312,19.12949749446328
57460,4.254443755365126e-05,3.0197186910017195,1.956519874992898,14.1531382444683,19.12937681046292
57480,4.2559245920359804e-05,3.016077785111179,1.955373158717078,14.15745694053162,19.128907884359876
57500,4.2574054287068346e-05,3.0097148696743377,1.9560683821147307,14.16426219181792,19.13004544360699
57520,4.2588862653776896e-05,3.005893554707546,1.9545707087114481,14.16946848666244,19.129932750081434
57540,4.260367102048544e-05,2.999900761240778,1.955595943529108,14.17527009519899,19.130766799968875
57560,4.261847938719399e-05,2.9961249540033,1.9534576050142658,14.182117234098047,19.131699793115615
57580,4.263328775390253e-05,2.993233957001212,1.95091129171349,14.187586740954972,19.131731989669674
57600,4.264809612061108e-05,2.989308179572971,1.949471817900414,14.193905019843989,19.132685017317375
57620,4.266290448731962e-05,2.9838664252073572,1.949187402784466,14.200352513483686,19.13340634147551
57640,4.2677712854028165e-05,2.981616964149733,1.9456466274044262,14.206346553842717,19.133610145396876
57660,4.2692521220736714e-05,2.970634031186071,1.9458834199043578,14.21804583275053,19.134563283840958
57680,4.2707329587445256e-05,2.968043798288,1.9440809126637522,14.222635204388329,19.13475991534008
57700,4.2722137954153806e-05,2.9617978509903917,1.9435702629960734,14.230126027729069,19.135494141715533
57720,4.273694632086235e-05,2.9600189297333115,1.9400586221308034,14.235328949799346,19.13540650166346
57740,4.27517546875709e-05,2.953613101535288,1.9399731139744316,14.242951239096573,19.13653745460629
57760,4.276656305427944e-05,2.951161068516883,1.9379452672388044,14.247996194969588,19.137102530725276
57780,4.278137142098799e-05,2.946374025955297,1.9377123779222947,14.254315773853364,19.138402177730956
57800,4.279617978769653e-05,2.9419854080434713,1.936575608701841,14.260417086646171,19.138978103391484
57820,4.2810988154405075e-05,2.9327980505137408,1.9344553842548118,14.273552026048035,19.140805460816587
57840,4.2825796521113624e-05,2.9296265023824652,1.933105633170595,14.278154381608637,19.140886517161697
57860,4.2840604887822166e-05,2.9271764420164486,1.9310563494194086,14.283071077429556,19.141303868865414
57880,4.2855413254530716e-05,2.925103146483713,1.9290492540967752,14.287659116703953,19.14181151728444
57900,4.287022162123926e-05,2.914699192903125,1.9315764399523307,14.297439789336766,19.143715422192223
57920,4.288502998794781e-05,2.9128378997906155,1.9277964246482597,14.30242329334002,19.143057617778894
57940,4.289983835465635e-05,2.9107382679262113,1.92475597260186,14.307435608991774,19.142929849519845
57960,4.291464672136489e-05,2.9066223072719355,1.92354703433069,14.313383716619562,19.14355305822219
57980,4.292945508807344e-05,2.90037662160068,1.923188009966072,14.321325984258781,19.14489061582553
58000,4.2944263454781985e-05,2.8980113449127076,1.9232213075070757,14.32418898192678,19.14542163434656
58020,4.2959071821490534e-05,2.8891119996430286,1.9206642553046944,14.337468133953127,19.14724438890085
58040,4.2973880188199076e-05,2.884079484967046,1.9194231619077422,14.344160874754964,19.147663521629752
58060,4.2988688554907626e-05,2.8800653709105632,1.9185979086212768,14.348969321043803,19.147632600575644
58080,4.300349692161617e-05,2.877063923469925,1.9160442486251734,14.355019034886759,19.148127206981858
58100,4.301830528832472e-05,2.8727591119238207,1.914763078882218,14.36116944388053,19.14869163468657
58120,4.303311365503326e-05,2.8689456321020117,1.9137694239607328,14.366801152697498,19.149516208760243
58140,4.30479220217418e-05,2.8625903756371214,1.9130772369418507,14.374569899120425,19.150237511699398
58160,4.306273038845035e-05,2.8571973963396204,1.9121527186800147,14.380941870781479,19.150291985801115
58180,4.3077538755158895e-05,2.8559054879751984,1.9080825840817641,14.386535225491397,19.15052329754836
58200,4.3092347121867444e-05,2.848211929171705,1.9099863016197811,14.392912184262268,19.151110415053754
58220,4.3107155488575986e-05,2.8389207757409443,1.9086299097160109,14.404255444141885,19.15180612959884
58240,4.3121963855284536e-05,2.834275202744755,1.9085257831320082,14.409422756920026,19.15222374279679
58260,4.313677222199308e-05,2.829509401501741,1.9054367410210222,14.417380452672933,19.152326595195696
58280,4.315158058870162e-05,2.8251757398007027,1.9046682558427948,14.422768063441897,19.152612059085392
58300,4.316638895541017e-05,2.8184319467126766,1.9062972444846045,14.429243929937789,19.15397312113507
58320,4.318119732211871e-05,2.815698213944996,1.905635706869431,14.432925435440536,19.15425935625496
58340,4.319600568882726e-05,2.8056683334240375,1.9050529531434215,14.446189603530092,19.15691089009755
58360,4.3210814055535805e-05,2.802786013811461,1.9031523427323715,14.45032332823828,19.156261684782113
58380,4.3225622422244354e-05,2.8007437230680035,1.9005537879380436,14.454868953399338,19.156166464405384
58400,4.3240430788952897e-05,2.794486826077065,1.9005207931592742,14.462574864864855,19.157582484101194
58420,4.3255239155661446e-05,2.7897844139711685,1.9009597014198667,14.467346143784104,19.15809025917514
58440,4.327004752236999e-05,2.7838063997290643,1.9012261780359883,14.473472212999889,19.15850479076494
58460,4.328485588907853e-05,2.781205240362315,1.8973211194898847,14.479771066852953,19.158297426705154
58480,4.329966425578708e-05,2.7770957920748662,1.8955001941245837,14.485256663143328,19.15785264934278
58500,4.331447262249562e-05,2.773390038315136,1.8943696668584713,14.4912405292653,19.159000234438906
58520,4.332928098920417e-05,2.766894508678079,1.8937407859083177,14.498595358269837,19.159230652856234
58540,4.3344089355912715e-05,2.763075224076095,1.8923444372000877,14.504308908070334,19.159728569346516
58560,4.3358897722621264e-05,2.756314072243269,1.892928264462676,14.510727630529583,19.15996996723553
58580,4.3373706089329807e-05,2.7515221473863822,1.8931531728229074,14.515883853509134,19.160559173718426
58600,4.338851445603835e-05,2.7458663385810986,1.889204469463333,14.526216942149233,19.161287750193665
58620,4.34033228227469e-05,2.7395966428015757,1.8905581793289705,14.531777963529258,19.161932785659804
58640,4.341813118945544e-05,2.73450371460211,1.8899151494485538,14.537747887225093,19.162166751275755
58660,4.343293955616399e-05,2.727672409669914,1.891504618376028,14.54344204602852,19.162619074074463
58680,4.344774792287253e-05,2.7227948928701116,1.8912542614016408,14.549491249454583,19.163540403726337
58700,4.346255628958108e-05,2.719242917242027,1.8883887888256081,14.556121942363504,19.16375364843114
58720,4.3477364656289625e-05,2.7140298654309816,1.889152750532613,14.561107382873569,19.164289998837162
58740,4.3492173022998174e-05,2.7031528055047542,1.8865426494948923,14.575813194344981,19.165508649344627
58760,4.3506981389706717e-05,2.699820558213884,1.8870310900490017,14.57861666372227,19.165468311985155
58780,4.352178975641526e-05,2.6975505977238536,1.8858311174779934,14.582617120683881,19.16599883588573
58800,4.353659812312381e-05,2.692855836739802,1.8856509351062316,14.588346057431915,19.16685282927795
58820,4.355140648983235e-05,2.6846579041719107,1.8851077715967641,14.598546871050182,19.168312546818857
58840,4.35662148565409e-05,2.679578263412793,1.8853398963039343,14.602976795856671,19.1678949555734
58860,4.358102322324944e-05,2.6743046946595905,1.8864020426177182,14.608332623762108,19.169039361039417
58880,4.359583158995799e-05,2.6686832833559118,1.886516075182568,14.614819738945215,19.170019097483696
58900,4.3610639956666535e-05,2.6632379449147514,1.887812118912915,14.619669118582017,19.170719182409684
58920,4.362544832337508e-05,2.657778259834811,1.8875827029020014,14.625994572370727,19.17135553510754
58940,4.3640256690083627e-05,2.6526501610360804,1.8868740250489981,14.63233919511693,19.17186338120201
58960,4.365506505679217e-05,2.6426690136391766,1.8888179871020248,14.641558289081736,19.173045289822937
58980,4.366987342350072e-05,2.639336834908172,1.8869684683254875,14.646841945490854,19.17314724872451
59000,4.368468179020926e-05,2.6315103637744777,1.8887730768639246,14.653650187986056,19.173933628624457
59020,4.369949015691781e-05,2.628320226529922,1.8878225660081756,14.658359903283113,19.17450269582121
59040,4.371429852362635e-05,2.623011679633321,1.8876062192889556,14.664016342423004,19.17463424134528
59060,4.37291068903349e-05,2.616577088625919,1.8872669423854362,14.670898265527672,19.174742296539026
59080,4.3743915257043445e-05,2.6088289897377472,1.8913307274946543,14.67605739434181,19.17621711157421
59100,4.375872362375199e-05,2.604018777566121,1.8902363287656068,14.682545722239475,19.176800828571203
59120,4.3773531990460537e-05,2.598172807012409,1.889580561863179,14.68923191208298,19.17698528095857
59140,4.378834035716908e-05,2.5925016317152023,1.8903260608540977,14.694264994329766,19.177092686899066
59160,4.380314872387763e-05,2.587277453081171,1.8897480102938007,14.700343103844588,19.17736856721956
59180,4.381795709058617e-05,2.5808164179806337,1.8900012858758684,14.706713080159918,19.17753078401642
59200,4.383276545729472e-05,2.5726077056048284,1.8915161710680937,14.714953353910614,19.179077230583538
59220,4.384757382400326e-05,2.5664456666685043,1.8922162980511645,14.720314144763876,19.178976109483543
59240,4.386238219071181e-05,2.559370889702698,1.894116373638933,14.726047748592485,19.179535011934117
59260,4.3877190557420355e-05,2.55401504468771,1.8950153738230522,14.73111542311604,19.180145841626803
59280,4.38919989241289e-05,2.54859010695316,1.8951339633260436,14.736801781527067,19.18052585180627
59300,4.3906807290837447e-05,2.5368176184935214,1.8963766605196533,14.749825833345815,19.18302011235899
59320,4.392161565754599e-05,2.5323888005876287,1.8980397015526331,14.752489677917547,19.182918180057808
59340,4.393642402425454e-05,2.5289590668935955,1.8976503360271182,14.756158406209185,19.1827678091299
59360,4.395123239096308e-05,2.5184911396873604,1.8998549899934865,14.767178334051128,19.185524463731973
59380,4.396604075767163e-05,2.513366237108878,1.9019194208201706,14.770349082257558,19.185634740186607
59400,4.398084912438017e-05,2.50868378520209,1.9020954543567479,14.775159944046361,19.1859391836052
59420,4.3995657491088715e-05,2.503356266168092,1.901075192246368,14.781961279255531,19.18639273766999
59440,4.4010465857797265e-05,2.4960097858805947,1.9040400677775728,14.787125016842577,19.187174870500744
59460,4.402527422450581e-05,2.490569533187738,1.906198753975838,14.791299918041155,19.18806820520473
59480,4.4040082591214357e-05,2.479554789631367,1.9077133966599178,14.802253092991092,19.189521279282378
59500,4.40548909579229e-05,2.472426254457475,1.9106795247841823,14.806373004816189,19.189478784057847
59520,4.406969932463145e-05,2.4688626345333478,1.90956656045184,14.81142290086348,19.189852095848668
59540,4.408450769133999e-05,2.4618451263369883,1.9089563953092594,14.819738960129445,19.19054048177569
59560,4.409931605804854e-05,2.4566246055299614,1.910839109751547,14.823819249598523,19.19128296488003
59580,4.411412442475708e-05,2.4499486007186224,1.9137898409132257,14.828711031923811,19.19244947355566
59600,4.4128932791465625e-05,2.4449096133315447,1.9140733978784756,14.834550531456522,19.193533542666543
59620,4.4143741158174175e-05,2.439137834704135,1.9158525654952367,14.83881601027165,19.19380641047102
59640,4.415854952488272e-05,2.4287524846156288,1.9156689710688832,14.84989386250152,19.19431531818603
59660,4.4173357891591267e-05,2.422559918223885,1.9186540324093193,14.853953238221917,19.195167188855123
59680,4.418816625829981e-05,2.4178668378358656,1.919632684035339,14.858337135734622,19.195836657605827
59700,4.420297462500836e-05,2.4108785947099554,1.9221945046903495,14.86347563126035,19.196548730660655
59720,4.42177829917169e-05,2.401426544254056,1.925462482788,14.870617190564218,19.197506217606275
59740,4.4232591358425443e-05,2.396178038719125,1.9259103969527704,14.87510945595442,19.197197891626317
59760,4.424739972513399e-05,2.3864799221521085,1.9264812738949373,14.885410609581452,19.198371805628497
59780,4.4262208091842535e-05,2.3794968036827395,1.9303827819073085,14.888560281718794,19.198439867308842
59800,4.4277016458551085e-05,2.372798789570534,1.9319928528823538,14.893699989736271,19.19849163218916
59820,4.429182482525963e-05,2.3642659088552573,1.933698198474098,14.901895033486884,19.19985914081624
59840,4.4306633191968177e-05,2.358499258305172,1.9359570537153288,14.905215896343982,19.199672208364483
59860,4.432144155867672e-05,2.3485610827721595,1.9386114505826584,14.913169387798057,19.200341921152877
59880,4.433624992538527e-05,2.341307466847077,1.9410599925286518,14.917750955460066,19.200118414835796
59900,4.435105829209381e-05,2.3342416020406387,1.9434080300352163,14.92279655595825,19.200446188034107
59920,4.4365866658802353e-05,2.3274114843505074,1.9466147895443622,14.927934123230948,19.201960397125816
59940,4.43806750255109e-05,2.3217591313583474,1.9464677639398513,14.934097155917225,19.202324051215424
59960,4.4395483392219445e-05,2.3124793017008347,1.9503956860302396,14.93975220302802,19.202627190759095
59980,4.4410291758927995e-05,2.3061152348607763,1.9514600218249631,14.945212650969196,19.202787907654937
60000,4.442510012563654e-05,2.298864350142955,1.952221447052972,14.9518671687038,19.202952965899726
60020,4.4439908492345087e-05,2.2914443424064763,1.9542541040006423,14.95757208580997,19.20327053221709
60040,4.445471685905363e-05,2.281042800474962,1.9554775170728724,14.968432269848277,19.20495258739611
60060,4.446952522576217e-05,2.2741374844058746,1.9590733530260382,14.971400465898821,19.204611303330733
60080,4.448433359247072e-05,2.268631352100047,1.9601759350715804,14.976457012928766,19.205264300100392
60100,4.4499141959179263e-05,2.262024750413314,1.9630986142227373,14.980939288155676,19.20606265279173
60120,4.451395032588781e-05,2.2570354741636027,1.9643759894926258,14.985728887992282,19.207140351648512
60140,4.4528758692596355e-05,2.249448582437261,1.9657654203560913,14.992029159750281,19.207243162543634
60160,4.4543567059304905e-05,2.2446594840202185,1.9652137632430433,14.997062949886502,19.206936197149766
60180,4.455837542601345e-05,2.2380179771082496,1.9666503427897313,15.002678430830235,19.207346750728217
60200,4.4573183792721997e-05,2.2253043803373322,1.9693633266372657,15.013830294834175,19.208498001808774
60220,4.458799215943054e-05,2.2213042557024756,1.9700126610704334,15.016998175088563,19.208315091861472
60240,4.460280052613908e-05,2.2163392570033595,1.9708715696969858,15.02165748802205,19.208868314722395
60260,4.461760889284763e-05,2.209205336510319,1.9732151793500656,15.027461087093197,19.20988160295358
60280,4.4632417259556174e-05,2.203534057989244,1.9733786752708071,15.033298599732802,19.210211332992856
60300,4.464722562626472e-05,2.1950752774989484,1.9740018613805035,15.041528257263096,19.210605396142547
60320,4.4662033992973265e-05,2.187411417808901,1.976330071420971,15.047605289119273,19.211346778349146
60340,4.4676842359681815e-05,2.1827132197297567,1.9788851953036446,15.049991317614625,19.211589732648026
60360,4.469165072639036e-05,2.1743479840902467,1.9777119680931161,15.06153047968241,19.213590431865775
60380,4.47064590930989e-05,2.1701449160160076,1.9785787077388741,15.064987439117997,19.21371106287288
60400,4.472126745980745e-05,2.162200983382401,1.982252001144137,15.070784671659066,19.215237656185604
60420,4.473607582651599e-05,2.157992964568866,1.9825042923107945,15.075374993082653,19.215872249962313
60440,4.475088419322454e-05,2.15296861943344,1.982471312037011,15.081156899847477,19.21659683131793
60460,4.4765692559933084e-05,2.148837651751472,1.9821261210437844,15.085865996545142,19.2168297693404
60480,4.478050092664163e-05,2.136321106190764,1.985073858526381,15.097314044038821,19.218709008755965
60500,4.4795309293350175e-05,2.1311925637783533,1.9879402529359702,15.099972053154552,19.219104869868875
60520,4.4810117660058725e-05,2.126478136334578,1.989402063482475,15.10396445039789,19.21984465021494
60540,4.482492602676727e-05,2.1214502032471563,1.9890591897260934,15.10939586697604,19.21990525994929
60560,4.483973439347581e-05,2.115875377165066,1.9897861277106743,15.114828566731768,19.220490071607507
60580,4.485454276018436e-05,2.1107185971127285,1.991006627846139,15.119157812358619,19.220883037317485
60600,4.48693511268929e-05,2.1022635708714836,1.992523887607719,15.126791860116588,19.22157931859579
60620,4.488415949360145e-05,2.095670544170637,1.9943394871915547,15.132531920034179,19.222541951396373
60640,4.4898967860309994e-05,2.090903548634344,1.9950237573046414,15.136863359281232,19.222790665220217
60660,4.491377622701854e-05,2.0817091619041097,1.9987533584537918,15.143320673215259,19.223783193573162
60680,4.4928584593727085e-05,2.0801080168951027,1.9955068245404364,15.148265469276916,19.223880310712456
60700,4.494339296043563e-05,2.0728201682723153,1.9987802338171765,15.15270111682912,19.22430151891861
60720,4.495820132714418e-05,2.067191059762589,1.9999154846546183,15.157960019558574,19.22506656397578
60740,4.497300969385272e-05,2.061222744030018,2.0010606358150094,15.163440708756145,19.225724088601172
60760,4.498781806056127e-05,2.0552646274414963,2.0030409112392307,15.16809206725769,19.226397605938416
60780,4.500262642726981e-05,2.0453170508497363,2.0035517613390024,15.178458047519603,19.22732685970834
60800,4.501743479397836e-05,2.0411619826226026,2.005024762820175,15.180812741736172,19.22699948717895
60820,4.5032243160686904e-05,2.0359342754022944,2.006391600493185,15.184826872376789,19.227152748272268
60840,4.504705152739545e-05,2.0283763381137474,2.0074136177782718,15.192350554651693,19.22814051054371
60860,4.5061859894103995e-05,2.0199572705220223,2.0114524740672506,15.197258421344799,19.22866816593407
60880,4.507666826081254e-05,2.014528801786505,2.0132635886355286,15.201622882195995,19.229415272618027
60900,4.509147662752109e-05,2.003193338771476,2.0168627776664763,15.211350824399227,19.231406940837182
60920,4.510628499422963e-05,1.9993848763756679,2.018101612521214,15.213965458514773,19.231451947411657
60940,4.512109336093818e-05,1.9937789519400724,2.0210310911372664,15.217282629465457,19.232092672542795
60960,4.513590172764672e-05,1.988256639809355,2.021749892535543,15.222157377747902,19.2321639100928
60980,4.515071009435527e-05,1.9802965196028413,2.025619764587143,15.227753321603306,19.23366960579329
61000,4.5165518461063814e-05,1.9712878722634608,2.0289689130436788,15.234396578613644,19.234653363920785
61020,4.5180326827772356e-05,1.9653426942503063,2.029890583721716,15.239792790237363,19.235026068209386
61040,4.5195135194480905e-05,1.9573144461191907,2.034893598889533,15.243617104224773,19.2358251492335
61060,4.520994356118945e-05,1.9508620256491545,2.0382036745439023,15.247557463395697,19.236623163588753
61080,4.5224751927898e-05,1.9460780042246428,2.0380999191889098,15.252659181058503,19.236837104472055
61100,4.523956029460654e-05,1.9371201604902073,2.043462315488709,15.257464464210063,19.23804694018898
61120,4.525436866131509e-05,1.9288376641465876,2.0461224411400063,15.264414331537658,19.239374436824253
61140,4.526917702802363e-05,1.9227000000213834,2.0483554714275267,15.268634276864457,19.239689748313367
61160,4.528398539473218e-05,1.9140468280913538,2.0534252671990623,15.273498859308312,19.24097095459873
61180,4.5298793761440724e-05,1.9078814529532653,2.057034486902874,15.276648438174979,19.241564378031118
61200,4.5313602128149266e-05,1.8992683053998014,2.0603482530808255,15.282662303615833,19.24227886209646
61220,4.5328410494857815e-05,1.8908318125979857,2.0625497989744135,15.28977549211029,19.24315710368269
61240,4.534321886156636e-05,1.884792801298581,2.065989324068041,15.293521704541801,19.244303829908425
61260,4.535802722827491e-05,1.8762196535459306,2.0709641313861598,15.298029436876982,19.245213221809074
61280,4.537283559498345e-05,1.8683055347975044,2.0745965095006906,15.302773192498847,19.24567523679704
61300,4.5387643961692e-05,1.8619778651008918,2.0779000026786845,15.306386849511615,19.24626471729119
61320,4.540245232840054e-05,1.850075171994713,2.083244144719744,15.315578010319907,19.248897327034364
61340,4.5417260695109084e-05,1.842343373531235,2.088436256234273,15.318950142423606,19.249729772189113
61360,4.5432069061817634e-05,1.8383165311967162,2.089091104751403,15.322272748527451,19.24968038447557
61380,4.5446877428526176e-05,1.8314449854503383,2.0921881094677217,15.326364636731565,19.249997731649625
61400,4.5461685795234725e-05,1.8184822408163686,2.1007426645392164,15.332529705358166,19.25175461071375
61420,4.547649416194327e-05,1.814407751942496,2.1020888079438307,15.335409365181851,19.25190592506818
61440,4.549130252865182e-05,1.8067014118707436,2.106106157754907,15.339213938360404,19.252021507986054
61460,4.550611089536036e-05,1.7964938863952629,2.1098161591215736,15.34619784610051,19.25250789161735
61480,4.552091926206891e-05,1.7887654954490912,2.112898341815798,15.351328871507784,19.252992708772673
61500,4.553572762877745e-05,1.776620464084835,2.1220134599874116,15.354890896857214,19.25352482092946
61520,4.5550535995485994e-05,1.767910015826914,2.1268719898388566,15.360048027413837,19.254830033079607
61540,4.5565344362194544e-05,1.7563423028644847,2.131933518811243,15.366890496853104,19.255166318528833
61560,4.5580152728903086e-05,1.7479424344964962,2.137643666193089,15.370186956175639,19.255773056865223
61580,4.5594961095611635e-05,1.737542446540648,2.1448849754238934,15.374019038481812,19.256446460446355
61600,4.560976946232018e-05,1.7264648036228958,2.1520275310744017,15.379536572770686,19.258028907467985
61620,4.562457782902873e-05,1.7161231337323544,2.159391342135678,15.383688142180905,19.25920261804894
61640,4.563938619573727e-05,1.7079524283135519,2.1644124362964674,15.387594391916302,19.259959256526322
61660,4.565419456244582e-05,1.6997842918294928,2.1694760635486925,15.391625978059713,19.2608863334379
61680,4.566900292915436e-05,1.6888694643022424,2.1776746736705768,15.396141740766318,19.262685878739138
61700,4.5683811295862904e-05,1.6776075333392813,2.18504596386259,15.402605155020865,19.265258652222737
61720,4.5698619662571454e-05,1.6682518804241195,2.1924726961855736,15.405604324748131,19.266328901357824
61740,4.5713428029279996e-05,1.659425531456464,2.199195800826935,15.409293322180467,19.267914654463866
61760,4.5728236395988545e-05,1.6495452914478363,2.2069510217423756,15.412835326299598,19.26933163948981
61780,4.574304476269709e-05,1.6371895184830783,2.2167503431022615,15.417874378808607,19.271814240393947
61800,4.575785312940564e-05,1.628745037114891,2.222824811840372,15.421160252370518,19.27273010132578
61820,4.577266149611418e-05,1.6204125108345415,2.22840880902582,15.425771340738354,19.274592660598714
61840,4.578746986282272e-05,1.611479568746453,2.2355620190352026,15.42892513100469,19.275966718786343
61860,4.580227822953127e-05,1.602617393087,2.2423394913428196,15.432690782183347,19.277647666613166
61880,4.5817086596239814e-05,1.5934399274411024,2.2499842350924895,15.43597154385952,19.27939570639311
61900,4.5831894962948364e-05,1.5872655661093398,2.2540718033666916,15.439599090262098,19.28093645973813
61920,4.5846703329656906e-05,1.5769500539344312,2.262168643188153,15.443661203028721,19.282779900151304
61940,4.5861511696365455e-05,1.5686809788734202,2.2685533296317106,15.448006429739088,19.28524073824422
61960,4.5876320063074e-05,1.560406964331916,2.274869874504403,15.451633077958867,19.286909916795185
61980,4.589112842978255e-05,1.5532249251624421,2.280241961769095,15.455277714654414,19.288744601585954
62000,4.590593679649109e-05,1.5447803466005965,2.285467700995274,15.460889353102552,19.29113740069842
62020,4.592074516319963e-05,1.538086277728779,2.2906791541319533,15.463992070178916,19.29275750203965
62040,4.593555352990818e-05,1.5284504946174264,2.2986027598566543,15.467772827726979,19.29482608220106
62060,4.5950361896616724e-05,1.52270765209711,2.301525579351969,15.472534721201896,19.296767952650974
62080,4.5965170263325274e-05,1.5168199893810228,2.305779554566389,15.475082715968671,19.297682259916083
62100,4.5979978630033816e-05,1.5089149679993188,2.3114075765547732,15.479471610411291,19.299794154965383
62120,4.5994786996742365e-05,1.5003781301480699,2.319245719847989,15.481894280845289,19.301518130841348
62140,4.600959536345091e-05,1.4927920923841682,2.3245251692192936,15.486120424371851,19.30343768597531
62160,4.602440373015945e-05,1.4877885494827225,2.3275676411279558,15.489044516736037,19.304400707346716
62180,4.6039212096868e-05,1.480923401469369,2.333158215078042,15.491843383048934,19.305924999596346
62200,4.605402046357654e-05,1.4747292307976638,2.337855265768731,15.49438957323282,19.306974069799214
62220,4.606882883028509e-05,1.4659635135657116,2.3451962860112765,15.497544795358182,19.308704594935172
62240,4.6083637196993634e-05,1.4594970160032976,2.3503007728823677,15.500967288968063,19.310765077853727
62260,4.6098445563702184e-05,1.4527580733247252,2.3560962186699794,15.5031705392833,19.312024831278006
62280,4.6113253930410726e-05,1.446440269616856,2.361107354576987,15.505674643278104,19.313222267471946
62300,4.6128062297119275e-05,1.4379106454421038,2.368639056281992,15.508178906965107,19.3147286086892
62320,4.614287066382782e-05,1.4320926208002196,2.3737835213192304,15.510827846260696,19.316703988380148
62340,4.615767903053636e-05,1.424841653566952,2.3798985647056394,15.51346687292741,19.3182070912
62360,4.617248739724491e-05,1.4190047162390822,2.384540656115879,15.515730712334266,19.31927608468923
62380,4.618729576395345e-05,1.4151321669546806,2.3878749196884166,15.517595883178428,19.320602969821525
62400,4.6202104130662e-05,1.4097759153467582,2.3916642763935476,15.519592099317357,19.321032291057662
62420,4.6216912497370544e-05,1.4045677777791057,2.396312934220614,15.522005941936321,19.32288665393604
62440,4.6231720864079094e-05,1.3991436238668513,2.401202457504293,15.524211399303168,19.32455748067431
62460,4.6246529230787636e-05,1.3951087132043893,2.404585010210053,15.525744423069126,19.32543814648357
62480,4.626133759749618e-05,1.3909557063954694,2.4075889776779897,15.527596695905835,19.326141379979294
62500,4.627614596420473e-05,1.3853081738370556,2.4127675905648545,15.529372941237677,19.327448705639586
62520,4.629095433091327e-05,1.3817275254354024,2.4155723675827256,15.531131123724908,19.328431016743036
62540,4.630576269762182e-05,1.3778232109377597,2.4190167198909243,15.532874501646248,19.32971443247493
62560,4.632057106433036e-05,1.37450258338385,2.422361860444268,15.534300934528364,19.33116537835648
62580,4.633537943103891e-05,1.3718299330999841,2.4242783155103886,15.535883872216669,19.331992120827042
62600,4.6350187797747454e-05,1.369167159957732,2.4264286950582696,15.537379079639035,19.332974934655034
62620,4.6364996164456004e-05,1.3660280233735103,2.4295869606469305,15.538578646413935,19.334193630434378
62640,4.6379804531164546e-05,1.3648216743341757,2.4305024260330486,15.53997960103533,19.335303701402555
62660,4.639461289787309e-05,1.3624878988756395,2.432206573648502,15.541340699015924,19.336035171540065
62680,4.640942126458164e-05,1.3610208344462262,2.4337264160970915,15.54254933774653,19.33729658828985
62700,4.642422963129018e-05,1.360082193432087,2.433643679545407,15.543905314864693,19.337631187842188
62720,4.643903799799873e-05,1.3590807191270315,2.4341778638896545,15.545155393253633,19.33841397627032
62740,4.645384636470727e-05,1.3555159798306013,2.4382918778293363,15.54595657163467,19.339764429294608
62760,4.646865473141582e-05,1.357061492698885,2.436015040554304,15.547504826439484,19.340581359692674
62780,4.6483463098124364e-05,1.354200439557965,2.438573456585663,15.54866881510187,19.3414427112455
62800,4.649827146483291e-05,1.352904503532696,2.4391384696604606,15.549732869734171,19.341775842927326
62820,4.6513079831541456e-05,1.351486304269789,2.4406192799997437,15.550855046985493,19.342960631255025
62840,4.652788819825e-05,1.3486922729466602,2.4431656839198337,15.552060232257835,19.34391818912433
62860,4.654269656495855e-05,1.3499702805569396,2.441380773951191,15.553050802684915,19.344401857193045
62880,4.655750493166709e-05,1.347723553835706,2.44351974777314,15.553972558476858,19.345215860085702
62900,4.657231329837564e-05,1.3477641093909645,2.443175452155708,15.555207645668569,19.346147207215243
62920,4.658712166508418e-05,1.344351570347821,2.446621382204046,15.55615113733651,19.34712408988838
62940,4.660193003179273e-05,1.3429163389901808,2.4482465302295666,15.557196285643228,19.348359154862976
62960,4.6616738398501274e-05,1.3399481928438464,2.4505382671082656,15.558309905457072,19.348796365409186
62980,4.663154676520982e-05,1.341728895045398,2.448023516410254,15.559526709647225,19.349279121102878
63000,4.6646355131918366e-05,1.3376197942414045,2.4523437942901216,15.560565513242473,19.350529101774
63020,4.666116349862691e-05,1.338339133300141,2.4513090709719307,15.561632372999972,19.351280577272043
63040,4.667597186533546e-05,1.3359849457569073,2.453275684434847,15.56251589005397,19.351776520245725
63060,4.6690780232044e-05,1.3368790700715876,2.4519134748942735,15.563566530948085,19.352359075913945
63080,4.670558859875255e-05,1.3352718013212481,2.453195085101148,15.564446643684025,19.35291353010642
63100,4.672039696546109e-05,1.333709215503283,2.4548186046452494,15.565029180254244,19.353557000402777
63120,4.6735205332169635e-05,1.333390077485038,2.4548434641157497,15.566250097827925,19.354483639428715
63140,4.6750013698878184e-05,1.3326285056238931,2.4554833096492987,15.566868552317048,19.35498036759024
63160,4.676482206558673e-05,1.3292454901463313,2.4589038674967636,15.567748769503616,19.355898127146713
63180,4.6779630432295276e-05,1.3292509794928842,2.4586109007787607,15.568614543816514,19.356476424088157
63200,4.679443879900382e-05,1.3281736249230849,2.459321014388258,15.569318466806457,19.3568131061178
63220,4.680924716571237e-05,1.3283684206157962,2.458925046559386,15.570163253685722,19.357456720860903
63240,4.682405553242091e-05,1.3284539561642408,2.4587167841682445,15.57116557650652,19.358336316839004
63260,4.683886389912946e-05,1.3284971020862402,2.458114853199318,15.572005153107124,19.358617108392682
63280,4.6853672265838e-05,1.3263713012778329,2.4601704146457073,15.572860853038897,19.359402568962437
63300,4.6868480632546545e-05,1.3267936717650772,2.45938401891456,15.573600330977996,19.359778021657633
63320,4.6883288999255094e-05,1.327409079624097,2.4584146686625985,15.574250743227129,19.360074491513824
63340,4.689809736596364e-05,1.3274346863520503,2.4583256072148645,15.575263298043202,19.361023591610117
63360,4.6912905732672186e-05,1.3278744100311863,2.45793685611734,15.57614477382327,19.361956039971794
63380,4.692771409938073e-05,1.3273303056465378,2.458234625380746,15.577078228896273,19.362643159923557
63400,4.694252246608928e-05,1.3264455211843271,2.4590762989793293,15.577934567451845,19.3634563876155
63420,4.695733083279782e-05,1.325871386490541,2.459422149952845,15.578854874015645,19.36414841045903
63440,4.697213919950636e-05,1.3282108264773216,2.45680004389562,15.579847935500709,19.364858805873652
63460,4.698694756621491e-05,1.3283555757760925,2.4566504631737516,15.58062946882652,19.365635507776364
63480,4.7001755932923455e-05,1.328846433425387,2.455782727398375,15.58171101436304,19.366340175186803
63500,4.7016564299632004e-05,1.3288167971865623,2.4555559663225184,15.582839187683348,19.367211951192427
63520,4.703137266634055e-05,1.3270616587320436,2.4572871404480736,15.5836775431378,19.36802634231792
63540,4.7046181033049096e-05,1.330474639167293,2.453441733911509,15.584547697455685,19.368464070534486
63560,4.706098939975764e-05,1.3295815450983979,2.4536754574148936,15.585843238691398,19.36910024120469
63580,4.707579776646619e-05,1.3296507287051293,2.453532781543002,15.586682535116402,19.36986604536453
63600,4.709060613317473e-05,1.3304732297632267,2.452574987022191,15.587706134581273,19.370754351366692
63620,4.710541449988327e-05,1.3306875583851974,2.4520449446341317,15.588771791769801,19.37150429478913
63640,4.712022286659182e-05,1.3325850407840685,2.4495746653817974,15.589628778799117,19.371788484964984
63660,4.7135031233300365e-05,1.332401380092603,2.449510705605132,15.59063670689796,19.372548792595694
63680,4.7149839600008914e-05,1.3325146796650986,2.4493759962055877,15.59158667621668,19.373477352087367
63700,4.716464796671746e-05,1.333246624268586,2.448373727851737,15.59220718379493,19.373827535915254
63720,4.7179456333426006e-05,1.333378631460187,2.447978174908029,15.593307106701522,19.37466391306974
63740,4.719426470013455e-05,1.3332619140306974,2.447829286940026,15.594296751354436,19.37538795232516
63760,4.72090730668431e-05,1.3374060956696252,2.442804613514914,15.594998967665218,19.375209676849757
63780,4.722388143355164e-05,1.3373231654240647,2.4424522511429907,15.5958965413342,19.375671957901254
63800,4.723868980026018e-05,1.3381437608979314,2.4414706289607526,15.596982705778078,19.37659709563676
63820,4.725349816696873e-05,1.3386878879493884,2.4408187966670742,15.597926984575682,19.377433669192143
63840,4.7268306533677275e-05,1.3400921128945107,2.43874179022901,15.598824863531913,19.377658766655433
63860,4.7283114900385824e-05,1.3413973498575047,2.4371275809418025,15.599812435687342,19.378337366486647
63880,4.729792326709437e-05,1.3426885683898744,2.4357786509068355,15.60067953924548,19.37914675854219
63900,4.7312731633802916e-05,1.3459517248371244,2.432511106401559,15.60152264567295,19.379985476911635
63920,4.732754000051146e-05,1.3452498171589018,2.4330659705015454,15.602707585637768,19.381023373298216
63940,4.734234836722e-05,1.3472891513984298,2.4307067406069045,15.603646060880838,19.38164195288617
63960,4.735715673392855e-05,1.347309957874176,2.430033975685045,15.604696031657948,19.382039965217167
63980,4.737196510063709e-05,1.3481473452092276,2.429200078930907,15.605738074736836,19.38308549887697
64000,4.738677346734564e-05,1.3504608230650774,2.426665704825235,15.606512503547702,19.383639031438015
64020,4.7401581834054185e-05,1.351243395477161,2.4255242073282055,15.607913460974927,19.384681063780295
64040,4.7416390200762734e-05,1.3517678949769114,2.4245373127102563,15.608974932714052,19.38528014040122
64060,4.743119856747128e-05,1.3522618824251695,2.4243477737826638,15.60996133257049,19.386570988778324
64080,4.7446006934179826e-05,1.3544485451527464,2.4215958073754633,15.611095403892254,19.387139756420463
64100,4.746081530088837e-05,1.3569951127051827,2.418514517891075,15.61232186411549,19.387831494711747
64120,4.747562366759691e-05,1.3581879082841932,2.4174591567790316,15.613638885613508,19.389285950676733
64140,4.749043203430546e-05,1.360511748613775,2.4149257985293247,15.614723496048745,19.390161043191846
64160,4.7505240401014e-05,1.3642671574292704,2.4106898462649586,15.61571174707501,19.39066875076924
64180,4.752004876772255e-05,1.363608182894129,2.411203724048996,15.61691220660485,19.391724113547973
64200,4.7534857134431095e-05,1.3657221732822422,2.4087496231188554,15.617794083007066,19.392265879408164
64220,4.7549665501139644e-05,1.3659465787809884,2.4086615875881305,15.61880001469643,19.39340818106555
64240,4.756447386784819e-05,1.368380006188524,2.405753068201751,15.619702675698672,19.393835750088947
64260,4.757928223455673e-05,1.370396882281862,2.4034945103929113,15.620714636651865,19.39460602932664
64280,4.759409060126528e-05,1.3730805920634177,2.4004796128992294,15.621762676405195,19.395322881367843
64300,4.760889896797382e-05,1.3733323985205468,2.4003617617014794,15.622407764980924,19.39610192520295
64320,4.762370733468237e-05,1.3777718509917447,2.3952937485621275,15.623558420495822,19.396624020049693
64340,4.763851570139091e-05,1.3781713581917208,2.3947188527373897,15.624637205719873,19.397527416648984
64360,4.765332406809946e-05,1.3785206338413496,2.3944062945173434,15.625438109471158,19.39836503782985
64380,4.7668132434808005e-05,1.3801344848725394,2.392546623442692,15.626349455985078,19.39903056430031
64400,4.7682940801516554e-05,1.3845889651138419,2.387520103335299,15.627252117677422,19.399361186126562
64420,4.76977491682251e-05,1.386325611903245,2.385739260047609,15.627944502996877,19.400009374947732
64440,4.771255753493364e-05,1.3880814093349307,2.3838127955713877,15.629041622891592,19.40093582779791
64460,4.772736590164219e-05,1.3889474754958728,2.382772359601835,15.629842341768097,19.401562176865806
64480,4.774217426835073e-05,1.391791165651505,2.379404899019263,15.630600433072553,19.40179649774332
64500,4.775698263505928e-05,1.395400321558467,2.3754460323741173,15.63145252455882,19.402298878491404
64520,4.777179100176782e-05,1.3966629758405285,2.3741617798132877,15.632364429854425,19.40318918550824
64540,4.778659936847637e-05,1.3973266733444334,2.373065387098345,15.632970889142227,19.403362949585006
64560,4.7801407735184915e-05,1.400096723294522,2.3702565572369534,15.633973358981452,19.404326639512927
64580,4.781621610189346e-05,1.402336150607931,2.3677741092635753,15.634784521333502,19.40489478120501
64600,4.783102446860201e-05,1.4033031076332159,2.3666967962695176,15.635452201497433,19.405452105400165
64620,4.784583283531055e-05,1.4065021880696704,2.363430396892203,15.636011748800202,19.405944333762076
64640,4.78606412020191e-05,1.4082922243299276,2.3613894953319217,15.636862957077044,19.406544676738893
64660,4.787544956872764e-05,1.4102833034582631,2.3592122450581523,15.637477602821448,19.406973151337866
64680,4.789025793543619e-05,1.4109481437388358,2.3583626697829323,15.63817722114138,19.407488034663146
64700,4.790506630214473e-05,1.4147049964370462,2.3543407936251652,15.638827506225367,19.407873296287576
64720,4.791987466885328e-05,1.417491409353505,2.3516680214620393,15.63935647324921,19.408515904064753
64740,4.7934683035561825e-05,1.4212982709867843,2.3474964277125085,15.640005367889309,19.4088000665886
64760,4.794949140227037e-05,1.4252307403736328,2.3429173645055705,15.640696017114992,19.408844121994196
64780,4.796429976897892e-05,1.4247287787664118,2.343676858886618,15.641300035431435,19.409705673084463
64800,4.797910813568746e-05,1.4290158566280966,2.3389254285155756,15.642072289424073,19.410013574567746
64820,4.799391650239601e-05,1.4338961777086796,2.334233477286136,15.642747509319497,19.410877164314314
64840,4.800872486910455e-05,1.4338631350833244,2.3343516787576024,15.643371700692889,19.411586514533816
64860,4.80235332358131e-05,1.4381586844537075,2.32973961917334,15.644002260328223,19.41190056395527
64880,4.803834160252164e-05,1.4389953941632236,2.328843517180006,15.644594086081803,19.412432997425032
64900,4.8053149969230186e-05,1.4428447461197718,2.325026475438825,15.645107078367833,19.41297829992643
64920,4.8067958335938735e-05,1.4471176021657413,2.32028616160383,15.645704565757526,19.4131083295271
64940,4.808276670264728e-05,1.4491149531967698,2.3183183753000103,15.646419319333335,19.413852647830115
64960,4.809757506935583e-05,1.4530935541964582,2.314076892718534,15.646940958012605,19.414111404927596
64980,4.811238343606437e-05,1.456418485708801,2.3109534394273172,15.647564327553509,19.41493625268963
65000,4.812719180277292e-05,1.459937288095452,2.3071215600961663,15.648234550311734,19.41529339850335
65020,4.814200016948146e-05,1.4641311365018796,2.3023884264590286,15.648808005388549,19.415327568349458
65040,4.815680853619001e-05,1.4672242071907187,2.2990470598662878,15.649427137212498,19.415698404269506
65060,4.817161690289855e-05,1.4696594781660521,2.2966499493691646,15.649997151987417,19.416306579522633
65080,4.8186425269607096e-05,1.4742387313837844,2.2920397004148394,15.650459945298284,19.41673837709691
65100,4.8201233636315645e-05,1.4777252031908956,2.2885264314137723,15.651042231522396,19.417293866127064
65120,4.821604200302419e-05,1.4798950113799738,2.286222112573051,15.651672200609866,19.41778932456289
65140,4.823085036973274e-05,1.4843897691944454,2.2812134856579673,15.652126826734285,19.417730081586697
65160,4.824565873644128e-05,1.4900261922518074,2.275752042722577,15.6527406070912,19.418518842065584
65180,4.826046710314983e-05,1.492226139921431,2.2730317510918927,15.653348712217818,19.41860660323114
65200,4.827527546985837e-05,1.4957727412362996,2.2695962288306073,15.653795189728234,19.41916415979514
65220,4.8290083836566914e-05,1.5004915162444998,2.264463462552422,15.654377786058225,19.419332764855145
65240,4.830489220327546e-05,1.503879003020755,2.261189065033657,15.65508464124232,19.420152709296733
65260,4.8319700569984006e-05,1.5095581273795502,2.25544137289457,15.655689024342065,19.420688524616185
65280,4.8334508936692555e-05,1.5135660279486816,2.2509840264862926,15.656336176814026,19.420886231249
65300,4.83493173034011e-05,1.5166745907832713,2.2480346131000406,15.656952244942897,19.421661448826207
65320,4.836412567010965e-05,1.5196512668837283,2.245222174536731,15.657523813161877,19.422397254582336
65340,4.837893403681819e-05,1.524606104980344,2.2405234559114495,15.65812021912189,19.423249780013684
65360,4.839374240352674e-05,1.5296797259270871,2.2351245491904392,15.658704483659296,19.423508758776823
65380,4.840855077023528e-05,1.5335500349852493,2.231205753061999,15.65926218403307,19.424017972080318
65400,4.8423359136943824e-05,1.5374565317699918,2.2272134306325717,15.659919078033157,19.42458904043572
65420,4.843816750365237e-05,1.5443603242676085,2.219916627491623,15.660588929613272,19.424865881372504
65440,4.8452975870360916e-05,1.5483449230248676,2.2158530376149392,15.661155100517126,19.425353061156933
65460,4.8467784237069465e-05,1.5521997218090813,2.2115683948510325,15.661726489802032,19.425494606462145
65480,4.848259260377801e-05,1.5540104258096907,2.209649757901654,15.66250136995014,19.426161553661487
65500,4.849740097048656e-05,1.5595511780094646,2.204132256457379,15.663034077652927,19.426717512119772
65520,4.85122093371951e-05,1.5633487290734203,2.2002594101598123,15.663812290959287,19.42742043019252
65540,4.852701770390364e-05,1.568216831977594,2.195185790885254,15.664512956976408,19.427915579839254
65560,4.854182607061219e-05,1.5722735840254864,2.1910283143857234,15.665026511483095,19.428328409894306
65580,4.8556634437320734e-05,1.5769414357930076,2.185982288640718,15.665641267128356,19.42856499156208
65600,4.857144280402928e-05,1.580738394897789,2.1820669026901713,15.666225709955814,19.429031007543774
65620,4.8586251170737826e-05,1.5865098405750473,2.176363073033193,15.66669557386058,19.42956848746882
65640,4.8601059537446375e-05,1.5913518137610227,2.1711522794767695,15.66732312921182,19.42982722244961
65660,4.861586790415492e-05,1.597229872715709,2.1651646587082225,15.667916627026473,19.430311158450404
65680,4.863067627086347e-05,1.6010819087882773,2.161584950030529,15.668464236177382,19.43113109499619
65700,4.864548463757201e-05,1.6051580218794896,2.1575040404938215,15.669188504877328,19.43185056725064
65720,4.866029300428055e-05,1.6097730899112248,2.1526264728574738,15.669962767583565,19.432362330352262
65740,4.86751013709891e-05,1.6139449997671804,2.1485167161635492,15.67056183276747,19.433023548698202
65760,4.8689909737697644e-05,1.6187177933938035,2.1435082073832654,15.671214889936786,19.433440890713854
65780,4.870471810440619e-05,1.6244526577572795,2.137573734089423,15.671866139342997,19.4338925311897
65800,4.8719526471114736e-05,1.630220105687218,2.1317580476830926,15.672371601024043,19.434349754394354
65820,4.8734334837823285e-05,1.632998551932464,2.129188735937144,15.672919532089145,19.435106819958754
65840,4.874914320453183e-05,1.6374202984386264,2.1246580071981582,15.673507787156254,19.435586092793038
65860,4.876395157124037e-05,1.6430822312005393,2.1184998875339045,15.67401964816817,19.435601766902614
65880,4.877875993794892e-05,1.646954329427146,2.1146846016461653,15.674637629181424,19.436276560254736
65900,4.879356830465746e-05,1.6512334995893019,2.1100457829218593,15.675302247825984,19.436581530337143
65920,4.880837667136601e-05,1.6558561761554742,2.1052940555707367,15.675779276185626,19.436929507911838
65940,4.8823185038074554e-05,1.6586555248909058,2.1025451908313735,15.676477809795568,19.437678525517846
65960,4.88379934047831e-05,1.6626932407575918,2.09805514381723,15.676982488927635,19.437730873502456
65980,4.8852801771491646e-05,1.6667273872697503,2.0940488989000716,15.677593287351511,19.438369573521335
66000,4.8867610138200195e-05,1.6701434296332365,2.0906958349241727,15.678093973667153,19.43893323822456
66020,4.888241850490874e-05,1.6744857091593306,2.086049009876668,15.678790311594465,19.439325030630464
66040,4.889722687161728e-05,1.6782986014854742,2.082133680856014,15.679318587996528,19.439750870338017
66060,4.891203523832583e-05,1.681125657213953,2.078735841900443,15.679848778001197,19.439710277115594
66080,4.892684360503437e-05,1.6847233408545332,2.074854198117493,15.680492114674024,19.44006965364605
66100,4.894165197174292e-05,1.6884328506080997,2.0714875295653536,15.680978323236387,19.44089870340984
66120,4.8956460338451464e-05,1.6933328929737044,2.0666662977209302,15.681531465670968,19.441530656365604
66140,4.897126870516001e-05,1.6973174714450756,2.06256831366128,15.682055371747932,19.441941156854288
66160,4.8986077071868556e-05,1.6986668522936896,2.0612720260573907,15.682580309529834,19.442519187880915
66180,4.9000885438577105e-05,1.7027400355705926,2.057000011185413,15.683217067159614,19.442957113915618
66200,4.901569380528565e-05,1.70416858452154,2.0556235871815787,15.68371370093935,19.44350587264247
66220,4.903050217199419e-05,1.7087621219314355,2.050873748670158,15.684165215540721,19.443801086142315
66240,4.904531053870274e-05,1.7118910447795268,2.047572272918488,15.68489751782148,19.444360835519493
66260,4.906011890541128e-05,1.7143513531427057,2.0448880649054613,15.685562949926778,19.444802367974944
66280,4.907492727211983e-05,1.7183590586505495,2.0407723064928587,15.686146548777446,19.445277913920854
66300,4.9089735638828374e-05,1.7211686657576177,2.0376783088597548,15.686717776258444,19.445564750875818
66320,4.910454400553692e-05,1.7233794176370008,2.035471990456503,15.687314586129535,19.446165994223037
66340,4.9119352372245466e-05,1.726725396891717,2.0322480602284414,15.687874908035784,19.446848365155944
66360,4.913416073895401e-05,1.7283990304670485,2.03025673364197,15.688506620441737,19.447162384550754
66380,4.914896910566256e-05,1.731518813731878,2.027080584014884,15.689137294715792,19.447736692462556
66400,4.91637774723711e-05,1.734245669631198,2.0242080823726862,15.689653522835862,19.448107274839746
66420,4.917858583907965e-05,1.7369211022481497,2.021712979627279,15.690418590690665,19.449052672566093
66440,4.919339420578819e-05,1.7407691549344257,2.0174699433362804,15.691139418738885,19.449378517009592
66460,4.920820257249674e-05,1.7438469816632902,2.0138875660278455,15.691684833764851,19.449419381455986
66480,4.9223010939205284e-05,1.745542553232857,2.0119179389321027,15.69238797210286,19.44984846426782
66500,4.923781930591383e-05,1.7489419374458888,2.008586748137013,15.692965674328455,19.450494359911357
66520,4.9252627672622376e-05,1.752238899066484,2.00505284290213,15.693478715881248,19.450770457849863
66540,4.926743603933092e-05,1.7536522567322246,2.0038250867625633,15.69401438042301,19.451491723917798
66560,4.928224440603947e-05,1.756548407843884,2.000409861003875,15.69467500369734,19.4516332725451
66580,4.929705277274801e-05,1.759986407223358,1.996828400589761,15.695130449601349,19.45194525741447
66600,4.931186113945656e-05,1.763870793246885,1.993053536007986,15.695646151639608,19.45257048089448
66620,4.93266695061651e-05,1.7671057149374487,1.9894181213685462,15.696206720374494,19.45273055668049
66640,4.934147787287365e-05,1.7708886813281497,1.985748317693292,15.696652820544545,19.45328981956599
66660,4.9356286239582194e-05,1.772245580341556,1.9846459837000847,15.697145930547705,19.454037494589347
66680,4.9371094606290736e-05,1.7758059651518905,1.9808435125393986,15.697704763193213,19.454354240884502
66700,4.9385902972999286e-05,1.7824885127522054,1.9738546685703475,15.698187674845371,19.454530856167924
66720,4.940071133970783e-05,1.7833025082518428,1.9731650457287508,15.698799450128224,19.45526700410882
66740,4.941551970641638e-05,1.7884949700536241,1.967833571698353,15.699334258563074,19.45566280031505
66760,4.943032807312492e-05,1.7910077799361972,1.9651151905853967,15.699769022268393,19.455891992789986
66780,4.944513643983347e-05,1.7939897500081439,1.9622874161906352,15.70026719209164,19.45654435829042
66800,4.945994480654201e-05,1.7968712547760237,1.9594332496917282,15.700824869767153,19.457129374234906
66820,4.947475317325056e-05,1.801543036742369,1.954361288182672,15.701309711104974,19.457214036030017
66840,4.9489561539959104e-05,1.8051053589880008,1.9507655707008293,15.701819244169869,19.457690173858698
66860,4.9504369906667646e-05,1.807416175240559,1.94862115743284,15.70257835819019,19.45861569086359
66880,4.9519178273376196e-05,1.811525134640601,1.9443469850070236,15.703024692671839,19.458896812319463
66900,4.953398664008474e-05,1.8152205038340647,1.9407719294552166,15.7035614284068,19.459553861696083
66920,4.954879500679329e-05,1.818659821157405,1.9371708469128512,15.704080331239556,19.459910999309812
66940,4.956360337350183e-05,1.8223807970001626,1.932946637266518,15.704546608322211,19.459874042588893
66960,4.957841174021038e-05,1.8272481562239786,1.9276619256536442,15.705129688578015,19.460039770455637
66980,4.959322010691892e-05,1.8297923781140892,1.9251257454143076,15.705726287023056,19.460644410551453
67000,4.9608028473627465e-05,1.83318971862142,1.9220034218259974,15.706210443296431,19.46140358374385
67020,4.9622836840336014e-05,1.8371059805020153,1.9181094890687345,15.706775925580583,19.461991395151333
67040,4.9637645207044556e-05,1.839851511943936,1.9150172041809945,15.707441213778644,19.462309929903576
67060,4.9652453573753106e-05,1.844994783614706,1.9093945249133024,15.70798795672441,19.462377265252417
67080,4.966726194046165e-05,1.8488577897907479,1.905563223854286,15.708706415885603,19.463127429530637
67100,4.96820703071702e-05,1.8502591502486514,1.9042132001729795,15.70935689869745,19.46382924911908
67120,4.969687867387874e-05,1.8557244520004805,1.8983570202251154,15.709956468685295,19.46403794091089
67140,4.971168704058729e-05,1.8577855246658892,1.8965976187758975,15.710481951059462,19.46486509450125
67160,4.972649540729583e-05,1.860958269371984,1.8930551139432428,15.711038851362005,19.46505223467723
67180,4.9741303774004375e-05,1.8656367256570605,1.8882904050089373,15.711484225869597,19.465411356535597
67200,4.9756112140712924e-05,1.8691138684019832,1.884817929160901,15.71207251821096,19.466004315773844
67220,4.9770920507421466e-05,1.8721825305399715,1.8816660784794805,15.712620662925708,19.46646927194516
67240,4.9785728874130016e-05,1.8774329031405812,1.8761526824413863,15.713064511061905,19.46665009664387
67260,4.980053724083856e-05,1.8814581395359091,1.8718108989618716,15.713549445339712,19.466818483837493
67280,4.981534560754711e-05,1.8842926835233564,1.8690398725532944,15.714042863140842,19.467375419217493
67300,4.983015397425565e-05,1.8874190751944822,1.8660771466846107,15.714497722066245,19.467993943945338
67320,4.984496234096419e-05,1.8906283862448012,1.862530027637038,15.714980152807422,19.468138566689262
67340,4.985977070767274e-05,1.895532457956592,1.8573083191584296,15.715530764859539,19.46837154197456
67360,4.9874579074381285e-05,1.8994785421790472,1.852859625345129,15.715965288892843,19.46830345641702
67380,4.9889387441089834e-05,1.902693374428843,1.8499672606041417,15.716486364936127,19.469146999969112
67400,4.9904195807798376e-05,1.9053337256392417,1.84747119032662,15.717007910227277,19.469812826193138
67420,4.9919004174506926e-05,1.9094629538849426,1.8433212911260948,15.717515841500523,19.47030008651156
67440,4.993381254121547e-05,1.9121970726457784,1.8406975457240808,15.718158023466128,19.471052641835985
67460,4.994862090792402e-05,1.9176805299654607,1.8346717001941308,15.718668219821366,19.47102044998096
67480,4.996342927463256e-05,1.9208926494938783,1.8316467035179105,15.719308666521853,19.471848019533642
67500,4.99782376413411e-05,1.924858319619784,1.8272689291749327,15.719817870435225,19.471945119229943
67520,4.999304600804965e-05,1.929144614029288,1.822835712601897,15.720412974558586,19.472393301189772
67540,5.0007854374758195e-05,1.9333940818136233,1.8184699440265037,15.72083355457749,19.472697580417616
67560,5.0022662741466744e-05,1.9355191854036125,1.816312077405824,15.721265227007194,19.47309648981663
67580,5.0037471108175286e-05,1.9389173251661327,1.812688722653054,15.721700410955364,19.47330645877455
67600,5.0052279474883836e-05,1.9422181128388236,1.8092787757935072,15.722123164040465,19.473620052672796
67620,5.006708784159238e-05,1.9458133266654976,1.8054954469122002,15.722548841197613,19.473857614775312
67640,5.008189620830092e-05,1.9499477677656958,1.8012060507316563,15.723060540003882,19.474214358501236
67660,5.009670457500947e-05,1.951742733107567,1.7996314091378973,15.723526279942423,19.474900422187886
67680,5.011151294171801e-05,1.9539406652433575,1.7973327861902155,15.72397260696565,19.47524605839922
67700,5.012632130842656e-05,1.9584889253353794,1.79253076698659,15.724432816161556,19.475452508483524
67720,5.0141129675135105e-05,1.9596249180141556,1.7912410846298774,15.72483132417456,19.47569732681859
67740,5.0155938041843654e-05,1.9656200805615167,1.7849873930917333,15.725351156288896,19.475958629942145
67760,5.0170746408552196e-05,1.9662297712819228,1.7846565301312325,15.725841872192937,19.47672817360609
67780,5.0185554775260746e-05,1.9689521367600542,1.7817577728619696,15.726341386459355,19.477051296081378
67800,5.020036314196929e-05,1.973273702784207,1.7771855154727572,15.726844030150156,19.47730324840712
67820,5.021517150867783e-05,1.9769622691142192,1.772980809634494,15.72740086800489,19.477343946753603
67840,5.022997987538638e-05,1.9794380114995187,1.770699365609071,15.727656609762441,19.47779398687103
67860,5.024478824209492e-05,1.9808379570677035,1.769467480758848,15.72831108987803,19.47861652770458
67880,5.025959660880347e-05,1.9848296861588435,1.7651734188054138,15.72894775640544,19.478950861369697
67900,5.0274404975512015e-05,1.9876088978056583,1.7623674024339608,15.729376517975624,19.479352818215244
67920,5.0289213342220564e-05,1.9878949941432402,1.7620327627721768,15.729864347005853,19.47979210392127
67940,5.0304021708929106e-05,1.9915285029364338,1.7581825143535623,15.730364751568903,19.4800757688589
67960,5.031883007563765e-05,1.993570815380746,1.756368043919242,15.730825267884175,19.480764127184163
67980,5.03336384423462e-05,1.995113328752258,1.7542219343046666,15.731290136628175,19.4806253996851
68000,5.034844680905474e-05,1.9979319818019439,1.7512218214634414,15.731716756905552,19.48087056017094
68020,5.036325517576329e-05,2.000041604509737,1.749442282506982,15.732057850755618,19.481541737772336
68040,5.037806354247183e-05,2.0027062315984936,1.7463030863850526,15.732521999013512,19.481531316997057
68060,5.039287190918038e-05,2.004621637694541,1.7442533009066392,15.73291817792249,19.481793116523672
68080,5.0407680275888925e-05,2.0071846101091753,1.7415259111135784,15.733249627159141,19.481960148381894
68100,5.0422488642597474e-05,2.007407421392505,1.7416117126273452,15.73369784710594,19.48271698112579
68120,5.0437297009306016e-05,2.0103193746259693,1.7384410120425184,15.734105812308378,19.482866198976865
68140,5.045210537601456e-05,2.013600422407864,1.7347378932747173,15.734448607181182,19.482786922863763
68160,5.046691374272311e-05,2.016064699945331,1.732531318754543,15.734921057484572,19.483517076184445
68180,5.048172210943165e-05,2.019198295981387,1.729007717762178,15.7353985682525,19.483604581996065
68200,5.04965304761402e-05,2.021415469497893,1.7267394795487538,15.735801757255219,19.483956706301868
68220,5.051133884284874e-05,2.0237208800783453,1.724491215722488,15.736266619930301,19.484478715731136
68240,5.052614720955729e-05,2.024797233125706,1.7233888790695453,15.736654206528415,19.484840318723666
68260,5.0540955576265835e-05,2.0272858308417936,1.7208982533758357,15.737021494772597,19.485205578990225
68280,5.0555763942974384e-05,2.0293844004757053,1.7186783191339063,15.737400082293664,19.485462801903275
68300,5.0570572309682926e-05,2.0315211238569044,1.716620527508976,15.737796720824289,19.48593837219017
68320,5.058538067639147e-05,2.034316648669473,1.7138537858601266,15.738143093552269,19.48631352808187
68340,5.060018904310002e-05,2.0370595013709707,1.7110340980133898,15.738607883159737,19.4867014825441
68360,5.061499740980856e-05,2.039626704547522,1.7083323037788547,15.739079321408962,19.487038329735338
68380,5.062980577651711e-05,2.0446021395893923,1.7030992229253652,15.739478374831602,19.48717973734636
68400,5.064461414322565e-05,2.047581535415625,1.700291067935686,15.739903494987924,19.487776098339236
68420,5.06594225099342e-05,2.04757811507143,1.7004698225421127,15.740377156358743,19.488425093972285
68440,5.0674230876642745e-05,2.0501088391363385,1.69770565420964,15.740745871959282,19.48856036530526
68460,5.068903924335129e-05,2.0545194313819612,1.6931478462502336,15.741161256143677,19.488828533775873
68480,5.0703847610059836e-05,2.0566659342070226,1.690710664033774,15.741599010195044,19.48897560843584
68500,5.071865597676838e-05,2.059904798745695,1.6872092614623357,15.741972669923356,19.489086730131387
68520,5.073346434347693e-05,2.060768090700097,1.6864917025571688,15.74239975164065,19.48965954489792
68540,5.074827271018547e-05,2.0641896407820424,1.6827733968737149,15.742890535916136,19.489853573571892
68560,5.076308107689402e-05,2.067397710757721,1.679538630510975,15.743267306349741,19.490203647618436
68580,5.077788944360256e-05,2.071196385102009,1.6756839348195913,15.743723231902173,19.490603551823774
68600,5.079269781031111e-05,2.0722131837572784,1.6745687447302555,15.744236292471333,19.491018220958868
68620,5.0807506177019655e-05,2.075145894442755,1.6717410237190442,15.744612208274285,19.491499126436082
68640,5.08223145437282e-05,2.078007558228947,1.6690850182097388,15.74504967790297,19.492142254341655
68660,5.0837122910436746e-05,2.0810930594036976,1.6658646492951665,15.745448202549207,19.49240591124807
68680,5.085193127714529e-05,2.083461959992712,1.663297066187825,15.745768260838286,19.492527287018824
68700,5.086673964385384e-05,2.0857657001988823,1.6611079701345322,15.746120029383567,19.492993699716983
68720,5.088154801056238e-05,2.0904192102220103,1.6565060960402755,15.746521406879372,19.493446713141658
68740,5.089635637727093e-05,2.091874022945106,1.654979844999245,15.746920877147822,19.493774745092175
68760,5.091116474397947e-05,2.097216300068268,1.6493042336187842,15.747271559860518,19.49379209354757
68780,5.0925973110688015e-05,2.099939857818289,1.6463133084881256,15.747769837506763,19.494023003813176
68800,5.0940781477396565e-05,2.103051652473791,1.6429872169296715,15.748172576827008,19.49421144623047
68820,5.095558984410511e-05,2.105414377698562,1.640412968463324,15.748680546080955,19.49450789224284
68840,5.0970398210813656e-05,2.107393419762609,1.6385360269376457,15.749128662488193,19.49505810918845
68860,5.09852065775222e-05,2.1101735264467063,1.6360397137643998,15.749510357709847,19.495723597920954
68880,5.100001494423075e-05,2.115595880067465,1.6300721740022153,15.749979798411204,19.495647852480886
68900,5.101482331093929e-05,2.1202249059382106,1.6255860058500435,15.750442677398958,19.496253589187212
68920,5.102963167764784e-05,2.122554697919713,1.6231179498157609,15.750818199960941,19.496490847696414
68940,5.104444004435638e-05,2.1262398228367223,1.619559105519241,15.751272558036861,19.497071486392827
68960,5.1059248411064925e-05,2.130652353820606,1.6152890226014012,15.75177912806435,19.497720504486356
68980,5.1074056777773475e-05,2.13348782448837,1.6122761514601667,15.752233881120672,19.49799785706921
69000,5.108886514448202e-05,2.1375393505085483,1.6077553315602662,15.752685126320221,19.497979808389037
69020,5.1103673511190566e-05,2.1402019339877363,1.6048441690400992,15.753126396796866,19.4981724998247
69040,5.111848187789911e-05,2.1421705979519903,1.6029820929802125,15.753517136612695,19.498669827544898
69060,5.113329024460766e-05,2.1465749488849295,1.5985253763115896,15.753959312341216,19.499059637537734
69080,5.11480986113162e-05,2.149526500370838,1.5953369598958973,15.754419709136997,19.499283169403732
69100,5.1162906978024743e-05,2.1531501093396326,1.5916534457307128,15.754774776837452,19.4995783319078
69120,5.117771534473329e-05,2.155986960084218,1.5887414487632499,15.755231781345358,19.499960190192827
69140,5.1192523711441835e-05,2.160552429649915,1.5839168574634097,15.755639828611773,19.5001091157251
69160,5.1207332078150385e-05,2.1619952153160007,1.5824657593512297,15.755977582599769,19.500438557267
69180,5.122214044485893e-05,2.166194514383795,1.5784185206075703,15.756383154495603,19.50099618948697
69200,5.1236948811567476e-05,2.1670423145975146,1.5772065622516638,15.756819905234725,19.5010687820839
69220,5.125175717827602e-05,2.171169252202624,1.5728700718566002,15.757152489773356,19.50119181383258
69240,5.126656554498457e-05,2.1728407549684245,1.5715163972501038,15.757643038766624,19.50200019098515
69260,5.128137391169311e-05,2.1751385130651544,1.5693656596233105,15.75805233400474,19.502556506693203
69280,5.1296182278401653e-05,2.1787400796853635,1.5650555587790365,15.758381060444538,19.50217669890894
69300,5.13109906451102e-05,2.180878505628156,1.5630753027322095,15.758832963942032,19.502786772302397
69320,5.1325799011818745e-05,2.183836823482508,1.5601597724997878,15.75927593738442,19.503272533366715
69340,5.1340607378527295e-05,2.186093250557477,1.5580674747580212,15.759644712401322,19.50380543771682
69360,5.135541574523584e-05,2.1893632747101996,1.5544061755000802,15.760132524484217,19.503901974694497
69380,5.1370224111944386e-05,2.1929069494611753,1.550810975976169,15.760548047354785,19.50426597279213
69400,5.138503247865293e-05,2.1936806096361936,1.5501615310120747,15.760962811917317,19.504804952565586
69420,5.139984084536147e-05,2.196701748958654,1.5469431946442767,15.761427643774006,19.505072587376937
69440,5.141464921207002e-05,2.1975147366681376,1.546034284443337,15.761836081299897,19.50538510241137
69460,5.1429457578778563e-05,2.200748055486133,1.5427183363257657,15.762343529626635,19.505809921438534
69480,5.144426594548711e-05,2.202535997457254,1.541019671236686,15.762804997123123,19.506360665817063
69500,5.1459074312195655e-05,2.2030831616742867,1.540161413200908,15.76325893923369,19.506503514108886
69520,5.1473882678904205e-05,2.206537113569448,1.5364455025465102,15.763646949878808,19.506629565994768
69540,5.148869104561275e-05,2.206637355693556,1.536323481316473,15.764191212542274,19.507152049552303
69560,5.1503499412321296e-05,2.2080117920835116,1.5349041447697909,15.764668690673854,19.50758462752716
69580,5.151830777902984e-05,2.212828402228726,1.5296979156655741,15.765087075949161,19.50761339384346
69600,5.153311614573838e-05,2.213264930457223,1.529684517711337,15.765571211605721,19.50852065977428
69620,5.154792451244693e-05,2.21252906662168,1.530347518908656,15.766037586904208,19.508914172434544
69640,5.1562732879155473e-05,2.2170461761382025,1.5252208544823265,15.766451310129154,19.508718340749684
69660,5.157754124586402e-05,2.217828485881999,1.5241988960869441,15.766927960866802,19.508955342835744
69680,5.1592349612572565e-05,2.2192486376835077,1.5229594584484956,15.767354215880939,19.509562312012942
69700,5.1607157979281115e-05,2.22005125923725,1.5221333979715637,15.767737239283484,19.509921896492298
69720,5.162196634598966e-05,2.221012091281319,1.5212203633450665,15.768224545205841,19.510456999832225
69740,5.16367747126982e-05,2.224073175662749,1.517658378890673,15.76875388423985,19.51048543879327
69760,5.165158307940675e-05,2.2239972519251716,1.5181973467088845,15.769281924795955,19.511476523430012
69780,5.166639144611529e-05,2.2247436486865757,1.5170673950559836,15.769683759448053,19.51149480319061
69800,5.168119981282384e-05,2.2263391279437545,1.5152494229211013,15.77007124948981,19.511659800354664
69820,5.1696008179532383e-05,2.2268002295671554,1.5147923464031423,15.7704333778079,19.5120259537782
69840,5.171081654624093e-05,2.2307705025388365,1.5104973689228833,15.770812717344775,19.512080588806494
69860,5.1725624912949475e-05,2.2288726867655493,1.5128055246099597,15.771183030700438,19.512861242075946
69880,5.1740433279658025e-05,2.2313467362263344,1.5101465895254587,15.77150601821132,19.512999343963113
69900,5.175524164636657e-05,2.233976786557415,1.5071473112086635,15.77190384106825,19.513027938834327
69920,5.177005001307511e-05,2.2342139365469187,1.5072616938643026,15.772320598391596,19.513796228802818
69940,5.178485837978366e-05,2.2357829800579676,1.5058278428091116,15.772676306228572,19.51428712909565
69960,5.17996667464922e-05,2.2365514102444863,1.5046778267176444,15.773115476770247,19.514344713732378
69980,5.181447511320075e-05,2.2395031754141144,1.5013198989812775,15.77350360934999,19.51432668374538
70000,5.1829283479909293e-05,2.2398217046580746,1.5011470595237442,15.773894409386122,19.51486317356794
70020,5.184409184661784e-05,2.242506051174099,1.4985600238578363,15.77429562698531,19.515361702017245
70040,5.1858900213326385e-05,2.243950490058426,1.4970502647986441,15.774715531415733,19.515716286272802
70060,5.187370858003493e-05,2.244741887691586,1.4962967959645734,15.77506316505411,19.51610184871027
70080,5.188851694674348e-05,2.245395625305273,1.4955074496229375,15.77545593173312,19.516359006661332
70100,5.190332531345202e-05,2.2488557777933,1.4917889991667321,15.775802277601228,19.51644705456126
70120,5.191813368016057e-05,2.250385374343887,1.4900913012743677,15.776178267350499,19.516654942968753
70140,5.193294204686911e-05,2.2502444713229233,1.4899926229936602,15.776528315707962,19.516765410024547
70160,5.194775041357766e-05,2.2530341128234097,1.4873274806719894,15.777030602007283,19.517392195502683
70180,5.1962558780286203e-05,2.2536149617366963,1.4867590931800359,15.777399268940334,19.517773323857067
70200,5.197736714699475e-05,2.2564180545891594,1.4835423916640347,15.777857856949048,19.51781830320224
70220,5.1992175513703295e-05,2.2598297445237394,1.47990071560602,15.778266630890025,19.517997091019783
70240,5.200698388041184e-05,2.2619418976781893,1.4777011256952353,15.778613671451208,19.518256694824633
70260,5.202179224712039e-05,2.262473036850207,1.477318979449249,15.779023847944114,19.51881586424357
70280,5.203660061382893e-05,2.264754118603209,1.4746216042986096,15.7794104450203,19.51878616792212
70300,5.205140898053748e-05,2.268002391170508,1.4712409631577275,15.779729806536185,19.51897316086442
70320,5.206621734724602e-05,2.2700236934768023,1.4692881486762162,15.780145440543388,19.519457282696408
70340,5.208102571395457e-05,2.2734405288984654,1.4661702051915761,15.780568847254152,19.520179581344195
70360,5.2095834080663113e-05,2.2754505101094784,1.46373970883402,15.78094237087335,19.520132589816846
70380,5.2110642447371656e-05,2.2782816391768597,1.4608072897779376,15.781387900509571,19.520476829464368
70400,5.2125450814080205e-05,2.2805146905257074,1.4587002881095978,15.78184039320607,19.521055371841374
70420,5.214025918078875e-05,2.283017435923218,1.4559887561354488,15.782232645568543,19.52123883762721
70440,5.21550675474973e-05,2.284943056166971,1.4536811217589127,15.782673056842611,19.521297234768497
70460,5.216987591420584e-05,2.2867102929107945,1.4525354439140121,15.783085035254386,19.522330772079194
70480,5.218468428091439e-05,2.2894893909736846,1.4496638937733817,15.783410608513703,19.52256389326077
70500,5.219949264762293e-05,2.2932420051621456,1.4455663015772573,15.783760285408807,19.52256859214821
70520,5.221430101433148e-05,2.295902090826422,1.4427888252094139,15.784134820373845,19.52282573640968
70540,5.2229109381040023e-05,2.2987945000022547,1.4398081932146596,15.784495500750149,19.523098193967062
70560,5.2243917747748566e-05,2.302121299202004,1.4363419511487714,15.784866438062481,19.523329688413256
70580,5.2258726114457115e-05,2.305050546538046,1.4333491839904242,15.78520926105173,19.5236089915802
70600,5.227353448116566e-05,2.3066454579298643,1.4317052763006046,15.78550831266363,19.5238590468941
70620,5.228834284787421e-05,2.309814936418947,1.4285253960541806,15.78585747982476,19.52419781229789
70640,5.230315121458275e-05,2.3116916507603382,1.4265463961216691,15.786269008606883,19.52450705548889
70660,5.23179595812913e-05,2.3156835665612125,1.4221519837620902,15.786616613600884,19.524452163924188
70680,5.233276794799984e-05,2.318307860072415,1.419472742238557,15.787022057528858,19.52480265983983
70700,5.234757631470839e-05,2.3201474019550536,1.4177012131276723,15.787464835543721,19.52531345062645
70720,5.2362384681416933e-05,2.3237511363983865,1.4141528865364108,15.787897338249635,19.525801361184435
70740,5.2377193048125476e-05,2.3251179519762193,1.412802333013391,15.788342687505663,19.526262972495275
70760,5.2392001414834025e-05,2.3292001673440126,1.4083633151753894,15.788760506419393,19.526323988938795
70780,5.240680978154257e-05,2.331655556703379,1.4060104716848976,15.789102591702674,19.52676862009095
70800,5.242161814825112e-05,2.3339681449857306,1.4037130780627047,15.789482426064124,19.52716364911256
70820,5.243642651495966e-05,2.337173696012304,1.4002084190902957,15.789853588099469,19.527235703202066
70840,5.245123488166821e-05,2.340262883941112,1.3974055289200324,15.790180158252738,19.527848571113882
70860,5.246604324837675e-05,2.341243766828618,1.3964151679186496,15.790562080761894,19.52822101550916
70880,5.2480851615085294e-05,2.344215046769042,1.3929881224338905,15.790936245082667,19.5281394142856
70900,5.2495659981793843e-05,2.3469453171422656,1.390600242490611,15.791290586249358,19.528836145882234
70920,5.2510468348502386e-05,2.3479737484400336,1.3895810706567813,15.791643412256413,19.529198231353227
70940,5.2525276715210935e-05,2.3493343312230675,1.3880681109044308,15.792144359196957,19.529546801324457
70960,5.254008508191948e-05,2.3519750456228623,1.3849921963701275,15.792575875135544,19.529543117128533
70980,5.255489344862803e-05,2.3528692366794064,1.3839911386941515,15.793036606432072,19.529896981805628
71000,5.256970181533657e-05,2.355231661815183,1.38172442902553,15.793530359274964,19.530486450115678
71020,5.258451018204512e-05,2.357576057847746,1.3792455051308607,15.793932304123018,19.530753867101623
71040,5.259931854875366e-05,2.3596244483076116,1.3769455256653131,15.79433909253929,19.530909066512216
71060,5.2614126915462204e-05,2.360679069393046,1.376039812473424,15.794758810664584,19.531477692531055
71080,5.2628935282170753e-05,2.361575031793367,1.3754488522109367,15.795096813118198,19.5321206971225
71100,5.2643743648879296e-05,2.362982485338031,1.373508023852354,15.795521677722416,19.5320121869128
71120,5.2658552015587845e-05,2.366142814895008,1.3700433465744097,15.795917159724866,19.532103321194285
71140,5.267336038229639e-05,2.3694213041497996,1.3667731250083546,15.796243651199461,19.532438080357615
71160,5.268816874900494e-05,2.369866129587507,1.3662693094082259,15.79662490691012,19.532760345905853
71180,5.270297711571348e-05,2.3704442031218638,1.3653571907092374,15.797083732516997,19.5328851263481
71200,5.271778548242202e-05,2.3711842157695395,1.3650110479862696,15.797491929345183,19.53368719310099
71220,5.273259384913057e-05,2.3721993979960616,1.3638297687892118,15.79794807073736,19.533977237522635
71240,5.2747402215839114e-05,2.3750442532645124,1.3607021368417127,15.79841590221546,19.534162292321685
71260,5.2762210582547663e-05,2.3755925499280144,1.3599408314423695,15.798761221250293,19.534294602620676
71280,5.2777018949256206e-05,2.3782109692805484,1.3574486659906893,15.799172920445443,19.53483255571668
71300,5.2791827315964755e-05,2.3788536254997936,1.3565902236179481,15.799575550558721,19.535019399676465
71320,5.28066356826733e-05,2.380696417294284,1.354993392190942,15.799913092817379,19.535602902302607
71340,5.282144404938185e-05,2.382582797713479,1.3529407763226293,15.80032448702174,19.535848061057848
71360,5.283625241609039e-05,2.383090722618264,1.3521303840047165,15.800726649743215,19.535947756366195
71380,5.285106078279893e-05,2.3841075726624146,1.351271836639718,15.801072441083999,19.536451850386133
71400,5.286586914950748e-05,2.3855056357410533,1.3500997742937915,15.801471236266604,19.53707664630145
71420,5.2880677516216024e-05,2.3860616881244523,1.3494625739171549,15.801869396287614,19.537393658329222
71440,5.2895485882924573e-05,2.386500718555925,1.348727781433172,15.802224641918137,19.537453141907235
71460,5.2910294249633116e-05,2.39004076621788,1.345120389740304,15.802648319427536,19.53780947538572
71480,5.2925102616341665e-05,2.389193036262078,1.3458284746700515,15.803066488908383,19.538087999840513
71500,5.293991098305021e-05,2.391213980232693,1.3437055211396751,15.803400407866931,19.5383199092393
71520,5.295471934975875e-05,2.3921000362995004,1.3429192532459922,15.803823812260287,19.53884310180578
71540,5.29695277164673e-05,2.3943532730306503,1.340328410934801,15.804332298876934,19.539013982842384
71560,5.298433608317584e-05,2.3963603498627304,1.3381530748815316,15.804791420183264,19.539304844927525
71580,5.299914444988439e-05,2.396625535560476,1.3376962438900282,15.805288277524706,19.53961005697521
71600,5.3013952816592934e-05,2.399065808104782,1.3350592344355439,15.805832691456388,19.539957733996715
71620,5.3028761183301483e-05,2.399869191939957,1.3340871570820665,15.806307544097162,19.540263893119185
71640,5.3043569550010026e-05,2.400082734994476,1.3340422564891656,15.806829845038003,19.540954836521646
71660,5.3058377916718575e-05,2.403038394797279,1.3309904747308623,15.807258979268987,19.54128784879713
71680,5.307318628342712e-05,2.404198397058566,1.3299036484141804,15.807775623791866,19.54187766926461
71700,5.308799465013566e-05,2.406349276643659,1.3276316223071325,15.80818578879209,19.54216668774288
71720,5.310280301684421e-05,2.4075351416718287,1.3264320694312886,15.808649738389928,19.542616949493045
71740,5.311761138355275e-05,2.4100436514789303,1.323468033651937,15.808957846486505,19.54246953161737
71760,5.31324197502613e-05,2.4114274340556676,1.3221730168227048,15.809423792300919,19.543024243179293
71780,5.3147228116969844e-05,2.414347583471042,1.3187596606238505,15.809848163854156,19.542955407949048
71800,5.3162036483678393e-05,2.415439616768018,1.3177899723235038,15.810230238951585,19.543459828043105
71820,5.3176844850386936e-05,2.4148142621703714,1.318441543617083,15.810671881494818,19.54392768728227
71840,5.319165321709548e-05,2.4184623035300206,1.3142402859124336,15.811121991525983,19.543824580968437
71860,5.320646158380403e-05,2.421128267876111,1.3112780442396592,15.811556884704906,19.543963196820677
71880,5.322126995051257e-05,2.4216654540653417,1.3108104246445702,15.812066465230549,19.54454234394046
71900,5.323607831722112e-05,2.4238917002367284,1.3083818505042382,15.812563550229935,19.544837100970902
71920,5.325088668392966e-05,2.427279354198114,1.3049133831703694,15.812993660514946,19.54518639788343
71940,5.326569505063821e-05,2.430149872130488,1.3022676967770042,15.813474644084266,19.54589221299176
71960,5.3280503417346754e-05,2.432627742364992,1.2995277355029056,15.814057593640758,19.546213071508657
71980,5.3295311784055303e-05,2.436669532255003,1.2952068404030703,15.814510959283012,19.546387331941084
72000,5.3310120150763846e-05,2.438166217126142,1.294093404335157,15.814963632784318,19.547223254245615
72020,5.332492851747239e-05,2.4406624707400826,1.290687643896889,15.815382061110256,19.546732175747227
72040,5.333973688418094e-05,2.445672965751882,1.2860174284495542,15.815741232001624,19.54743162620306
72060,5.335454525088948e-05,2.447906338424893,1.2839809282117847,15.816156116098353,19.54804338273503
72080,5.336935361759803e-05,2.449959727600066,1.282034194872188,15.816593020644317,19.54858694311657
72100,5.338416198430657e-05,2.453729064544272,1.2783613073827698,15.816950059464464,19.549040431391507
72120,5.339897035101512e-05,2.4557041794009424,1.276199128384033,15.81739706378789,19.549300371572865
72140,5.3413778717723664e-05,2.4598747065211404,1.2718834773039458,15.817840684667363,19.54959886849245
72160,5.342858708443221e-05,2.462927976822299,1.2688718814601296,15.818243408635478,19.550043266917907
72180,5.3443395451140756e-05,2.465888370070526,1.2659655231379514,15.818696887565551,19.550550780774028
72200,5.34582038178493e-05,2.4691124429848355,1.2622381028404133,15.819106406074706,19.550456951899953
72220,5.347301218455785e-05,2.47253121967886,1.2590136936743739,15.81945924064938,19.551004154002612
72240,5.348782055126639e-05,2.476870746327644,1.2548895966781073,15.819905019235582,19.551665362241334
72260,5.350262891797494e-05,2.4792993457490007,1.25222548373567,15.820361185901763,19.551886015386433
72280,5.351743728468348e-05,2.4817206042598627,1.2495461567533643,15.820783606510235,19.552050367523464
72300,5.353224565139203e-05,2.4853596433920337,1.2459180045817213,15.821239495224347,19.552517143198102
72320,5.3547054018100574e-05,2.4889235481379286,1.241940786196649,15.821721751826956,19.552586086161533
72340,5.356186238480912e-05,2.4914928606835947,1.2390878475552307,15.822104103610998,19.552684811849822
72360,5.3576670751517666e-05,2.4939278078684044,1.2366985469404888,15.822464285779798,19.553090640588692
72380,5.359147911822621e-05,2.499753865340568,1.2306631905179786,15.82288119641001,19.553298252268558
72400,5.360628748493476e-05,2.5026595099627,1.2275674216122323,15.82323724050157,19.553464172076502
72420,5.36210958516433e-05,2.50594611271864,1.224559475750158,15.82370334955148,19.554208938020277
72440,5.363590421835185e-05,2.5079070506695205,1.2221476579239412,15.82418804761487,19.554242756208332
72460,5.365071258506039e-05,2.5136668873082906,1.2164726012058396,15.824512992304019,19.55465248081815
72480,5.3665520951768935e-05,2.5173122274842963,1.2126024023677346,15.824869462442322,19.554784092294355
72500,5.3680329318477484e-05,2.5211426289462775,1.2085865230683022,15.82522735173389,19.55495650374847
72520,5.369513768518603e-05,2.5230974778580615,1.2067345032454613,15.825538456481212,19.555370437584735
72540,5.3709946051894576e-05,2.5272197080225274,1.2024464896023024,15.825877988263095,19.555544185887925
72560,5.372475441860312e-05,2.5308546036593906,1.1985399652701056,15.826258450659306,19.555653019588803
72580,5.373956278531167e-05,2.5345180521543718,1.1947338053398786,15.82656276183353,19.55581461932778
72600,5.375437115202021e-05,2.5362646276657874,1.1932370679416429,15.826903948459037,19.556405644066466
72620,5.376917951872876e-05,2.5403808047590393,1.189577251505972,15.827244699792521,19.55720275605753
72640,5.37839878854373e-05,2.5440112067836824,1.1855400455478426,15.827543646683745,19.55709489901527
72660,5.3798796252145845e-05,2.550116209412234,1.1787940641586605,15.827932834484256,19.55684310805515
72680,5.3813604618854394e-05,2.552377803748091,1.1768127947343938,15.828324306394745,19.55751490487723
72700,5.382841298556294e-05,2.5546566528520875,1.174504486934153,15.828771307082011,19.55793244686825
72720,5.3843221352271486e-05,2.5608973985704373,1.1678412898215753,15.829176175410867,19.55791486380288
72740,5.385802971898003e-05,2.5633938231002333,1.1652582050720017,15.829539461901744,19.55819149007398
72760,5.387283808568858e-05,2.568479198973333,1.159931936905325,15.829862018296708,19.558273154175367
72780,5.388764645239712e-05,2.5708962278629226,1.1577858716304525,15.830237711999505,19.55891981149288
72800,5.390245481910566e-05,2.574421659524652,1.1544295731048557,15.830633850406745,19.55948508303625
72820,5.391726318581421e-05,2.5782581937664473,1.1505072585046214,15.830935345529717,19.559700797800787
72840,5.3932071552522755e-05,2.5825864432304444,1.145869621547094,15.831296773179513,19.559752837957053
72860,5.3946879919231304e-05,2.587510972914562,1.14087365365001,15.831711423245299,19.56009604980987
72880,5.396168828593985e-05,2.5901430740524436,1.138373916214999,15.832060167577797,19.56057715784524
72900,5.3976496652648396e-05,2.5960310245576013,1.132246659529123,15.832466798165541,19.560744482252264
72920,5.399130501935694e-05,2.596894839557185,1.1314923372779286,15.83289157084075,19.561278747675864
72940,5.400611338606549e-05,2.6022691828801108,1.1259971621522311,15.833258807007416,19.561525152039756
72960,5.402092175277403e-05,2.6072018338990155,1.120973920249444,15.83366135856174,19.5618371127102
72980,5.403573011948257e-05,2.609998158377238,1.118275068371394,15.834126497800986,19.562399724549618
73000,5.405053848619112e-05,2.6138510275737374,1.1141303504489677,15.834460455348214,19.56244183337092
73020,5.4065346852899665e-05,2.6177519397989752,1.1103045625692494,15.834895052099586,19.562951554467812
73040,5.4080155219608214e-05,2.619649008212563,1.1084867068910988,15.835278395607958,19.56341411071162
73060,5.409496358631676e-05,2.6251954800973554,1.1028266992444626,15.835614729812983,19.563636909154802
73080,5.4109771953025306e-05,2.6282201518872608,1.099697926555828,15.835989109928349,19.563907188371438
73100,5.412458031973385e-05,2.631320066332086,1.0966564154028668,15.836338767417931,19.564315249152884
73120,5.41393886864424e-05,2.6367507525197715,1.0908356675892792,15.83663549667453,19.56422191678358
73140,5.415419705315094e-05,2.6405477764510863,1.0868828607106924,15.836956670563112,19.56438730772489
73160,5.416900541985948e-05,2.6430893880262403,1.0841813330743082,15.837258974310734,19.56452969541128
73180,5.418381378656803e-05,2.646524218309821,1.0804168472009494,15.837544389336522,19.564485454847294
73200,5.4198622153276575e-05,2.6504882900102453,1.0764953790514848,15.837921583469297,19.564905252531027
73220,5.4213430519985124e-05,2.6546136669558735,1.072032244702036,15.838228179102526,19.564874090760433
73240,5.422823888669367e-05,2.6565064742391766,1.0705843232816432,15.838474069425645,19.565564866946467
73260,5.4243047253402216e-05,2.661388632408302,1.0651832705152777,15.83877561798718,19.56534752091076
73280,5.425785562011076e-05,2.663173718921733,1.0630751337865845,15.839091671987283,19.5653405246956
73300,5.42726639868193e-05,2.6674531505486967,1.0589408549275725,15.839353570709028,19.565747576185295
73320,5.428747235352785e-05,2.671412434929408,1.0553039470707144,15.839671142977961,19.566387524978083
73340,5.430228072023639e-05,2.674903156152295,1.051501824437904,15.83998978635491,19.56639476694511
73360,5.431708908694494e-05,2.678801561536714,1.047926042438405,15.840285283572477,19.567012887547598
73380,5.4331897453653485e-05,2.681691755098485,1.0446088965835048,15.840684495701526,19.566985147383516
73400,5.4346705820362034e-05,2.6850689392120017,1.0410359937049791,15.840998703210417,19.5671036361274
73420,5.436151418707058e-05,2.686473500824578,1.0400652989783699,15.841296853006627,19.567835652809574
73440,5.4376322553779126e-05,2.690235633426462,1.0361309427728778,15.841662915376443,19.568029491575782
73460,5.439113092048767e-05,2.694107567499977,1.0321147472374486,15.842042562952853,19.56826487769028
73480,5.440593928719621e-05,2.6955187439402755,1.0303847892402895,15.842406985853312,19.56831051903388
73500,5.442074765390476e-05,2.699143534369841,1.0263948548283592,15.84288120703997,19.56841959623817
73520,5.44355560206133e-05,2.700863165555192,1.0249937675869805,15.84335079144633,19.5692077245885
73540,5.445036438732185e-05,2.7033510567212344,1.0226524418439287,15.84376265799001,19.569766156555175
73560,5.4465172754030395e-05,2.705296140090365,1.0205334413815912,15.84417436095271,19.570003942424666
73580,5.4479981120738944e-05,2.706710189221786,1.0190161242755005,15.844560672211873,19.57028698570916
73600,5.449478948744749e-05,2.7099218032680765,1.0158522580779317,15.844910286570666,19.570684347916675
73620,5.450959785415603e-05,2.711511625364747,1.0141246839750242,15.845298324161263,19.570934633501032
73640,5.452440622086458e-05,2.712679004273484,1.0130205768747484,15.84561880483108,19.57131838597931
73660,5.453921458757312e-05,2.715521904345738,1.010062855715044,15.846041994858622,19.571626754919404
73680,5.455402295428167e-05,2.7185012586957393,1.0067066760746435,15.846453677679463,19.571661612449844
73700,5.456883132099021e-05,2.7176805125662913,1.0076475511665706,15.846826981002629,19.57215504473549
73720,5.458363968769876e-05,2.719887828971165,1.0051454037488423,15.847233423783388,19.572266656503395
73740,5.4598448054407305e-05,2.720300982420156,1.0048226964614093,15.847624686238282,19.572748365119846
73760,5.4613256421115854e-05,2.721779206974821,1.003224034433261,15.84799861513975,19.573001856547833
73780,5.46280647878244e-05,2.7218288802696984,1.0032684890782977,15.848300929799608,19.573398299147605
73800,5.464287315453294e-05,2.7227707487666515,1.0022762913112706,15.848695225423233,19.573742265501156
73820,5.465768152124149e-05,2.724405619147152,1.0001325188016954,15.849127041270371,19.57366517921922
73840,5.467248988795003e-05,2.7244817802388543,1.000275404154063,15.849530267862274,19.57428745225519
73860,5.468729825465858e-05,2.7240105219350346,1.0003352434579518,15.85004233960651,19.574388104999496
73880,5.470210662136712e-05,2.7249942690481133,0.999312147382608,15.8503958855057,19.57470230193642
73900,5.471691498807567e-05,2.7253109813498004,0.9990974018111277,15.850785170249083,19.57519355341001
73920,5.4731723354784215e-05,2.7265767137681465,0.9975957433775506,15.851249085304067,19.575421542449764
73940,5.474653172149276e-05,2.725193282853774,0.9989290811940408,15.851752038869998,19.575874402917812
73960,5.476134008820131e-05,2.724049747201178,1.0007399341634753,15.852127020336747,19.5769167017014
73980,5.477614845490985e-05,2.7247099783491255,0.9992772657850446,15.852574642401882,19.57656188653605
74000,5.47909568216184e-05,2.7252670092948996,0.998259764730469,15.852927526559021,19.57645430058439
74020,5.480576518832694e-05,2.7230323666262537,1.0006855727828488,15.85327458485175,19.576992524260852
74040,5.482057355503549e-05,2.7207919714102937,1.0028496296432092,15.853677145777807,19.57731874683131
74060,5.483538192174403e-05,2.7198272523732436,1.0036481960503678,15.854062557499311,19.577538005922925
74080,5.485019028845258e-05,2.7186892731155607,1.0048795218636555,15.854464070079981,19.578032865059196
74100,5.4864998655161125e-05,2.7182828192494872,1.004954816971035,15.854895312986407,19.57813294920693
74120,5.487980702186967e-05,2.7170504657888146,1.0061162778690744,15.855316899971381,19.57848364362927
74140,5.489461538857822e-05,2.7151624232705456,1.007721259895287,15.855754006654193,19.578637689820027
74160,5.490942375528676e-05,2.712869326334331,1.010374918692372,15.856163921474343,19.579408166501047
74180,5.492423212199531e-05,2.708702981698621,1.0146275638487188,15.856569298347877,19.579899843895216
74200,5.493904048870385e-05,2.7087876387183902,1.0141385843260329,15.856923611070783,19.57984983411521
74220,5.49538488554124e-05,2.7077474143638494,1.014798919389244,15.857386679132839,19.57993301288593
74240,5.496865722212094e-05,2.7038099465234073,1.0186857758155445,15.857802971101316,19.58029869344027
74260,5.4983465588829486e-05,2.7000461647323792,1.022761930181053,15.858236119142827,19.58104421405626
74280,5.4998273955538035e-05,2.7000512858555625,1.0223933999473025,15.858637867754695,19.58108255355756
74300,5.501308232224658e-05,2.6966642236384786,1.0255262433084815,15.859102480825328,19.581292947772287
74320,5.502789068895513e-05,2.690918631667439,1.0314226451350883,15.859504669389533,19.58184594619206
74340,5.504269905566367e-05,2.6890304491759083,1.032857097101985,15.86001237266747,19.581899918945364
74360,5.505750742237222e-05,2.685456247177262,1.0367249238875629,15.860425677875941,19.582606848940767
74380,5.507231578908076e-05,2.680642663981661,1.0414884507659052,15.860789124107624,19.58292023885519
74400,5.508712415578931e-05,2.6772408974716786,1.0445339540828276,15.861234834804513,19.58300968635902
74420,5.510193252249785e-05,2.6732577644143287,1.0487897565869668,15.861640338688648,19.583687859689945
74440,5.5116740889206396e-05,2.6669254903251125,1.05559710601581,15.862036734203002,19.584559330543925
74460,5.5131549255914945e-05,2.66352636998439,1.0580808496293341,15.862436798911975,19.5840440185257
74480,5.514635762262349e-05,2.660272937704634,1.0612685210244528,15.862893506994386,19.584434965723474
74500,5.516116598933204e-05,2.654407607427423,1.0672668461918133,15.863234531114653,19.58490898473389
74520,5.517597435604058e-05,2.648011935847903,1.0737503984326355,15.863688869807875,19.585451204088415
74540,5.519078272274913e-05,2.643809887446834,1.077427815411249,15.864129383403942,19.585367086262025
74560,5.520559108945767e-05,2.6377888662450455,1.083831250381327,15.864499763295552,19.586119879921924
74580,5.5220399456166214e-05,2.631515287773662,1.0900365957830307,15.86495934938397,19.586511232940662
74600,5.523520782287476e-05,2.627467229836351,1.0938578735913032,15.865453956685094,19.586779060112747
74620,5.5250016189583306e-05,2.6215110920732725,1.0997635451859558,15.865889503252642,19.58716414051187
74640,5.5264824556291855e-05,2.6144666586067613,1.1069709004079473,15.86627995351831,19.58771751253302
74660,5.52796329230004e-05,2.609599888258037,1.1110939599388656,15.866726403848887,19.58742025204579
74680,5.529444128970895e-05,2.603037890535975,1.1175311208352972,15.867130157286848,19.58769916865812
74700,5.530924965641749e-05,2.5974518335875714,1.1228899463967883,15.867549796570954,19.587891576555315
74720,5.532405802312604e-05,2.591855885229728,1.1284397819631402,15.86794195550592,19.588237622698788
74740,5.533886638983458e-05,2.58314910379882,1.1375881870486146,15.868317985712848,19.58905527656028
74760,5.5353674756543124e-05,2.576702422301628,1.1439628525026297,15.868724391154121,19.58938966595838
74780,5.536848312325167e-05,2.5714707576729574,1.148992498781313,15.869130966398183,19.589594222852455
74800,5.5383291489960216e-05,2.5631591933105384,1.1571103074347056,15.869488706747102,19.589758207492345
74820,5.5398099856668765e-05,2.5567019463868004,1.1636965382932833,15.869940915251659,19.590339399931743
74840,5.541290822337731e-05,2.5499996935251876,1.1702642018099665,15.870376721312505,19.590640616647658
74860,5.542771659008586e-05,2.5409182391181853,1.17928947142089,15.870735194387265,19.59094290492634
74880,5.54425249567944e-05,2.534187586149203,1.1858240524152204,15.871175610462465,19.591187249026888
74900,5.545733332350294e-05,2.5264829022479365,1.1934100003387207,15.871605438268666,19.591498340855324
74920,5.547214169021149e-05,2.518099917139584,1.2017517373114663,15.871977195704332,19.591828850155384
74940,5.5486950056920034e-05,2.512078508238832,1.2075418029675697,15.8724325814681,19.592052892674502
74960,5.550175842362858e-05,2.503769618539086,1.2154706946142817,15.872887371987597,19.592127685140966
74980,5.5516566790337126e-05,2.4962584126230802,1.2232656049575397,15.873269189823873,19.592793207404494
75000,5.5531375157045675e-05,2.4868486318609118,1.2326615980182505,15.873733306124187,19.59324353600335
75020,5.554618352375422e-05,2.4797586157617233,1.2393964351099163,15.874150002507728,19.593305053379368
75040,5.556099189046277e-05,2.4708245142648373,1.2482544435766036,15.874489417200055,19.593568375041496
75060,5.557580025717131e-05,2.46367237734768,1.2552842567332536,15.87491077255115,19.593867406632086
75080,5.559060862387985e-05,2.45567125943223,1.263439986477195,15.875335250990387,19.594446496899813
75100,5.56054169905884e-05,2.448186362420019,1.270736436092361,15.875713643469968,19.59463644198235
75120,5.5620225357296944e-05,2.439414521311768,1.2793637857464402,15.876116579102877,19.594894886161086
75140,5.563503372400549e-05,2.429130150896605,1.289769548248462,15.876484654679821,19.595384353824887
75160,5.5649842090714036e-05,2.421695797173527,1.2969481466794743,15.876801762970516,19.59544570682352
75180,5.5664650457422585e-05,2.413535488898865,1.3048546067482,15.877158768989744,19.59554886463681
75200,5.567945882413113e-05,2.4056413030151873,1.3125656817555336,15.877553280770169,19.59576026554089
75220,5.569426719083968e-05,2.397998559951164,1.3201923730038962,15.877919735814771,19.596110668769832
75240,5.570907555754822e-05,2.3898282957030785,1.3283607874370527,15.878357269162656,19.596546352302788
75260,5.572388392425676e-05,2.3798582106053385,1.33813721268925,15.878781419682955,19.596776842977544
75280,5.573869229096531e-05,2.371997788026781,1.3458569676282306,15.879119500591296,19.596974256246305
75300,5.5753500657673854e-05,2.363987780598533,1.353591412546858,15.879537758384068,19.597116951529458
75320,5.57683090243824e-05,2.3563551680238395,1.3612354687184025,15.879971162045276,19.597561798787517
75340,5.5783117391090946e-05,2.3471592132721018,1.3705541498583638,15.880373699844133,19.5980870629746
75360,5.5797925757799495e-05,2.33794917903038,1.3798064976979094,15.880871650382268,19.598627327110556
75380,5.581273412450804e-05,2.3308750701476035,1.386272859524296,15.881345156039703,19.598493085711603
75400,5.582754249121658e-05,2.32161577165191,1.3956362442180827,15.881742919680237,19.59899493555023
75420,5.584235085792513e-05,2.3142451685226746,1.403251003587945,15.88217466995194,19.599670842062558
75440,5.585715922463367e-05,2.306400144115253,1.4107324939468955,15.882605384824016,19.599738022886164
75460,5.587196759134222e-05,2.2987669849155092,1.4181074344240565,15.882931443102166,19.59980586244173
75480,5.5886775958050764e-05,2.290349295203399,1.42653620919869,15.883351048522988,19.600236552925075
75500,5.590158432475931e-05,2.282275714488957,1.43480357046862,15.883799559361156,19.600878844318732
75520,5.5916392691467856e-05,2.273157206026541,1.4445488399768283,15.884192400732967,19.601898446736335
75540,5.5931201058176405e-05,2.266536554731601,1.4505427291911237,15.884664685933283,19.601743969856006
75560,5.594600942488495e-05,2.258148912042272,1.458827963060694,15.88513224372152,19.602109118824487
75580,5.596081779159349e-05,2.2505399582447723,1.4661219332055022,15.885551827707744,19.60221371915802
75600,5.597562615830204e-05,2.2430805961486646,1.4731347162880528,15.88607665487243,19.602291967309146
75620,5.599043452501058e-05,2.234424981966896,1.4817119689259273,15.886587995499148,19.602724946391973
75640,5.600524289171913e-05,2.22500202129547,1.4914681721874612,15.887026031873596,19.603496225356526
75660,5.6020051258427674e-05,2.2193332497573444,1.4969145883173094,15.887530697815865,19.60377853589052
75680,5.603485962513622e-05,2.210365492838544,1.506127763560429,15.887929756978155,19.60442301337713
75700,5.6049667991844766e-05,2.203808570575743,1.5121618350391897,15.888287308228634,19.604257713843566
75720,5.606447635855331e-05,2.196319606125421,1.5194778004281861,15.888811421159009,19.604608827712617
75740,5.607928472526186e-05,2.1893137835864818,1.526426221155905,15.88932376968475,19.605063774427137
75760,5.60940930919704e-05,2.1816398726895168,1.5340368869398222,15.889745289079759,19.605422048709098
75780,5.610890145867895e-05,2.1724407147566454,1.5440462895938638,15.890207822704278,19.60669482705479
75800,5.612370982538749e-05,2.164516818943651,1.5514237430355298,15.890637896253613,19.606578458232793
75820,5.613851819209604e-05,2.1589856891463657,1.55683667939967,15.891015604715388,19.606837973261424
75840,5.6153326558804584e-05,2.1510104433822477,1.5647602461379224,15.891476558478695,19.607247247998863
75860,5.616813492551313e-05,2.1450196471912966,1.5699805837522034,15.891976377595888,19.606976608539387
75880,5.6182943292221676e-05,2.1355138926639645,1.57991050159295,15.892435619895105,19.60786001415202
75900,5.619775165893022e-05,2.1301204864007133,1.5852063592432903,15.892923740288245,19.608250585932247
75920,5.621256002563877e-05,2.1218378009065364,1.5930279233561835,15.893462535161515,19.608328259424233
75940,5.622736839234731e-05,2.1167736669923545,1.5983714224208412,15.893890654570637,19.60903574398383
75960,5.624217675905586e-05,2.108537318361045,1.6064811435329582,15.894397499561778,19.60941596145578
75980,5.62569851257644e-05,2.10208904336825,1.612687900527871,15.894867727587844,19.609644671483963
76000,5.627179349247295e-05,2.0963344738184513,1.6178843818109032,15.895263169848356,19.60948202547771
76020,5.6286601859181494e-05,2.0879293807771853,1.6267865762399383,15.895737942896861,19.610453899913985
76040,5.6301410225890036e-05,2.0823819631818603,1.6323250355559689,15.89623798398983,19.61094498272766
76060,5.6316218592598586e-05,2.0738620857741594,1.640587946961448,15.896649901277854,19.61109993401346
76080,5.633102695930713e-05,2.0702031262959544,1.6439255699462652,15.897051731458369,19.61118042770059
76100,5.634583532601568e-05,2.06230759310933,1.6517069016786154,15.897534085204597,19.611548579992544
76120,5.636064369272422e-05,2.0570783343710564,1.6565327605413496,15.897916658533486,19.61152775344589
76140,5.637545205943277e-05,2.0497446912036015,1.664085272915238,15.898377317210329,19.61220728132917
76160,5.639026042614131e-05,2.044293010709951,1.6693465969204686,15.898812674288981,19.612452281919403
76180,5.640506879284986e-05,2.038071940654929,1.6747941751604214,15.899202078071088,19.612068193886437
76200,5.6419877159558404e-05,2.0317214799725996,1.6815105583882974,15.899663830907011,19.61289586926791
76220,5.6434685526266946e-05,2.025033102909448,1.6878770490106128,15.90011247299632,19.61302262491638
76240,5.6449493892975496e-05,2.0182420806380943,1.694635392755135,15.900475315915493,19.61335278930872
76260,5.646430225968404e-05,2.011542591894708,1.7013555450840374,15.90083549945836,19.613733636437104
76280,5.647911062639259e-05,2.0065457254059624,1.7062047302989785,15.901302657810273,19.614053113515215
76300,5.649391899310113e-05,1.9997757762403343,1.7127803701666264,15.901715896556867,19.614272042963826
76320,5.650872735980968e-05,1.9954822046350307,1.71707195854709,15.90220295176064,19.61475711494276
76340,5.652353572651822e-05,1.990301035659868,1.7223668620333008,15.902660432197798,19.615328329890968
76360,5.6538344093226764e-05,1.9836261253774627,1.7289749411661905,15.90305959836697,19.61566066491062
76380,5.6553152459935314e-05,1.979689589651814,1.7327027388727556,15.903595880475098,19.615988208999667
76400,5.6567960826643856e-05,1.97504060868977,1.7370748524955881,15.904025172985872,19.61614063417123
76420,5.6582769193352406e-05,1.9684733293819257,1.7435987020112944,15.90442553263149,19.616497564024712
76440,5.659757756006095e-05,1.9631014952064196,1.7489603385285675,15.904933646567699,19.616995480302684
76460,5.66123859267695e-05,1.9600627941520274,1.7519747563767385,15.905475784966164,19.61751333549493
76480,5.662719429347804e-05,1.9546408767091494,1.7575056085856886,15.905906076099217,19.618052561394055
76500,5.664200266018659e-05,1.9493858490524385,1.762664682998463,15.906410026218415,19.618460558269316
76520,5.665681102689513e-05,1.944273387186783,1.767612606640063,15.90691070419069,19.618796698017537
76540,5.6671619393603674e-05,1.940425212629724,1.7711709718692028,15.907386384674826,19.618982569173752
76560,5.6686427760312224e-05,1.932962760740026,1.77894377790437,15.907829109855749,19.619735648500146
76580,5.6701236127020766e-05,1.9287652178506136,1.7825412164958179,15.908285403956883,19.619591838303315
76600,5.6716044493729316e-05,1.9237207617970338,1.7876737202452666,15.908733824608193,19.620128306650493
76620,5.673085286043786e-05,1.9193531214085464,1.7923440314942434,15.9091349951167,19.62083214801949
76640,5.674566122714641e-05,1.9142920434945105,1.7972299776850038,15.909629251389187,19.621151272568703
76660,5.676046959385495e-05,1.9092134828127216,1.8021419734382438,15.91003173304101,19.621387189291973
76680,5.677527796056349e-05,1.9079721162838585,1.8029589744323409,15.910539322135353,19.62147041285155
76700,5.679008632727204e-05,1.9009107804427687,1.810370260114462,15.911061303584617,19.62234234414185
76720,5.6804894693980584e-05,1.896567262187253,1.814337233795924,15.911432964187604,19.62233746017078
76740,5.6819703060689134e-05,1.891319027089737,1.8193732823235225,15.911836811385395,19.622529120798653
76760,5.6834511427397676e-05,1.886834313855015,1.8239477826868336,15.912235772636953,19.623017869178803
76780,5.6849319794106226e-05,1.882229101426898,1.8281735837626056,15.912617347045375,19.623020032234876
76800,5.686412816081477e-05,1.8784147094034218,1.8319560090973788,15.913039607848306,19.623410326349106
76820,5.687893652752332e-05,1.8700687695849272,1.8407570878363675,15.913485429942318,19.62431128736361
76840,5.689374489423186e-05,1.865717038406829,1.845008060161535,15.913822336234839,19.624547434803205
76860,5.69085532609404e-05,1.8622839980150174,1.8482998623703457,15.914347000307234,19.624930860692597
76880,5.692336162764895e-05,1.8557928300531368,1.8545294573685853,15.914788603698888,19.62511089112061
76900,5.6938169994357494e-05,1.8499979873962775,1.8603948098685705,15.915180935042983,19.62557373230783
76920,5.6952978361066044e-05,1.8460565132147222,1.8641765459051274,15.91568389094015,19.62591695006
76940,5.6967786727774586e-05,1.843118018843263,1.8666247546265917,15.916196574633188,19.625939348103042
76960,5.6982595094483136e-05,1.8375262952616467,1.872553092275417,15.916621881959388,19.62670126949645
76980,5.699740346119168e-05,1.8300439942980808,1.880144170597332,15.917080883637672,19.627269048533083
77000,5.701221182790022e-05,1.82606719541395,1.8836541184817233,15.917544645911349,19.627265959807023
77020,5.702702019460877e-05,1.820950683160267,1.888611788686749,15.917892280358874,19.62745475220589
77040,5.704182856131731e-05,1.8181718619104166,1.8910825396945412,15.918384501381869,19.627638902986828
77060,5.705663692802586e-05,1.8115186473111455,1.8978792850984862,15.91889328012368,19.628291212533313
77080,5.7071445294734404e-05,1.8071128391908298,1.9025545987185586,15.919338035162657,19.629005473072045
77100,5.7086253661442954e-05,1.8018992579080533,1.907380046536039,15.919885597229111,19.629164901673203
77120,5.7101062028151496e-05,1.797998596908133,1.9109035394516254,15.920413718166586,19.629315854526343
77140,5.7115870394860046e-05,1.7932560600560628,1.9157825033511287,15.920862340503412,19.629900903910602
77160,5.713067876156859e-05,1.7886910525876694,1.9195439675561106,15.92135830635808,19.629593326501862
77180,5.714548712827713e-05,1.7821576437142292,1.9260467890773723,15.921848595011811,19.630053027803413
77200,5.716029549498568e-05,1.7768785596579555,1.931915865832837,15.92226556398538,19.631059989476174
77220,5.717510386169422e-05,1.7714969841967052,1.9375655214253362,15.922837302199712,19.631899807821753
77240,5.718991222840277e-05,1.7671760610556566,1.9415954847006802,15.92338278994295,19.632154335699287
77260,5.7204720595111314e-05,1.7640091228184485,1.9446869262423563,15.923834173874237,19.632530222935042
77280,5.7219528961819864e-05,1.7596833120014814,1.9482933273468725,15.924263333816281,19.632239973164637
77300,5.7234337328528406e-05,1.7546144718455103,1.953457715724912,15.924723425701547,19.63279561327197
77320,5.724914569523695e-05,1.749761479264416,1.958325973037783,15.925111015435075,19.633198467737273
77340,5.72639540619455e-05,1.7444410339258907,1.9635162882140287,15.925629952570327,19.633587274710248
77360,5.727876242865404e-05,1.7408107130068486,1.9669104522676817,15.926133864762349,19.63385503003688
77380,5.729357079536259e-05,1.7343875453541275,1.9735413229302496,15.926539389480979,19.634468257765356
77400,5.730837916207113e-05,1.7294967328541282,1.978443493066047,15.927089983333676,19.635030209253852
77420,5.732318752877968e-05,1.7265819478406905,1.9808903987886302,15.927611025241127,19.635083371870447
77440,5.7337995895488224e-05,1.7227475338741849,1.9843322152744554,15.928059312145681,19.63513906129432
77460,5.7352804262196774e-05,1.7165169627351817,1.9903091456074025,15.928564995221818,19.6353911035644
77480,5.7367612628905316e-05,1.7112142681250946,1.9959879239171048,15.929038293313239,19.636240485355437
77500,5.738242099561386e-05,1.7081424424227034,1.9987954529126353,15.929459621579248,19.636397516914588
77520,5.739722936232241e-05,1.7038727627437444,2.002645666139468,15.92994708630209,19.6364655151853
77540,5.741203772903095e-05,1.6976615210961215,2.0091538680526124,15.930476308233013,19.637291697381748
77560,5.74268460957395e-05,1.6923896378376069,2.01469709490332,15.930850696555137,19.637937429296063
77580,5.744165446244804e-05,1.689745157199973,2.0170656610723965,15.931327881063876,19.638138699336245
77600,5.745646282915659e-05,1.6864768163563102,2.0198736585484443,15.931870097514473,19.63822057241923
77620,5.7471271195865134e-05,1.682738798289233,2.02338150985993,15.932346361444422,19.638466669593583
77640,5.7486079562573684e-05,1.6781735600960856,2.02838413697695,15.932874032998347,19.639431730071383
77660,5.7500887929282226e-05,1.6737097914038246,2.0329811867563774,15.933341649742124,19.640032627902325
77680,5.751569629599077e-05,1.671624466281668,2.034498227579627,15.933767744538908,19.639890438400204
77700,5.753050466269932e-05,1.6640841125947041,2.0419559990865874,15.934261420749031,19.64030153243032
77720,5.754531302940786e-05,1.6618595628302781,2.044277093365296,15.934762804961487,19.640899461157062
77740,5.756012139611641e-05,1.6583730641910994,2.0476503539160036,15.935160217099355,19.64118363520646
77760,5.757492976282495e-05,1.6565616300919102,2.0485750633820734,15.935642499373374,19.640779192847358
77780,5.75897381295335e-05,1.6531854652391595,2.0519651756164734,15.936091144398851,19.641241785254486
77800,5.7604546496242044e-05,1.6476497975153166,2.0581162860372624,15.936408966016725,19.642175049569303
77820,5.761935486295059e-05,1.6436775589927644,2.0620743062242317,15.936905432216085,19.642657297433082
77840,5.7634163229659136e-05,1.641694120915418,2.063442233284761,15.937375230882457,19.642511585082637
77860,5.764897159636768e-05,1.6397038430562048,2.065455866917326,15.937777745526537,19.642937455500068
77880,5.766377996307623e-05,1.6349642051018483,2.0703232445473634,15.938277586758486,19.643565036407697
77900,5.767858832978477e-05,1.631449578630147,2.073620598373186,15.938718601014441,19.643788778017775
77920,5.769339669649332e-05,1.6294169618779781,2.0757538418084804,15.939131359181161,19.644302162867618
77940,5.770820506320186e-05,1.6265053057372185,2.0786163931067807,15.939583034122016,19.644704732966016
77960,5.772301342991041e-05,1.62403915580768,2.080887358698555,15.940016733403883,19.64494324791012
77980,5.7737821796618954e-05,1.6219102714539326,2.0829762654921504,15.940387753624222,19.645274290570306
78000,5.77526301633275e-05,1.6168346174480273,2.087684133565655,15.940794068179594,19.645312819193276
78020,5.7767438530036046e-05,1.6152440397379721,2.0893311917620196,15.941196470533328,19.64577170203332
78040,5.778224689674459e-05,1.611294377106042,2.0934415000246327,15.941547913314121,19.646283790444794
78060,5.779705526345314e-05,1.6101659701602853,2.0946350280631654,15.941963805210204,19.646764803433655
78080,5.781186363016168e-05,1.6094591748642182,2.094883161642,15.942382681269217,19.646725017775434
78100,5.782667199687023e-05,1.6041970690811467,2.0997856399698716,15.942748019393889,19.646730728444908
78120,5.784148036357877e-05,1.6036574587806949,2.100390945032703,15.943184751567632,19.64723315538103
78140,5.7856288730287315e-05,1.6032875321177391,2.100447421862432,15.943650598373054,19.647385552353224
78160,5.7871097096995864e-05,1.5987067395352959,2.104963556066101,15.944082317264352,19.647752612865748
78180,5.788590546370441e-05,1.598877569730126,2.1047695493242786,15.944540013436018,19.648187132490424
78200,5.7900713830412956e-05,1.5965197303178147,2.1066109362410588,15.944971021699494,19.648101688258368
78220,5.79155221971215e-05,1.5956972226293502,2.1072226508574796,15.945321495034648,19.64824136852148
78240,5.793033056383005e-05,1.5955185799621838,2.107092794145768,15.945732082803376,19.648343456911327
78260,5.794513893053859e-05,1.5927781581594092,2.110069916666976,15.94615057982463,19.648998654651017
78280,5.795994729724714e-05,1.5900760405151582,2.1129986105816445,15.946506535805037,19.64958118690184
78300,5.797475566395568e-05,1.5893143176836566,2.113796510747455,15.946926982568527,19.65003781099964
78320,5.7989564030664225e-05,1.5885925652155914,2.1143909097600506,15.947348831377774,19.650332306353416
78340,5.8004372397372775e-05,1.5877108662295014,2.1151529213413425,15.947705203848297,19.650568991419142
78360,5.801918076408132e-05,1.584498771225258,2.1185330306367156,15.948129845760157,19.651161647622132
78380,5.8033989130789866e-05,1.5850045613221801,2.1178860335057936,15.948525574902177,19.65141616973015
78400,5.804879749749841e-05,1.5819639171539932,2.1208257399258996,15.94892875754003,19.65171841461992
78420,5.806360586420696e-05,1.5845807721434002,2.1173965792422926,15.949352755458008,19.6513301068437
78440,5.80784142309155e-05,1.5845460451652942,2.11739713786121,15.949820619886736,19.65176380291324
78460,5.809322259762404e-05,1.5823623394044666,2.1203256880401296,15.950224019653293,19.65291204709789
78480,5.810803096433259e-05,1.5797465285268015,2.1227931985668405,15.950668532969111,19.653208260062755
78500,5.8122839331041135e-05,1.5813652533155547,2.1202508447503403,15.951088372465918,19.652704470531813
78520,5.8137647697749685e-05,1.5795626095079789,2.1222056840322363,15.951458741284622,19.653227034824837
78540,5.815245606445823e-05,1.5797460526907072,2.1217411712682277,15.951861596309481,19.653348820268416
78560,5.8167264431166776e-05,1.5785362038676616,2.1233070902185345,15.952261348805834,19.65410464289203
78580,5.818207279787532e-05,1.5770926341264038,2.1248803694007505,15.95262444079617,19.654597444323322
78600,5.819688116458387e-05,1.5788919157120205,2.1224017109226865,15.953092184831629,19.654385811466337
78620,5.821168953129241e-05,1.5772793896586408,2.124212220903524,15.953490710523608,19.65498232108577
78640,5.822649789800095e-05,1.576838601729526,2.124647346849968,15.95382218053949,19.655308129118986
78660,5.82413062647095e-05,1.5766387970617641,2.124217748739106,15.954189952430296,19.655046498231165
78680,5.8256114631418045e-05,1.5771910340682342,2.1239751310664774,15.954570618971381,19.655736784106093
78700,5.8270922998126595e-05,1.5774953349911944,2.1239029319327725,15.954874289861552,19.656272556785517
78720,5.828573136483514e-05,1.575808550155585,2.12563323459828,15.955232365697325,19.65667415045119
78740,5.8300539731543686e-05,1.5756818419234673,2.12565723824987,15.95560154707158,19.656940627244918
78760,5.831534809825223e-05,1.5757714297951049,2.1252730123778565,15.955945068205448,19.65698951037841
78780,5.833015646496077e-05,1.5752519255127821,2.1256260039469623,15.956375744949282,19.657253674409027
78800,5.834496483166932e-05,1.5771222787802075,2.1233708141223753,15.956781226488404,19.657274319390986
78820,5.835977319837786e-05,1.574852571531001,2.125843502087677,15.9571820013509,19.657878074969577
78840,5.837458156508641e-05,1.576567622048112,2.1238477376359315,15.957602160911197,19.65801752059524
78860,5.8389389931794955e-05,1.574575165926472,2.125954806913615,15.95806044982312,19.65859042266321
78880,5.8404198298503505e-05,1.5763433302284025,2.123642055320793,15.958452331788301,19.658437717337495
78900,5.841900666521205e-05,1.5748861478981864,2.1252336943469317,15.958948910200316,19.659068752445435
78920,5.8433815031920596e-05,1.5741242259699777,2.126252906226457,15.95942092051285,19.659798052709284
78940,5.844862339862914e-05,1.5750835296218866,2.1245461148009963,15.959808040584544,19.659437685007426
78960,5.846343176533768e-05,1.5732658714704233,2.1260644260990555,15.960343931089374,19.659674228658854
78980,5.847824013204623e-05,1.5739208482415719,2.125511688982324,15.960804116303375,19.66023665352727
79000,5.849304849875477e-05,1.572072661237027,2.127817657689019,15.961201084079077,19.661091403005123
79020,5.850785686546332e-05,1.5747626494366571,2.1248866596163936,15.961611350402016,19.661260659455067
79040,5.8522665232171865e-05,1.5738370419365615,2.125666287310468,15.962116576025108,19.66161990527214
79060,5.8537473598880415e-05,1.5722113476525217,2.1272424770076896,15.962530190831798,19.66198401549201
79080,5.855228196558896e-05,1.5726924473839339,2.126985983665637,15.963047974633406,19.662726405682978
79100,5.85670903322975e-05,1.571879954164117,2.1281919457089757,15.963574800658783,19.663646700531878
79120,5.858189869900605e-05,1.5721467810475982,2.127430361552962,15.964003087675142,19.663580230275702
79140,5.859670706571459e-05,1.5729292028249733,2.1266559411314847,15.964480433541093,19.664065577497553
79160,5.861151543242314e-05,1.5722676115423733,2.127274280932032,15.964963016256391,19.664504908730798
79180,5.862632379913168e-05,1.5712072027286934,2.1282778507128035,15.965407630902224,19.66489268434372
79200,5.864113216584023e-05,1.5716587314394528,2.127419978100605,15.965844082183361,19.66492279172342
79220,5.8655940532548775e-05,1.5723589774672,2.126518573558241,15.966285658779052,19.665163209804494
79240,5.8670748899257325e-05,1.5727724042550302,2.1259445211742243,15.96672206684723,19.665438992276485
79260,5.868555726596587e-05,1.5738851447476334,2.124825239501213,15.967184386837282,19.66589477108613
79280,5.870036563267441e-05,1.5727720808637073,2.1257761260534163,15.967691781340143,19.666239988257267
79300,5.871517399938296e-05,1.5723097713402163,2.125941491699097,15.968186386207211,19.666437649246525
79320,5.87299823660915e-05,1.5701757382163253,2.128147195586852,15.96883637541358,19.667159309216757
79340,5.874479073280005e-05,1.5716684775593315,2.1265171111668204,15.969517614358615,19.667703203084766
79360,5.875959909950859e-05,1.5705040211578134,2.127526450827581,15.970016144412691,19.668046616398087
79380,5.877440746621714e-05,1.5706938879438912,2.1270465847709503,15.970567364630714,19.668307837345555
79400,5.8789215832925685e-05,1.5718879100901848,2.1255533708016077,15.971124641094079,19.66856592198587
79420,5.880402419963423e-05,1.5711847467631328,2.1257146884733307,15.971574982025096,19.66847441726156
79440,5.881883256634278e-05,1.5714631053531374,2.12551222149365,15.97209768031307,19.669073007159856
79460,5.883364093305132e-05,1.5729686061888206,2.1235906228396697,15.972634519331777,19.669193748360268
79480,5.884844929975987e-05,1.5719559603094495,2.1246302999597164,15.973063173591937,19.669649433861103
79500,5.886325766646841e-05,1.5707576580770275,2.1264517117936426,15.973556811591251,19.67076618146192
79520,5.887806603317696e-05,1.5719611006810086,2.1247401574554314,15.974059938906189,19.67076119704263
79540,5.88928743998855e-05,1.5723851883347986,2.123951434776022,15.974525711011358,19.67086233412218
79560,5.890768276659405e-05,1.572266114532873,2.1240460253279894,15.975012807357759,19.671324947218622
79580,5.8922491133302595e-05,1.5717654813863917,2.12480325759492,15.975493817755101,19.672062556736414
79600,5.893729950001114e-05,1.5735283578221322,2.122909702785646,15.97590207947712,19.6723401400849
79620,5.895210786671969e-05,1.5740478034282361,2.1221686985991566,15.976367694521652,19.672584196549046
79640,5.896691623342823e-05,1.575145423924278,2.12119268567666,15.976900256734204,19.67323836633514
79660,5.898172460013678e-05,1.5760329903248924,2.1197519461882166,15.977397944398245,19.673182880911355
79680,5.899653296684532e-05,1.5779008692859295,2.117670347982497,15.977818527801144,19.67338974506957
79700,5.901134133355387e-05,1.5784579970305015,2.1172877179629284,15.97822222424174,19.67396793923517
79720,5.902614970026241e-05,1.5777892255999166,2.1181733887184375,15.978685495266948,19.674648109585302
79740,5.904095806697096e-05,1.5795777492879797,2.116426125500126,15.979222658416036,19.675226533204142
79760,5.9055766433679505e-05,1.582616628508813,2.112837355937385,15.97971850106384,19.67517248551004
79780,5.907057480038805e-05,1.584506356381227,2.1109810249543477,15.980123210537863,19.675610591873436
79800,5.90853831670966e-05,1.585108718937328,2.1106077129072656,15.980603788939732,19.676320220784326
79820,5.910019153380514e-05,1.5864507681881905,2.1087041206570367,15.981071205239285,19.676226094084512
79840,5.911499990051369e-05,1.5881245562580426,2.1071113894594125,15.981464063503974,19.676700009221427
79860,5.912980826722223e-05,1.5895122160114412,2.1055827555234177,15.981931557640952,19.677026529175812
79880,5.914461663393078e-05,1.5923184942713662,2.102903092974143,15.982313513576845,19.677535100822354
79900,5.915942500063932e-05,1.5931409029998176,2.101961128431604,15.982680618007622,19.677782649439045
79920,5.9174233367347866e-05,1.5953936879756698,2.099478179050451,15.983137554905145,19.678009421931264
79940,5.9189041734056415e-05,1.5980765261641858,2.0964901462314223,15.983588676750665,19.678155349146273
79960,5.920385010076496e-05,1.6008813189612792,2.0930963105352363,15.983979442029314,19.67795707152583
79980,5.921865846747351e-05,1.6044109424117192,2.090033708903968,15.984489236617017,19.678933887932704
80000,5.923346683418205e-05,1.6079209962348158,2.0868480157188576,15.984994266391112,19.679763278344787
80020,5.92482752008906e-05,1.6095890844350338,2.0851840829485884,15.985405566470076,19.680178733853698
80040,5.926308356759914e-05,1.6135693049883448,2.0808564930427527,15.985798079017862,19.68022387704896
80060,5.927789193430769e-05,1.615978740624896,2.078379729125325,15.986248374577581,19.6806068443278
80080,5.929270030101623e-05,1.618603788223418,2.075924917040241,15.986684509360732,19.681213214624393
80100,5.9307508667724776e-05,1.623081462859903,2.0715261866413193,15.987170646222614,19.681778295723838
80120,5.9322317034433325e-05,1.626742228195915,2.0675766381449168,15.98760177091647,19.681920637257303
80140,5.933712540114187e-05,1.6275261711077258,2.066831422284259,15.987957376233647,19.682314969625633
80160,5.935193376785042e-05,1.6306655016422318,2.064022983750089,15.988421400151077,19.6831098855434
80180,5.936674213455896e-05,1.636299705998062,2.058149809975066,15.988889535668953,19.68333905164208
80200,5.938155050126751e-05,1.6380837537311757,2.056228667122652,15.989238770331717,19.683551191185543
80220,5.939635886797605e-05,1.643322134569663,2.050709234832047,15.989792573623497,19.683823943025207
80240,5.9411167234684594e-05,1.6483053649349158,2.045271598001789,15.99034095164161,19.683917914578316
80260,5.942597560139314e-05,1.6509630594164346,2.042358051149265,15.990833037864823,19.684154148430522
80280,5.9440783968101686e-05,1.6552031317056057,2.038348000648806,15.991416061352052,19.684967193706463
80300,5.9455592334810235e-05,1.6585331467255373,2.0343632098571387,15.992001308024882,19.684897664607558
80320,5.947040070151878e-05,1.6625862135436684,2.0301513358763645,15.992423066439953,19.685160615859985
80340,5.948520906822733e-05,1.6658007592070914,2.027254796544135,15.992960057997163,19.68601561374839
80360,5.950001743493587e-05,1.6697980095479055,2.0227512010016366,15.993546182575194,19.686095393124738
80380,5.951482580164442e-05,1.6727309173739164,2.019618705646396,15.994044868443462,19.686394491463773
80400,5.952963416835296e-05,1.6766535872265074,2.015709947143491,15.99461801350245,19.68698154787245
80420,5.9544442535061504e-05,1.67918066890897,2.0132638673932255,15.995199680203473,19.687644216505667
80440,5.955925090177005e-05,1.6841401332611419,2.008263306686686,15.995712389884394,19.68811582983222
80460,5.9574059268478596e-05,1.6853518713506683,2.0068925339051256,15.99614253468868,19.688386939944472
80480,5.9588867635187145e-05,1.6925554378019938,1.998944477453344,15.9966895089008,19.68818942415614
80500,5.960367600189569e-05,1.6944187562923008,1.997437621466021,15.997052421287691,19.68890879904601
80520,5.961848436860424e-05,1.6975928619573888,1.9941867521760919,15.997577109828566,19.689356723962046
80540,5.963329273531278e-05,1.702280121124575,1.9893960366784533,15.998116313633751,19.689792471436782
80560,5.964810110202132e-05,1.7057181668968489,1.9859850862304682,15.998563071066277,19.690266324193594
80580,5.966290946872987e-05,1.7104026652349997,1.981430609999549,15.999095268153912,19.69092854338846
80600,5.9677717835438414e-05,1.712739848979987,1.979071718462458,15.999591139747118,19.691402707189564
80620,5.969252620214696e-05,1.7172592882627964,1.974420110389027,16.00002212537632,19.69170152402814
80640,5.9707334568855506e-05,1.720153878054787,1.971353011082191,16.000521857745255,19.692028746882233
80660,5.9722142935564055e-05,1.726335674230632,1.9646469118048466,16.001070926005212,19.69205351204069
80680,5.97369513022726e-05,1.7299912498119727,1.9609592856215934,16.001621195015606,19.69257173044917
80700,5.975175966898115e-05,1.7348211682544072,1.9559762042668167,16.00220263860887,19.693000011130096
80720,5.976656803568969e-05,1.7370905102606178,1.9539410719495423,16.002807257209223,19.693838839419385
80740,5.978137640239823e-05,1.7408164606799592,1.949908192290569,16.003301579904196,19.694026232874723
80760,5.979618476910678e-05,1.744154922411862,1.9464802791734106,16.003863792790398,19.69449899437567
80780,5.9810993135815324e-05,1.748347166557644,1.9417557324492045,16.00434445128468,19.69444735029153
80800,5.982580150252387e-05,1.750330777153731,1.940307537748999,16.00483968780328,19.69547800270601
80820,5.9840609869232416e-05,1.753076620957067,1.937238398718808,16.005430887482873,19.69574590715875
80840,5.9855418235940965e-05,1.7573406305665686,1.9323265704938535,16.00592164964028,19.6955888507007
80860,5.987022660264951e-05,1.7602040705053597,1.9292205932425448,16.006357024114937,19.69578168786284
80880,5.988503496935805e-05,1.762517116179282,1.9272917695555136,16.00686191400169,19.696670799736484
80900,5.98998433360666e-05,1.762962581256411,1.926700498403515,16.00733125990328,19.696994339563208
80920,5.991465170277514e-05,1.7664996594874505,1.923159567855636,16.00776116379737,19.697420391140454
80940,5.992946006948369e-05,1.7692477746055364,1.9203509114483692,16.008293006697606,19.69789169275151
80960,5.9944268436192234e-05,1.774494778955722,1.9146317016657108,16.008691817547195,19.697818298168627
80980,5.995907680290078e-05,1.776804070137133,1.9125501789207024,16.009164370083134,19.69851861914097
81000,5.9973885169609326e-05,1.7797642873964215,1.909520136012707,16.009722022327853,19.69900644573698
81020,5.9988693536317875e-05,1.7814176073806987,1.9078699536084645,16.010211162720083,19.699498723709247
81040,6.000350190302642e-05,1.7854504610291604,1.9035246954951104,16.010766633152507,19.69974178967678
81060,6.001831026973496e-05,1.7876876075981387,1.9012931817131709,16.01142427397532,19.700405063286627
81080,6.003311863644351e-05,1.7899772231061934,1.898443712926996,16.01206240322174,19.70048333925493
81100,6.004792700315205e-05,1.7929969024605268,1.895435394390446,16.01253034487366,19.700962641724633
81120,6.00627353698606e-05,1.7943028207307057,1.8944459514972534,16.013046516213173,19.701795288441133
81140,6.0077543736569144e-05,1.79768981370596,1.8908248836639001,16.013643378399923,19.702158075769784
81160,6.0092352103277693e-05,1.800942901732394,1.8871101781663364,16.01402852007552,19.70208159997425
81180,6.0107160469986236e-05,1.8022607053105384,1.8860472696902606,16.014613234717014,19.702921209717815
81200,6.012196883669478e-05,1.804904011887136,1.8838729336623639,16.015255764399356,19.704032709948855
81220,6.013677720340333e-05,1.8073605992795174,1.8804247188462264,16.015779463457044,19.703564781582788
81240,6.015158557011187e-05,1.8093592699786198,1.878091550096108,16.016347561713964,19.70379838178869
81260,6.016639393682042e-05,1.812023020497964,1.8753024610130502,16.016929832493283,19.704255314004296
81280,6.018120230352896e-05,1.8139500242071642,1.8735279562070741,16.0174350596065,19.704913040020735
81300,6.019601067023751e-05,1.8152666064956173,1.8725275848361589,16.017973059844984,19.70576725117676
81320,6.0210819036946054e-05,1.8178457804714776,1.8694588082323071,16.018535863569163,19.70584045227295
81340,6.0225627403654603e-05,1.820889630688313,1.866391215847434,16.01899524397619,19.706276090511935
81360,6.0240435770363146e-05,1.8220949308920735,1.8654363301613701,16.019587932204903,19.707119193258347
81380,6.025524413707169e-05,1.8239341853314064,1.8636512278913975,16.020165529682217,19.707750942905022
81400,6.027005250378024e-05,1.825451260512904,1.8613255059075982,16.020655724266717,19.707432490687218
81420,6.028486087048878e-05,1.8270767072664944,1.8594966323729756,16.02123564582104,19.70780898546051
81440,6.029966923719733e-05,1.8303546570768123,1.8559984179682936,16.021860347277528,19.708213422322633
81460,6.031447760390587e-05,1.8311291263733178,1.8553022648498962,16.022359947946203,19.708791339169416
81480,6.032928597061442e-05,1.8331118374012327,1.8529507545549293,16.02295315746791,19.709015749424072
81500,6.0344094337322964e-05,1.8350280609551943,1.8512211510295387,16.023579183260004,19.709828395244738
81520,6.035890270403151e-05,1.8375591658275996,1.848467742692745,16.02403002765275,19.710056936173093
81540,6.0373711070740056e-05,1.8381635771143485,1.847838680453825,16.02453800158985,19.710540259158023
81560,6.03885194374486e-05,1.8388700443041142,1.8475175412069273,16.025014930376454,19.711402515887496
81580,6.040332780415715e-05,1.8418654968487629,1.8437989491841928,16.02542688589586,19.711091331928817
81600,6.041813617086569e-05,1.8430873453720078,1.8426420566758503,16.02589929928452,19.71162870133238
81620,6.043294453757424e-05,1.8444392140357087,1.841317919314442,16.026403767018788,19.71216090036894
81640,6.044775290428278e-05,1.8448409344035306,1.8409691832479955,16.026832363082317,19.71264248073384
81660,6.046256127099133e-05,1.8506108909313386,1.8343437599704766,16.027331612271915,19.71228626317373
81680,6.0477369637699874e-05,1.8480424947145604,1.8372164255625083,16.027880287727115,19.713139208004183
81700,6.049217800440842e-05,1.8520772189925023,1.8331966086426028,16.028309869433365,19.71358369706847
81720,6.0506986371116966e-05,1.851861081106204,1.8335961775282157,16.028857304364212,19.71431456299863
81740,6.052179473782551e-05,1.8552115058364271,1.8300961732661276,16.02938942381055,19.714697102913103
81760,6.053660310453406e-05,1.8560736970006584,1.8287795349959102,16.029788142605984,19.714641374602554
81780,6.05514114712426e-05,1.8569773469298636,1.8281488527551228,16.030218905377254,19.71534510506224
81800,6.056621983795115e-05,1.8593179820728156,1.8252793697975311,16.03062335652679,19.715220708397137
81820,6.058102820465969e-05,1.8606543976937018,1.82396545465808,16.030983957665512,19.715603810017292
81840,6.0595836571368235e-05,1.862888224313316,1.8215052299377614,16.03142983511765,19.71582328936873
81860,6.0610644938076784e-05,1.863758395839922,1.8205644986684308,16.031936723333356,19.716259617841708
81880,6.062545330478533e-05,1.863105682999337,1.8217203305421035,16.03233416127942,19.717160174820858
81900,6.0640261671493876e-05,1.8665950895394916,1.817351476722584,16.032796583094868,19.716743149356944
81920,6.065507003820242e-05,1.8690000630346648,1.8146970886959366,16.033299046092363,19.716996197822965
81940,6.066987840491097e-05,1.8705880134992634,1.8130688993996062,16.033722937927806,19.717379850826674
81960,6.068468677161951e-05,1.871532841063483,1.811938199409908,16.034249274397826,19.717720314871215
81980,6.069949513832806e-05,1.872498664317662,1.811150977321344,16.034706012720335,19.718355654359343
82000,6.07143035050366e-05,1.8732435605153217,1.8104623450298325,16.035005470089878,19.71871137563503
82020,6.0729111871745145e-05,1.8753394662260723,1.808080992718922,16.03555782213294,19.718978281077934
82040,6.0743920238453694e-05,1.875667957405402,1.807770433504462,16.036037645150834,19.719476036060698
82060,6.075872860516224e-05,1.8789754019396332,1.8043013729616828,16.036469005844907,19.719745780746223
82080,6.0773536971870786e-05,1.879204409075815,1.8042843680720289,16.03703041332417,19.720519190472015
82100,6.078834533857933e-05,1.8810199875829123,1.8024576068506097,16.037560989303497,19.72103858373702
82120,6.080315370528788e-05,1.881839876087677,1.8011625460470468,16.038014368541212,19.721016790675936
82140,6.081796207199642e-05,1.8843371310815624,1.7983121271671123,16.038583066210844,19.721232324459518
82160,6.083277043870497e-05,1.8855998343669618,1.7970681827601278,16.039235228939386,19.721903246066475
82180,6.084757880541351e-05,1.886937872602425,1.795702089245859,16.03975540165627,19.722395363504553
82200,6.0862387172122055e-05,1.8888840535584146,1.7940428301284246,16.040442362463317,19.723369246150156
82220,6.0877195538830604e-05,1.8909572231818692,1.7914344608161596,16.04097914464735,19.72337082864538
82240,6.089200390553915e-05,1.890684832601097,1.791518008527267,16.041496058182968,19.723698899311334
82260,6.0906812272247696e-05,1.893252416895236,1.7887749522978453,16.041982067658672,19.724009436851752
82280,6.092162063895624e-05,1.8948737593672331,1.7867508377697792,16.04247604048205,19.724100637619063
82300,6.093642900566479e-05,1.8964164015020657,1.785151659027724,16.04293497986753,19.724503040397316
82320,6.095123737237333e-05,1.897306392894608,1.783977062483642,16.04344404352284,19.72472749890109
82340,6.096604573908187e-05,1.9005203416346044,1.7806174582993706,16.04400396068286,19.725141760616836
82360,6.098085410579042e-05,1.899135743345493,1.7823227342880839,16.044524212659525,19.7259826902931
82380,6.0995662472498965e-05,1.9014920207834702,1.7797819831527601,16.04510108552653,19.72637508946276
82400,6.1010470839207514e-05,1.9035182972354587,1.7773744338723794,16.045675823832383,19.726568554940222
82420,6.102527920591606e-05,1.903884664430398,1.7765655463013514,16.046186615714888,19.726636826446637
82440,6.10400875726246e-05,1.9047436409957432,1.7760519113358653,16.046695695523166,19.727491247854775
82460,6.105489593933316e-05,1.905069127734752,1.7762541121422992,16.047211396050432,19.728534635927485
82480,6.106970430604169e-05,1.9083253250140089,1.772491701859082,16.047681771172552,19.728498798045642
82500,6.108451267275024e-05,1.909131902926223,1.771334822723205,16.048247062510143,19.72871378815957
82520,6.109932103945879e-05,1.9093366664367235,1.7709691811633614,16.04881020050809,19.729116048108175
82540,6.111412940616733e-05,1.9089553319360109,1.7717553503935053,16.049234255921956,19.72994493825147
82560,6.112893777287587e-05,1.9121647970158993,1.7678512810527418,16.049756470268505,19.729772548337145
82580,6.114374613958442e-05,1.913610704886897,1.766065329061698,16.05023528956864,19.729911323517236
82600,6.115855450629297e-05,1.914163967623571,1.7655037979448587,16.050688678551445,19.730356444119874
82620,6.117336287300151e-05,1.9150865114614946,1.7643464010571177,16.051189443831735,19.730622356350345
82640,6.118817123971006e-05,1.9170208304754885,1.7626878454549002,16.051712456174656,19.731421132105044
82660,6.120297960641861e-05,1.9176123472575692,1.7618011839123942,16.052161868832243,19.731575400002207
82680,6.121778797312714e-05,1.9189498916671361,1.7605072416835335,16.052697808047693,19.732154941398363
82700,6.123259633983569e-05,1.9217514084268967,1.7574982187278207,16.053200379724025,19.732450006878743
82720,6.124740470654424e-05,1.9201740002825005,1.7593974767204856,16.053634784756927,19.733206261759914
82740,6.126221307325279e-05,1.9241202594889286,1.7543234177398495,16.05416576864264,19.732609445871418
82760,6.127702143996133e-05,1.9238135429512349,1.7552107579069929,16.054721905726122,19.73374620658435
82780,6.129182980666988e-05,1.9243314507596236,1.7546855045084244,16.055212463355634,19.73422941862368
82800,6.130663817337843e-05,1.9243856835632482,1.7544081685182837,16.055738026259288,19.73453187834082
82820,6.132144654008696e-05,1.9275516014112772,1.7509263271425255,16.056217397065517,19.73469532561932
82840,6.133625490679551e-05,1.9290117265044122,1.7498513566877087,16.056598682683614,19.735461765875733
82860,6.135106327350406e-05,1.929166748320168,1.7495702612831214,16.057095053408027,19.735832063011316
82880,6.136587164021261e-05,1.9306170162450806,1.7476978490757904,16.05754979012077,19.73586465544164
82900,6.138068000692115e-05,1.9325260857038937,1.7461555052449034,16.057972982421347,19.736654573370146
82920,6.13954883736297e-05,1.9349892296615712,1.7434422886242,16.0583964055523,19.73682792383807
82940,6.141029674033824e-05,1.9364583876403654,1.742105122966023,16.05898324473633,19.737546755342716
82960,6.14251051070468e-05,1.9373794464064396,1.740756619598915,16.05938802279614,19.737524088801493
82980,6.143991347375533e-05,1.9382008837251985,1.7391823931982517,16.05987972998744,19.73726300691089
83000,6.145472184046388e-05,1.9396090999691098,1.7381684939579116,16.060390872878468,19.73816846680549
83020,6.146953020717243e-05,1.9411658445920867,1.7365212060889281,16.06087124718951,19.738558297870526
83040,6.148433857388096e-05,1.9421513642834753,1.7356506819528876,16.061452259038102,19.739254305274464
83060,6.149914694058951e-05,1.9433317710757754,1.7343562417534493,16.0620834293009,19.739771442130124
83080,6.151395530729806e-05,1.944558126027477,1.7327824717571452,16.062612182295098,19.73995278007972
83100,6.152876367400661e-05,1.946885770928469,1.7303178603653158,16.063171231186793,19.74037486248058
83120,6.154357204071515e-05,1.9475356343385628,1.7296527114781084,16.063645959041978,19.740834304858648
83140,6.15583804074237e-05,1.9492514630353814,1.7277223588725379,16.06417144468885,19.741145266596767
83160,6.157318877413225e-05,1.9496755844306444,1.7276326147065295,16.064719972676645,19.742028171813818
83180,6.158799714084078e-05,1.9517847725122413,1.7253091115975643,16.065249391948893,19.742343276058698
83200,6.160280550754933e-05,1.9544358667979451,1.7223123480343638,16.06566363355425,19.74241184838656
83220,6.161761387425788e-05,1.9546328345919932,1.7222674210387034,16.066191188382486,19.74309144401318
83240,6.163242224096643e-05,1.9561804611738918,1.720627453284586,16.06677862644934,19.74358654090782
83260,6.164723060767497e-05,1.9593215091476899,1.7173515693959245,16.067306857806283,19.7439799363499
83280,6.166203897438351e-05,1.9591964482562834,1.7174918297485142,16.06796170716245,19.744649985167246
83300,6.167684734109206e-05,1.9609732083751972,1.7152029763761978,16.06857929352806,19.744755478279455
83320,6.16916557078006e-05,1.9611298028531874,1.7148369867395328,16.06907557136718,19.7450423609599
83340,6.170646407450915e-05,1.9634107718058416,1.7126701086059466,16.069683010266836,19.745763890678624
83360,6.17212724412177e-05,1.9657237551818785,1.7105494837576893,16.070368207287085,19.746641446226654
83380,6.173608080792625e-05,1.9677707016108683,1.7083846776884246,16.07086853313155,19.74702391243084
83400,6.175088917463478e-05,1.9674315935183713,1.708467112796392,16.071446247578795,19.74734495389356
83420,6.176569754134333e-05,1.9711088787495228,1.7045802514560284,16.072164926914983,19.747854057120534
83440,6.178050590805188e-05,1.9732057459344752,1.7021261450965093,16.072682021203956,19.748013912234942
83460,6.179531427476042e-05,1.9756006687605723,1.699036015148312,16.07330867929508,19.747945363203964
83480,6.181012264146897e-05,1.9756600519389143,1.6995819662912972,16.073896042792907,19.749138061023118
83500,6.182493100817752e-05,1.9771505295306073,1.6979459564966195,16.074419589608052,19.749516075635277
83520,6.183973937488607e-05,1.9790436659203197,1.6960251090191127,16.075005037707854,19.750073812647287
83540,6.18545477415946e-05,1.982780835561809,1.691811075491907,16.075549231115154,19.75014114216887
83560,6.186935610830315e-05,1.9836657947393064,1.6907931315330076,16.07596327997501,19.750422206247325
83580,6.18841644750117e-05,1.9846074318901747,1.6898202494559067,16.07645463343291,19.75088231477899
83600,6.189897284172025e-05,1.9860795581625124,1.6881618209264395,16.077008748488943,19.751250127577894
83620,6.191378120842879e-05,1.9891938416552477,1.68464271575679,16.07754426346266,19.751380820874697
83640,6.192858957513733e-05,1.9900150822695621,1.684009454049986,16.078025200014487,19.752049736334037
83660,6.194339794184588e-05,1.9917891542264519,1.68182613743174,16.078524689089406,19.752139980747597
83680,6.195820630855442e-05,1.9941857399784195,1.678891312848726,16.078929733357334,19.75200678618448
83700,6.197301467526297e-05,1.9954540680061976,1.6774759894041062,16.07940498719327,19.752335044603576
83720,6.198782304197152e-05,1.9981683950734266,1.6743037232137328,16.07985862095996,19.75233073924712
83740,6.200263140868007e-05,1.9983166675008874,1.6745010852163427,16.08031770703255,19.753135459749778
83760,6.20174397753886e-05,2.0014825518977553,1.6716480911804155,16.080751863500897,19.753882506579068
83780,6.203224814209715e-05,2.004133925186509,1.6690042438313724,16.081305516286626,19.75444368530451
83800,6.20470565088057e-05,2.0056450904696517,1.6672955644781469,16.081719150281735,19.754659805229533
83820,6.206186487551424e-05,2.007681420803079,1.6647930445146724,16.082269957199877,19.75474442251763
83840,6.207667324222279e-05,2.010046651570768,1.6624697667831685,16.082899646199117,19.755416064553053
83860,6.209148160893134e-05,2.0134205367884954,1.6587432044811672,16.083317506897544,19.755481248167207
83880,6.210628997563989e-05,2.013331111570065,1.6591045452371773,16.083887446284702,19.756323103091944
83900,6.212109834234842e-05,2.0157953924652094,1.6566112652022846,16.084484398937317,19.75689105660481
83920,6.213590670905697e-05,2.0177586328361774,1.654565316802571,16.08495584246706,19.75727979210581
83940,6.215071507576552e-05,2.021614621603232,1.650097534690898,16.085469843689324,19.757181999983455
83960,6.216552344247406e-05,2.023480527571242,1.6480817836897055,16.085947463053245,19.757509774314194
83980,6.21803318091826e-05,2.024501242449599,1.6472986994713947,16.086401700222126,19.75820164214312
84000,6.219514017589115e-05,2.026716979043777,1.6450052049021093,16.08696425301543,19.758686436961316
84020,6.22099485425997e-05,2.0286282269514624,1.6427303830306186,16.087529355748185,19.758887965730267
84040,6.222475690930824e-05,2.0314594968658883,1.6396631730926263,16.088011131198286,19.7591338011568
84060,6.223956527601679e-05,2.0326442723754004,1.6386731385295823,16.088517422368042,19.759834833273025
84080,6.225437364272534e-05,2.0339110513914767,1.637044779881688,16.08909963704907,19.760055468322236
84100,6.226918200943387e-05,2.0366807875597956,1.6342662345960155,16.089561305556902,19.760508327712714
84120,6.228399037614242e-05,2.038121175607966,1.6326393288586067,16.090053913531627,19.760814417998198
84140,6.229879874285097e-05,2.041347774770265,1.6293725779249373,16.090583053871566,19.761303406566768
84160,6.231360710955952e-05,2.042383627844613,1.6280712946264195,16.09099528763008,19.76145021010111
84180,6.232841547626806e-05,2.0452484555577253,1.6249759047806185,16.091486106333416,19.76171046667176
84200,6.234322384297661e-05,2.0459522190914803,1.6247905703388184,16.092002955451395,19.762745744881695
84220,6.235803220968516e-05,2.0498438683750346,1.6206016919775807,16.09239875619233,19.762844316544946
84240,6.23728405763937e-05,2.050552529772487,1.6200014379994119,16.092882742016833,19.76343670978873
84260,6.238764894310224e-05,2.053942191653233,1.6157189337687548,16.093368195677996,19.763029321099985
84280,6.240245730981079e-05,2.054271552243807,1.615374853781277,16.09380404510773,19.763450451132815
84300,6.241726567651934e-05,2.0583520354536553,1.6112431862917755,16.094301839853514,19.763897061598946
84320,6.243207404322788e-05,2.0595966567432735,1.6096533580542152,16.094923047657474,19.76417306245496
84340,6.244688240993643e-05,2.063672669214448,1.6054251694969701,16.095381528189506,19.764479366900925
84360,6.246169077664497e-05,2.064684982020987,1.604540939580889,16.095991156154685,19.76521707775656
84380,6.247649914335352e-05,2.068287144032122,1.6006401343608234,16.096542256549178,19.765469534942124
84400,6.249130751006206e-05,2.068574549011257,1.600658443377781,16.096995148113237,19.766228140502275
84420,6.250611587677061e-05,2.0719511107851853,1.5970811784667316,16.09750853573728,19.766540824989196
84440,6.252092424347916e-05,2.0728314581135567,1.5961528582023796,16.097957940492652,19.766942256808587
84460,6.25357326101877e-05,2.0759861395495562,1.59265703399442,16.0982926038916,19.766935777435577
84480,6.255054097689624e-05,2.078169498676963,1.590763037487703,16.098668172944492,19.76760070910916
84500,6.256534934360479e-05,2.0819798344205753,1.5870328451460929,16.09913912298437,19.76815180255104
84520,6.258015771031334e-05,2.0826922081016463,1.5859158371977848,16.09948680739129,19.768094852690723
84540,6.259496607702188e-05,2.085818846487534,1.582535514177692,16.099977072620103,19.76833143328533
84560,6.260977444373043e-05,2.08731671918901,1.5809954127852155,16.100411820744434,19.76872395271866
84580,6.262458281043898e-05,2.09077309372035,1.577400446983766,16.100771627865136,19.768945168569253
84600,6.263939117714751e-05,2.092111639958826,1.5757644359439216,16.101185572181734,19.76906164808448
84620,6.265419954385606e-05,2.095091949656596,1.5724161344123508,16.101601704738414,19.769109788807363
84640,6.266900791056461e-05,2.096351156419151,1.5713801165148655,16.10197263584757,19.769703908781587
84660,6.268381627727316e-05,2.1006712174967532,1.5670189432062238,16.102449082890065,19.770139243593043
84680,6.26986246439817e-05,2.102792546218994,1.5645213035593128,16.10293723896161,19.770251088739915
84700,6.271343301069025e-05,2.1055960270387413,1.5620309357881705,16.103346549277624,19.770973512104536
84720,6.27282413773988e-05,2.108700857310447,1.5586370150837812,16.10379327996549,19.771131152359718
84740,6.274304974410734e-05,2.1093325170987542,1.5577338537702092,16.104216992199767,19.77128336306873
84760,6.275785811081588e-05,2.1142428944161207,1.5526183384765886,16.10459164791899,19.7714528808117
84780,6.277266647752443e-05,2.1141059395324744,1.5530832419166516,16.10503425692956,19.772223438378685
84800,6.278747484423298e-05,2.1177494273085538,1.5489634920294488,16.105487492008166,19.77220041134617
84820,6.280228321094151e-05,2.1224470978058014,1.5440268419751029,16.10580437821,19.772278317990903
84840,6.281709157765006e-05,2.124292720679745,1.542167210175947,16.106186646678147,19.772646577533838
84860,6.283189994435861e-05,2.126383305030561,1.5398375884557838,16.106587442471316,19.77280833595766
84880,6.284670831106716e-05,2.1309112301961353,1.534887689077202,16.10694539271899,19.772744311992327
84900,6.28615166777757e-05,2.1338248475449273,1.5318635457221217,16.107328803056653,19.773017196323703
84920,6.287632504448425e-05,2.136132282935734,1.5300401804484016,16.107798303373617,19.773970766757753
84940,6.28911334111928e-05,2.138779058589038,1.5275044555143582,16.108164178371325,19.774447692474723
84960,6.290594177790133e-05,2.143406054424428,1.5223753995637481,16.108598270963235,19.774379724951412
84980,6.292075014460988e-05,2.146375622360765,1.5190347341670898,16.109059586205806,19.77446994273366
85000,6.293555851131843e-05,2.1499813807984602,1.5150472073334087,16.109478594709763,19.77450718284163
85020,6.295036687802698e-05,2.154058203527145,1.5110983476623565,16.109936823676513,19.775093374866014
85040,6.296517524473552e-05,2.1560777750276667,1.5090236756420237,16.110382327067757,19.77548377773745
85060,6.297998361144407e-05,2.1605986967979476,1.5044298645150336,16.110751488117582,19.775780049430566
85080,6.299479197815261e-05,2.1649429794974613,1.4999658587020697,16.111187865774404,19.776096703973934
85100,6.300960034486115e-05,2.1661937164583143,1.4985752960310443,16.11162962008882,19.77639863257818
85120,6.30244087115697e-05,2.1688110239582414,1.4960940771105453,16.112001915031843,19.77690701610063
85140,6.303921707827825e-05,2.1752639056259744,1.489011888032286,16.112450299259777,19.776726092918036
85160,6.30540254449868e-05,2.1789584821934422,1.4850259159620987,16.112928523213576,19.776912921369117
85180,6.306883381169533e-05,2.1835983334270863,1.4802566002641246,16.11335379900772,19.77720873269893
85200,6.308364217840388e-05,2.188740475162854,1.4750639205336609,16.11383586680934,19.777640262505855
85220,6.309845054511243e-05,2.1915092726820298,1.4727826268866715,16.114358438294293,19.778650337862995
85240,6.311325891182097e-05,2.193793058541918,1.4711739524876364,16.11475689619455,19.779723907224103
85260,6.312806727852952e-05,2.1969432222613325,1.468083120700635,16.115189866819378,19.780216209781344
85280,6.314287564523807e-05,2.1993471157253435,1.4652296849249182,16.115621578372252,19.780198379022515
85300,6.315768401194662e-05,2.203106914044151,1.461240580814986,16.116050552608492,19.780398047467628
85320,6.317249237865515e-05,2.2097446178928966,1.4539881545888609,16.116546778076792,19.78027955055855
85340,6.31873007453637e-05,2.211402598823081,1.4521032078608838,16.11700641511489,19.780512221798855
85360,6.320210911207225e-05,2.2141257626145947,1.4493324668118162,16.117325925912464,19.780784155338875
85380,6.32169174787808e-05,2.2185476649547318,1.4449448878366302,16.11766581075794,19.781158363549302
85400,6.323172584548934e-05,2.2232651455650183,1.4405006920365961,16.11799705360408,19.781762891205695
85420,6.324653421219789e-05,2.2287222082749327,1.4346405250922833,16.118349913553594,19.78171264692081
85440,6.326134257890643e-05,2.2317124831936224,1.431523032999215,16.118771126780363,19.7820066429732
85460,6.327615094561497e-05,2.2353159039043504,1.4280190735231675,16.119257318483754,19.78259229591127
85480,6.329095931232352e-05,2.238876531343405,1.4240544881025796,16.119678306157155,19.78260932560314
85500,6.330576767903207e-05,2.243210100628814,1.4198040841637252,16.12016017916532,19.783174363957862
85520,6.332057604574062e-05,2.2467519664116535,1.416408417535947,16.12070048641668,19.78386087036428
85540,6.333538441244915e-05,2.250488085589349,1.412755168123525,16.1211448873923,19.784388141105175
85560,6.33501927791577e-05,2.2548367572089103,1.4082159867939688,16.121687688609818,19.784740432612697
85580,6.336500114586625e-05,2.2595301587844765,1.4029401346474164,16.122245455148903,19.784715748580794
85600,6.337980951257479e-05,2.2629157269772655,1.3995701417270072,16.122653368273014,19.785139236977287
85620,6.339461787928334e-05,2.2666263186042475,1.395586854754973,16.123192405341435,19.785405578700654
85640,6.340942624599189e-05,2.269654850764696,1.3922273774655487,16.123736108217553,19.785618336447797
85660,6.342423461270044e-05,2.272572858714948,1.3893410422389831,16.12412879899911,19.78604269995304
85680,6.343904297940897e-05,2.2776031771818905,1.3837830303909333,16.12475275035983,19.786138957932653
85700,6.345385134611752e-05,2.278913089938929,1.382140700427668,16.12519353386601,19.78624732423261
85720,6.346865971282607e-05,2.2835593779945644,1.3771805435476314,16.125595297149022,19.786335218691217
85740,6.348346807953461e-05,2.2857491676799695,1.3743328705067317,16.126030849423138,19.78611288760984
85760,6.349827644624316e-05,2.289483915572569,1.371204057307814,16.126474936262433,19.787162909142815
85780,6.35130848129517e-05,2.2924206589753138,1.368371197586024,16.126848173738033,19.78764003029937
85800,6.352789317966025e-05,2.2959248786354554,1.3645205731784535,16.127287851997448,19.787733303811358
85820,6.354270154636879e-05,2.299516367436758,1.3609747651687472,16.127812213508697,19.7883033461142
85840,6.355750991307734e-05,2.3018041778945157,1.3585869603096001,16.128265133596148,19.788656271800264
85860,6.357231827978589e-05,2.305017538833154,1.3555374693347562,16.128800957796372,19.789355965964283
85880,6.358712664649443e-05,2.308673817927905,1.351771426639313,16.129223084128697,19.789668328695914
85900,6.360193501320297e-05,2.309735654588456,1.3510618411089133,16.129617674193284,19.790415169890654
85920,6.361674337991152e-05,2.313718169678604,1.346551377723058,16.130057575579336,19.790327122980997
85940,6.363155174662007e-05,2.3173104470600148,1.3426158848232683,16.130457886129847,19.79038421801313
85960,6.364636011332861e-05,2.3185504618739383,1.3415789508662894,16.130828011931754,19.790957424671983
85980,6.366116848003716e-05,2.3209570055836646,1.339152617206715,16.13130902632048,19.79141864911086
86000,6.367597684674571e-05,2.3219801926811323,1.3383448988939075,16.131855695335148,19.792180786910187
86020,6.369078521345426e-05,2.327473056942161,1.3320196040957144,16.132299830994672,19.79179249203255
86040,6.370559358016279e-05,2.3271298022459965,1.3327669860442932,16.132804155655414,19.792700943945704
86060,6.372040194687134e-05,2.330081004398628,1.3297953643381573,16.13325323616461,19.793129604901395
86080,6.373521031357989e-05,2.3293877065124495,1.3304302646947153,16.133654220325642,19.793472191532807
86100,6.375001868028843e-05,2.3337980260228415,1.3255608437394069,16.1341468774531,19.79350574721535
86120,6.376482704699698e-05,2.3325752224180443,1.3269833244804579,16.134704075674083,19.794262622572585
86140,6.377963541370553e-05,2.3352760374017345,1.3240437685470756,16.135179136833077,19.794498942781885
86160,6.379444378041407e-05,2.3365658993931424,1.3218782462981478,16.13573552445918,19.79417967015047
86180,6.380925214712261e-05,2.338539681582361,1.319304130157118,16.13625716558211,19.794100977321587
86200,6.382406051383116e-05,2.339011544173805,1.3187639064534395,16.13662987412085,19.794405324748094
86220,6.383886888053971e-05,2.3398673856293537,1.3178195590053292,16.137115439290103,19.794802383924786
86240,6.385367724724825e-05,2.3399556709472753,1.3181411440698716,16.13751621453886,19.795613029556005
86260,6.38684856139568e-05,2.3434895680344154,1.3140654163893437,16.137854008620707,19.795408993044465
86280,6.388329398066534e-05,2.3410963482549656,1.3163522539141819,16.13824490224942,19.795693504418566
86300,6.389810234737389e-05,2.34278516507328,1.3150073426762832,16.138667516605512,19.796460024355074
86320,6.391291071408243e-05,2.3426790414691823,1.3153015291181926,16.139037204828337,19.79701777541571
86340,6.392771908079098e-05,2.341297032141714,1.3168332590302834,16.139492383508852,19.79762267468085
86360,6.394252744749953e-05,2.3438845491891476,1.3134827709267143,16.139955784344476,19.79732310446034
86380,6.395733581420806e-05,2.3427869817001055,1.314436398142298,16.140328963272047,19.79755234311445
86400,6.397214418091661e-05,2.340611470590546,1.3169074381551937,16.14079105969662,19.79830996844236
86420,6.398695254762516e-05,2.340729899177968,1.3167223698580293,16.14119746934789,19.798649738383887
86440,6.400176091433371e-05,2.342200184632767,1.3146716585987908,16.14156774592847,19.798439589160026
86460,6.401656928104225e-05,2.341356991043019,1.315447731529071,16.14202374799632,19.79882847056841
86480,6.40313776477508e-05,2.3401037916120186,1.316987283373179,16.14247976181463,19.79957083679983
86500,6.404618601445935e-05,2.341213560943646,1.3154219096542987,16.142889108824924,19.79952457942287
86520,6.40609943811679e-05,2.339878395061096,1.3165726982171813,16.14343311404948,19.799884207327757
86540,6.407580274787643e-05,2.339590623303229,1.3169981084788296,16.143964042743892,19.80055277452595
86560,6.409061111458498e-05,2.3395115669832944,1.316761325900465,16.144378738090968,19.800651630974727
86580,6.410541948129353e-05,2.338605019000804,1.3177217514986401,16.14489039125487,19.801217161754312
86600,6.412022784800207e-05,2.3366687959311534,1.3198792687542096,16.14543214768305,19.801980212368413
86620,6.413503621471061e-05,2.335443421276027,1.3208882922723633,16.145903986226767,19.802235699775157
86640,6.414984458141916e-05,2.33364675419901,1.3221794051798719,16.146519534003172,19.802345693382055
86660,6.416465294812771e-05,2.3336743461195724,1.3224363280035647,16.147202280117344,19.803312954240482
86680,6.417946131483625e-05,2.3328646226225733,1.322754422838024,16.147774781750236,19.803393827210833
86700,6.41942696815448e-05,2.333724465288962,1.320892901485512,16.148470724581944,19.80308809135642
86720,6.420907804825335e-05,2.3298023568068293,1.3250192486739036,16.149169900199457,19.80399150568019
86740,6.422388641496188e-05,2.3297601565542663,1.3252285596905533,16.149857289449095,19.804846005693914
86760,6.423869478167043e-05,2.326871029582822,1.3283391362322823,16.15049949722833,19.805709663043437
86780,6.425350314837898e-05,2.327042209435429,1.3274822623249303,16.151120367763898,19.805644839524255
86800,6.426831151508753e-05,2.3242675215792663,1.3299589630640203,16.151639581801756,19.80586606644504
86820,6.428311988179607e-05,2.3208818413789634,1.3338052960355713,16.152218668246054,19.806905805660588
86840,6.429792824850462e-05,2.321189082638748,1.3334578067712315,16.152835382997623,19.8074822724076
86860,6.431273661521317e-05,2.318610970386726,1.3353784476761974,16.1533946201423,19.807384038205225
86880,6.43275449819217e-05,2.3154340386557983,1.3382765900895166,16.154115553054545,19.80782618179986
86900,6.434235334863025e-05,2.3122755399760333,1.3415916463612234,16.1547314773725,19.80859866370976
86920,6.43571617153388e-05,2.3116915117775063,1.341680772146109,16.155257644735457,19.808629928659073
86940,6.437197008204735e-05,2.3108146618697702,1.3420797110443596,16.156018660895434,19.808913033809564
86960,6.438677844875589e-05,2.3085706346557133,1.3440363797780552,16.156607629389022,19.80921464382279
86980,6.440158681546443e-05,2.306803268339068,1.3456303718831728,16.157130930498504,19.809564570720745
87000,6.441639518217298e-05,2.3029582498810948,1.3496806473479412,16.157739718341286,19.810378615570322
87020,6.443120354888152e-05,2.3024346658491925,1.34944357931952,16.158304401212224,19.810182646380937
87040,6.444601191559007e-05,2.296932627098276,1.3552894456810953,16.158771440058935,19.810993512838305
87060,6.446082028229862e-05,2.2961049628239136,1.3558947763152538,16.15928400348558,19.81128374262475
87080,6.447562864900717e-05,2.294176159879947,1.3569503468148298,16.159835223338764,19.81096173003354
87100,6.44904370157157e-05,2.28995872781849,1.3616124130883187,16.160338104570627,19.811909245477437
87120,6.450524538242425e-05,2.2889884091730166,1.3624942388286616,16.160934309622714,19.812416957624393
87140,6.45200537491328e-05,2.287206773658288,1.364041536159898,16.161576168377728,19.812824478195914
87160,6.453486211584135e-05,2.2856798115800547,1.3647152272820817,16.16228843764072,19.812683476502855
87180,6.454967048254989e-05,2.28275397410005,1.3683248770814793,16.162907667092313,19.813986518273843
87200,6.456447884925844e-05,2.2795086289619437,1.3714638041945895,16.16349109708547,19.814463530242
87220,6.457928721596699e-05,2.2771343217760496,1.373455164175407,16.163954107985965,19.814543593937422
87240,6.459409558267552e-05,2.2755732827686996,1.374694427455068,16.164492404639674,19.814760114863443
87260,6.460890394938407e-05,2.2697691062548504,1.3805111917873336,16.165028165653716,19.8153084636959
87280,6.462371231609262e-05,2.267787563255257,1.3824182903311035,16.165439214482813,19.815645068069173
87300,6.463852068280117e-05,2.2634210223527953,1.3862891939161404,16.165908663769514,19.81561888003845
87320,6.46533290495097e-05,2.261018634902179,1.388773444738675,16.166400868465388,19.81619294810624
87340,6.466813741621825e-05,2.258439909618717,1.391717495946918,16.166793087965573,19.81695049353121
87360,6.46829457829268e-05,2.256713556165368,1.39262665895305,16.167238218480875,19.816578433599293
87380,6.469775414963534e-05,2.2518290970309516,1.3975845203110133,16.167732101044177,19.817145718386143
87400,6.471256251634389e-05,2.246520555204373,1.4040277632966225,16.16818236722891,19.818730685729903
87420,6.472737088305244e-05,2.2441176171215855,1.4058894211396613,16.16865879997342,19.81866583823467
87440,6.474217924976099e-05,2.243061503763938,1.4052239815041407,16.169166745026104,19.817452230294183
87460,6.475698761646952e-05,2.238863331824237,1.4094181100973413,16.169724541715627,19.818005983637207
87480,6.477179598317807e-05,2.2354130876000005,1.4135677041503578,16.170353005350087,19.819333797100445
87500,6.478660434988662e-05,2.2320189879604255,1.4164425119101793,16.170943578621976,19.81940507849258
87520,6.480141271659516e-05,2.22765756853041,1.421118479596999,16.17143767579641,19.820213723923818
87540,6.481622108330371e-05,2.22256321215818,1.426857539484892,16.172004699481228,19.8214254511243
87560,6.483102945001226e-05,2.22008070899988,1.4284717890879475,16.172553117345757,19.821105615433584
87580,6.48458378167208e-05,2.216628713168311,1.4312342077925835,16.172989171189847,19.82085209215074
87600,6.486064618342934e-05,2.2135569294252537,1.4343579409409684,16.173594211612492,19.821509081978714
87620,6.487545455013789e-05,2.2072354790807815,1.4411285565847356,16.17418325490145,19.822547290566966
87640,6.489026291684644e-05,2.2036617031458157,1.4445033678796009,16.17469019273029,19.822855263755706
87660,6.490507128355498e-05,2.2030691382951035,1.4435057489192125,16.175342297930285,19.821917185144603
87680,6.491987965026353e-05,2.1971972770459174,1.450127669229612,16.1761586416658,19.82348358794133
87700,6.493468801697207e-05,2.1936548480510947,1.4540312325343303,16.176719644120265,19.82440572470569
87720,6.494949638368062e-05,2.189614970875439,1.4581190809492437,16.17743869834787,19.825172750172552
87740,6.496430475038916e-05,2.186811792068175,1.4606034746634868,16.178186148422306,19.82560141515397
87760,6.497911311709771e-05,2.1815451626317506,1.4660945452794205,16.17875694770015,19.826396655611322
87780,6.499392148380626e-05,2.1775264151585714,1.4692588102298187,16.17944072346786,19.826225948856248
87800,6.500872985051481e-05,2.174991236565987,1.4714415382853117,16.1801292674462,19.8265620422975
87820,6.502353821722334e-05,2.1709418588352944,1.4753163319522953,16.180707366624546,19.826965557412137
87840,6.503834658393189e-05,2.16747865030643,1.4785371497339732,16.18131244742557,19.82732824746597
87860,6.505315495064044e-05,2.161997141960302,1.4840867393048665,16.181971285253972,19.828055166519142
87880,6.506796331734898e-05,2.1580624933954975,1.4875957317482487,16.182501071024355,19.828159296168103
87900,6.508277168405753e-05,2.1522938722725176,1.4931308306796331,16.183147138358915,19.828571841311067
87920,6.509758005076608e-05,2.149256811864859,1.4960047494447957,16.183583740323286,19.828845301632942
87940,6.511238841747463e-05,2.1447350930835,1.5003779448736672,16.184593428188048,19.829706466145215
87960,6.512719678418316e-05,2.1407837695375234,1.5042365901257733,16.18535268898508,19.830373048648376
87980,6.514200515089171e-05,2.134342846021768,1.510639996346764,16.18609505241006,19.83107789477859
88000,6.515681351760026e-05,2.132606856501549,1.5119861376559653,16.18669348915428,19.831286483311793
88020,6.51716218843088e-05,2.124391336881385,1.5207633044129443,16.18730581895382,19.83246046024815
88040,6.518643025101735e-05,2.1231232100114292,1.5216483295499694,16.188034650530586,19.832806190091986
88060,6.52012386177259e-05,2.1186548706882244,1.5258100289575922,16.1885945306403,19.83305943028612
88080,6.521604698443444e-05,2.113545785930884,1.5303258549084537,16.18938263634461,19.833254277183947
88100,6.523085535114298e-05,2.1102284688641433,1.533867194049801,16.189915113370773,19.834010776284718
88120,6.524566371785153e-05,2.1074272376311898,1.536332142024496,16.19053937228947,19.834298751945155
88140,6.526047208456008e-05,2.1015815948336316,1.5429264099183682,16.19116051789694,19.835668522648938
88160,6.527528045126861e-05,2.0971952651538257,1.5469607678603359,16.19188974005499,19.836045773069152
88180,6.529008881797716e-05,2.094756626718276,1.548778903862451,16.192544514237206,19.836080044817933
88200,6.530489718468571e-05,2.089152397773865,1.5542107463269341,16.19333032962272,19.83669347372352
88220,6.531970555139426e-05,2.085129500129943,1.5574534339677426,16.194139365191358,19.836722299289043
88240,6.53345139181028e-05,2.0813508599560753,1.5613020566583928,16.19483402139904,19.837486938013505
88260,6.534932228481135e-05,2.077566931964131,1.5651550860494206,16.195675746950354,19.838397764963904
88280,6.53641306515199e-05,2.0737074716312724,1.5687306417488753,16.196519365556387,19.838957478936535
88300,6.537893901822843e-05,2.0686844225799312,1.573398061059914,16.197244889998707,19.839327373638554
88320,6.539374738493698e-05,2.0639274264177585,1.5780096653572335,16.197947793847923,19.839884885622915
88340,6.540855575164553e-05,2.06151431302365,1.5799386377370253,16.198639965730827,19.840092916491503
88360,6.542336411835408e-05,2.054367267398897,1.587173554135525,16.199207351968795,19.840748173503215
88380,6.543817248506262e-05,2.049575613479751,1.592466810232062,16.199908135523625,19.84195055923544
88400,6.545298085177117e-05,2.046146286003685,1.595918473532217,16.200579597887447,19.84264435742335
88420,6.546778921847971e-05,2.041735791032864,1.6000203298900861,16.20127900299654,19.84303512391949
88440,6.548259758518826e-05,2.034571891450386,1.6069088696078446,16.202106461991765,19.843587223049994
88460,6.54974059518968e-05,2.033581374770388,1.6076827290563183,16.20272615134717,19.84399025517388
88480,6.551221431860535e-05,2.0276136469058024,1.6138452556963125,16.20333821570581,19.844797118307923
88500,6.55270226853139e-05,2.022967354980716,1.617665844510938,16.204075967560705,19.844709167052358
88520,6.554183105202243e-05,2.0172163688085223,1.623574997790073,16.20477358441002,19.845564951008615
88540,6.555663941873098e-05,2.0149688920610678,1.6250956916915527,16.205354193161234,19.845418776913853
88560,6.557144778543953e-05,2.010478725914198,1.629533554646241,16.205967938208367,19.84598021876881
88580,6.558625615214808e-05,2.0054455650778573,1.6351944798647238,16.206750617045497,19.84739066198808
88600,6.560106451885662e-05,2.0023198650293477,1.6376790007413802,16.20733331668787,19.847332182458597
88620,6.561587288556517e-05,1.9980756562334339,1.6418079126107372,16.20799586165424,19.84787943049841
88640,6.563068125227372e-05,1.9936023721391778,1.6466519070812622,16.2085602907881,19.84881457000854
88660,6.564548961898225e-05,1.9884260447372049,1.6517037181723664,16.209250232521935,19.849379995431505
88680,6.56602979856908e-05,1.9863927919926136,1.6532088697427063,16.20993962488345,19.84954128661877
88700,6.567510635239935e-05,1.9816671436617226,1.6580388190322455,16.21060143369676,19.850307396390726
88720,6.56899147191079e-05,1.9781186730088476,1.6613657190099802,16.211114572423675,19.850598964442504
88740,6.570472308581644e-05,1.9755249886434778,1.6631635154861852,16.211912267903404,19.85060077203307
88760,6.571953145252499e-05,1.9702630975804738,1.6691190875839028,16.21264146945217,19.852023654616545
88780,6.573433981923353e-05,1.966827458737354,1.6726634161802658,16.213117613438428,19.852608488356047
88800,6.574914818594207e-05,1.9645265837262054,1.6741554622003507,16.21382667248133,19.852508718407883
88820,6.576395655265062e-05,1.9588811173178393,1.6794379001478972,16.214606210324927,19.852925227790664
88840,6.577876491935917e-05,1.9546721768019513,1.6835348231707221,16.21506172660074,19.853268726573415
88860,6.579357328606772e-05,1.95155178867401,1.6863010248799688,16.21567166301449,19.853524476568467
88880,6.580838165277625e-05,1.9478675445168494,1.6892844209369107,16.216306407476452,19.853458372930213
88900,6.58231900194848e-05,1.9446677688695213,1.692279734305285,16.2168958511737,19.853843354348506
88920,6.583799838619335e-05,1.940985148417675,1.696045845314999,16.217569259068704,19.854600252801376
88940,6.58528067529019e-05,1.9361275448618402,1.7005665444980578,16.218219700072495,19.854913789432395
88960,6.586761511961044e-05,1.9323921139982951,1.7045141864601718,16.218799923443765,19.85570622390223
88980,6.588242348631899e-05,1.9288944307392812,1.708092170737044,16.2194065732425,19.856393174718825
89000,6.589723185302754e-05,1.9239315783013464,1.7128777604007468,16.22011426733336,19.856923606035455
89020,6.591204021973607e-05,1.9226637600026526,1.713933639352199,16.220637205506513,19.857234604861365
89040,6.592684858644462e-05,1.9183300412046895,1.7184602671328824,16.22126802890669,19.85805833724426
89060,6.594165695315317e-05,1.9145253725591544,1.7218967573546842,16.221905784753822,19.85832791466766
89080,6.595646531986172e-05,1.9089153139112494,1.7279278018007553,16.222416665988156,19.85925978170016
89100,6.597127368657026e-05,1.9059276774607128,1.7312923573708867,16.223006846363937,19.860226881195537
89120,6.59860820532788e-05,1.9027824229668655,1.7331246686411979,16.223638954867436,19.8595460464755
89140,6.600089041998735e-05,1.8993739419529727,1.7360023451045985,16.224133402069,19.859509689126572
89160,6.601569878669589e-05,1.8946094608145878,1.741100350875833,16.224677671882333,19.860387483572755
89180,6.603050715340444e-05,1.8935023987706132,1.7419873267324946,16.225362836632307,19.860852562135413
89200,6.604531552011299e-05,1.8881693335130638,1.7470540036392597,16.225838561617508,19.861061898769833
89220,6.606012388682154e-05,1.885174671939894,1.7509742516829818,16.22640034662411,19.862549270246987
89240,6.607493225353007e-05,1.8800405556548758,1.756670675879381,16.22701930743459,19.863730538968845
89260,6.608974062023862e-05,1.8791646065100014,1.756689793220402,16.22747247474759,19.86332687447799
89280,6.610454898694717e-05,1.8751592591281052,1.7598401995197286,16.228088898713725,19.86308835736156
89300,6.611935735365571e-05,1.871905319098374,1.763488060030449,16.22872752588411,19.864120905012932
89320,6.613416572036426e-05,1.870494474540413,1.7642394235517822,16.22925150532521,19.863985403417402
89340,6.614897408707281e-05,1.8639395779577015,1.7717448767320065,16.229760911080437,19.865445365770146
89360,6.616378245378136e-05,1.8614798559328307,1.7738377595226487,16.230354108468738,19.865671723924216
89380,6.617859082048989e-05,1.858672600623469,1.776236923528317,16.230814923905747,19.865724448057534
89400,6.619339918719844e-05,1.8559673998294677,1.7784609073946922,16.231398733892718,19.865827041116876
89420,6.620820755390699e-05,1.8528197647265732,1.7819544685776338,16.232082267167396,19.866856500471602
89440,6.622301592061553e-05,1.8475807910360835,1.7874925116827276,16.2325888237543,19.86766212647311
89460,6.623782428732408e-05,1.8456948184818494,1.7889925480811373,16.233165245764553,19.86785261232754
89480,6.625263265403263e-05,1.8418679352790401,1.7924627323709497,16.233820717511616,19.868151385161607
89500,6.626744102074117e-05,1.8393794087011202,1.7946419007363323,16.234259992887992,19.868281302325443
89520,6.628224938744971e-05,1.8365900417557601,1.7973733650071921,16.23486760578745,19.8688310125504
89540,6.629705775415826e-05,1.8310098359001197,1.8029667787080061,16.235432395511907,19.869409010120034
89560,6.631186612086681e-05,1.8297003009841286,1.8035678132643287,16.235928210543094,19.869196324791552
89580,6.632667448757536e-05,1.8239270060980635,1.8101629487712083,16.2366111374187,19.87070109228797
89600,6.63414828542839e-05,1.8221703479455862,1.8114241035157201,16.237200051478393,19.8707945029397
89620,6.635629122099244e-05,1.8186680168971758,1.8143695037138006,16.237655074643914,19.87069259525489
89640,6.637109958770099e-05,1.8150909848748018,1.8184066190474988,16.238264413613404,19.871762017535705
89660,6.638590795440953e-05,1.811012375488597,1.822407959473729,16.23877008269468,19.872190417657006
89680,6.640071632111808e-05,1.8095339290637922,1.8239270468183508,16.23917758635489,19.872638562237036
89700,6.641552468782663e-05,1.8050249171580024,1.8282186546956212,16.239655502359295,19.872899074212917
89720,6.643033305453518e-05,1.8015367020176911,1.8316093145123042,16.24014371472868,19.873289731258676
89740,6.644514142124371e-05,1.7985745575035943,1.8347900895773723,16.24054472514003,19.873909372220997
89760,6.645994978795226e-05,1.7958929051331143,1.83728084937753,16.241040984928084,19.874214739438727
89780,6.647475815466081e-05,1.79209520709899,1.8408144673484224,16.24152266556111,19.87443234000852
89800,6.648956652136935e-05,1.7875615722227258,1.8451092814377257,16.24191357963908,19.874584433299532
89820,6.65043748880779e-05,1.7841241837611104,1.8489607954633973,16.24233144949237,19.875416428716875
89840,6.651918325478645e-05,1.7813542933717663,1.8512683749533092,16.24274368358372,19.875366351908795
89860,6.6533991621495e-05,1.7763950641489958,1.8560389489445017,16.2431246482956,19.875558661389096
89880,6.654879998820353e-05,1.7748456526704581,1.8578233312648227,16.243582620848034,19.876251604783313
89900,6.656360835491208e-05,1.771019589557169,1.8614852851404013,16.24411135711262,19.87661623181019
89920,6.657841672162063e-05,1.7668621130515318,1.865563564330932,16.24454426559025,19.876969942972714
89940,6.659322508832916e-05,1.763763316260025,1.868544914584232,16.245093940895593,19.87740217173985
89960,6.660803345503771e-05,1.7607835899857358,1.8710453506376095,16.245659293297003,19.877488233920346
89980,6.662284182174626e-05,1.7582556065971728,1.8735404644291271,16.246132891200247,19.877928962226548
90000,6.663765018845481e-05,1.7539666345236127,1.8783939108456174,16.246680927602796,19.879041472972027
90020,6.665245855516335e-05,1.7523664951829847,1.879087631121017,16.247278520197195,19.8787326465012
90040,6.66672669218719e-05,1.7479784392723379,1.8829649587497759,16.247802406841384,19.8787458048635
90060,6.668207528858045e-05,1.7446467202468625,1.8860934449033095,16.248412496044054,19.879152661194226
90080,6.669688365528898e-05,1.7394093225331002,1.891609792411661,16.249020488387814,19.880039603332577
90100,6.671169202199753e-05,1.7376121039423995,1.893941511712985,16.249501036042087,19.88105465169747
90120,6.672650038870608e-05,1.7353624086447845,1.8958403096216885,16.250097675473206,19.88130039373968
90140,6.674130875541463e-05,1.728824331648863,1.9025703989200582,16.250602661801565,19.881997392370486
90160,6.675611712212317e-05,1.7280449673185072,1.9029260317121945,16.25100485631568,19.881975855346383
90180,6.677092548883172e-05,1.7232094043475297,1.9074173941708497,16.25163995160299,19.882266750121367
90200,6.678573385554027e-05,1.7214244771485239,1.9090042907378593,16.252176392290338,19.88260516017672
90220,6.680054222224881e-05,1.7178093872167506,1.9128166977841,16.252619869288147,19.883245954288995
90240,6.681535058895735e-05,1.7148030080945387,1.9157686333666832,16.253229746549433,19.883801388010653
90260,6.68301589556659e-05,1.708649771915856,1.9218569098430107,16.253715040909395,19.88422172266826
90280,6.684496732237445e-05,1.7060490392481182,1.9236512917807354,16.254175669030133,19.883876000058986
90300,6.685977568908298e-05,1.7032025636228485,1.9270483441324588,16.25470586536474,19.88495677312005
90320,6.687458405579153e-05,1.697694213476919,1.9329924966518865,16.25522538363508,19.885912093763885
90340,6.688939242250008e-05,1.6972323852360502,1.9326602981183143,16.25567753235255,19.885570215706913
90360,6.690420078920863e-05,1.6941764523320608,1.9354026503548352,16.25625745791163,19.885836560598527
90380,6.691900915591717e-05,1.6912905556387168,1.938143295125792,16.256914944022704,19.886348794787214
90400,6.693381752262572e-05,1.6872546542767588,1.9424223533399294,16.257514025297734,19.887191032914423
90420,6.694862588933427e-05,1.682963052240933,1.9467285815512214,16.25811785562584,19.887809489417997
90440,6.69634342560428e-05,1.6799701732322119,1.949898828019821,16.25867658348496,19.888545584736992
90460,6.697824262275135e-05,1.677937914662956,1.9515642845847998,16.259112855180216,19.888615054427973
90480,6.69930509894599e-05,1.6738680672497193,1.9559527440079707,16.259612604365326,19.889433415623017
90500,6.700785935616845e-05,1.6715037513133733,1.9585475202588252,16.260175145370003,19.890226416942202
90520,6.702266772287699e-05,1.6687137107596512,1.9608277170994062,16.260589321069393,19.89013074892845
90540,6.703747608958554e-05,1.6663139421861406,1.9623841545551985,16.261061342887178,19.889759439628516
90560,6.705228445629409e-05,1.662746260569648,1.9662439102156355,16.26153722107861,19.89052739186389
90580,6.706709282300262e-05,1.6613232882701772,1.9675784604630382,16.26195327353979,19.890855022273005
90600,6.708190118971117e-05,1.657734412446174,1.970971634619143,16.262505840057248,19.891211887122566
90620,6.709670955641972e-05,1.6529199707800193,1.9756022282969021,16.263030721729393,19.891552920806316
90640,6.711151792312827e-05,1.6507935926090678,1.9773464834684906,16.263501576447126,19.891641652524683
90660,6.71263262898368e-05,1.6507745863160774,1.9772717546612053,16.264143738696152,19.892190079673433
90680,6.714113465654535e-05,1.6492554252536342,1.9786194331474778,16.264813988565553,19.892688846966664
90700,6.71559430232539e-05,1.644992646503689,1.983437132635069,16.26539271763263,19.89382249677139
90720,6.717075138996244e-05,1.641834230816873,1.9864908717728786,16.266073054674678,19.89439815726443
90740,6.718555975667099e-05,1.640490714307544,1.9875762732831546,16.266680225867226,19.894747213457926
90760,6.720036812337954e-05,1.637104775157342,1.9910509643634247,16.26720149891941,19.895357238440177
90780,6.721517649008809e-05,1.635195133477253,1.992874815655261,16.267819120516833,19.895889069649346
90800,6.722998485679662e-05,1.6327174145579142,1.994849602361004,16.268389321002218,19.895956337921135
90820,6.724479322350517e-05,1.6310640140071677,1.996147215494564,16.268909054794783,19.896120284296515
90840,6.725960159021372e-05,1.6273761599640784,1.999687936100938,16.269438113834983,19.8965022099
90860,6.727440995692227e-05,1.6234787738144454,2.0041166138659556,16.269966418090135,19.897561805770536
90880,6.72892183236308e-05,1.6210218807932355,2.0062796612614613,16.270463360552576,19.89776490260727
90900,6.730402669033936e-05,1.619076373925553,2.008440820214705,16.270930839303404,19.89844803344366
90920,6.73188350570479e-05,1.615604556228619,2.0121120657233122,16.271459015277035,19.899175637228964
90940,6.733364342375644e-05,1.6162998549840808,2.0104478287258436,16.271791128779697,19.89853881248962
90960,6.734845179046499e-05,1.6113330669054626,2.0155330176318103,16.272504172355106,19.89937025689238
90980,6.736326015717354e-05,1.6094972212874779,2.0176463731661354,16.27294812546981,19.900091719923424
91000,6.737806852388209e-05,1.6065968866810214,2.0201793880856544,16.273397891049438,19.900174165816114
91020,6.739287689059062e-05,1.605011927737296,2.0213022496242123,16.27397882273101,19.900293000092518
91040,6.740768525729917e-05,1.6030628837139984,2.0230707361484996,16.274444840134347,19.900578459996844
91060,6.742249362400772e-05,1.6014560556515813,2.024641001807731,16.27482593016978,19.90092298762909
91080,6.743730199071626e-05,1.597749428380525,2.028599391306184,16.27531128230014,19.90166010198685
91100,6.745211035742481e-05,1.5963596069682553,2.030086253973456,16.275848261822127,19.902294122763838
91120,6.746691872413336e-05,1.5923028881099612,2.0339788629723907,16.276268941069034,19.902550692151387
91140,6.748172709084191e-05,1.590387612924127,2.0355373187865524,16.276870052196337,19.902794983907015
91160,6.749653545755044e-05,1.588619093274177,2.037204698522448,16.27740017812226,19.903223969918884
91180,6.751134382425899e-05,1.5860553350279056,2.0396464794321005,16.277850421661682,19.90355223612169
91200,6.752615219096754e-05,1.586201211600332,2.039031812902441,16.278407054703795,19.903640079206568
91220,6.754096055767608e-05,1.5811088755576712,2.0442186032760605,16.27889583147622,19.904223310309952
91240,6.755576892438463e-05,1.5781524469416097,2.0474049877072535,16.27930783271284,19.9048652673617
91260,6.757057729109318e-05,1.577884303579573,2.047094519825068,16.27978682600353,19.90476564940817
91280,6.758538565780173e-05,1.572620001504919,2.052585593230586,16.280253657562188,19.905459252297693
91300,6.760019402451026e-05,1.571897571991733,2.053198562673872,16.28068946808167,19.905785602747272
91320,6.761500239121881e-05,1.569142753692005,2.0555589076293748,16.281212750123597,19.905914411444975
91340,6.762981075792736e-05,1.5649435643378393,2.059899610911946,16.281753202990796,19.906596378240582
91360,6.764461912463591e-05,1.5635401920520606,2.0614917394253243,16.28223212674235,19.907264058219734
91380,6.765942749134444e-05,1.559875362558437,2.0653698747680624,16.2827129392686,19.9079581765951
91400,6.7674235858053e-05,1.5572196650799506,2.067403673618969,16.28318938981922,19.90781272851814
91420,6.768904422476154e-05,1.554321781194215,2.0700730055530743,16.28356166689804,19.90795645364533
91440,6.770385259147008e-05,1.5537020233846028,2.0708160740322725,16.28398882607641,19.908506923493285
91460,6.771866095817863e-05,1.551296374859433,2.073137192523305,16.284459104331095,19.908892671713833
91480,6.773346932488718e-05,1.5481735137936998,2.076253458588495,16.284880732265634,19.90930770464783
91500,6.774827769159573e-05,1.5456312704561284,2.0789206196957997,16.285378927099902,19.90993081725183
91520,6.776308605830426e-05,1.5425354992126086,2.0819526257054743,16.285930625921043,19.910418750839128
91540,6.777789442501281e-05,1.5389487292693658,2.0856181048474434,16.28638875326329,19.910955587380098
91560,6.779270279172136e-05,1.5365648354140042,2.0878298947599045,16.28696478411307,19.91135951428698
91580,6.78075111584299e-05,1.5353417255321888,2.089006274866799,16.28749830909003,19.911846309489018
91600,6.782231952513845e-05,1.533006097968642,2.091413033832406,16.287934207360276,19.912353339161324
91620,6.7837127891847e-05,1.5294580400100375,2.0945083918584606,16.288491662965814,19.912458094834314
91640,6.785193625855555e-05,1.527727088774367,2.0960621166798408,16.289010233745536,19.912799439199745
91660,6.786674462526408e-05,1.524951621094663,2.098643047036914,16.28948203534365,19.913076703475227
91680,6.788155299197263e-05,1.5227109374173096,2.100807393265839,16.290009028429743,19.91352735911289
91700,6.789636135868118e-05,1.5179147048617665,2.105293993212398,16.29049377472346,19.913702472797624
91720,6.791116972538972e-05,1.5166280848895666,2.1065959842433792,16.29087558135499,19.914099650487934
91740,6.792597809209826e-05,1.5144124374854726,2.1085647416412607,16.291323699494917,19.914300878621653
91760,6.794078645880681e-05,1.511670603699083,2.11142783209105,16.291816786955174,19.914915222745307
91780,6.795559482551536e-05,1.5079352876275842,2.1153585598795694,16.292249905181638,19.91554375268879
91800,6.79704031922239e-05,1.5050122511403259,2.1180262226744024,16.292784660534153,19.91582313434888
91820,6.798521155893245e-05,1.5032057052568595,2.119517379412383,16.293348600004958,19.9160716846742
91840,6.8000019925641e-05,1.501570614587891,2.1206703308783146,16.29382360590805,19.916064551374255
91860,6.801482829234953e-05,1.4998458394376413,2.1219948741410115,16.294398561665325,19.916239275243978
91880,6.802963665905808e-05,1.4964391591504285,2.1257065709410936,16.29496898029939,19.917114710390912
91900,6.804444502576663e-05,1.4935093337107488,2.1288959633890565,16.29545379730196,19.917859094401766
91920,6.805925339247518e-05,1.4921462996596144,2.1295890592493505,16.295974897408165,19.91771025631713
91940,6.807406175918372e-05,1.49042020645189,2.131126131619834,16.29646060372808,19.918006941799803
91960,6.808887012589227e-05,1.4872822210600496,2.1337187218273646,16.296885832930833,19.917886775818246
91980,6.810367849260082e-05,1.483873521208508,2.137697913020868,16.297345840259148,19.918917274488525
92000,6.811848685930937e-05,1.4802535069699767,2.1414509435281532,16.29782428423994,19.91952873473807
92020,6.81332952260179e-05,1.478046082799053,2.143729619033201,16.298227099481352,19.920002801313608
92040,6.814810359272645e-05,1.47672802976761,2.1445653516546868,16.298696812210267,19.919990193632565
92060,6.8162911959435e-05,1.4737220153066384,2.1476017901435487,16.299115076277097,19.920438881727286
92080,6.817772032614354e-05,1.4718306675673656,2.1495113692236325,16.29945223670654,19.92079427349754
92100,6.819252869285208e-05,1.4696385281542543,2.151433015658812,16.299888244926144,19.92095978873921
92120,6.820733705956063e-05,1.4694379410458676,2.151385575605044,16.300312554303826,19.921136070954738
92140,6.822214542626918e-05,1.46518466326354,2.155651749987701,16.300701633769307,19.921538047020547
92160,6.823695379297772e-05,1.4630805558351927,2.15783862806786,16.301181974347507,19.92210115825056
92180,6.825176215968627e-05,1.4615962692968556,2.1596110985819124,16.30163044561001,19.922837813488776
92200,6.826657052639482e-05,1.4598911661286686,2.1607097531598978,16.30199869820861,19.922599617497177
92220,6.828137889310335e-05,1.4570043975618354,2.1635910533361042,16.302406673358984,19.923002124256925
92240,6.82961872598119e-05,1.4567408946489961,2.164164413176086,16.302803683780873,19.923708991605956
92260,6.831099562652045e-05,1.4542982741202217,2.1662363867929337,16.303178132440888,19.923712793354042
92280,6.8325803993229e-05,1.4508606554149486,2.1698916959189862,16.303618827892386,19.92437117922632
92300,6.834061235993754e-05,1.4482217554373846,2.172585049659539,16.30407466496817,19.924881470065092
92320,6.835542072664609e-05,1.4473251413379613,2.173184403114265,16.30452543129583,19.925034975748055
92340,6.837022909335464e-05,1.4461782276521595,2.1739254322250314,16.305010741688747,19.92511440156594
92360,6.838503746006317e-05,1.4437437853854953,2.1766540635946168,16.30544425152762,19.925842100507733
92380,6.839984582677172e-05,1.440830510220433,2.179602074859619,16.30582325452727,19.92625583960732
92400,6.841465419348027e-05,1.4388867092872513,2.1810847256995265,16.306315293224824,19.9262867282116
92420,6.842946256018882e-05,1.4367195671608375,2.1834935625726772,16.306798859193577,19.92701198892709
92440,6.844427092689736e-05,1.43452277330386,2.185962360000869,16.307220824805288,19.927705958110018
92460,6.84590792936059e-05,1.4342930560156009,2.1858198913893903,16.307711997643498,19.92782494504849
92480,6.847388766031445e-05,1.4319733171043858,2.188027227209847,16.30821357296043,19.928214117274663
92500,6.848869602702299e-05,1.430553553894137,2.1890994957919054,16.308613032547605,19.928266082233648
92520,6.850350439373154e-05,1.428151783533235,2.191724348550146,16.309115409082818,19.928991541166198
92540,6.851831276044009e-05,1.4268935067107207,2.1925888841978987,16.309641182728935,19.929123573637554
92560,6.853312112714864e-05,1.4258096513891858,2.1936699445662704,16.310069491534634,19.92954908749009
92580,6.854792949385717e-05,1.424914391849498,2.1944372793626985,16.310598670694578,19.929950341906775
92600,6.856273786056572e-05,1.4222404180163366,2.197108156992779,16.311017701834643,19.93036627684376
92620,6.857754622727427e-05,1.4197256494248016,2.1995504821711833,16.31151597159565,19.930792103191635
92640,6.859235459398282e-05,1.41909580816468,2.1997032751182064,16.312049552258998,19.930848635541885
92660,6.860716296069136e-05,1.4183664081531915,2.2004131852247815,16.312574062052036,19.93135365543001
92680,6.86219713273999e-05,1.4164593507511831,2.2026639203768754,16.3129690803265,19.932092351454557
92700,6.863677969410846e-05,1.414945915516741,2.2038907492890063,16.31340451056412,19.932241175369867
92720,6.865158806081699e-05,1.4140813279968767,2.2049617680487317,16.31393134674229,19.9329744427879
92740,6.866639642752554e-05,1.4145363977631258,2.2039153974344496,16.31437405203089,19.932825847228465
92760,6.868120479423409e-05,1.412165900276941,2.205903552871441,16.314869992786935,19.932939445935318
92780,6.869601316094264e-05,1.4084477030869582,2.210224941803804,16.315348016535687,19.934020661426448
92800,6.871082152765118e-05,1.407888362397951,2.2106841954015994,16.31577868930968,19.93435124710923
92820,6.872562989435972e-05,1.4074268797400644,2.2110589129895306,16.31622487311309,19.934710665842683
92840,6.874043826106827e-05,1.4047760129509586,2.2135881119553398,16.316651633782715,19.935015758689012
92860,6.875524662777681e-05,1.4048608526833388,2.212849721982415,16.317013622973665,19.93472419763942
92880,6.877005499448536e-05,1.4028199982905172,2.2148858612050946,16.317471231294338,19.93517709078995
92900,6.878486336119391e-05,1.402890931635823,2.2153427610481824,16.317854592446274,19.93608828513028
92920,6.879967172790246e-05,1.4008091427811837,2.217098503598434,16.318173194841005,19.936080841220623
92940,6.8814480094611e-05,1.3977068028845714,2.2203215452495924,16.31864002722205,19.936668375356213
92960,6.882928846131954e-05,1.3971409499553888,2.220773949449136,16.319112117392663,19.937027016797188
92980,6.884409682802809e-05,1.3981431721930355,2.2195525855224805,16.319522625898067,19.937218383613583
93000,6.885890519473663e-05,1.3960436821395423,2.221665320147517,16.32005193564871,19.93776093793577
93020,6.887371356144518e-05,1.3945045652476784,2.2233410984902022,16.32051955210217,19.93836521584005
93040,6.888852192815373e-05,1.3924624189704398,2.225451902715456,16.320926323678343,19.938840645364238
93060,6.890333029486228e-05,1.3923657767634048,2.225227663292614,16.3213896812057,19.93898312126172
93080,6.891813866157081e-05,1.3922213383141613,2.22495976486066,16.32190558392518,19.9390866871
93100,6.893294702827936e-05,1.3911873855150538,2.2261368961420542,16.322375539527638,19.939699821184746
93120,6.894775539498791e-05,1.3905569076175432,2.2263688047519974,16.322840809849463,19.939766522219003
93140,6.896256376169645e-05,1.3882710112004206,2.2282418835253646,16.323357320481453,19.939870215207236
93160,6.8977372128405e-05,1.3885650596797785,2.2276833956187665,16.32384445292921,19.940092908227758
93180,6.899218049511354e-05,1.385537061188229,2.2314638995241083,16.32436448480439,19.94136544551673
93200,6.90069888618221e-05,1.3835226646129244,2.2333553611574537,16.324821093096293,19.941699118866673
93220,6.902179722853063e-05,1.3834214254148698,2.232606167153993,16.325298439045994,19.941326031614857
93240,6.903660559523918e-05,1.3824710706872967,2.233560083441789,16.32585737050842,19.941888524637505
93260,6.905141396194773e-05,1.3803468257590148,2.2358847851072716,16.326466358299474,19.94269796916576
93280,6.906622232865628e-05,1.380463049442239,2.2353383951471013,16.326925449553833,19.942726894143174
93300,6.908103069536481e-05,1.3791820888754582,2.236449107973908,16.327425394504314,19.94305659135368
93320,6.909583906207336e-05,1.37714699104344,2.2386776330941007,16.327909210751972,19.943733834889514
93340,6.911064742878191e-05,1.3757767856166832,2.240438967009611,16.32830371908573,19.944519471712027
93360,6.912545579549045e-05,1.37523063758323,2.241169760528607,16.328776426324463,19.9451768244363
93380,6.9140264162199e-05,1.3750052991743178,2.2409914866884786,16.329238700803135,19.94523548666593
93400,6.915507252890755e-05,1.374730956252869,2.240991763060449,16.32967358835724,19.94539630767056
93420,6.91698808956161e-05,1.3720868922729696,2.2436678551105613,16.330214800827747,19.945969548211277
93440,6.918468926232463e-05,1.3705641861367188,2.2448511556601622,16.33077189115313,19.94618723295001
93460,6.919949762903318e-05,1.368512098963687,2.247416029949864,16.33128272787823,19.94721085679178
93480,6.921430599574173e-05,1.3686146340580796,2.2469947027283115,16.33184667771278,19.94745601449917
93500,6.922911436245027e-05,1.3681186243507382,2.247167424092684,16.332426040971164,19.947712089414587
93520,6.924392272915882e-05,1.3667369510788667,2.2486891154556488,16.332930598002804,19.948356664537318
93540,6.925873109586736e-05,1.3645003218892624,2.2506369482550133,16.333483387152594,19.94862065729687
93560,6.927353946257591e-05,1.3634718100787415,2.251784120087808,16.333965124021248,19.949221054187795
93580,6.928834782928445e-05,1.3612552430203562,2.2536344826619286,16.33445101760656,19.949340743288847
93600,6.9303156195993e-05,1.3601334419073658,2.2548847414506326,16.334931216179058,19.949949399537054
93620,6.931796456270155e-05,1.3592838965216332,2.2555496107169044,16.33544358716524,19.950277094403777
93640,6.933277292941008e-05,1.3581644987224504,2.256422096573339,16.335858581510607,19.950445176806397
93660,6.934758129611863e-05,1.3570182688317534,2.2579591696382297,16.336309354697143,19.951286793167125
93680,6.936238966282718e-05,1.3559010746568951,2.258851837837565,16.336792252485473,19.951545164979933
93700,6.937719802953573e-05,1.3544789041472762,2.2602226585184666,16.33722196476809,19.951923527433834
93720,6.939200639624427e-05,1.3545182069510733,2.2597479877786126,16.33771396005374,19.951980154783428
93740,6.940681476295282e-05,1.35259482504866,2.2615333775501454,16.33817991628744,19.952308118886247
93760,6.942162312966137e-05,1.3499828962990668,2.2641759208052292,16.33857671201132,19.952735529115618
93780,6.943643149636992e-05,1.3493287934331497,2.264698599169062,16.339116915322705,19.953144307924916
93800,6.945123986307845e-05,1.3490621355721182,2.2645710656746543,16.339590323922383,19.953223525169157
93820,6.9466048229787e-05,1.34907711486095,2.264575954932688,16.34001964857714,19.95367271837078
93840,6.948085659649555e-05,1.3480525027540682,2.2656042976762327,16.340559877169362,19.954216677599664
93860,6.949566496320409e-05,1.3435452418317988,2.270555748078587,16.341103982200107,19.955204972110494
93880,6.951047332991264e-05,1.344322378200157,2.269269663960368,16.341499979685448,19.955092021845974
93900,6.952528169662118e-05,1.3420918743422476,2.2715934331254144,16.341905126575654,19.955590434043316
93920,6.954009006332973e-05,1.3399246746554196,2.2736429108982126,16.342322196254802,19.955889781808434
93940,6.955489843003827e-05,1.3409741862959332,2.2724607171198117,16.342702308095404,19.956137211511148
93960,6.956970679674682e-05,1.3379960143287406,2.2754960727241595,16.343255733271803,19.956747820324704
93980,6.958451516345537e-05,1.3363339152626739,2.27751598719892,16.34376214796794,19.957612050429535
94000,6.95993235301639e-05,1.3359342297815702,2.277251448911249,16.344206675476062,19.95739235416888
94020,6.961413189687245e-05,1.3334039979137258,2.279602967169764,16.34472752825622,19.95773449333971
94040,6.9628940263581e-05,1.3324771909732687,2.280663840065933,16.345207901685715,19.958348932724917
94060,6.964374863028955e-05,1.3313559365637164,2.2815139249247802,16.34562282229041,19.958492683778907
94080,6.965855699699809e-05,1.330852962947696,2.2818843799586115,16.34610983604711,19.958847178953416
94100,6.967336536370664e-05,1.3293840766793803,2.2830404163550893,16.346628217988346,19.959052711022817
94120,6.968817373041519e-05,1.3303510349031074,2.2821669438607213,16.347047709469855,19.959565688233685
94140,6.970298209712372e-05,1.3264122303830757,2.285900735952701,16.347476546631643,19.95978951296742
94160,6.971779046383227e-05,1.3270058224601675,2.28525459740988,16.348063177205802,19.96032359707585
94180,6.973259883054082e-05,1.3241648209982742,2.2883305656680757,16.348449482462115,19.960944869128465
94200,6.974740719724937e-05,1.3257634392485245,2.2859695068897836,16.348956379661992,19.9606893258003
94220,6.97622155639579e-05,1.324705357967749,2.287039848497409,16.349456660166126,19.961201866631285
94240,6.977702393066646e-05,1.3216522460135822,2.29027704998645,16.349906324074492,19.961835620074524
94260,6.9791832297375e-05,1.3219651440993907,2.289634666128226,16.350469004736397,19.962068814964013
94280,6.980664066408354e-05,1.3194862244865857,2.292394161520771,16.351030721398484,19.96291110740584
94300,6.982144903079209e-05,1.3192026505630556,2.292730446118462,16.351448614050945,19.963381710732463
94320,6.983625739750064e-05,1.3167556982263326,2.2950744888803554,16.3518752775336,19.963705464640288
94340,6.985106576420919e-05,1.3162009677780753,2.2955535522394626,16.352296598711717,19.964051118729255
94360,6.986587413091772e-05,1.3172414261180823,2.293787607828035,16.352640556930286,19.963669590876403
94380,6.988068249762627e-05,1.3144339034472683,2.2969187510704003,16.35316820165652,19.96452085617419
94400,6.989549086433482e-05,1.3135078687045758,2.2976627635726223,16.35357947541907,19.96475010769627
94420,6.991029923104337e-05,1.3131192872034072,2.297744451225218,16.353992337432338,19.964856075860965
94440,6.992510759775191e-05,1.3130642632969325,2.2981041716779136,16.35438046944414,19.965548904418988
94460,6.993991596446046e-05,1.3105076929200916,2.3007329298745507,16.354762435549237,19.96600305834388
94480,6.9954724331169e-05,1.3093620311768877,2.301340888538555,16.355082016859857,19.9657849365753
94500,6.996953269787754e-05,1.3073416305723033,2.3034065251989,16.355527159294493,19.966275315065698
94520,6.998434106458609e-05,1.3073893763957858,2.303126235785065,16.35597786730295,19.966493479483802
94540,6.999914943129464e-05,1.3056555918997363,2.304833145235481,16.356378224539576,19.966866961674793
94560,7.001395779800319e-05,1.3040157456028854,2.306853387862503,16.356819009488,19.96768814295339
94580,7.002876616471173e-05,1.3041525027977579,2.3063764528361785,16.35744678564423,19.967975741278163
94600,7.004357453142028e-05,1.303460980173445,2.3066416872016524,16.357835602175598,19.967938269550697
94620,7.005838289812882e-05,1.3007271766001989,2.3093722762791873,16.358240354032347,19.968339806911732
94640,7.007319126483736e-05,1.3006788589070881,2.3091602606156947,16.358679441331912,19.968518560854694
94660,7.008799963154591e-05,1.299477010326953,2.31055549172329,16.35896953194776,19.969002033998002
94680,7.010280799825446e-05,1.2977247141489714,2.312471670530063,16.359274609111804,19.96947099379084
94700,7.011761636496301e-05,1.2957529818525546,2.314374376200611,16.35958766523977,19.969715023292935
94720,7.013242473167154e-05,1.2949973153045278,2.3148766490817017,16.359871374488772,19.969745338875
94740,7.01472330983801e-05,1.2947340579538467,2.3151753826359474,16.36026186933158,19.970171309921376
94760,7.016204146508864e-05,1.2940935306500072,2.315795028708827,16.36062174670004,19.970510306058873
94780,7.017684983179718e-05,1.291929871153192,2.317709072222163,16.360905138181746,19.9705440815571
94800,7.019165819850573e-05,1.2921651812761372,2.3172655570765626,16.361237772156528,19.970668510509228
94820,7.020646656521428e-05,1.291243018889254,2.3181235611186284,16.36155973019766,19.97092631020554
94840,7.022127493192283e-05,1.2897520983015953,2.31967473118091,16.361884129540083,19.97131095902259
94860,7.023608329863136e-05,1.288257738963806,2.3209001714722426,16.362238026042746,19.971395936478796
94880,7.025089166533991e-05,1.289010962680162,2.319888708616383,16.362668540287807,19.97156821158435
94900,7.026570003204846e-05,1.2863393854738587,2.322308300173683,16.363057873584825,19.97170555923237
94920,7.0280508398757e-05,1.2860312458635894,2.3224882124842123,16.36348637428871,19.972005832636512
94940,7.029531676546555e-05,1.2825808227044324,2.3262672711843226,16.36388832872572,19.972736422614478
94960,7.03101251321741e-05,1.2818676799803976,2.3266793145890414,16.3642171541506,19.97276414872004
94980,7.032493349888264e-05,1.2807719780915026,2.327965785964666,16.36458347209293,19.9733212361491
95000,7.033974186559118e-05,1.28025262479025,2.3284039898946283,16.36495842217569,19.97361503686057
95020,7.035455023229973e-05,1.27870741920502,2.3301104925835503,16.36530941703456,19.97412732882313
95040,7.036935859900828e-05,1.2767051924918158,2.332279620737611,16.365739882913136,19.974724696142562
95060,7.038416696571683e-05,1.2754035179011332,2.3331885914604453,16.366175681635884,19.97476779099746
95080,7.039897533242536e-05,1.2746106491455365,2.3338955747784436,16.36662168832341,19.975127912247387
95100,7.041378369913391e-05,1.2737734811052484,2.334636997081005,16.367113829646488,19.975524307832742
95120,7.042859206584246e-05,1.2721701020353433,2.336212158806864,16.367576682810522,19.975958943652728
95140,7.0443400432551e-05,1.2723361882960122,2.3359924547830384,16.367960415734537,19.976289058813588
95160,7.045820879925955e-05,1.2707842228705568,2.337674797371574,16.36846527073606,19.97692429097819
95180,7.04730171659681e-05,1.270471957467202,2.337808789623887,16.368997545963165,19.977278293054255
95200,7.048782553267665e-05,1.268550285249717,2.3395839671891,16.36942672721407,19.977560979652885
95220,7.050263389938518e-05,1.2685715659290853,2.339295361163852,16.369907215804584,19.977774142897523
95240,7.051744226609373e-05,1.2680025666260017,2.3398432993778737,16.37044325593048,19.978289121934353
95260,7.053225063280228e-05,1.2647862709265003,2.3433766505896148,16.37076457724066,19.978927498756775
95280,7.054705899951082e-05,1.2652966353420108,2.3425558225971685,16.371342110405962,19.979194568345143
95300,7.056186736621937e-05,1.263252234765295,2.3442379384340977,16.371832664576967,19.97932283777636
95320,7.057667573292792e-05,1.2635562149310324,2.3442009537013995,16.372244527247922,19.980001695880354
95340,7.059148409963646e-05,1.2618630761107381,2.3460229909181565,16.372768280907774,19.980654347936667
95360,7.0606292466345e-05,1.262327453562308,2.345179304313526,16.37326595170297,19.9807727095788
95380,7.062110083305355e-05,1.259174647685621,2.3483999835067855,16.373623439466698,19.981198070659104
95400,7.06359091997621e-05,1.2580590250329204,2.3496224764820446,16.374025560943533,19.981707062458497
95420,7.065071756647063e-05,1.259165673042559,2.3486007149655252,16.37442639748189,19.982192785489975
95440,7.066552593317918e-05,1.2580939698626579,2.3494801507887217,16.374790651857438,19.982364772508816
95460,7.068033429988773e-05,1.2575769477041563,2.3490994858945027,16.37526773070416,19.981944164302817
95480,7.069514266659628e-05,1.256552400444996,2.3505123329675515,16.375732803863684,19.98279753727623
95500,7.070995103330482e-05,1.254710508045841,2.3527274767573636,16.37601215444932,19.983450139252525
95520,7.072475940001337e-05,1.25312242456131,2.353679761031632,16.376333166444525,19.983135352037465
95540,7.073956776672192e-05,1.2517424538698592,2.354882947760994,16.37668939044083,19.983314792071685
95560,7.075437613343045e-05,1.2511409711381476,2.3557271510118376,16.376975885540705,19.983844007690692
95580,7.0769184500139e-05,1.250579709155282,2.356057902205521,16.377311037176085,19.983948648536888
95600,7.078399286684755e-05,1.2509258534509478,2.355349225266997,16.377689166417117,19.983964245135063
95620,7.07988012335561e-05,1.2495363268172284,2.3565572637956396,16.37805453447874,19.984148125091608
95640,7.081360960026464e-05,1.2486552367692965,2.3573684930812138,16.378436870094234,19.984460599944743
95660,7.082841796697319e-05,1.247271572060464,2.3589550113909494,16.37884292331552,19.985069506766934
95680,7.084322633368174e-05,1.2471657153993778,2.3590040665184486,16.37928347883831,19.985453260756138
95700,7.085803470039028e-05,1.2475716010613915,2.3579710974345196,16.379732838011083,19.985275536506993
95720,7.087284306709882e-05,1.2449767764265776,2.3608375304404325,16.38019924017616,19.98601354704317
95740,7.088765143380737e-05,1.244092201053994,2.3619732439121934,16.380628600362034,19.98669404532822
95760,7.090245980051592e-05,1.2439974209762004,2.3615532558159047,16.38109176018512,19.986642436977228
95780,7.091726816722445e-05,1.243951303260806,2.361325269431744,16.381597758960943,19.986874331653492
95800,7.0932076533933e-05,1.2420714981139793,2.3633047249363486,16.382000227900583,19.98737645095091
95820,7.094688490064155e-05,1.2451015900157831,2.3598951669738066,16.382403369086603,19.987400126076192
95840,7.09616932673501e-05,1.2407720091343626,2.3643824176848574,16.3828264925189,19.98798091933812
95860,7.097650163405864e-05,1.2415567007710337,2.363822363861994,16.38311739977959,19.988496464412616
95880,7.099131000076719e-05,1.2394825209381097,2.3659672243342236,16.38354760982086,19.988997355093193
95900,7.100611836747574e-05,1.2407815815788696,2.3643407171223667,16.384022158489348,19.989144457190584
95920,7.102092673418427e-05,1.2396289391104887,2.3654773853332407,16.38439055182566,19.98949687626939
95940,7.103573510089282e-05,1.2386024946906553,2.366255409593468,16.384810621781234,19.98966852606536
95960,7.105054346760137e-05,1.238378657579867,2.3669156283511277,16.38524435672906,19.990538642660056
95980,7.106535183430992e-05,1.2380983242213843,2.367238706408207,16.38559640987057,19.99093344050016
96000,7.108016020101846e-05,1.2371745017751876,2.367702548780564,16.386036034698552,19.990913085254306
96020,7.1094968567727e-05,1.238099542794549,2.3668941519481876,16.38647466483646,19.991468359579194
96040,7.110977693443556e-05,1.237874943684416,2.366614710565636,16.386850601957235,19.991340256207287
96060,7.112458530114409e-05,1.2367248981360155,2.367754829369838,16.387275052980897,19.99175478048675
96080,7.113939366785264e-05,1.2350513286909544,2.370054814277394,16.387658258913117,19.992764401881466
96100,7.115420203456119e-05,1.2358992709296346,2.3693252176371753,16.388000789867675,19.993225278434487
96120,7.116901040126974e-05,1.2346814001071214,2.369988970861112,16.388389032064808,19.99305940303304
96140,7.118381876797827e-05,1.234720834557257,2.369808770337988,16.388827972426,19.993357577321245
96160,7.119862713468682e-05,1.2316669277308843,2.372886797340191,16.389155950197917,19.993709675268992
96180,7.121343550139537e-05,1.2333935246146122,2.3713162825208727,16.389542905601672,19.994252712737158
96200,7.122824386810392e-05,1.2315789937599357,2.372874011207173,16.38994610258396,19.994399107551068
96220,7.124305223481246e-05,1.2323767004496755,2.3716051235584428,16.390288893319113,19.994270717327232
96240,7.125786060152101e-05,1.2308423782714577,2.3729322528848766,16.390684635142353,19.994459266298687
96260,7.127266896822956e-05,1.2309578079403187,2.372770299609042,16.39109590842793,19.99482401597729
96280,7.128747733493809e-05,1.2294308202073299,2.374380613085717,16.391462291800774,19.99527372509382
96300,7.130228570164664e-05,1.2310275855128268,2.3722761514815547,16.391903305506446,19.995207042500827
96320,7.131709406835519e-05,1.2310067524037498,2.3720534833678912,16.392307882045834,19.995368117817474
96340,7.133190243506374e-05,1.230476365872594,2.372984450874348,16.392676268454277,19.99613708520122
96360,7.134671080177228e-05,1.2302846611323157,2.373041273855912,16.393006332774718,19.996332267762945
96380,7.136151916848083e-05,1.228815031970472,2.3746813651667997,16.39336349697478,19.99685989411205
96400,7.137632753518938e-05,1.229401949313093,2.373805293343386,16.393704139581583,19.99691138223806
96420,7.139113590189791e-05,1.2288986031891838,2.374055885842243,16.394029922351816,19.99698441138324
96440,7.140594426860646e-05,1.2303290353393541,2.3730606360789115,16.394421678246392,19.99781134966466
96460,7.142075263531501e-05,1.2296152525194741,2.3741181723646654,16.394760005703425,19.998493430587565
96480,7.143556100202356e-05,1.2298530289052154,2.3736901175625746,16.395182514859027,19.998725661326816
96500,7.14503693687321e-05,1.2322721175063025,2.3702926553594432,16.39563424778101,19.99819902064676
96520,7.146517773544064e-05,1.2311094248795498,2.3720458642883213,16.39603533643299,19.99919062560086
96540,7.14799861021492e-05,1.2303731577907246,2.3731082781665265,16.396466371072417,19.99994780702967
96560,7.149479446885773e-05,1.2324043807376834,2.3706768837541605,16.396884162524117,19.99996542701596
96580,7.150960283556628e-05,1.2316384024573765,2.371663630876807,16.397225339377613,20.000527372711797
96600,7.152441120227483e-05,1.2343850129909832,2.3681458061477882,16.397580701344843,20.000111520483614
96620,7.153921956898338e-05,1.2316645186893869,2.3708721088001283,16.397946072685865,20.000482700175382
96640,7.155402793569191e-05,1.232874847847549,2.3695924655313747,16.39833983783213,20.000807151211053
96660,7.156883630240046e-05,1.232172914636043,2.370494134482011,16.398684705059424,20.001351754177477
96680,7.158364466910901e-05,1.2325274289667025,2.37013239514868,16.399071697877833,20.001731521993214
96700,7.159845303581755e-05,1.2331276772982438,2.369206465409716,16.399350037990146,20.001684180698106
96720,7.16132614025261e-05,1.2327090647500185,2.369827692477938,16.399743088957305,20.00227984618526
96740,7.162806976923465e-05,1.2354470539983318,2.3664729888751364,16.400148332055636,20.002068374929102
96760,7.16428781359432e-05,1.235387036915398,2.3666524894148844,16.400486348186607,20.00252587451689
96780,7.165768650265173e-05,1.237118665899849,2.364763120933069,16.40089207733958,20.002773864172497
96800,7.167249486936028e-05,1.2379678010933028,2.3630603261193075,16.40132773109103,20.00235585830364
96820,7.168730323606883e-05,1.2396679972492253,2.36115739400125,16.401715263790617,20.00254065504109
96840,7.170211160277738e-05,1.2401446819750772,2.3608199953584994,16.402162846620975,20.00312752395455
96860,7.171691996948592e-05,1.2415890892665349,2.359168363243707,16.402635396838825,20.003392849349066
96880,7.173172833619446e-05,1.2426983557102043,2.358588368688227,16.403058253321312,20.004344977719743
96900,7.174653670290301e-05,1.2453030656836583,2.355962783146957,16.40347631588695,20.004742164717566
96920,7.176134506961155e-05,1.2427001095852026,2.35876624587801,16.4039654584161,20.005431813879312
96940,7.17761534363201e-05,1.2447285104737258,2.3563286971411608,16.40432328373192,20.005380491346806
96960,7.179096180302865e-05,1.246176602421543,2.3549028945100057,16.404722244534,20.005801741465547
96980,7.18057701697372e-05,1.244946121422526,2.3563086950678036,16.4050611202046,20.00631593669493
97000,7.182057853644573e-05,1.2461562700064195,2.35530002991825,16.405291320739405,20.006747620664076
97020,7.183538690315428e-05,1.2488986589452085,2.352338140850088,16.405770333386826,20.00700713318212
97040,7.185019526986283e-05,1.2490719977154792,2.352083841892183,16.406209804694164,20.007365644301828
97060,7.186500363657137e-05,1.2521314026886574,2.349029277848555,16.4065993961275,20.007760076664713
97080,7.187981200327992e-05,1.2518954349688514,2.349095935167735,16.407014661993372,20.00800603212996
97100,7.189462036998847e-05,1.2544020382935814,2.3466328134689705,16.407390690745025,20.008425542507577
97120,7.190942873669702e-05,1.2556461852096328,2.345139715774748,16.407698413031333,20.008484314015714
97140,7.192423710340555e-05,1.2566840291058265,2.344409164850797,16.408077944659098,20.00917113861572
97160,7.19390454701141e-05,1.2582291842077558,2.34274742955663,16.40847155100876,20.009448164773143
97180,7.195385383682265e-05,1.2590367286713477,2.3418868061312814,16.408836157188844,20.009759691991473
97200,7.196866220353119e-05,1.260447704088226,2.3402429240294538,16.409231574989807,20.009922203107486
97220,7.198347057023974e-05,1.2619401625000595,2.3390753636130603,16.409635462478715,20.010650988591834
97240,7.199827893694828e-05,1.2640335359318746,2.3367621278455344,16.409959628174946,20.010755291952353
97260,7.201308730365683e-05,1.2665959812234542,2.333722484987875,16.410339989013988,20.010658455225318
97280,7.202789567036537e-05,1.2660800650997035,2.3341690049181483,16.410712177341477,20.01096124735933
97300,7.204270403707392e-05,1.2691076645196289,2.330652921762984,16.41103315336208,20.010793739644694
97320,7.205751240378247e-05,1.2704939987243518,2.3292548585361454,16.41145794104534,20.01120679830584
97340,7.2072320770491e-05,1.2726466735489739,2.327403183593484,16.411881089862526,20.011930947004984
97360,7.208712913719955e-05,1.2750511313697563,2.324990015717042,16.41223794207333,20.012279089160128
97380,7.21019375039081e-05,1.2761749197955654,2.323211074239559,16.412670568489435,20.01205656252456
97400,7.211674587061665e-05,1.2789694135960323,2.3200830221568745,16.41307632382997,20.012128759582875
97420,7.213155423732519e-05,1.2811380031071686,2.318183505300084,16.413411012458674,20.012732520865928
97440,7.214636260403374e-05,1.2809217359190725,2.318399704920762,16.41380063842088,20.013122079260715
97460,7.216117097074229e-05,1.282254423216518,2.3169888229327724,16.414216621074544,20.013459867223837
97480,7.217597933745084e-05,1.2871086917067467,2.3120333700707554,16.4145952103416,20.0137372721191
97500,7.219078770415937e-05,1.2862879966297966,2.312872404516413,16.41503665856579,20.014197059712
97520,7.220559607086792e-05,1.2914379822755064,2.3073023409604096,16.4154304385267,20.014170761762614
97540,7.222040443757647e-05,1.291757216209763,2.3071864638079735,16.41584002472461,20.014783704742346
97560,7.2235212804285e-05,1.2952955201680945,2.3035613501265813,16.41630751682915,20.015164387123825
97580,7.225002117099356e-05,1.2960532025478133,2.3024781821031453,16.416771082423658,20.015302467074616
97600,7.22648295377021e-05,1.299804316150599,2.298867430259884,16.417129871719013,20.015801618129494
97620,7.227963790441065e-05,1.3017485923317849,2.296864054028579,16.41754561787947,20.016158264239834
97640,7.229444627111919e-05,1.3039199726410349,2.29461591058311,16.417930620358273,20.016466503582418
97660,7.230925463782774e-05,1.305737997801213,2.2929305757975396,16.41826931700868,20.01693789060743
97680,7.232406300453629e-05,1.3073429188018095,2.291147979570301,16.418649203003568,20.017140101375677
97700,7.233887137124482e-05,1.3082554381418567,2.290323341060635,16.419056793404454,20.017635572606945
97720,7.235367973795337e-05,1.3115744089450798,2.2865254967191087,16.419401459222122,20.01750136488631
97740,7.236848810466192e-05,1.3129821357886446,2.285025267714643,16.419748737483502,20.01775614098679
97760,7.238329647137047e-05,1.3151909225598064,2.282241199422781,16.420147158366976,20.017579280349565
97780,7.239810483807901e-05,1.3194490488077146,2.2780768713614674,16.420476116509544,20.018002036678727
97800,7.241291320478756e-05,1.318068916263216,2.2801501041266854,16.42089882688047,20.019117847270373
97820,7.24277215714961e-05,1.320527598017631,2.277556935724127,16.421319261175466,20.019403794917224
97840,7.244252993820464e-05,1.3243443208030037,2.273045002018148,16.42167677071461,20.01906609353576
97860,7.245733830491319e-05,1.3256240384113758,2.272244030432641,16.42212714958821,20.01999521843223
97880,7.247214667162174e-05,1.3298593004859556,2.2679811282370004,16.422580420421202,20.02042084914416
97900,7.248695503833029e-05,1.3319581181736646,2.2655379641542437,16.42297481198012,20.020470894308026
97920,7.250176340503883e-05,1.3324960907628425,2.2655606958600525,16.423431211112028,20.021487997734923
97940,7.251657177174738e-05,1.3362615760959038,2.2614800842355884,16.423890801937215,20.02163246226871
97960,7.253138013845592e-05,1.3374039588924136,2.2598036329514675,16.424265252455925,20.021472844299804
97980,7.254618850516447e-05,1.3416086151427564,2.2556043719796497,16.424659275173767,20.02187226229617
98000,7.256099687187301e-05,1.342959898623004,2.2544041520416322,16.425101721639013,20.02246577230365
98020,7.257580523858156e-05,1.344681308817543,2.252242689319495,16.425451828621362,20.0223758267584
98040,7.259061360529011e-05,1.3471890901606485,2.249848338608309,16.425883227125215,20.022920655894172
98060,7.260542197199864e-05,1.3500383529435593,2.2471360643018183,16.42628453117597,20.023458948421347
98080,7.262023033870719e-05,1.352319641136225,2.2445084977525656,16.4266321265388,20.023460265427588
98100,7.263503870541574e-05,1.3545541620040942,2.2424547083465924,16.427021766541287,20.024030636891972
98120,7.264984707212429e-05,1.3569022005623945,2.239843279551655,16.427438506627645,20.024183986741694
98140,7.266465543883283e-05,1.3588686035008124,2.237750133983714,16.427816454695982,20.02443519218051
98160,7.267946380554138e-05,1.3619601522754574,2.2344351516613887,16.428303895800042,20.024699199736887
98180,7.269427217224993e-05,1.3640616348179486,2.2322395738456016,16.428813863398616,20.025115072062167
98200,7.270908053895846e-05,1.363688465954287,2.233192096034871,16.42917658756291,20.026057149552067
98220,7.272388890566701e-05,1.3673200020532081,2.2290201237517713,16.429664290153966,20.026004415958944
98240,7.273869727237556e-05,1.3709467763649261,2.2254157280561953,16.430005317129478,20.0263678215506
98260,7.275350563908411e-05,1.370981352026205,2.225462700289809,16.4303548209857,20.02679887330171
98280,7.276831400579265e-05,1.3741900759135683,2.2218918468288895,16.43075836292803,20.026840285670488
98300,7.27831223725012e-05,1.3757170471009061,2.2206080784601565,16.431121139093705,20.027446264654767
98320,7.279793073920974e-05,1.3789255934765081,2.2177087296026112,16.431370213768474,20.028004536847593
98340,7.281273910591828e-05,1.3800988212846916,2.2163130743177515,16.431706686348353,20.028118581950796
98360,7.282754747262683e-05,1.382140981378574,2.213913670021057,16.432084302659725,20.028138954059354
98380,7.284235583933538e-05,1.385050345106786,2.2106020752359368,16.43238864582537,20.028041066168093
98400,7.285716420604393e-05,1.387402057649164,2.2080526246438787,16.432834976204674,20.028289658497716
98420,7.287197257275246e-05,1.3892190722523645,2.2065306870400248,16.43323939031707,20.02898914960946
98440,7.288678093946101e-05,1.3908893586743423,2.204642655093968,16.433631061368082,20.029163075136392
98460,7.290158930616956e-05,1.3947510061785118,2.200586319776037,16.434065660748114,20.029402986702664
98480,7.29163976728781e-05,1.3955896476293783,2.200178489508995,16.43443323939932,20.03020137653769
98500,7.293120603958665e-05,1.3970292636587498,2.198630050995551,16.434734403868436,20.03039371852274
98520,7.29460144062952e-05,1.4012818530659756,2.194090134138532,16.435052851375392,20.0304248385799
98540,7.296082277300375e-05,1.4044069017466625,2.1907211227976906,16.43547897710019,20.03060700164454
98560,7.297563113971228e-05,1.4046409380388591,2.19034298271789,16.43582651055125,20.030810431308
98580,7.299043950642083e-05,1.4068699916636802,2.188335788358206,16.43623360872009,20.031439388741976
98600,7.300524787312938e-05,1.4091513334890016,2.1858466662543106,16.436616605682218,20.03161460542553
98620,7.302005623983793e-05,1.41025279699865,2.184549856768574,16.436935773935165,20.03173842770239
98640,7.303486460654647e-05,1.4124457795500147,2.1825674582001797,16.437312181168544,20.032325418918738
98660,7.304967297325502e-05,1.4147516224560104,2.1803774549019557,16.43765241708265,20.032781494440616
98680,7.306448133996356e-05,1.4164165342091621,2.178714252953983,16.43795111095435,20.033081898117498
98700,7.30792897066721e-05,1.4177769566654261,2.177065992522169,16.438320227423947,20.03316317661154
98720,7.309409807338065e-05,1.419966382611506,2.1747837953185276,16.438626013848086,20.03337619177812
98740,7.31089064400892e-05,1.420281412080954,2.17449158551067,16.438959959583347,20.03373295717497
98760,7.312371480679775e-05,1.4243300988421141,2.1706524960937132,16.43938114797681,20.03436374291264
98780,7.313852317350628e-05,1.4253837506110494,2.169349871100374,16.43979081928941,20.034524441000833
98800,7.315333154021483e-05,1.4281827479307645,2.1665889429890517,16.440127655536354,20.03489934645617
98820,7.316813990692338e-05,1.4297343336536117,2.164822628279304,16.440580018563743,20.03513698049666
98840,7.318294827363192e-05,1.431516157290918,2.1627596643059883,16.441020964314255,20.03529678591116
98860,7.319775664034047e-05,1.4327004254925941,2.161945145942762,16.441344609353838,20.035990180789195
98880,7.321256500704902e-05,1.4332641194294684,2.1610400820585034,16.441701653865966,20.036005855353938
98900,7.322737337375757e-05,1.4360080482015802,2.1578131822315982,16.442015930613035,20.035837161046214
98920,7.32421817404661e-05,1.437688861341563,2.15649702268767,16.442354155193467,20.0365400392227
98940,7.325699010717465e-05,1.438104717215414,2.1556833975335086,16.44266480990115,20.03645292465007
98960,7.32717984738832e-05,1.438043359067989,2.1555111364682027,16.44305185315262,20.036606348688814
98980,7.328660684059174e-05,1.4407934395463975,2.1525398007904673,16.443389699213697,20.03672293955056
99000,7.330141520730029e-05,1.4412636074590388,2.1520346055554804,16.443785997265657,20.037084210280177
99020,7.331622357400884e-05,1.445021817850154,2.1482470780079153,16.444186236914653,20.037455132772724
99040,7.333103194071738e-05,1.447382963651405,2.145412178145486,16.444533423388904,20.037328565185796
99060,7.334584030742592e-05,1.4481142794250759,2.144864770264005,16.444915660448142,20.037894710137223
99080,7.336064867413447e-05,1.4489285968126127,2.1443634212299023,16.445322379419846,20.03861439746236
99100,7.337545704084302e-05,1.4519783269051243,2.140925011750872,16.44561756501819,20.038520903674186
99120,7.339026540755155e-05,1.4518556520732284,2.1413531766994884,16.44596696837062,20.039175797143336
99140,7.34050737742601e-05,1.4523647250198448,2.1405305025448977,16.446310166393026,20.03920539395777
99160,7.341988214096865e-05,1.4537392981174602,2.1388747907305175,16.446589670784174,20.03920375963215
99180,7.34346905076772e-05,1.456340242345636,2.1363294028855258,16.446905608425094,20.039575253656256
99200,7.344949887438574e-05,1.4583648827255602,2.134243994823592,16.447241275900552,20.039850153449706
99220,7.346430724109429e-05,1.4589375812335763,2.1336445712035506,16.447515701731994,20.040097854169122
99240,7.347911560780284e-05,1.4592072629308082,2.133666769505056,16.44783278387334,20.040706816309203
99260,7.349392397451139e-05,1.4614377272103538,2.131217767645673,16.448132676280576,20.040788171136604
99280,7.350873234121992e-05,1.4623079137410135,2.13076311950547,16.448427509681093,20.041498542927577
99300,7.352354070792847e-05,1.463759406800266,2.129515143543311,16.44877317715803,20.042047727501608
99320,7.353834907463702e-05,1.4643885553114249,2.128567600566276,16.449105651042967,20.042061806920668
99340,7.355315744134556e-05,1.4634673574202768,2.1292799598455314,16.449430013904905,20.042177331170713
99360,7.35679658080541e-05,1.465922762125293,2.126875903911235,16.44982794992218,20.04262661595871
99380,7.358277417476266e-05,1.4669962324561454,2.1253159954157907,16.450229068922244,20.04254129679418
99400,7.35975825414712e-05,1.469062634017615,2.123143722723565,16.450559572506364,20.042765929247544
99420,7.361239090817974e-05,1.4697226031443165,2.1228035004944603,16.450943310390656,20.04346941402943
99440,7.362719927488829e-05,1.4706027696725712,2.121835159317262,16.45132808697425,20.04376601596408
99460,7.364200764159684e-05,1.4723711103682096,2.1195372848819387,16.451672407745047,20.043580802995194
99480,7.365681600830537e-05,1.473876602527603,2.1181008483818373,16.452116257795737,20.044093708705176
99500,7.367162437501392e-05,1.472850178706221,2.1194897663806858,16.45250399688254,20.044843941969447
99520,7.368643274172247e-05,1.4750486828261091,2.116923219506517,16.452841626509947,20.044813528842575
99540,7.370124110843102e-05,1.475605876081492,2.116160930780866,16.45317931656609,20.044946123428446
99560,7.371604947513956e-05,1.477761738424109,2.113554240290594,16.45359006063122,20.044906039345925
99580,7.373085784184811e-05,1.4767531910549345,2.114868256692204,16.45390005030697,20.045521498054107
99600,7.374566620855666e-05,1.4791536030052703,2.1126092075322402,16.45426797964319,20.0460307901807
99620,7.376047457526519e-05,1.4816865001179953,2.109624838962124,16.454618088341178,20.045929427421296
99640,7.377528294197374e-05,1.4795228854535014,2.1120806041501208,16.45498644851122,20.046589938114842
99660,7.379009130868229e-05,1.4809785325351184,2.1099878875773856,16.45538858962626,20.046355009738765
99680,7.380489967539084e-05,1.4805058077287234,2.1100527095429773,16.45575984131089,20.04631835858259
99700,7.381970804209938e-05,1.482399007928878,2.1084535886443954,16.45606543167405,20.046918028247322
99720,7.383451640880793e-05,1.4826528053130898,2.108239274606084,16.456444107420314,20.04733618733949
99740,7.384932477551648e-05,1.4833687631856391,2.1077628490315865,16.456834371472965,20.04796598369019
99760,7.386413314222501e-05,1.4850064597041541,2.105852322628912,16.45712784856186,20.047986630894925
99780,7.387894150893356e-05,1.4865658610017358,2.1041787888728747,16.45750601583387,20.048250665708483
99800,7.389374987564211e-05,1.4868225324530746,2.1039570560206577,16.45783049181278,20.04861008028651
99820,7.390855824235066e-05,1.488311361713445,2.102286746636155,16.4581539200705,20.0487520284201
99840,7.39233666090592e-05,1.487161388723706,2.103690217352387,16.45855729819742,20.049408904273513
99860,7.393817497576774e-05,1.4900479616676154,2.1007215555568606,16.45895119906778,20.049720716292256
99880,7.395298334247629e-05,1.492660767840532,2.0974219528217035,16.45927424290861,20.049356963570844
99900,7.396779170918484e-05,1.4911293483333863,2.099026898699168,16.4596482739413,20.049804520973854
99920,7.398260007589338e-05,1.4922198414467291,2.0980943093985704,16.46004032229318,20.05035447313848
99940,7.399740844260193e-05,1.4957177085315334,2.0942983136757354,16.46036507347897,20.05038109568624
99960,7.401221680931048e-05,1.4945339299096578,2.095370573162384,16.460786639653133,20.050691142725174
99980,7.402702517601901e-05,1.497579461153429,2.092019701901543,16.46123446465687,20.05083362771184
100000,7.404183354272756e-05,1.4976627180422672,2.0923686506323436,16.46159931352698,20.05163068220159
100020,7.405664190943611e-05,1.4990873157772375,2.0905527853004515,16.461946658324905,20.051586759402593
100040,7.407145027614466e-05,1.4978367721245478,2.0917192754119434,16.462281430171547,20.051837477708037
100060,7.40862586428532e-05,1.4980459699960607,2.0919231364654585,16.462585488949095,20.052554595410616
100080,7.410106700956175e-05,1.500634067576029,2.089002839873407,16.462977384189074,20.05261429163851
100100,7.41158753762703e-05,1.5033396785717879,2.0860411326311143,16.463349356566436,20.05273016776934
100120,7.413068374297883e-05,1.503646279574801,2.085480183085883,16.463657679974855,20.052784142635538
100140,7.414549210968738e-05,1.5059880484880366,2.083167701496244,16.46401824485205,20.053173994836328
100160,7.416030047639593e-05,1.5040467572879497,2.085238827991299,16.464359169792914,20.053644755072163
100180,7.417510884310448e-05,1.5074403405063983,2.081954027843602,16.464694761286793,20.054089129636793
100200,7.418991720981301e-05,1.5079766220754027,2.08125593393721,16.465173052757088,20.0544056087697
100220,7.420472557652156e-05,1.5071029598998167,2.0823829757021635,16.46557258185372,20.055058517455702
100240,7.421953394323011e-05,1.508775076866773,2.080451698659244,16.465937460855855,20.05516423638187
100260,7.423434230993865e-05,1.5110313870677894,2.0777381722846813,16.466331255259757,20.055100814612228
100280,7.42491506766472e-05,1.5117676007066616,2.0772351246481278,16.466761459160995,20.055764184515784
100300,7.426395904335575e-05,1.5119661337154038,2.0770118871376755,16.467177754758755,20.056155775611835
100320,7.42787674100643e-05,1.513145414721512,2.0759091597979342,16.467632021094047,20.056686595613492
100340,7.429357577677283e-05,1.5153508089171837,2.0732368732160245,16.468063411051947,20.056651093185156
100360,7.430838414348138e-05,1.5160135160075439,2.0719410257276225,16.46841545353231,20.056369995267474
100380,7.432319251018993e-05,1.5184371438677369,2.0697903841613696,16.468839442391737,20.05706697042084
100400,7.433800087689848e-05,1.5187779522636293,2.069480962168925,16.469243094125126,20.05750200855768
100420,7.435280924360702e-05,1.5200980522229106,2.068117741019433,16.469533653542,20.057749446784346
100440,7.436761761031557e-05,1.5199443556654395,2.0685408464885335,16.469967948437326,20.058453150591298
100460,7.438242597702412e-05,1.5230976564508727,2.065486594816003,16.47046286265357,20.059047113920446
100480,7.439723434373265e-05,1.5232255835473396,2.065264548513644,16.470851900779614,20.059342032840597
100500,7.44120427104412e-05,1.5260703817591716,2.062043140140075,16.47133323648987,20.059446758389115
100520,7.442685107714975e-05,1.5259563913782492,2.062433349173574,16.47173349450422,20.060123235056043
100540,7.44416594438583e-05,1.5287806411571878,2.0589551748686974,16.47206947434711,20.059805290372992
100560,7.445646781056683e-05,1.5305199049203342,2.0572591612811943,16.47257280490857,20.060351871110097
100580,7.447127617727538e-05,1.5319525529423852,2.0557413953960824,16.473017360506535,20.060711308845004
100600,7.448608454398393e-05,1.5311978906684702,2.056641387560974,16.47339382639109,20.061233104620534
100620,7.450089291069247e-05,1.5326399798692636,2.0548906778278604,16.473895995855177,20.0614266535523
100640,7.451570127740102e-05,1.5340863281132904,2.0534240998409814,16.474258397276913,20.061768825231184
100660,7.453050964410957e-05,1.5357030888053589,2.0515423878944987,16.47459704321756,20.06184251991742
100680,7.454531801081812e-05,1.5354524039098263,2.051738902962358,16.475085802947923,20.06227710982011
100700,7.456012637752665e-05,1.5391655886050146,2.0479933273871875,16.475466973995754,20.062625889987956
100720,7.45749347442352e-05,1.5406178441321996,2.046732632134256,16.4757911814772,20.063141657743653
100740,7.458974311094375e-05,1.5415746697406059,2.0454709772408184,16.476209152756905,20.063254799738328
100760,7.460455147765229e-05,1.543466483095937,2.0434222668473594,16.476651619084773,20.06354036902807
100780,7.461935984436084e-05,1.5445116873089133,2.0424965394016805,16.476999441404473,20.064007668115067
100800,7.463416821106939e-05,1.545117915178386,2.041908099715056,16.477378675705328,20.06440469059877
100820,7.464897657777794e-05,1.5475442009246896,2.0389227107835595,16.477839359500578,20.064306271208828
100840,7.466378494448647e-05,1.5492005549185774,2.0376203576755425,16.47818130033814,20.06500221293226
100860,7.467859331119502e-05,1.5512029292117182,2.0356675445750176,16.478568710934496,20.06543918472123
100880,7.469340167790357e-05,1.5514019720076782,2.0353993189598043,16.478924745554483,20.065726036521966
100900,7.47082100446121e-05,1.554240797630703,2.032169464373718,16.479241289889718,20.06565155189414
100920,7.472301841132065e-05,1.5561829838560028,2.0299173939897273,16.4796244849327,20.06572486277843
100940,7.47378267780292e-05,1.5569850586985687,2.029254480356112,16.48001509168553,20.06625463074021
100960,7.475263514473775e-05,1.5578421849446387,2.028632150493495,16.48031098494064,20.066785320378774
100980,7.476744351144629e-05,1.5587624877273796,2.0274461797812404,16.480646734306532,20.066855401815154
101000,7.478225187815484e-05,1.5610244072313328,2.0253067610257953,16.480946926730557,20.067278094987685
101020,7.479706024486339e-05,1.5625696803227076,2.023655314628093,16.48125276604632,20.06747776099712
101040,7.481186861157194e-05,1.5652322287270137,2.020532937412147,16.48165717209429,20.067422338233452
101060,7.482667697828047e-05,1.5655816706925725,2.0202214913857763,16.48206530128424,20.06786846336259
101080,7.484148534498902e-05,1.565817998573952,2.0204178679103215,16.482376477656214,20.068612344140487
101100,7.485629371169757e-05,1.5698461368807268,2.015705245327225,16.48273567279455,20.068287055002504
101120,7.487110207840611e-05,1.571525756746061,2.014064112167098,16.483074686743553,20.06866455565671
101140,7.488591044511466e-05,1.5717603577776051,2.0135456609352183,16.48339070410155,20.068696722814373
101160,7.49007188118232e-05,1.5741274958443099,2.01130597964437,16.483749369501034,20.069182844989715
101180,7.491552717853176e-05,1.5737740115811047,2.012159110577619,16.484126690892058,20.070059813050783
101200,7.493033554524029e-05,1.5773582968228328,2.007578133013479,16.48446736604373,20.069403795880042
101220,7.494514391194884e-05,1.577104895087024,2.008282523788062,16.484835499874656,20.070222918749742
101240,7.495995227865739e-05,1.5791265930511917,2.0062677902122332,16.48524125464514,20.070635637908563
101260,7.497476064536593e-05,1.582511134342583,2.0024954894980564,16.485595132923336,20.070601756763978
101280,7.498956901207447e-05,1.5824546493723315,2.002860326000517,16.48599478370913,20.07130975908198
