$MeshFormat
2.2 0 8
$EndMeshFormat
$PhysicalNames
7
1 1 "bottom"
1 2 "right"
1 3 "top"
1 4 "left"
1 5 "notch_upper"
1 6 "notch_lower"
2 7 "plate"
$EndPhysicalNames
$Nodes
2423
1 0 0 0
2 1 0 0
3 1 1 0
4 0 1 0
5 0 0.501 0
6 0 0.499 0
7 0.5 0.5 0
8 1 0.5 0
9 0.04999999999989967 0 0
10 0.09999999999981468 0 0
11 0.1499999999997036 0 0
12 0.1999999999995579 0 0
13 0.2499999999994122 0 0
14 0.2999999999992664 0 0
15 0.3499999999991207 0 0
16 0.399999999998975 0 0
17 0.4499999999988292 0 0
18 0.4999999999986943 0 0
19 0.5499999999988151 0 0
20 0.5999999999989468 0 0
21 0.6499999999990784 0 0
22 0.69999999999921 0 0
23 0.7499999999993417 0 0
24 0.7999999999994734 0 0
25 0.8499999999996051 0 0
26 0.8999999999997368 0 0
27 0.9499999999998684 0 0
28 1 0.04727812916735001 0
29 1 0.09455625833467184 0
30 1 0.1418343875019726 0
31 1 0.1891125166692733 0
32 1 0.236390645836574 0
33 1 0.2836687750040615 0
34 1 0.3309469041716245 0
35 1 0.3781503295480204 0
36 1 0.41743004970591 0
37 1 0.4458603471966053 0
38 1 0.4664630752045097 0
39 1 0.4813719644829104 0
40 1 0.4921651497403459 0
41 1 0.5078348502596211 0
42 1 0.5186280355170316 0
43 1 0.5335369247954286 0
44 1 0.5541396528033722 0
45 1 0.5825699502941819 0
46 1 0.6218496704523134 0
47 1 0.6690530958285511 0
48 1 0.716331224995901 0
49 1 0.7636093541632508 0
50 1 0.8108874833306006 0
51 1 0.8581656124979504 0
52 1 0.9054437416653003 0
53 1 0.9527218708326501 0
54 0.9499999999997918 1 0
55 0.8999999999995836 1 0
56 0.8499999999996529 1 0
57 0.7999999999999998 1 0
58 0.7500000000003466 1 0
59 0.7000000000006934 1 0
60 0.6500000000010401 1 0
61 0.6000000000013869 1 0
62 0.5500000000017335 1 0
63 0.5000000000020587 1 0
64 0.4500000000018723 1 0
65 0.4000000000016644 1 0
66 0.3500000000014564 1 0
67 0.3000000000012483 1 0
68 0.2500000000010403 1 0
69 0.2000000000008322 1 0
70 0.1500000000006241 1 0
71 0.100000000000416 1 0
72 0.05000000000020799 1 0
73 0 0.9527974245241065 0
74 0 0.9055948490483432 0
75 0 0.8583922735725366 0
76 0 0.8111896980967732 0
77 0 0.7639871226210098 0
78 0 0.7167845471450154 0
79 0 0.669581971668908 0
80 0 0.6224655098224214 0
81 0 0.5833421215006214 0
82 0 0.5550113296293764 0
83 0 0.5344688140306957 0
84 0 0.5195961089269651 0
85 0 0.5088235596037086 0
86 0.003049836136533286 0.5009939003277269 0
87 0.005222288424592704 0.5009895554231508 0
88 0.007527327841439609 0.5009849453443171 0
89 0.009860178908805296 0.5009802796421824 0
90 0.01201140911400808 0.500975977181772 0
91 0.01447207444642277 0.5009710558511071 0
92 0.01653577565812939 0.5009669284486837 0
93 0.01905041358060862 0.5009618991728387 0
94 0.02109757641320055 0.5009578048471736 0
95 0.02359259925743227 0.5009528148014851 0
96 0.02569409951020309 0.5009486118009796 0
97 0.02809584235786231 0.5009438083152843 0
98 0.03032291967868424 0.5009393541606426 0
99 0.03256609707046396 0.5009348678058591 0
100 0.03495471072119041 0.5009300905785576 0
101 0.03706537044467074 0.5009258692591106 0
102 0.03955450814754041 0.500920890983705 0
103 0.04160386288777043 0.5009167922742245 0
104 0.04411983029372336 0.5009117603394125 0
105 0.04617877508968999 0.5009076424498207 0
106 0.04864799284983053 0.5009027040143004 0
107 0.05078748477350698 0.500898425030453 0
108 0.05313615384374076 0.5008937276923126 0
109 0.05542458613738623 0.5008891508277252 0
110 0.05761062094422462 0.5008847787581115 0
111 0.06004490036737636 0.5008799101992653 0
112 0.06212467748668312 0.5008757506450267 0
113 0.06463226549595467 0.5008707354690081 0
114 0.06667691085087629 0.5008666461782982 0
115 0.06918420779558242 0.5008616315844089 0
116 0.07126458017774211 0.5008574708396445 0
117 0.07369795907831823 0.5008526040818434 0
118 0.07588514726584773 0.5008482297054683 0
119 0.07817217250666282 0.5008436556549867 0
120 0.0805221498922911 0.5008389557002154 0
121 0.08266070325213414 0.5008346785934957 0
122 0.08513059827950364 0.5008297388034409 0
123 0.08718915809599015 0.5008256216838081 0
124 0.08970519339478224 0.5008205896132104 0
125 0.09175476446791792 0.5008164904710641 0
126 0.09424338346557291 0.5008115132330688 0
127 0.09635484804335658 0.5008072903039132 0
128 0.0987423235007648 0.5008025153529985 0
129 0.1009868557291709 0.5007980262885416 0
130 0.1032126064586351 0.5007935747870828 0
131 0.1056154364855018 0.500788769127029 0
132 0.1077162151474084 0.5007845675697051 0
133 0.1102116941200392 0.5007795766117599 0
134 0.112258687788921 0.5007754826244222 0
135 0.114773173024638 0.5007704536539507 0
136 0.1168373106893823 0.5007663253786212 0
137 0.119297233319488 0.500761405533361 0
138 0.1214494751964216 0.5007571010496071 0
139 0.1237809522326294 0.5007524380955347 0
140 0.1260873870380681 0.5007478252259239 0
141 0.1282587349326701 0.5007434825301347 0
142 0.1307043315327279 0.5007385913369345 0
143 0.132777012918928 0.5007344459741622 0
144 0.1352880600375819 0.5007294238799248 0
145 0.1373331257700669 0.5007253337484598 0
146 0.1398360638215383 0.5007203278723569 0
147 0.1419244254090995 0.5007161511491818 0
148 0.1443456135129261 0.5007113087729741 0
149 0.1465483476322389 0.5007069033047356 0
150 0.1488174867030518 0.5007023650265939 0
151 0.1511837350299387 0.5006976325299402 0
152 0.1533104057025992 0.5006933791885948 0
153 0.1557887168582457 0.5006884225662835 0
154 0.1578429586635462 0.5006843140826729 0
155 0.1603595691447653 0.5006792808617104 0
156 0.1624123439952261 0.5006751753120096 0
157 0.1648937207892419 0.5006702125584215 0
158 0.1670159642865144 0.5006659680714269 0
159 0.1693883456008973 0.5006612233087983 0
160 0.1716505373330557 0.5006566989253339 0
161 0.1738595846397297 0.5006522808307206 0
162 0.1762757757634109 0.5006474484484732 0
163 0.1783674672849859 0.50064326506543 0
164 0.1808684662920595 0.5006382630674159 0
165 0.1829139123236052 0.5006341721753528 0
166 0.1854260857595288 0.5006291478284809 0
167 0.1874962122971094 0.5006250075754057 0
168 0.1899460048317725 0.5006201079903364 0
169 0.1921118240555193 0.5006157763518889 0
170 0.1944253373613493 0.5006111493252773 0
171 0.1967498726628006 0.5006065002546743 0
172 0.1989073287108285 0.5006021853425784 0
173 0.2013633904572644 0.5005972732190854 0
174 0.203429774930808 0.5005931404501384 0
175 0.2059434520081378 0.5005881130959837 0
176 0.2079897394111968 0.5005840205211776 0
177 0.2104874721800431 0.5005790250556399 0
178 0.2125846043518218 0.5005748307912964 0
179 0.2149927590514054 0.5005700144818972 0
180 0.2172118825073459 0.5005655762349853 0
181 0.2194633004859288 0.5005610733990281 0
182 0.2218449761997873 0.5005563100476004 0
183 0.223960559288974 0.5005520788814221 0
184 0.2264464516773048 0.5005471070966454 0
185 0.2284971834323115 0.5005430056331354 0
186 0.2310135411337491 0.5005379729177325 0
187 0.2330703143544506 0.5005338593712911 0
188 0.2355435978851121 0.5005289128042297 0
189 0.2376774098296953 0.5005246451803406 0
190 0.2400338483922368 0.5005199323032156 0
191 0.2423138631409147 0.5005153722737181 0
192 0.2445070316871 0.5005109859366258 0
193 0.246935744646481 0.5005061285107071 0
194 0.2490191456901266 0.5005019617086197 0
195 0.251524839306189 0.5004969503213876 0
196 0.2535695547208654 0.5004928608905582 0
197 0.2560785940720396 0.5004878428118559 0
198 0.2581555016363886 0.5004836889967272 0
199 0.2605943070155872 0.5004788113859688 0
200 0.2627745020474638 0.500474450995905 0
201 0.2650699469736406 0.5004698601060528 0
202 0.2674119928017324 0.5004651760143966 0
203 0.2695563669191985 0.5004608872661616 0
204 0.2720220517631527 0.5004559558964737 0
205 0.274082935857551 0.5004518341282849 0
206 0.2765984257386889 0.5004468031485226 0
207 0.27864676137412 0.5004427064772518 0
208 0.2811384763169834 0.500437723047366 0
209 0.2832451788034941 0.500433509642393 0
210 0.2856394503626924 0.5004287210992746 0
211 0.2878757641693021 0.5004242484716614 0
212 0.2901096066666186 0.5004197807866667 0
213 0.2925058675347013 0.5004149882649306 0
214 0.2946111612331882 0.5004107776775336 0
215 0.2971037799281192 0.5004057924401437 0
216 0.2991517883970159 0.500401696423206 0
217 0.3016670706157788 0.5003966658587684 0
218 0.3037286665969447 0.5003925426668061 0
219 0.3061930369354245 0.5003876139261292 0
220 0.3083392189164257 0.5003833215621671 0
221 0.310678865177756 0.5003786422696445 0
222 0.3129768522483214 0.5003740462955033 0
223 0.3151549677928744 0.5003696900644142 0
224 0.3175953630919157 0.5003648092738162 0
225 0.3196712642774019 0.5003606574714452 0
226 0.3221808017179061 0.5003556383965642 0
227 0.3242255769492154 0.5003515488461016 0
228 0.3267306535444779 0.500346538692911 0
229 0.3288151584141111 0.5003423696831718 0
230 0.3312421459992549 0.5003375157080014 0
231 0.3334375179006364 0.5003331249641987 0
232 0.335715031118682 0.5003285699377626 0
233 0.3380737650211593 0.5003238524699577 0
234 0.3402058894766536 0.5003195882210467 0
235 0.3426803621953262 0.5003146392756094 0
236 0.3447365303765528 0.5003105269392469 0
237 0.3472529833332196 0.5003054940333336 0
238 0.3493041625315997 0.5003013916749368 0
239 0.3517890269028736 0.5002964219461943 0
240 0.3539061066979913 0.500292187786604 0
241 0.3562856448146155 0.5002874287103708 0
242 0.3585395682581197 0.5002829208634838 0
243 0.3607563524839051 0.5002784872950322 0
244 0.3631663873200878 0.5002736672253598 0
245 0.3652622222721321 0.5002694755554558 0
246 0.367760740750972 0.5002644785184981 0
247 0.3698068209968601 0.5002603863580063 0
248 0.3723201912978914 0.5002553596174042 0
249 0.3743874165770609 0.5002512251668458 0
250 0.3768420488029587 0.5002463159023941 0
251 0.3790014000303739 0.5002419971999392 0
252 0.3813233992717142 0.5002373532014566 0
253 0.3836394782792887 0.5002327210434414 0
254 0.3858033423186548 0.5002283933153627 0
255 0.3882545991898587 0.5002234908016203 0
256 0.3903238188936166 0.5002193523622128 0
257 0.3928363695329626 0.5002143272609341 0
258 0.3948819994411278 0.5002102360011177 0
259 0.397382283804336 0.5002052354323914 0
260 0.3994752045837142 0.5002010495908326 0
261 0.4018895574072079 0.5001962208851856 0
262 0.4041009049818654 0.5001917981900362 0
263 0.4063606077729027 0.5001872787844542 0
264 0.4087351732645966 0.5001825296534708 0
265 0.4108558496678613 0.5001782883006642 0
266 0.4133382824400714 0.5001733234351199 0
267 0.4153905421420392 0.500169218915716 0
268 0.4179071212695222 0.5001641857574609 0
269 0.4199619364910506 0.5001600761270178 0
270 0.4224391218680747 0.5001551217562639 0
271 0.4245674101433858 0.5001508651797132 0
272 0.4269314057631727 0.5001461371884737 0
273 0.4292030644252259 0.5001415938711495 0
274 0.4314035753907224 0.5001371928492185 0
275 0.4338265386122115 0.5001323469227755 0
276 0.4359137201847919 0.5001281725596304 0
277 0.4384173080665619 0.5001231653838669 0
278 0.4404622540757602 0.5001190754918485 0
279 0.4429728636136649 0.5001140542727727 0
280 0.4450465114707347 0.5001099069770585 0
281 0.447490579443091 0.5001050188411138 0
282 0.449663930234974 0.50010067213953 0
283 0.4519678052466862 0.5000960643895066 0
284 0.4543017661439676 0.5000913964677121 0
285 0.4564521807772305 0.5000870956384456 0
286 0.4589134692497803 0.5000821730615005 0
287 0.4609768249849742 0.5000780463500301 0
288 0.4634915614056893 0.5000730168771886 0
289 0.465538835667109 0.5000689223286657 0
290 0.4680334771270638 0.5000639330457459 0
291 0.4701356045019957 0.500059728790996 0
292 0.4725364832493441 0.5000549270335013 0
293 0.4747646301863649 0.5000504707396273 0
294 0.4770066714286332 0.5000459866571427 0
295 0.4793962177834404 0.5000412075644332 0
296 0.4815062477966915 0.5000369875044066 0
297 0.4839958216010273 0.500032008356798 0
298 0.4860449981080229 0.500027910003784 0
299 0.4885608825480339 0.5000228782349039 0
300 0.4906201234045437 0.5000187597531909 0
301 0.4930887814375081 0.500013822437125 0
302 0.495229074426126 0.5000095418511478 0
303 0.4973098414012985 0.5000053803171974 0
304 0.4988824745228986 0.5000022350509542 0
305 0.4988824745228969 0.4999977649490458 0
306 0.4973098414012943 0.4999946196828026 0
307 0.4952290744261187 0.4999904581488522 0
308 0.4930887814374948 0.499986177562875 0
309 0.4906201234045299 0.4999812402468091 0
310 0.4885608825480156 0.499977121765096 0
311 0.4860449981080031 0.499972089996216 0
312 0.4839958216010063 0.499967991643202 0
313 0.4815062477966647 0.4999630124955933 0
314 0.4793962177834171 0.4999587924355668 0
315 0.4770066714285986 0.4999540133428572 0
316 0.4747646301863374 0.4999495292603727 0
317 0.4725364832493019 0.4999450729664986 0
318 0.4701356045019609 0.4999402712090039 0
319 0.4680334771270194 0.499936066954254 0
320 0.4655388356670673 0.4999310776713342 0
321 0.4634915614056434 0.4999269831228113 0
322 0.4609768249849236 0.4999219536499698 0
323 0.4589134692497323 0.4999178269384995 0
324 0.4564521807771701 0.4999129043615543 0
325 0.4543017661439185 0.4999086035322878 0
326 0.4519678052466148 0.4999039356104932 0
327 0.4496639302349214 0.4998993278604699 0
328 0.4474905794430178 0.499894981158886 0
329 0.4450465114706722 0.4998900930229414 0
330 0.4429728636135905 0.4998859457272272 0
331 0.4404622540756876 0.4998809245081514 0
332 0.4384173080664876 0.499876834616133 0
333 0.4359137201853875 0.4998718274403708 0
334 0.4338265386127361 0.4998676530772255 0
335 0.4314035753914048 0.4998628071507828 0
336 0.429203064425743 0.4998584061288515 0
337 0.4269314057639229 0.4998538628115278 0
338 0.4245674101439567 0.4998491348202879 0
339 0.4224391218688117 0.4998448782437376 0
340 0.4199619364916981 0.4998399238729834 0
341 0.4179071212702432 0.4998358142425405 0
342 0.4153905421427729 0.4998307810842855 0
343 0.4133382824407751 0.4998266765648816 0
344 0.4108558496686903 0.4998217116993374 0
345 0.4087351732652814 0.4998174703465306 0
346 0.4063606077738375 0.4998127212155477 0
347 0.4041009049825448 0.4998082018099651 0
348 0.4018895574081638 0.4998037791148163 0
349 0.3994752045844769 0.4997989504091689 0
350 0.3973822838052636 0.4997947645676105 0
351 0.3948819994419841 0.499789763998884 0
352 0.3928363695338601 0.4997856727390677 0
353 0.3903238188945757 0.4997806476377892 0
354 0.3882545991907264 0.4997765091983815 0
355 0.3858033423197283 0.4997716066846394 0
356 0.3836394782801243 0.4997672789565603 0
357 0.3813233992729117 0.4997626467985458 0
358 0.3790014000312417 0.4997580028000625 0
359 0.3768420488041119 0.4997536840976082 0
360 0.3743874165780289 0.4997487748331561 0
361 0.3723201912990008 0.499744640382598 0
362 0.3698068209979376 0.4997396136419959 0
363 0.367760740752037 0.4997355214815041 0
364 0.3652622222733303 0.4997305244445467 0
365 0.3631663873211091 0.4997263327746422 0
366 0.360756352485238 0.4997215127049704 0
367 0.3585395682590979 0.4997170791365182 0
368 0.3562856448160125 0.499712571289632 0
369 0.3539061066990576 0.4997078122133981 0
370 0.3517890269042109 0.4997035780538084 0
371 0.3493041625327814 0.4996986083250656 0
372 0.3472529833344993 0.499694505966669 0
373 0.3447365303778628 0.4996894730607557 0
374 0.3426803621965487 0.4996853607243931 0
375 0.3402058894781038 0.4996804117789562 0
376 0.3380737650223258 0.4996761475300446 0
377 0.3357150311202853 0.4996714300622406 0
378 0.3334375179017904 0.4996668750358036 0
379 0.3312421460008402 0.4996624842920017 0
380 0.3288151584153854 0.4996576303168307 0
381 0.3267306535459907 0.499653461307092 0
382 0.3242255769506239 0.4996484511539013 0
383 0.3221808017193473 0.4996443616034387 0
384 0.3196712642789569 0.4996393425285579 0
385 0.3175953630932886 0.4996351907261866 0
386 0.3151549677945896 0.4996303099355892 0
387 0.3129768522496257 0.4996259537044992 0
388 0.3106788651796129 0.4996213577303592 0
389 0.3083392189177859 0.4996166784378356 0
390 0.3061930369371907 0.4996123860738744 0
391 0.3037286665984427 0.4996074573331969 0
392 0.3016670706174582 0.4996033341412349 0
393 0.2991517883986649 0.4995983035767974 0
394 0.2971037799297137 0.4995942075598594 0
395 0.294611161235002 0.49958922232247 0
396 0.2925058675362144 0.4995850117350724 0
397 0.2901096066686139 0.4995802192133372 0
398 0.2878757641707376 0.4995757515283415 0
399 0.2856394503647345 0.4995712789007294 0
400 0.2832451788050704 0.4995664903576101 0
401 0.2811384763189202 0.4995622769526378 0
402 0.2786467613758512 0.4995572935227517 0
403 0.2765984257405247 0.499553196851481 0
404 0.2740829358594522 0.4995481658717189 0
405 0.2720220517648932 0.4995440441035298 0
406 0.2695563669213031 0.4995391127338426 0
407 0.2674119928033918 0.4995348239856068 0
408 0.2650699469759495 0.4995301398939519 0
409 0.2627745020491197 0.4995255490040982 0
410 0.260594307017818 0.4995211886140357 0
411 0.258155501638204 0.4995163110032764 0
412 0.2560785940741511 0.4995121571881483 0
413 0.2535695547228561 0.4995071391094457 0
414 0.2515248393081867 0.4995030496786164 0
415 0.2490191456922972 0.4994980382913846 0
416 0.2469357446483276 0.4994938714892966 0
417 0.2445070316894055 0.4994890140633788 0
418 0.2423138631426072 0.4994846277262852 0
419 0.2400338483946023 0.4994800676967892 0
420 0.2376774098314224 0.4994753548196628 0
421 0.2355435978872795 0.4994710871957745 0
422 0.233070314356285 0.4994661406287126 0
423 0.2310135411357345 0.4994620270822714 0
424 0.2284971834342446 0.4994569943668685 0
425 0.2264464516791091 0.4994528929033582 0
426 0.2239605592910248 0.499447921118582 0
427 0.2218449762014398 0.4994436899524029 0
428 0.2194633004881053 0.4994389266009762 0
429 0.2172118825088816 0.4994344237650178 0
430 0.2149927590535188 0.499429985518107 0
431 0.2125846043534509 0.4994251692087069 0
432 0.2104874721819765 0.4994209749443639 0
433 0.2079897394129253 0.4994159794788259 0
434 0.2059434520099078 0.4994118869040198 0
435 0.2034297749326408 0.4994068595498653 0
436 0.201363390458886 0.4994027267809178 0
437 0.1989073287127738 0.4993978146574256 0
438 0.1967498726642836 0.4993934997453285 0
439 0.1944253373634098 0.4993888506747268 0
440 0.1921118240569718 0.499384223648114 0
441 0.1899460048336632 0.4993798920096673 0
442 0.1874962122986477 0.4993749924245973 0
443 0.1854260857612566 0.4993708521715225 0
444 0.1829139123252346 0.4993658278246504 0
445 0.1808684662936392 0.4993617369325873 0
446 0.1783674672867105 0.4993567349345734 0
447 0.1762757757648528 0.4993525515515297 0
448 0.1738595846415562 0.4993477191692831 0
449 0.1716505373343732 0.4993433010746687 0
450 0.1693883456027354 0.4993387766912055 0
451 0.1670159642878747 0.4993340319285757 0
452 0.1648937207909199 0.4993297874415819 0
453 0.1624123439966659 0.4993248246879933 0
454 0.1603595691462966 0.4993207191382926 0
455 0.1578429586650687 0.4993156859173301 0
456 0.1557887168596424 0.4993115774337193 0
457 0.1533104057042088 0.4993066208114084 0
458 0.1511837350312127 0.4993023674700624 0
459 0.1488174867047521 0.4992976349734095 0
460 0.1465483476334362 0.4992930966952669 0
461 0.1443456135145452 0.4992886912270291 0
462 0.1419244254103648 0.4992838488508207 0
463 0.1398360638230144 0.499279672127646 0
464 0.1373331257714037 0.4992746662515428 0
465 0.1352880600389266 0.4992705761200779 0
466 0.1327770129203391 0.4992655540258407 0
467 0.1307043315339529 0.4992614086630679 0
468 0.1282587349341596 0.4992565174698683 0
469 0.1260873870391827 0.4992521747740783 0
470 0.1237809522341807 0.4992475619044683 0
471 0.1214494751975246 0.499242898950395 0
472 0.1192972333208983 0.4992385944666418 0
473 0.1168373106905452 0.4992336746213811 0
474 0.1147731730259205 0.4992295463460518 0
475 0.1122586877901465 0.4992245173755803 0
476 0.1102116941212049 0.4992204233882424 0
477 0.1077162151486986 0.4992154324302974 0
478 0.1056154364865615 0.4992112308729731 0
479 0.1032126064599925 0.49920642521292 0
480 0.1009868557301323 0.4992019737114602 0
481 0.0987423235021016 0.4991974846470042 0
482 0.09635484804435962 0.4991927096960887 0
483 0.09424338346678662 0.4991884867669336 0
484 0.09175476446897252 0.4991835095289379 0
485 0.0897051933958824 0.4991794103867918 0
486 0.0871891580970981 0.4991743783161942 0
487 0.08513059828050157 0.499170261196561 0
488 0.08266070325329861 0.4991653214065066 0
489 0.08052214989319484 0.4991610442997864 0
490 0.07817217250788372 0.4991563443450158 0
491 0.07588514726670492 0.4991517702945334 0
492 0.07369795907945437 0.4991473959181589 0
493 0.07126458017864046 0.4991425291603573 0
494 0.06918420779660844 0.4991383684155932 0
495 0.06667691085181648 0.4991333538217037 0
496 0.06463226549688217 0.4991292645309938 0
497 0.06212467748700679 0.499124249354974 0
498 0.06004490036764493 0.4991200898007353 0
499 0.05761062094454822 0.4991152212418891 0
500 0.05542458613761675 0.4991108491722752 0
501 0.05313615384405329 0.4991062723076881 0
502 0.05078748477372713 0.4991015749695474 0
503 0.0486479928500968 0.4990972959857002 0
504 0.04617877508990542 0.4990923575501798 0
505 0.04411983029394823 0.4990882396605879 0
506 0.04160386288798035 0.499083207725776 0
507 0.03955450814772876 0.4990791090162954 0
508 0.03706537044487312 0.4990741307408897 0
509 0.03495471072134559 0.4990699094214427 0
510 0.03256609707065544 0.4990651321941413 0
511 0.0303229196788104 0.4990606458393576 0
512 0.02809584235802381 0.499056191684716 0
513 0.02569409951031743 0.4990513881990206 0
514 0.02359259925755669 0.4990471851985151 0
515 0.02109757641330146 0.4990421951528266 0
516 0.01905041358069975 0.4990381008271614 0
517 0.01653577565821185 0.4990330715513164 0
518 0.01447207444648446 0.499028944148893 0
519 0.01201140911406939 0.4990240228182282 0
520 0.00986017890884261 0.4990197203578177 0
521 0.007527327841478471 0.499015054655683 0
522 0.005222288424610588 0.4990104445768492 0
523 0.003049836136544526 0.4990060996722731 0
524 0 0.4911764403963295 0
525 0 0.4804038910731268 0
526 0 0.4655311859694732 0
527 0 0.4449886703708878 0
528 0 0.4166578784998329 0
529 0 0.377534490178231 0
530 0 0.3304180283320559 0
531 0 0.2832154528562926 0
532 0 0.2360128773804168 0
533 0 0.1888103019043681 0
534 0 0.1416077264282544 0
535 0 0.09440515095214064 0
536 0 0.04720257547602691 0
537 0.5011175255224781 0.5 0
538 0.5026901578162085 0.5 0
539 0.5047709239752731 0.5 0
540 0.5069112167922396 0.5 0
541 0.5093798748189415 0.5 0
542 0.5114391158900568 0.5 0
543 0.5139549999844689 0.5 0
544 0.516004176969401 0.5 0
545 0.518493750219454 0.5 0
546 0.5206037808525102 0.5 0
547 0.5229933265744783 0.5 0
548 0.5252353684495144 0.5 0
549 0.5274635149470093 0.5 0
550 0.5298643939383419 0.5 0
551 0.531966521321269 0.5 0
552 0.5344611626201716 0.5 0
553 0.5365084372124389 0.5 0
554 0.5390231731994232 0.5 0
555 0.5410865294658959 0.5 0
556 0.5435478173626299 0.5 0
557 0.5456982326070569 0.5 0
558 0.548032192917126 0.5 0
559 0.5503360684287548 0.5 0
560 0.5525094189945607 0.5 0
561 0.5549534870203878 0.5 0
562 0.5570271350347659 0.5 0
563 0.5595377442882384 0.5 0
564 0.5615826907145957 0.5 0
565 0.5640862781055248 0.5 0
566 0.5661734602339976 0.5 0
567 0.568596422889454 0.5 0
568 0.5707969344276238 0.5 0
569 0.5730685926414141 0.5 0
570 0.5754325885587643 0.5 0
571 0.5775608767911636 0.5 0
572 0.5800380620623469 0.5 0
573 0.5820928775607823 0.5 0
574 0.5846094563122244 0.5 0
575 0.5866617164884134 0.5 0
576 0.589144148744992 0.5 0
577 0.5912648256981352 0.5 0
578 0.5936393906655433 0.5 0
579 0.595899093938394 0.5 0
580 0.5981104412426665 0.5 0
581 0.600524794168615 0.5 0
582 0.6026177150582639 0.5 0
583 0.6051179991887183 0.5 0
584 0.6071636294633529 0.5 0
585 0.6096761796659653 0.5 0
586 0.6117453998713964 0.5 0
587 0.6141966562326393 0.5 0
588 0.6163605207870564 0.5 0
589 0.618676599346352 0.5 0
590 0.620998598928733 0.5 0
591 0.6231579500727533 0.5 0
592 0.6256125822380698 0.5 0
593 0.627679807750406 0.5 0
594 0.6301931777224553 0.5 0
595 0.6322392583952516 0.5 0
596 0.6347377764083656 0.5 0
597 0.6368336118595159 0.5 0
598 0.6392436462232298 0.5 0
599 0.6414604308989411 0.5 0
600 0.6437143540532527 0.5 0
601 0.6460938923110591 0.5 0
602 0.6482109721794052 0.5 0
603 0.6506958363588077 0.5 0
604 0.6527470158833746 0.5 0
605 0.6552634684467965 0.5 0
606 0.6573196370856866 0.5 0
607 0.6597941093407389 0.5 0
608 0.6619262342635407 0.5 0
609 0.6642849677627853 0.5 0
610 0.666562481309847 0.5 0
611 0.6687578530978269 0.5 0
612 0.6711848406568796 0.5 0
613 0.6732693457261462 0.5 0
614 0.6757744220296874 0.5 0
615 0.6778191976508778 0.5 0
616 0.6803287346652269 0.5 0
617 0.6824046363092332 0.5 0
618 0.6848450311783765 0.5 0
619 0.6870231471283348 0.5 0
620 0.6893211339123123 0.5 0
621 0.6916607803436988 0.5 0
622 0.6938069623713733 0.5 0
623 0.6962713325483169 0.5 0
624 0.6983329288259652 0.5 0
625 0.7008482106846259 0.5 0
626 0.7028962195772724 0.5 0
627 0.7053888378441608 0.5 0
628 0.707494131972814 0.5 0
629 0.7098903924758202 0.5 0
630 0.7121242352868822 0.5 0
631 0.7143605489602816 0.5 0
632 0.7167548205178537 0.5 0
633 0.7188615231811275 0.5 0
634 0.7213532378587166 0.5 0
635 0.7234015738575507 0.5 0
636 0.7259170633415313 0.5 0
637 0.727977947864149 0.5 0
638 0.7304436323096692 0.5 0
639 0.7325880067988474 0.5 0
640 0.7349300523587919 0.5 0
641 0.7372254974585757 0.5 0
642 0.7394056925206384 0.5 0
643 0.7418444977587244 0.5 0
644 0.7439214055996739 0.5 0
645 0.7464304446134522 0.5 0
646 0.7484751604286781 0.5 0
647 0.7509808536420517 0.5 0
648 0.7530642550886757 0.5 0
649 0.7554929677106442 0.5 0
650 0.7576861365403594 0.5 0
651 0.7599661511619349 0.5 0
652 0.7623225897371018 0.5 0
653 0.7644564018454021 0.5 0
654 0.7669296851272829 0.5 0
655 0.7689864586948743 0.5 0
656 0.7715028160180462 0.5 0
657 0.7735535481813092 0.5 0
658 0.7760394401926787 0.5 0
659 0.7781550236298529 0.5 0
660 0.7805366990993773 0.5 0
661 0.7827881172396074 0.5 0
662 0.7850072407194679 0.5 0
663 0.7874153952879114 0.5 0
664 0.7895125277269248 0.5 0
665 0.7920102601707073 0.5 0
666 0.7940565479613104 0.5 0
667 0.7965702246509199 0.5 0
668 0.7986366095107058 0.5 0
669 0.8010926709373662 0.5 0
670 0.8032501272485492 0.5 0
671 0.8055746624303162 0.5 0
672 0.8078881757517338 0.5 0
673 0.8100539951365056 0.5 0
674 0.8125037874281904 0.5 0
675 0.8145739143066801 0.5 0
676 0.8170860873728085 0.5 0
677 0.8191315338028439 0.5 0
678 0.8216325324440489 0.5 0
679 0.8237242243002421 0.5 0
680 0.8261404151929013 0.5 0
681 0.8283494626478203 0.5 0
682 0.8306116544097937 0.5 0
683 0.8329840355928215 0.5 0
684 0.8351062793581434 0.5 0
685 0.8375876558290851 0.5 0
686 0.8396404310643066 0.5 0
687 0.8421570411623309 0.5 0
688 0.8442112833474918 0.5 0
689 0.8466895941905158 0.5 0
690 0.8488162651164043 0.5 0
691 0.8511825133328641 0.5 0
692 0.8534516524103375 0.5 0
693 0.8556543866982638 0.5 0
694 0.8580755745548233 0.5 0
695 0.8601639364874339 0.5 0
696 0.8626668741671846 0.5 0
697 0.8647119402987631 0.5 0
698 0.8672229870521777 0.5 0
699 0.8692956687699779 0.5 0
700 0.8717412651421529 0.5 0
701 0.8739126131785115 0.5 0
702 0.8762190480231 0.5 0
703 0.8785505249174541 0.5 0
704 0.8807027670734845 0.5 0
705 0.8831626893722142 0.5 0
706 0.8852268274292248 0.5 0
707 0.8877413122760125 0.5 0
708 0.8897883063286465 0.5 0
709 0.8922837849854128 0.5 0
710 0.8943845639009111 0.5 0
711 0.8967873938163345 0.5 0
712 0.8990131445459417 0.5 0
713 0.901257676958648 0.5 0
714 0.903645152154072 0.5 0
715 0.9057566170914748 0.5 0
716 0.9082452357050964 0.5 0
717 0.910294807188105 0.5 0
718 0.9128108421120769 0.5 0
719 0.9148694022674081 0.5 0
720 0.9173392970597141 0.5 0
721 0.9194778505651782 0.5 0
722 0.9218278279878476 0.5 0
723 0.9241148530776582 0.5 0
724 0.9263020415656542 0.5 0
725 0.9287354201161687 0.5 0
726 0.9308157929084541 0.5 0
727 0.9333230894480208 0.5 0
728 0.9353677352009026 0.5 0
729 0.9378753228813639 0.5 0
730 0.9399551002647641 0.5 0
731 0.9423893795654519 0.5 0
732 0.9445754143796115 0.5 0
733 0.946863846869941 0.5 0
734 0.9492125156531196 0.5 0
735 0.9513520079612764 0.5 0
736 0.9538212253146379 0.5 0
737 0.9558801705417519 0.5 0
738 0.9583961375528165 0.5 0
739 0.9604454926493213 0.5 0
740 0.9629346300995349 0.5 0
741 0.9650452899826171 0.5 0
742 0.9674339036553565 0.5 0
743 0.9696770808901219 0.5 0
744 0.9719041585430623 0.5 0
745 0.9743059010116359 0.5 0
746 0.9764074017027284 0.5 0
747 0.9789024241153701 0.5 0
748 0.9809495873703318 0.5 0
749 0.9834642249393917 0.5 0
750 0.9855279264359942 0.5 0
751 0.9879885916243547 0.5 0
752 0.9901398218546471 0.5 0
753 0.9924726731202758 0.5 0
754 0.9947777122256825 0.5 0
755 0.9969501649334166 0.5 0
756 0.2478088509193715 0.4973667722706286 0
757 0.2778133994342538 0.4974021996809289 0
758 0.3084243709060319 0.497438818061492 0
759 0.338201600076061 0.4980348336226475 0
760 0.36562687547275 0.4972860352149946 0
761 0.3963191616897115 0.4970486443506777 0
762 0.4259523306767286 0.496462686317472 0
763 0.4554168380600454 0.496442743620477 0
764 0.4852535469118611 0.4981083396833016 0
765 0.5148184984080989 0.4968815497083286 0
766 0.5445620073499993 0.4964589115895182 0
767 0.5744472863444712 0.4974879156405148 0
768 0.6038796432444909 0.4966914408757175 0
769 0.6334748283679021 0.4967070794418434 0
770 0.6632608626381362 0.4964619519913108 0
771 0.6925145797810935 0.4967307701755274 0
772 0.7226061431148056 0.4981392727072032 0
773 0.7518427336689802 0.497792227463163 0
774 0.2216584723125697 0.4979421823623778 0
775 0.7794201274456423 0.4966587924499967 0
776 0.196385644122819 0.496297657239763 0
777 0.8046110318597759 0.4972619247052144 0
778 0.1715905504078067 0.4965533941755811 0
779 0.8297409748898362 0.4980864302365142 0
780 0.1479432525513295 0.4973773650313117 0
781 0.8529951368368849 0.4975895258585173 0
782 0.1270671348336073 0.4966498065538539 0
783 0.8731564630762462 0.4968961602707733 0
784 0.1091467427614111 0.4970352755142354 0
785 0.8907361287507158 0.4977586076906926 0
786 0.4993003399917793 0.4990348900488184 0
787 0.0933426140627705 0.4969677458022649 0
788 0.9078942168079687 0.4973175840791917 0
789 0.07663199326097976 0.4969943387701886 0
790 0.9230822949009232 0.4976063739909196 0
791 0.4711847945131821 0.4964224195995042 0
792 0.5289642989547615 0.4974252825656866 0
793 0.2914091903407924 0.4972201510826635 0
794 0.7085271308411406 0.4978952957931458 0
795 0.2640955428608938 0.4965713935729109 0
796 0.7372205985213953 0.4977004669119494 0
797 0.3206171122778448 0.4977052252450349 0
798 0.6788792356405131 0.4973007113548491 0
799 0.4413373076028422 0.4966709906628979 0
800 0.5579136090275323 0.4967744404455475 0
801 0.3540077392262387 0.4976599871698125 0
802 0.6473907776345742 0.4963491146025947 0
803 0.4095878933359833 0.4965474242569388 0
804 0.5909974560483126 0.4972032740190884 0
805 0.06331734400487242 0.4960789431054491 0
806 0.9363094209434646 0.4970039639775791 0
807 0.2349259920145681 0.4967322545407551 0
808 0.7664467824264106 0.4973818816089997 0
809 0.3804204050454267 0.4978365881322607 0
810 0.6203058586228647 0.4977705034760846 0
811 0.1585134886658109 0.4958488979227781 0
812 0.8399958687173232 0.4980132235023225 0
813 0.1826832746034217 0.4971853273331214 0
814 0.8192689632809707 0.4981456624562255 0
815 0.2095974975750622 0.4955856376787121 0
816 0.7898672457397344 0.4978501585617111 0
817 0.05220852441854025 0.4966016889396183 0
818 0.04059164448328192 0.4966551948860916 0
819 0.948675621611734 0.4977079101079926 0
820 0.9602448253628756 0.4979124914376767 0
821 0.5058775576558892 0.4980864284124797 0
822 0.03193974324105708 0.4971280976016264 0
823 0.9684301663551724 0.4979452923434549 0
824 0.1372045313030562 0.4972727487686834 0
825 0.8631126625036766 0.4975841365246169 0
826 0.1175025043275943 0.4973742430264547 0
827 0.8823788363142699 0.4969842320768632 0
828 0.0221514566971175 0.4963399027552035 0
829 0.9774786825746644 0.4973157413767945 0
830 0.4934327725579301 0.4974189893572148 0
831 0.7245539971967914 0.04359443608366385 0
832 0.2745093462354797 0.0417065107594813 0
833 0.5760496335086777 0.03902883124017942 0
834 0.4327695692622757 0.03999770742562845 0
835 0.04084134119064563 0.3068167405941742 0
836 0.9544687717832577 0.3127455074785652 0
837 0.08639826977436016 0.4973070286232354 0
838 0.9138660995524228 0.4976485516554332 0
839 0.01571138167777002 0.4964766665514032 0
840 0.9851509872813963 0.4978143891171099 0
841 0.07107291056275812 0.4964360296449873 0
842 0.9297559572496392 0.4968740090628463 0
843 0.1011858554137257 0.4976051439734225 0
844 0.9000687268240175 0.4965436840276949 0
845 0.03082765633318462 0.3996816151848639 0
846 0.9674443754214945 0.3970302670195158 0
847 0.04336904660723 0.1653503795114303 0
848 0.961093931334811 0.1632780271330312 0
849 0.02132367040799116 0.4568366092335961 0
850 0.9846001014270123 0.4527214871555861 0
851 0.8249999999995394 0.04083604405736729 0
852 0.1749999999996308 0.04330127018909573 0
853 0.04613200325451547 0.4967922715863537 0
854 0.9546767555208486 0.4973069219190911 0
855 0.01073744178206268 0.4972860053725177 0
856 0.9896263904902932 0.4978687581090392 0
857 0.5019854012517045 0.4985831022619663 0
858 0.01271228377246748 0.4941099815246631 0
859 0.9872926140623601 0.4944361082714609 0
860 0.007289862700567031 0.4952691482636219 0
861 0.9937315362654331 0.4979881004041594 0
862 0.03604568200239559 0.4966066147599248 0
863 0.964068726295672 0.4982447804739084 0
864 0.02644253126798555 0.4970847426008879 0
865 0.02456211793692396 0.4931414938164857 0
866 0.03780573508103256 0.4935814951525943 0
867 0.973551378823558 0.4976413687709076 0
868 0.9748268988531434 0.4928513514483935 0
869 0.9638405592774131 0.4935767786420068 0
870 0.05672377128336506 0.4964550205530365 0
871 0.9442155870028804 0.4976603454680114 0
872 0.05447968231732163 0.4936779582797615 0
873 0.9463623923688639 0.4937472765098696 0
874 0.07682550698140451 0.04399546466785369 0
875 0.9229956017384251 0.04214403031355957 0
876 0.008802501297335723 0.4876827166758762 0
877 0.9900150173906407 0.4890574812495678 0
878 0.04852181128029569 0.4924745781484948 0
879 0.04970346661521008 0.4872462785873705 0
880 0.9521011353760911 0.4932029449875932 0
881 0.9466915157648188 0.4860797681835139 0
882 0.05992090329939681 0.4926266413938019 0
883 0.06200780173480394 0.4813497947511883 0
884 0.06773679051929019 0.4919760830580484 0
885 0.07667970636326242 0.4835375483292382 0
886 0.07475084215387583 0.464843850702095 0
887 0.104958619713038 0.4623036705218602 0
888 0.09266629621264869 0.430365929800576 0
889 0.135192803349623 0.4405227818710973 0
890 0.1201133129411861 0.3945353288919888 0
891 0.1669597466806188 0.4056510416039751 0
892 0.152055142275157 0.3586655314383752 0
893 0.2003042232112565 0.3702506165923858 0
894 0.1857858268483591 0.322518559052356 0
895 0.234354058628104 0.3340604207499587 0
896 0.2199385650258361 0.2861949225396473 0
897 0.268581070373184 0.297698415150939 0
898 0.2829512633496568 0.3456012453433187 0
899 0.3172285264317108 0.3092011307641258 0
900 0.3316035918503175 0.3570910963862609 0
901 0.3658859650897818 0.3206952668696071 0
902 0.3515083652739122 0.2728068263312797 0
903 0.400168508724056 0.2843001090596696 0
904 0.4145460571849229 0.3321884179798381 0
905 0.4488297226835143 0.2957931366309768 0
906 0.4630103502445289 0.3439148802243689 0
907 0.4974580924166606 0.30732507253606 0
908 0.5118681961703128 0.3551745037541879 0
909 0.5461465802556977 0.318785686711355 0
910 0.4831080766711298 0.2594043227769396 0
911 0.5605284636808792 0.3666686157327446 0
912 0.5948121580431334 0.3302734953398311 0
913 0.5804348009967991 0.2823851934629009 0
914 0.6290969729319763 0.2938770448710009 0
915 0.6434742053911956 0.3417654946340412 0
916 0.6777582440267039 0.3053699655854379 0
917 0.6925911670004108 0.3556903795651907 0
918 0.7264953537395196 0.317268344004169 0
919 0.7417473097907088 0.3683404088282982 0
920 0.7120547454226644 0.2690422229325523 0
921 0.6147195376580924 0.245988835850931 0
922 0.7607180324849973 0.2805465139760966 0
923 0.2541940734450036 0.2498157413919753 0
924 0.7463305061692036 0.2326037604933049 0
925 0.385791349315374 0.2364117353111291 0
926 0.4298344754033898 0.3900819624069234 0
927 0.2055233841742005 0.2383285729598357 0
928 0.7949903364566331 0.2440895982391221 0
929 0.6563288920165573 0.3933827430134967 0
930 0.2965596619908381 0.3938635015887683 0
931 0.8093674436232117 0.2919767311889342 0
932 0.3446609938383052 0.4039197479327719 0
933 0.2398085253822949 0.2019320752895189 0
934 0.1911458940084413 0.190440221765853 0
935 0.5266144842539167 0.4029023459941486 0
936 0.7806110810118658 0.1961909971381803 0
937 0.7319486044363042 0.1846910327152897 0
938 0.5737503322602159 0.4138243073539396 0
939 0.2125377134288463 0.4164568337732906 0
940 0.157478737473549 0.2266548263882921 0
941 0.8436482918830981 0.2555654274166806 0
942 0.2254296978396867 0.154044487897629 0
943 0.2740914703476765 0.1655372072847983 0
944 0.765923480515712 0.1459960777372261 0
945 0.8148423498189633 0.159406643385779 0
946 0.1767680012507125 0.1425520962105596 0
947 0.8580261232798234 0.3034564265235019 0
948 0.716177891254359 0.1342939938824045 0
949 0.311694290230008 0.4413743380002039 0
950 0.1372733667916497 0.3110154463775035 0
951 0.5660583425618524 0.2344958249254997 0
952 0.6003423342004213 0.1981003516627628 0
953 0.5516811777402199 0.1866072948759805 0
954 0.5859650516476713 0.1502119613612251 0
955 0.5373038820050148 0.1387189202221971 0
956 0.5030200372873342 0.1751142190883635 0
957 0.4886427152175633 0.1272258756940264 0
958 0.4543588675181709 0.1636211780995466 0
959 0.8237423604682783 0.3398521715477901 0
960 0.8724031358263211 0.351343054363038 0
961 0.8381192365397376 0.3877380708427782 0
962 0.5411262978136251 0.4483495171641271 0
963 0.4962070419450321 0.438866451026696 0
964 0.8851521671857252 0.3976969830714117 0
965 0.8523433211859683 0.4359108441277536 0
966 0.8065692745811819 0.4222228451192814 0
967 0.9011569672070122 0.4381186222313685 0
968 0.3555687511981792 0.4418149705306827 0
969 0.1805381663160753 0.4490261552354219 0
970 0.3371301240881704 0.2249186652381108 0
971 0.3714138946759761 0.1885234249190358 0
972 0.6345569515014002 0.1619983279929476 0
973 0.6196586757295032 0.1160304369810323 0
974 0.890260463354043 0.2676740937479933 0
975 0.8775849116236959 0.2192744516287816 0
976 0.5833497256526499 0.4600303381649096 0
977 0.4394395081279281 0.1180277799139032 0
978 0.2123836496143993 0.1094240136353022 0
979 0.9224749251700853 0.2374596015567302 0
980 0.5229265613020121 0.09083057520539423 0
981 0.801680981682206 0.1117482952785886 0
982 0.8491774744489512 0.1233934631422805 0
983 0.2200125403574442 0.4577703275938808 0
984 0.817639730534666 0.4611566177734171 0
985 0.7806428964915895 0.4574967066681484 0
986 0.9188765226694848 0.3575721927126794 0
987 0.5127720714867444 0.4657713130380578 0
988 0.4809928405831944 0.4662479960381703 0
989 0.459575929783181 0.4329019125871439 0
990 0.4508684426268889 0.4638187575803308 0
991 0.4229229361197334 0.4410790777119106 0
992 0.497444236785866 0.4785053150472647 0
993 0.4811850796333935 0.3939736759989114 0
994 0.7608739428744321 0.4158321321219516 0
995 0.7361769567160119 0.4601472403138845 0
996 0.709246647382811 0.4157388933324453 0
997 0.6656835611200077 0.44337599012767 0
998 0.1615695797464941 0.08840416258083318 0
999 0.1279698521850157 0.1300162582029603 0
1000 0.1137288239657305 0.08317136664411184 0
1001 0.0806340356797863 0.1219590365775862 0
1002 0.09531926809868026 0.1700146295005996 0
1003 0.06757427346382922 0.211208265172167 0
1004 0.5375355241663912 0.4763455214283769 0
1005 0.5376447271225259 0.4979346430693984 0
1006 0.2584995003693269 0.4320657426054584 0
1007 0.2787931261782146 0.4643359545299859 0
1008 0.940092078377232 0.4935068234435889 0
1009 0.9360679332535573 0.4821067604811468 0
1010 0.9326330885289075 0.4921803309767732 0
1011 0.9222046526666142 0.4840805306275711 0
1012 0.9469497863541305 0.4700831987050851 0
1013 0.1065411528376674 0.346733646536742 0
1014 0.2500142902130704 0.466509300396534 0
1015 0.01859263592481105 0.4927557872765443 0
1016 0.01923376448890425 0.4801565866009835 0
1017 0.0361058173634236 0.4870340223185617 0
1018 0.0451110008025233 0.4694439985044033 0
1019 0.9810815360892504 0.493718531356599 0
1020 0.9780875569441557 0.4864428902047546 0
1021 0.9866185503514802 0.4747395945994973 0
1022 0.247534403496338 0.3820497267755301 0
1023 0.1714257738048995 0.2746622330639091 0
1024 0.1254700622026153 0.2619250416754464 0
1025 0.3227526399717711 0.1770303558850674 0
1026 0.3570365169479629 0.1406351003811937 0
1027 0.3088849966881965 0.1296220664964156 0
1028 0.3423829917024895 0.09130496200117086 0
1029 0.2613076486509133 0.1199447432295506 0
1030 0.2884704747879833 0.2134246622140652 0
1031 0.3028521057333273 0.261310906848416 0
1032 0.3802619921604968 0.3685837463049387 0
1033 0.3903181233644284 0.1045018969103025 0
1034 0.405440322280522 0.1525543094825454 0
1035 0.4200321649142321 0.2000874940757116 0
1036 0.1434374399475824 0.1789829852156474 0
1037 0.4344443372000978 0.2479177176549741 0
1038 0.7749256661990029 0.04068006085264594 0
1039 0.7543822076799435 0.09108097225343818 0
1040 0.698542188374892 0.08702267771404561 0
1041 0.6751309512535453 0.04275556583061355 0
1042 0.8746659336227657 0.04150540856700551 0
1043 0.8939962101862636 0.09156058126854533 0
1044 0.9527756778895421 0.08072590966803778 0
1045 0.5317672119396587 0.2708997733154427 0
1046 0.5173951745154126 0.2230051571762739 0
1047 0.6976647583518547 0.2210863332039211 0
1048 0.9052063863239349 0.3137013113869876 0
1049 0.6829743641870271 0.1731221172338875 0
1050 0.4742653834582642 0.07933754380114183 0
1051 0.6633829731498995 0.2574929507072518 0
1052 0.6489401531747824 0.209631486108617 0
1053 0.6080688853374665 0.3789244923004775 0
1054 0.5712697337873466 0.1036576523248406 0
1055 0.8292709601237995 0.2076770955237954 0
1056 0.775254738596702 0.3290380883053527 0
1057 0.8615319649786476 0.1718228654391302 0
1058 0.7910511438085068 0.3771706194609087 0
1059 0.3804032452066084 0.05190225726282571 0
1060 0.3243275786377545 0.04514300077119426 0
1061 0.2249701983860339 0.04165131586165132 0
1062 0.4687264430177295 0.2115250148119682 0
1063 0.9141054039112356 0.1817736166909108 0
1064 0.6261853197913808 0.04027942111753216 0
1065 0.9249999999996193 0.1294283905883885 0
1066 0.8721672368818346 0.4661228174681146 0
1067 0.08712869487411409 0.2963086159826314 0
1068 0.04325921557667826 0.2569930767340889 0
1069 0.5216266715621546 0.04522540494965091 0
1070 0.6677417520943257 0.1261994772155859 0
1071 0.0353571752275626 0.3552129216398601 0
1072 0.9574173969515364 0.4853315418911126 0
1073 0.9629621512478014 0.3567471223356325 0
1074 0.4250281337776891 0.4674412205312799 0
1075 0.03721306285245968 0.06983509185872024 0
1076 0.9617562399044497 0.260876457283744 0
1077 0.5624458829418346 0.4724643017434474 0
1078 0.1288528566236742 0.471606174451073 0
1079 0.1539596992129875 0.471573695258154 0
1080 0.6197094209117372 0.4324959164789711 0
1081 0.6376030537228163 0.4637094916655115 0
1082 0.1124413914143813 0.2157374493311262 0
1083 0.49811925373962 0.4989091294020212 0
1084 0.4989412089351405 0.4972331314622425 0
1085 0.4964204819817379 0.4981958534837743 0
1086 0.4956765036405806 0.4948255197157373 0
1087 0.4899783881419243 0.4975359474568835 0
1088 0.4997570460077768 0.493099600892268 0
1089 0.4953695535861141 0.4881942254052988 0
1090 0.5018004201103662 0.4967139907807505 0
1091 0.5054611037215958 0.4938791787631606 0
1092 0.5105677775467025 0.4978014346360531 0
1093 0.5109514222966863 0.4947785002810456 0
1094 0.5217215084657707 0.4966289692491114 0
1095 0.5171715774524289 0.4931354949888184 0
1096 0.5242631407609828 0.4932569991580874 0
1097 0.5325114394869525 0.4911067198820344 0
1098 0.5417495149281162 0.4910375740581724 0
1099 0.5514508444888147 0.4967029879387808 0
1100 0.5486584861169638 0.4936094148408933 0
1101 0.5544229734923206 0.4930384260271033 0
1102 0.5659556948824632 0.4972502975028231 0
1103 0.5616856349717643 0.4923862593339623 0
1104 0.5087159625831119 0.4855156885427281 0
1105 0.5731298694167454 0.4820207251520512 0
1106 0.5832348245744644 0.4966990269004987 0
1107 0.4902692889909834 0.4923203931083948 0
1108 0.4877472159132014 0.4826988101571724 0
1109 0.4791017314142839 0.4966777740135477 0
1110 0.4703722418526449 0.4805921519394947 0
1111 0.4620836851246222 0.4963682834939349 0
1112 0.4821776829639122 0.490027290258124 0
1113 0.4741853540654116 0.4930291503018937 0
1114 0.4671418410851399 0.4939006777621506 0
1115 0.4589868642432647 0.4913402552430424 0
1116 0.4493743772329757 0.4970827078296101 0
1117 0.4516981846415518 0.4928244992199572 0
1118 0.4456030995560512 0.4938162952119456 0
1119 0.4346940030248472 0.4966889757260488 0
1120 0.4383295899397168 0.4922630529244368 0
1121 0.5975837962365691 0.4826197245601545 0
1122 0.5970284812979123 0.4967456454390233 0
1123 0.5221616193227685 0.4841886228396838 0
1124 0.2935687603190409 0.08410459259958954 0
1125 0.5037642607551729 0.4978771167030594 0
1126 0.0725779777478949 0.3850396048985154 0
1127 0.1282290369871667 0.04184444137660958 0
1128 0.002730214956600184 0.4946217785946702 0
1129 0.9966460438503899 0.4965471163925352 0
1130 0.9259617361413923 0.4620929027530617 0
1131 0.8992375471673604 0.474586297344446 0
1132 0.9523492538005165 0.4389222961142435 0
1133 0.335372421826966 0.4696668451696516 0
1134 0.3080137806314929 0.4737666669504383 0
1135 0.3115587517034863 0.4865298365327466 0
1136 0.2996542792150921 0.495711014129272 0
1137 0.3136635262700763 0.4969890159139558 0
1138 0.08227534949597463 0.4914628780149097 0
1139 0.9180842722597308 0.4921160594925024 0
1140 0.6484093554091436 0.08158982780473853 0
1141 0.0374076211892836 0.1159809064530099 0
1142 0.07550617057229851 0.4935500628773066 0
1143 0.9255464994077878 0.4934922907463988 0
1144 0.9686774469884201 0.4874532315496014 0
1145 0.843919731952416 0.4718654507880685 0
1146 0.4273719418005323 0.4837053030903588 0
1147 0.4163400626587963 0.4978896590302276 0
1148 0.04295422798127027 0.4932339764053628 0
1149 0.9575698044226753 0.494236864340882 0
1150 0.09267213966654746 0.4820187076090749 0
1151 0.3874454291898387 0.4164515237725944 0
1152 0.409234126376589 0.4807270420677143 0
1153 0.4036718503370995 0.4972634014057182 0
1154 0.4209506932857648 0.4917927538739534 0
1155 0.4297869891203473 0.4943279535374669 0
1156 0.8407534333232012 0.08034852281834801 0
1157 0.9649176327770072 0.2127515812529236 0
1158 0.6607530060141932 0.469658348947992 0
1159 0.699499609393161 0.4548038513542631 0
1160 0.9075865134576113 0.48621620513455 0
1161 0.4757323248560436 0.03291213123528424 0
1162 0.04308031378019925 0.4969705780528344 0
1163 0.9573535386801938 0.49789125553953 0
1164 0.4873064983218186 0.4981956089775811 0
1165 0.5126057691221733 0.498039005185131 0
1166 0.2752062869883501 0.4965595083095869 0
1167 0.2713990024397605 0.4970513673587634 0
1168 0.2728710221816095 0.4928445538660636 0
1169 0.2784555648634965 0.4930567146488264 0
1170 0.2847373063165781 0.4971537910025484 0
1171 0.2854261967233254 0.4914318368376803 0
1172 0.2944006959418701 0.4919241319927693 0
1173 0.2619916477539516 0.4799764621595926 0
1174 0.2545159616860044 0.4972146689040002 0
1175 0.2674111509208746 0.4943720700191526 0
1176 0.2618241578984936 0.4914596310514648 0
1177 0.2511086149611579 0.4866095891201654 0
1178 0.241280604490116 0.4974958989907254 0
1179 0.2349780866948375 0.4816195444155905 0
1180 0.2277060621189062 0.4975907790399209 0
1181 0.2960551491768558 0.4972728384439719 0
1182 0.2296287228230052 0.4975886390663935 0
1183 0.2284566038613825 0.4934790366435958 0
1184 0.7245285896934406 0.4981332482659381 0
1185 0.7292621073590592 0.4975368559812196 0
1186 0.7234948148469799 0.4947922710410508 0
1187 0.7168566728504675 0.4983475372907505 0
1188 0.7293417975353261 0.4945541899807943 0
1189 0.7373782240718763 0.4900485362078168 0
1190 0.7442806800573096 0.4977266223870744 0
1191 0.7230350817334421 0.4855001162468444 0
1192 0.7622545412119553 0.4777505088639321 0
1193 0.7410035358488997 0.496855374968545 0
1194 0.7051435669363222 0.4785569434426429 0
1195 0.6991903930685142 0.496516104425707 0
1196 0.6824345851028603 0.4788436544809095 0
1197 0.6866102877844619 0.4974686333622816 0
1198 0.6138229344463961 0.4734626491379461 0
1199 0.6120400319873932 0.4984006204354957 0
1200 0.6168274392803978 0.4889478866233209 0
1201 0.6160006439045739 0.4977742717128589 0
1202 0.6072893674596617 0.4919278125020098 0
1203 0.6000291349050975 0.493714611716682 0
1204 0.5935337837779655 0.4919889366704214 0
1205 0.5862836644920134 0.4938529820737086 0
1206 0.5792776888290079 0.4919749669550638 0
1207 0.6280985699594364 0.4846615641298858 0
1208 0.6411469681455627 0.4969909597134904 0
1209 0.6449596917830123 0.4812035314348365 0
1210 0.6514684859579514 0.492615411098731 0
1211 0.6560301342360331 0.4967031643017558 0
1212 0.6264702303213978 0.4971359195958811 0
1213 0.6516739969268643 0.4977870619241485 0
1214 0.6444459111562156 0.4928584880736907 0
1215 0.6590920733875886 0.4935107239582533 0
1216 0.6722086405003764 0.4969494337601255 0
1217 0.6675029789165879 0.4914783717948068 0
1218 0.6370018619455502 0.4926039788044584 0
1219 0.6296201187800951 0.4944859242121111 0
1220 0.6540052421650894 0.4982214660741294 0
1221 0.08832136413408391 0.4973037502030813 0
1222 0.9116252857167233 0.4977046967359005 0
1223 0.9822069061548661 0.4980826080467118 0
1224 0.2349962735665959 0.4928717507502288 0
1225 0.2186566694253378 0.4829319507799062 0
1226 0.2377092627572743 0.4953939161356202 0
1227 0.1971132077812073 0.4778360736404081 0
1228 0.2418409484531784 0.4920170905516104 0
1229 0.1757317758446856 0.4793896948530932 0
1230 0.1705728329053408 0.4901265489293466 0
1231 0.1670863243187484 0.4961064256351679 0
1232 0.1624859406634992 0.4906767238494091 0
1233 0.1544492787561164 0.4909818428334712 0
1234 0.1433355026461698 0.4830233017754813 0
1235 0.135187017489196 0.4904918865202418 0
1236 0.1401414330981376 0.4956654449735565 0
1237 0.1439727803735922 0.4914639848303944 0
1238 0.1313053575873212 0.4974958739819821 0
1239 0.1300060769391723 0.494986170906746 0
1240 0.1241014577166707 0.4927272481450207 0
1241 0.111965532224878 0.4809264960076002 0
1242 0.107184692910312 0.489830164386435 0
1243 0.1154918699287349 0.4935069409327344 0
1244 0.1751373093763586 0.4941829622600689 0
1245 0.1854878305503908 0.486142112458526 0
1246 0.1885947150580147 0.4963782101792452 0
1247 0.1049626859885994 0.4967471965892851 0
1248 0.1520660262685728 0.4963401055022328 0
1249 0.6289364927364388 0.4982188861750658 0
1250 0.7499449303633355 0.4849267601276916 0
1251 0.7590219196818923 0.497281776908779 0
1252 0.4205268244215873 0.4968515904835338 0
1253 0.6092055809970427 0.49708097608993 0
1254 0.2590179669501445 0.4954893972208413 0
1255 0.1800744656704218 0.4969132113760122 0
1256 0.1800152843269602 0.4916937762330049 0
1257 0.1919500037386853 0.4921902949771521 0
1258 0.20246633506915 0.4956821140066592 0
1259 0.2066508530740551 0.4911177844178027 0
1260 0.2142136008127942 0.4917803298315706 0
1261 0.1991175345724874 0.4917703605689437 0
1262 0.2203145875696932 0.4937481483793495 0
1263 0.2046901751495991 0.4976285340655852 0
1264 0.06806589618343807 0.4967557275863468 0
1265 0.9330341807132314 0.4976763840028664 0
1266 0.2504348828274293 0.4976580016795937 0
1267 0.749909929358664 0.4978062118014521 0
1268 0.6754291440240427 0.4980796705976129 0
1269 0.6764820082331396 0.4927232875575625 0
1270 0.6825610117397076 0.4935481981339066 0
1271 0.6883619344556371 0.4927214724687666 0
1272 0.6953599360382504 0.4910172109881409 0
1273 0.7038334847112726 0.4920382551837319 0
1274 0.7118117047119801 0.4902483233222796 0
1275 0.7047057621898964 0.4969020586758671 0
1276 0.4381923638158281 0.4975421009796731 0
1277 0.5627741032351518 0.497520461063487 0
1278 0.5706988088504987 0.4932024109485065 0
1279 0.2797203496738421 0.4975246007327573 0
1280 0.7201642939420219 0.4975498878693619 0
1281 0.7178133718000339 0.4940202461771669 0
1282 0.05112179000746139 0.4338621261084871 0
1283 0.4830334348293417 0.4965144474141441 0
1284 0.5172073537170724 0.4976054344522036 0
1285 0.03821258803186239 0.4969993089111592 0
1286 0.5005241493019114 0.4985941857589629 0
1287 0.2247571228054476 0.4969434934078641 0
1288 0.6494534042690989 0.4980984324478815 0
1289 0.2156678076503547 0.4951474277696192 0
1290 0.08780871621622781 0.4934188821662384 0
1291 0.08174172875467811 0.4968602295210676 0
1292 0.919441418097145 0.4977204451326399 0
1293 0.03307824441050754 0.4941662486180904 0
1294 0.6585568732132194 0.498186415688534 0
1295 0.08433589429584012 0.4962307668214199 0
1296 0.9521253491569175 0.4976435554029354 0
1297 0.35105382834974 0.4977427787889226 0
1298 0.343945741582697 0.4978209332599341 0
1299 0.3519491191129424 0.4934967243065476 0
1300 0.3598761339621473 0.4969101185131054 0
1301 0.3650888748883691 0.4732076614841367 0
1302 0.3932438531376434 0.4570179187110295 0
1303 0.3872630781670608 0.4782993954820135 0
1304 0.3891253071692274 0.4976131997685818 0
1305 0.3458687254450858 0.4978198058178971 0
1306 0.3448665726823994 0.4940349383336115 0
1307 0.3492586293974066 0.4836475688760697 0
1308 0.3376804407238333 0.4865627999096232 0
1309 0.327833604949157 0.4977983654546004 0
1310 0.3242841445736391 0.4861133738150631 0
1311 0.3324879471184415 0.4925166447463782 0
1312 0.3154823573087874 0.4926544173262244 0
1313 0.3037631058214966 0.4895810669419569 0
1314 0.3613775125850909 0.4864909343198123 0
1315 0.3743586369139218 0.4970868710356434 0
1316 0.3747351869766838 0.4841148839127736 0
1317 0.3841410519759729 0.4880992048757721 0
1318 0.3847931424932299 0.4969860602123797 0
1319 0.370193837757615 0.4925632817082254 0
1320 0.377120110827808 0.4922799119370768 0
1321 0.3710934699399754 0.4973662092245652 0
1322 0.3914065086647032 0.4968756348490703 0
1323 0.394315816303525 0.493995459697445 0
1324 0.3993459780149261 0.4946224180732629 0
1325 0.4056177647783766 0.4922182341290586 0
1326 0.4126661821583755 0.4915046248966034 0
1327 0.325767625809019 0.497728386645897 0
1328 0.330748246781829 0.4972684636321107 0
1329 0.3415146388368944 0.4971681986918651 0
1330 0.3382219197557338 0.4943273791639123 0
1331 0.5081914921386758 0.4974242570154565 0
1332 0.9924277472618896 0.4946102633137773 0
1333 0.4132065401936083 0.4973293327557761 0
1334 0.5879029326167032 0.4980590101244568 0
1335 0.2677754243928671 0.4875117153287057 0
1336 0.2765147597423478 0.4841378111411658 0
1337 0.1636536664950745 0.4965474932996822 0
1338 0.1553284791532367 0.4968507884034899 0
1339 0.01324554540297015 0.4971246721374241 0
1340 0.1996480465872232 0.4965101346507418 0
1341 0.6676601672038378 0.4980987522608578 0
1342 0.6235378502652356 0.4978049790750603 0
1343 0.3870327753181448 0.497871776481316 0
1344 0.4668643933058178 0.4979196744718282 0
1345 0.6231944920721838 0.4935511278989704 0
1346 0.3054695830326901 0.4975183335194047 0
1347 0.6959126887722521 0.4973773475982292 0
1348 0.1294853385262246 0.4973563169824849 0
1349 0.2460404289528588 0.07763511303573135 0
1350 0.458804977073293 0.4973173278845796 0
1351 0.542317173414262 0.4980479445648943 0
1352 0.5784778767677121 0.4974803215591003 0
1353 0.9266844426480345 0.497594534760033 0
1354 0.5332902234349398 0.4962287398426463 0
1355 0.6177506645016561 0.4943348122814452 0
1356 0.6131856213551208 0.4947443966075101 0
1357 0.244910296801902 0.496400683372019 0
1358 0.2480514520375564 0.4939721777116138 0
1359 0.7541052239969663 0.4971359876932918 0
1360 0.7555148301586767 0.4939094334474746 0
1361 0.7622654136051933 0.4933223043569478 0
1362 0.7724638679125935 0.4967796825276576 0
1363 0.775595218401926 0.4786080267687141 0
1364 0.7688553845644105 0.4923170449865059 0
1365 0.8001430772555949 0.473318269641877 0
1366 0.7502491574971946 0.4945781588712445 0
1367 0.769651061923267 0.4972957218246326 0
1368 0.7759239141597658 0.493196073836236 0
1369 0.7832390746955175 0.4917996316619457 0
1370 0.7863943164776258 0.4975144690443883 0
1371 0.7913570852736798 0.4860080131247735 0
1372 0.7974287441100092 0.4978139021843741 0
1373 0.7954963647512464 0.4978217889594521 0
1374 0.7747964941869949 0.498195932424919 0
1375 0.799689013480463 0.497140602412374 0
1376 0.8024934421521941 0.4941467030678841 0
1377 0.8114592035688598 0.496622176710715 0
1378 0.8118828184188629 0.4821302711950128 0
1379 0.8078927859223106 0.4932810202532644 0
1380 0.8153674373187215 0.4913106290646276 0
1381 0.8249486800689695 0.484795897273969 0
1382 0.796488041908045 0.4937993506696753 0
1383 0.6699713468773605 0.4980958994768671 0
1384 0.4463056540086021 0.4977129395037524 0
1385 0.5547129113430636 0.4977526424019053 0
1386 0.7444578685892984 0.4933486598940685 0
1387 0.4323946801925064 0.4978708629812964 0
1388 0.1431670249507091 0.4966093944770268 0
1389 0.3173155873429032 0.4973375435764366 0
1390 0.683624833743808 0.4980379828526582 0
1391 0.9411722399150998 0.4980351763068174 0
1392 0.09585011064874528 0.493409068219005 0
1393 0.08717472750632362 0.248434489779092 0
1394 0.7900631946934317 0.4941550699343969 0
1395 0.2911519441731246 0.482529578065666 0
1396 0.4005982833453898 0.4978492418910043 0
1397 0.5705939566726541 0.4979901040153074 0
1398 0.91634162739312 0.4967717825922922 0
1399 0.9118597415218058 0.4940002269088903 0
1400 0.362828889257007 0.4975763237912894 0
1401 0.6380023564615593 0.497520092161972 0
1402 0.03376422014265444 0.4971593974811401 0
1403 0.9677739218447945 0.1219645946452204 0
1404 0.3581642365525449 0.4939588439727934 0
1405 0.9043253855546962 0.4939685715223594 0
1406 0.8960917001604205 0.4916199311658352 0
1407 0.8808407107452626 0.4805212522430555 0
1408 0.8956996203003933 0.4975371975500388 0
1409 0.8883042028722751 0.4915807959277352 0
1410 0.8864831976388245 0.4973045108627081 0
1411 0.6445583806601329 0.4972397124779552 0
1412 0.4067946578981156 0.4971318502707588 0
1413 0.6002846701670029 0.07590917602747238 0
1414 0.09792023576444026 0.4969402215636762 0
1415 0.9034322821816816 0.4980122564752895 0
1416 0.150004432689863 0.4973890902820818 0
1417 0.148956540367671 0.4946959753177077 0
1418 0.9698652900595415 0.4938936045508728 0
1419 0.8323578230139577 0.498332922724454 0
1420 0.8363469675936107 0.4981921637421233 0
1421 0.8386507415114567 0.4938956314683008 0
1422 0.8453557833695599 0.4942369970002656 0
1423 0.8570629198206376 0.4826459272214959 0
1424 0.8486333368774379 0.4976552380464312 0
1425 0.8501447335032789 0.4936889736331541 0
1426 0.8561158686098884 0.4931696808973003 0
1427 0.8592961901116103 0.4970401522353098 0
1428 0.8618591576265247 0.4910820643877711 0
1429 0.8677083516942665 0.4934237429230923 0
1430 0.8456148320079834 0.4979741114695771 0
1431 0.876804614884524 0.4914434665987754 0
1432 0.8779687090481796 0.4975539764910686 0
1433 0.8307009734698967 0.4942743959642474 0
1434 0.8250659595661221 0.4984941461947755 0
1435 0.8564274313622943 0.4975598717982255 0
1436 0.8861344614947836 0.1384003992373904 0
1437 0.1014207161451645 0.4949063589463648 0
1438 0.07914159408083493 0.4961974829713792 0
1439 0.2386631160844424 0.4978685827853911 0
1440 0.3110538145667165 0.4942257398924919 0
1441 0.3062999408406294 0.4933432469922264 0
1442 0.6896937432554409 0.4973841752013151 0
1443 0.4525517942650212 0.4972324979625651 0
1444 0.5468652127620891 0.4980847008731161 0
1445 0.7338290831400855 0.4967220926177071 0
1446 0.9286761096963493 0.2822426325736102 0
1447 0.4862278578333845 0.4947460888638763 0
1448 0.9629736104319387 0.03635783093487463 0
1449 0.3824852745803256 0.4978470609726487 0
1450 0.3813662997968772 0.4940229506937598 0
1451 0.1854951836355641 0.4938906308609201 0
1452 0.1248325101514027 0.4971736271170015 0
1453 0.1229083367488601 0.4971329980336462 0
1454 0.1931811291876291 0.4969363957794316 0
1455 0.5491841306729403 0.498080143892379 0
1456 0.3113594858344126 0.4975801770605596 0
1457 0.9271434744218838 0.4005216081130358 0
1458 0.3348020437923568 0.4969142710438488 0
1459 0.0543945436001794 0.496990357850476 0
1460 0.7993484577767787 0.0729387790520776 0
1461 0.665423724536306 0.4980750399774846 0
1462 0.2184037093479511 0.4972001541783706 0
1463 0.7828975959462061 0.4976621488593884 0
1464 0.1124440755293824 0.4960059340446368 0
1465 0.8691830662007495 0.4980669902307936 0
1466 0.4758897142477959 0.4979200511354525 0
1467 0.5251068596920861 0.4978852084954809 0
1468 0.2875329190974636 0.4974221714275501 0
1469 0.7131108826368896 0.4962978990870824 0
1470 0.8225759728814375 0.4979611854891366 0
1471 0.8204276376061277 0.4941322223950862 0
1472 0.8254426252773645 0.4959481694509995 0
1473 0.8929166668283548 0.4964160887223836 0
1474 0.02448856093398022 0.4969329425140225 0
1475 0.46908853022297 0.4979434648432692 0
1476 0.7064414849084865 0.4980072921463491 0
1477 0.2821205121168721 0.49638261842201 0
1478 0.5195487655359792 0.4980101275638705 0
1479 0.7770972319112761 0.4980134060339129 0
1480 0.8089710854441136 0.4979507261879759 0
1481 0.5942196411456255 0.4971875712257067 0
1482 0.185939094271381 0.4972400025938812 0
1483 0.4230644043211759 0.4972194482142835 0
1484 0.660860171802142 0.4980226072264328 0
1485 0.1154097867004354 0.4970700677942517 0
1486 0.2684456222673568 0.4975542195155831 0
1487 0.2663078124022796 0.4975878722062138 0
1488 0.357416467562801 0.4977843125900766 0
1489 0.04955811603809577 0.4962794813886154 0
1490 0.7267537201067477 0.497502760878167 0
1491 0.363985612198316 0.4937176469693186 0
1492 0.7633894957912524 0.4979442224749825 0
1493 0.7612091204354561 0.4979864001072893 0
1494 0.2320152412929285 0.4965999747853261 0
1495 0.8021998980943327 0.4978693550454593 0
1496 0.02915897943397508 0.2122198441452303 0
1497 0.8067980916208767 0.4979792498198231 0
1498 0.3781848169032312 0.4967896681160685 0
1499 0.4301718805126899 0.4979693989921609 0
1500 0.4184198645097503 0.4976750487359246 0
1501 0.004360933193997616 0.4970129851365548 0
1502 0.2616612953552939 0.4965134318926702 0
1503 0.07455883614843914 0.4970559195010349 0
1504 0.7563642156177078 0.4976654396099091 0
1505 0.02059508639411125 0.43082327443536 0
1506 0.1458222598985472 0.4964547512631227 0
1507 0.8272449389203606 0.4980562714922702 0
1508 0.4226350219584176 0.08086946386503679 0
1509 0.5013495805368929 0.487838801730144 0
1510 0.8979002691811424 0.4980616054107406 0
1511 0.02907356648221806 0.4966062366935273 0
1512 0.0911304604877804 0.4965770610510531 0
1513 0.7020262234820311 0.4976429718476882 0
1514 0.09554223839742046 0.4971396464095937 0
1515 0.2368211840675115 0.49770522114936 0
1516 0.4280710934334477 0.4979269651624066 0
1517 0.4645192824268927 0.4978870851281332 0
1518 0.7314057367435519 0.4979599293253465 0
1519 0.6357856941339379 0.4980055222919115 0
1520 0.01990446672097022 0.4969279551325921 0
1521 0.01779691022717204 0.4971277823325272 0
1522 0.3984825712891621 0.4978065175752238 0
1523 0.0722800609461519 0.08431629690706754 0
1524 0.888610629573295 0.4973287828962272 0
1525 0.1201251462067138 0.4965371539258154 0
1526 0.2128531658046305 0.4970998640508784 0
1527 0.1910328366562595 0.4974209523574019 0
1528 0.2069743434443099 0.4966319645089892 0
1529 0.9389152115730794 0.4979964256797746 0
1530 0.6312162180588479 0.4979555690343078 0
1531 0.6015712546134382 0.4979379064730566 0
1532 0.5993176177056455 0.4980908154963908 0
1533 0.6813666854872305 0.4979940534829445 0
1534 0.3939519711267568 0.497499035127029 0
1535 0.4440137023402939 0.4978806202953792 0
1536 0.2161062055581021 0.4974898161928832 0
1537 0.5398289153470045 0.4967941525991758 0
1538 0.4737121952524058 0.4974532446527443 0
1539 0.7110073138813449 0.4980616889136362 0
1540 0.3034304410209682 0.4958940755095486 0
1541 0.00952285678767912 0.4729675385213006 0
1542 0.06108891515788548 0.4970590542985175 0
1543 0.05892131516346145 0.4970883344810016 0
1544 0.06816695102293555 0.3368374987494932 0
1545 0.842664258352691 0.4973533272400777 0
1546 0.03400552320425738 0.03326256685946447 0
1547 0.1614850017934694 0.496343731779631 0
1548 0.4481960690254978 0.4820599847760453 0
1549 0.5856355864003223 0.4979764558014456 0
1550 0.348382565242908 0.4970812269231188 0
1551 0.802317547786819 0.4868939583264863 0
1552 0.1774902997997129 0.4964902144718255 0
1553 0.1748707039980574 0.4971853683256576 0
1554 0.535484799916308 0.4979428155735455 0
1555 0.5369478991665166 0.4944740159442079 0
1556 0.5605602175014106 0.4979657484806494 0
1557 0.323546589499794 0.49708287602912 0
1558 0.7473005400907662 0.4972432754923065 0
1559 0.06576985970414286 0.4969698215849842 0
1560 0.5809046812355113 0.4976807579561218 0
1561 0.4968540477002092 0.4623477687875472 0
1562 0.6065312440706534 0.4971400458935315 0
1563 0.1999999999995579 0.07072871979922916 0
1564 0.3216473862515142 0.4938404456266364 0
1565 0.3266806571588323 0.4944238404560489 0
1566 0.3680778928531052 0.4967347180401006 0
1567 0.7929969425374126 0.4972710613542058 0
1568 0.8694071652755082 0.4842065451403841 0
1569 0.9799260057428426 0.4979578564438511 0
1570 0.39547850004009 0.4886567774015172 0
1571 0.8372491765556553 0.486119188139248 0
1572 0.4171169373480127 0.4950646219400986 0
1573 0.9670086263470723 0.4723806692996553 0
1574 0.551083002769565 0.4864802495719927 0
1575 0.3884574252202213 0.4942651329974803 0
1576 0.7084911091258587 0.4956358304460131 0
1577 0.8152089594460363 0.4965317230476652 0
1578 0.8477401108394297 0.4863324049684276 0
1579 0.584919837914109 0.4835540194386041 0
1580 0.5531451226698576 0.07164757803535289 0
1581 0.0510508796513993 0.4936094787019785 0
1582 0.6562529953830214 0.4827784764519465 0
1583 0.1336280093796686 0.4964638017205953 0
1584 0.8663878015499267 0.4978149739357005 0
1585 0.248161681305392 0.5027114579002929 0
1586 0.2770991078291946 0.5033565063883991 0
1587 0.307214246210988 0.5032963192102107 0
1588 0.336518009376548 0.503474417507886 0
1589 0.366348536446482 0.5022291311987689 0
1590 0.3961357257127622 0.5019997807318856 0
1591 0.4251214610084753 0.5030443208808282 0
1592 0.4545927676038761 0.5030732751447845 0
1593 0.4846884822249008 0.5027362317997961 0
1594 0.5146528265191123 0.5021011157099269 0
1595 0.5444633292971164 0.5029327148968253 0
1596 0.5744391654386571 0.5018618333433187 0
1597 0.6036863249773403 0.5027439836170663 0
1598 0.6330923828445627 0.5020630366946129 0
1599 0.6629175302260756 0.5024516337872105 0
1600 0.6915976855811616 0.5027513306009628 0
1601 0.7225621719729395 0.5018848916629013 0
1602 0.752377323578321 0.502372104590275 0
1603 0.2211187798521153 0.5027051673809864 0
1604 0.7787605753087247 0.5023585781734042 0
1605 0.1950799194099462 0.5026387569578954 0
1606 0.8044123948394326 0.5019359866406904 0
1607 0.1711901184534561 0.5039470118586415 0
1608 0.8287298609720328 0.5016098262824985 0
1609 0.1471714862732978 0.5031958991468805 0
1610 0.8517163850997967 0.5029606604923418 0
1611 0.1263828118444666 0.503639773560888 0
1612 0.8723053961088774 0.501833654141379 0
1613 0.1090821203098984 0.5029674724060292 0
1614 0.8909731968656129 0.5022525175957102 0
1615 0.499296815444861 0.5009698579034332 0
1616 0.09214638672738808 0.5036844632955467 0
1617 0.9065246810291412 0.5023087714418724 0
1618 0.07692249248247213 0.5032397904191614 0
1619 0.923372324390469 0.5021589169305345 0
1620 0.4706033047818014 0.5034139418254953 0
1621 0.5286196930768799 0.5022210504870797 0
1622 0.291050427829348 0.5041824069643275 0
1623 0.7080693165600166 0.502336226861307 0
1624 0.2632487468144817 0.5030345950908626 0
1625 0.73619604221088 0.5023676720226744 0
1626 0.3223095775990195 0.503357390434043 0
1627 0.6792808531177996 0.5027397376715809 0
1628 0.4420928543428204 0.5033402305104853 0
1629 0.5585507013178731 0.503431562608403 0
1630 0.3532040941948663 0.502678821936258 0
1631 0.6474110583834114 0.5018394913904957 0
1632 0.4096206346368187 0.5023967363485569 0
1633 0.5899537678126155 0.501867286493906 0
1634 0.06369656924196547 0.5038686545573579 0
1635 0.936688749467832 0.5030476795954552 0
1636 0.2330119673528323 0.5031032234846043 0
1637 0.7652627662451835 0.5019856660486551 0
1638 0.3794789622091273 0.5028865718079395 0
1639 0.619998343970018 0.5026887243737161 0
1640 0.159277869083777 0.5041296196476799 0
1641 0.8416012887007769 0.5022380463009671 0
1642 0.1816753013565714 0.5024841661015778 0
1643 0.8181088105878265 0.5017714085704909 0
1644 0.2088163674875823 0.5026427107173763 0
1645 0.790959858600004 0.5027066501093482 0
1646 0.05132896380720264 0.5031894402608859 0
1647 0.03975935028545494 0.5030079976949902 0
1648 0.9477964806649025 0.502502719076823 0
1649 0.959413208128991 0.5024259793424941 0
1650 0.5063894483608357 0.5021543053760392 0
1651 0.03157394372344659 0.5029915674999145 0
1652 0.9680641289976907 0.5019357740389513 0
1653 0.1362715840419735 0.5028421394524216 0
1654 0.862344661668921 0.5014723040626889 0
1655 0.1175703526012148 0.5035551829370113 0
1656 0.8816755343480605 0.5023335070205547 0
1657 0.02252668669268596 0.5036392153617145 0
1658 0.9778539528379666 0.5027043898751133 0
1659 0.4932733885737377 0.5021866520079845 0
1660 0.7254396439624115 0.9556342698104072 0
1661 0.2747496664490217 0.9577331172828976 0
1662 0.5756669416878155 0.9611884339753068 0
1663 0.4324767011818221 0.9575009698489151 0
1664 0.04084134119088054 0.6931832594069616 0
1665 0.9544687717941235 0.6872544924970401 0
1666 0.08557468916224982 0.5026447299791158 0
1667 0.9136054621500785 0.5018657613232469 0
1668 0.01485338471496424 0.5031559123519819 0
1669 0.9842937286060158 0.5025547466099136 0
1670 0.070250292953842 0.5039855025058522 0
1671 0.9289325002206061 0.50270610559893 0
1672 0.100031183880661 0.5039759986923125 0
1673 0.8992693520630721 0.5029674311307089 0
1674 0.03307815241782854 0.6063027372375018 0
1675 0.9683847651577558 0.5968206444210699 0
1676 0.04336904661507451 0.8346496204874347 0
1677 0.9590559390976731 0.8345265479142756 0
1678 0.01595073639477391 0.5474140269743761 0
1679 0.9784775518676958 0.5404160069426736 0
1680 0.1750000000007281 0.9566987298105979 0
1681 0.8245141350815535 0.9579425347093713 0
1682 0.04532863204245436 0.5036024311185051 0
1683 0.9538725980365171 0.502299983632216 0
1684 0.01037787279394119 0.5031104936984359 0
1685 0.9892660299204883 0.5017354627935507 0
1686 0.5019038416693443 0.5011648725045129 0
1687 0.01271697430887149 0.5065378919800849 0
1688 0.9872962653574915 0.5049159134036635 0
1689 0.006272451119603621 0.5029994261848645 0
1690 0.9927152590082636 0.5037462519258585 0
1691 0.03593478477693482 0.5026833566776178 0
1692 0.9639592496059717 0.5024654672692127 0
1693 0.02645333915191872 0.5033057332696793 0
1694 0.02518739975217639 0.5080982993600428 0
1695 0.03617228807503021 0.5073509005891518 0
1696 0.9735614057297772 0.5019681352377523 0
1697 0.9754496980204439 0.5059076101355811 0
1698 0.9622053376327744 0.5054925711982996 0
1699 0.05578909219082919 0.5032280848261127 0
1700 0.9432815451938775 0.5026584172694932 0
1701 0.05365011407910732 0.507145444981938 0
1702 0.9455311785933876 0.5054309821205889 0
1703 0.07682550698520425 0.9560045353307249 0
1704 0.9249999999996877 0.9566987298107179 0
1705 0.009991407277925407 0.5119043984800111 0
1706 0.9912059303060949 0.5113440604014396 0
1707 0.04791246030590521 0.507701254846837 0
1708 0.05289040063772833 0.5145357386360536 0
1709 0.9514914388862209 0.5066224417461567 0
1710 0.9493544745204139 0.5118900721892856 0
1711 0.05992090329909087 0.507373358605935 0
1712 0.06338098821085433 0.5187190667855937 0
1713 0.06733977039783634 0.5086815594437757 0
1714 0.07728408217757049 0.5166416057582744 0
1715 0.07577822979580573 0.5346778009831979 0
1716 0.1012537940212291 0.5324747479303149 0
1717 0.09224780275887912 0.5682683819382143 0
1718 0.1346037577565625 0.5585361795810918 0
1719 0.1199390568892068 0.6049812301156845 0
1720 0.1668325297412757 0.5941115451326634 0
1721 0.151997812075317 0.6411597719715579 0
1722 0.2002734653575496 0.6296806984228761 0
1723 0.1857711455116901 0.6774408773440039 0
1724 0.2343464854341367 0.6659213711413019 0
1725 0.2199348559445878 0.7137952821656084 0
1726 0.2685791900000139 0.702296917602964 0
1727 0.2829496877581293 0.6543949420849426 0
1728 0.3172279504431215 0.6907974559185763 0
1729 0.3316032332561224 0.6429080326174939 0
1730 0.3658858093310052 0.6793043523950013 0
1731 0.3515082433238005 0.7271928746447978 0
1732 0.4001685087335798 0.7156998909147343 0
1733 0.4145460312303011 0.667811518541606 0
1734 0.4488297183661989 0.7042068527651872 0
1735 0.4630703267238941 0.6547636744491718 0
1736 0.4974680877826137 0.6924546847866276 0
1737 0.5117048894376903 0.6429683181655168 0
1738 0.546121028366358 0.6808680764713047 0
1739 0.4831097418551059 0.7405589683222396 0
1740 0.5604969872459542 0.6329641484261631 0
1741 0.5948104694859884 0.6696964833342524 0
1742 0.5804302609297463 0.7175520968213349 0
1743 0.6290965573216989 0.7061172784650693 0
1744 0.6434738546997902 0.6582285556725129 0
1745 0.6777581983889964 0.6946295152499189 0
1746 0.6925911009531409 0.6443085422505596 0
1747 0.7264953351305463 0.682731389738673 0
1748 0.7417472956917038 0.6316593670504724 0
1749 0.7120547347228359 0.730957646132798 0
1750 0.6147187117208339 0.7539997663923891 0
1751 0.7607180276069894 0.7194534197914166 0
1752 0.254193141878061 0.7501818481736948 0
1753 0.7463305035824521 0.76739620661298 0
1754 0.3857913290020778 0.7635882148309443 0
1755 0.4298944525160449 0.6085965937634178 0
1756 0.2055233841867586 0.7616714270274207 0
1757 0.7949903352209011 0.7559103852044823 0
1758 0.6563288225626904 0.6066160856315266 0
1759 0.2965593396262462 0.6061357178039298 0
1760 0.8093674426096138 0.7080232549771432 0
1761 0.3446608803495009 0.5960799767810318 0
1762 0.239808370134132 0.7980675229590783 0
1763 0.1911458681469734 0.8095597112662865 0
1764 0.5266420019164777 0.5954054853745091 0
1765 0.7806110803859421 0.8038089945860994 0
1766 0.7319486044524071 0.8153089672372007 0
1767 0.5732871230570435 0.5861250824262261 0
1768 0.2125113842949728 0.5834921498442411 0
1769 0.1574803143869523 0.7733522376357187 0
1770 0.8436482918945196 0.7444345725284326 0
1771 0.2254296676677572 0.8459554339729027 0
1772 0.2740914394561785 0.8344627127226298 0
1773 0.7662326668876839 0.8517031108496294 0
1774 0.8148938807887438 0.8402098866298386 0
1775 0.1767679919250533 0.8574478796000153 0
1776 0.8580261231176466 0.6965435711237784 0
1777 0.7175713087543403 0.8631971063187126 0
1778 0.3116942902291597 0.5586256619800427 0
1779 0.1372561546816355 0.6889077147325897 0
1780 0.5660574482370536 0.7654918238054349 0
1781 0.6003420475011501 0.8018956901401817 0
1782 0.5516809809142362 0.813389986856641 0
1783 0.5859649710733092 0.8497869258692372 0
1784 0.5373038521551547 0.8612806274257627 0
1785 0.5030199995189887 0.8248852524543835 0
1786 0.4883498324135521 0.8715339612990364 0
1787 0.4543100474341882 0.8361720399711985 0
1788 0.8237423602752921 0.6601478257189407 0
1789 0.8724031357698714 0.6486569447507461 0
1790 0.8381192364990331 0.6122619285178454 0
1791 0.5411036149991594 0.5515597508942987 0
1792 0.4962206049032249 0.5607724085611971 0
1793 0.8850991450108552 0.6023529627417025 0
1794 0.8523357465861091 0.5640962908734813 0
1795 0.8065680121525931 0.5777783439099338 0
1796 0.9003418672640449 0.5609557037043724 0
1797 0.356509890016133 0.5443362337244828 0
1798 0.1804367674313823 0.5508388872221235 0
1799 0.3371301003872188 0.7750812766013194 0
1800 0.371413887351761 0.8114765570618651 0
1801 0.6346261729283351 0.8382941675494759 0
1802 0.6198023991136946 0.884292608453909 0
1803 0.8902604633409795 0.7323259058126448 0
1804 0.8775849116340197 0.7807255482506599 0
1805 0.5817995666653156 0.5478789243743467 0
1806 0.4395265129946556 0.8823405799089241 0
1807 0.2123836430390585 0.8905759693034416 0
1808 0.9224749251828479 0.7625403983314741 0
1809 0.5201866773668158 0.9108152091815669 0
1810 0.8048739919030881 0.8851235652294589 0
1811 0.8498588485129956 0.8760331915262828 0
1812 0.2200125403498839 0.5422296723986271 0
1813 0.8171920431663227 0.5422397154501931 0
1814 0.7784571245573895 0.5401000216542687 0
1815 0.9188323375312393 0.6424694288680517 0
1816 0.5144385914261931 0.5327764327647165 0
1817 0.4807471799953074 0.5345946992083727 0
1818 0.4596072245752636 0.5656366729306697 0
1819 0.4531215597377641 0.5280861322549866 0
1820 0.4258187028665577 0.5606221441400753 0
1821 0.4974442368142103 0.5214946849385833 0
1822 0.4799253627443198 0.60309355365303 0
1823 0.7590903611707167 0.5835167417434738 0
1824 0.7346438066722468 0.5418842580766361 0
1825 0.7092466474141563 0.584261106558001 0
1826 0.6629455440249914 0.5620797041713809 0
1827 0.161569577481442 0.9115958315224831 0
1828 0.1279698502660493 0.8699837367785122 0
1829 0.1137288239885311 0.9168286333492044 0
1830 0.08063403553181062 0.8780409629921584 0
1831 0.09531926776029549 0.8299853695879331 0
1832 0.0675744071549135 0.7887931055979163 0
1833 0.5364194141757159 0.5257642983043319 0
1834 0.5379529371708469 0.5027493527400507 0
1835 0.2584995003637291 0.5679342573760894 0
1836 0.2797106878047853 0.5370795547144855 0
1837 0.9405685086209025 0.5065729874718332 0
1838 0.9366583343557635 0.5178459280983099 0
1839 0.9321659026048129 0.507178311856934 0
1840 0.9232925493015833 0.5155137546024087 0
1841 0.9501864361694478 0.530793579166717 0
1842 0.1066259002356205 0.6532820245232496 0
1843 0.2489995157912053 0.5314720603894443 0
1844 0.01893102767236503 0.5072436315676432 0
1845 0.02193655739529404 0.5145088797499686 0
1846 0.0134875517062727 0.5260742600515496 0
1847 0.9814188558012533 0.5062816368682136 0
1848 0.9808320815606482 0.5177680728871006 0
1849 0.9649784939220082 0.5154782077783048 0
1850 0.2475233104724606 0.6179265227788968 0
1851 0.1714216840869557 0.7253248198319244 0
1852 0.1254672045994048 0.7380690590788526 0
1853 0.3227526296611569 0.8229696180761419 0
1854 0.357036513609107 0.8593648894396888 0
1855 0.3088849892738331 0.8703779141273582 0
1856 0.3423829899166619 0.9091276730864724 0
1857 0.2613076361443462 0.8800552243404869 0
1858 0.2884702828367952 0.7865748417197957 0
1859 0.3028514848115018 0.7386875357768581 0
1860 0.3799416110529394 0.6310747352807506 0
1861 0.3903326233292835 0.8956316005383953 0
1862 0.4054491012971249 0.8474948650369788 0
1863 0.4200750230637541 0.7999835233018009 0
1864 0.1434376965271353 0.8210181759390918 0
1865 0.4809728039877328 0.9566210871817669 0
1866 0.4344517536545765 0.7520879903382065 0
1867 0.224984795096221 0.9583146479391813 0
1868 0.3231981222997048 0.9565708514079702 0
1869 0.3801060669823728 0.9481738529529657 0
1870 0.5317639909867679 0.7289871851156341 0
1871 0.5173947270698157 0.7769672847414442 0
1872 0.6688356685738437 0.8743750290706617 0
1873 0.6496288489660911 0.9183607054979218 0
1874 0.6989025244637458 0.9117990018178546 0
1875 0.7562063727390226 0.9053425881668928 0
1876 0.7769307708308415 0.9572526642380255 0
1877 0.6832750155995071 0.8267492725141971 0
1878 0.6633827568404136 0.7425040951915511 0
1879 0.6490015771592987 0.7903927764231045 0
1880 0.905202629072414 0.6863022275148756 0
1881 0.607986086279899 0.6209996762864798 0
1882 0.7907246442516921 0.6228346964160607 0
1883 0.7754658509276395 0.6708083256154511 0
1884 0.4687268820994048 0.7884425098548787 0
1885 0.8292138843582273 0.7923012653513579 0
1886 0.6976651531073556 0.778898952771822 0
1887 0.8635953016644524 0.8285997095629647 0
1888 0.8960485779674674 0.8665728276415684 0
1889 0.8846106365685362 0.9130332194706239 0
1890 0.9309010744521922 0.9015827846429463 0
1891 0.5704055059486866 0.894247655702096 0
1892 0.9155977270686948 0.8174993490247136 0
1893 0.8714819314620614 0.5359967609489841 0
1894 0.08781830970626239 0.7029117362659797 0
1895 0.04262937759398938 0.7422019146730149 0
1896 0.5275486008293151 0.9587641068320565 0
1897 0.03585817840025825 0.6459161207421333 0
1898 0.04207352656307305 0.5154441284385234 0
1899 0.05375180229826826 0.5291383582891689 0
1900 0.6253531308611886 0.9596698326098999 0
1901 0.9623744376233739 0.6406484526777707 0
1902 0.8739494441955898 0.9591443025727673 0
1903 0.4261783638656755 0.530628315676922 0
1904 0.03721306285531045 0.9301649081407477 0
1905 0.9617562399134081 0.7391235426848304 0
1906 0.5612742796641665 0.5225531643625411 0
1907 0.1277113278865193 0.5305705954959965 0
1908 0.1536994752098317 0.5285630825675889 0
1909 0.6179681631751196 0.5698848596541592 0
1910 0.6361517841183689 0.53821113582938 0
1911 0.1124413795362292 0.7842645375572754 0
1912 0.4980983563297895 0.501102991525879 0
1913 0.498944483610378 0.5027784873711006 0
1914 0.4965532361899752 0.5018033402703447 0
1915 0.4961791428016104 0.5048130165253226 0
1916 0.5003011911370083 0.5065962829133099 0
1917 0.4924658242340614 0.5064644636735326 0
1918 0.4956661177064196 0.5103551140039772 0
1919 0.4879739442302609 0.512858441642786 0
1920 0.4781012469768384 0.5036059451069091 0
1921 0.473174852125804 0.5185166324038216 0
1922 0.4628051405726308 0.5040110319832185 0
1923 0.4812732072104465 0.5067374747612571 0
1924 0.4667132035136084 0.5108379728503202 0
1925 0.5015599756475363 0.5125805647070478 0
1926 0.5060078755155544 0.5085665107059335 0
1927 0.5096681094433122 0.5023194732503578 0
1928 0.5101580612018981 0.5155435110975801 0
1929 0.5211341084843615 0.503112153438298 0
1930 0.5242160027243665 0.5150286852876743 0
1931 0.52850565717098 0.5071707204602971 0
1932 0.5336667291891323 0.502026180138491 0
1933 0.5355057044581061 0.5060942510311531 0
1934 0.5455526263108181 0.5147800504917863 0
1935 0.5504167067654411 0.5028191350074681 0
1936 0.5418653578163304 0.5054290240403128 0
1937 0.5472263178598322 0.506453002029324 0
1938 0.5543031513227753 0.5078022606449905 0
1939 0.5652105286488631 0.503364892004283 0
1940 0.5617829379744678 0.5081194512778857 0
1941 0.5691011929528599 0.5080821583436471 0
1942 0.5812523706579177 0.5018961135177671 0
1943 0.5874351612134893 0.5231639157403661 0
1944 0.6100312621644501 0.5270491957002484 0
1945 0.6101719864812806 0.502928094397403 0
1946 0.488112606316751 0.5038816014846544 0
1947 0.5185125267580456 0.508935645159421 0
1948 0.2944592845133687 0.9160757047305601 0
1949 0.5035697829692385 0.5019469106490864 0
1950 0.4665739471487705 0.5023059428695505 0
1951 0.4586243604269209 0.5088262498603449 0
1952 0.448555607112005 0.5033672982105525 0
1953 0.451144455578676 0.5090534888204603 0
1954 0.4446322260736214 0.5070213331287283 0
1955 0.4346940334810555 0.5033261289864153 0
1956 0.4385338816322518 0.5060706504754007 0
1957 0.07302890282167109 0.6155473703205314 0
1958 0.1282290367212135 0.9581555579202465 0
1959 0.00335855481911797 0.5044446814053135 0
1960 0.9972783289309394 0.5043832797126655 0
1961 0.9226108386332298 0.5331433611844941 0
1962 0.895263488832753 0.5262600457337542 0
1963 0.9463848135221389 0.5613232287861101 0
1964 0.3288743438396668 0.5319416109077589 0
1965 0.3046339076724635 0.5287731857609324 0
1966 0.3116657321376397 0.5145022349940411 0
1967 0.3013096770663324 0.5030444484689901 0
1968 0.313551643253558 0.5024855365703377 0
1969 0.08172735772411813 0.5095293377270147 0
1970 0.9178144002197932 0.5075595785063599 0
1971 0.6763722722425681 0.9581650156139199 0
1972 0.5124984487113107 0.506846848798773 0
1973 0.03740762118822018 0.8840190935210404 0
1974 0.07433484541382415 0.5074727321418858 0
1975 0.924491280476492 0.5055687689565367 0
1976 0.03125741092337265 0.5134601915349826 0
1977 0.8430221347018794 0.5310170509208766 0
1978 0.4267896888114187 0.5165168591599911 0
1979 0.417053247987841 0.5027695692151732 0
1980 0.04235198714135741 0.5066550802892179 0
1981 0.9569219578820302 0.5065697431585816 0
1982 0.08918220537953424 0.5177756695368599 0
1983 0.3894664824586739 0.5805912661584932 0
1984 0.9646270637806491 0.9286473885236178 0
1985 0.4096459742667756 0.5165212706574431 0
1986 0.402735427331818 0.5020908011507336 0
1987 0.421966292743669 0.508674432905536 0
1988 0.4310556947900507 0.5067291881150635 0
1989 0.964917632769144 0.7872484187469257 0
1990 0.6647569527722951 0.5275218196202952 0
1991 0.6945577715623351 0.5384762082673814 0
1992 0.04711027945710868 0.5641555161738615 0
1993 0.9083242274258279 0.5152684807747698 0
1994 0.4681557523581777 0.914741427655043 0
1995 0.0426327325301521 0.5030188123432698 0
1996 0.9568968144284213 0.5022591412266584 0
1997 0.5124427001096521 0.5022534875518114 0
1998 0.2750617620254512 0.5024427010209287 0
1999 0.2706141141019603 0.5032011604720609 0
2000 0.2737325406832885 0.5059445037506509 0
2001 0.2791684919332086 0.5069351040214073 0
2002 0.2831786096744696 0.5032334901264804 0
2003 0.2859717565925074 0.5085891806633868 0
2004 0.2938919923594801 0.5077361918166827 0
2005 0.2626126618135117 0.5193966011700115 0
2006 0.2551407578667146 0.5024256527731439 0
2007 0.2674456959067231 0.5068707065402168 0
2008 0.2600423150702549 0.5085523133324488 0
2009 0.2526505146516371 0.5148080851844434 0
2010 0.2416306293842637 0.5024420806961939 0
2011 0.2306443725002638 0.5183594248612335 0
2012 0.2276611427204426 0.502435273575542 0
2013 0.2954602597739805 0.5026805581291417 0
2014 0.2297159232860829 0.5025802361635817 0
2015 0.2287565235133986 0.5063683505967131 0
2016 0.2360123644818913 0.5086525642906536 0
2017 0.2150385801261214 0.5192679854134409 0
2018 0.1971585876431653 0.5251028652408661 0
2019 0.1748459351883098 0.5207735493070537 0
2020 0.1696415178741687 0.5076439031526471 0
2021 0.1659833915113187 0.5038784208419467 0
2022 0.1624865228594023 0.5092361903189843 0
2023 0.1545016346543555 0.5089893566256302 0
2024 0.1406159163755613 0.5191710034201686 0
2025 0.1359079856499939 0.5092645543157922 0
2026 0.1412635414886219 0.5030665207180994 0
2027 0.1437050632152014 0.5087289257864809 0
2028 0.1302904333318604 0.5028154798052659 0
2029 0.1290667956190514 0.5075340483887745 0
2030 0.1223979695497169 0.5071596311676809 0
2031 0.1154545055420148 0.5100224868087599 0
2032 0.1753357772334432 0.5070309996920018 0
2033 0.1850032890252891 0.5144816102474312 0
2034 0.1881035730668074 0.503172562177942 0
2035 0.1047657751993082 0.5137254765437009 0
2036 0.1134782669521267 0.5042697167865489 0
2037 0.1508506228552013 0.5024735214961775 0
2038 0.7246593185995274 0.5019087666056495 0
2039 0.727906534997661 0.5025645155050986 0
2040 0.7235112771131527 0.505285606905293 0
2041 0.7297951393555534 0.5082379736669448 0
2042 0.7368529510547491 0.5059074939407304 0
2043 0.7153685868885924 0.502864958912834 0
2044 0.7459456017005992 0.5024262794488366 0
2045 0.7109874029635157 0.5206768236722994 0
2046 0.7016437659597243 0.5018601311457628 0
2047 0.7410585116008978 0.50204746107934 0
2048 0.6997213538198225 0.5018648513307696 0
2049 0.700009258210659 0.5056009203081069 0
2050 0.584473789712039 0.5025131838775134 0
2051 0.5819802773032027 0.5057564085491171 0
2052 0.5906273035996015 0.5113985290714206 0
2053 0.596379905391728 0.5022711625544407 0
2054 0.1842445212291397 0.5035372275472422 0
2055 0.08832479114763479 0.5032018474549358 0
2056 0.9116823820363319 0.5018728857868142 0
2057 0.1332669785998982 0.5039866819693901 0
2058 0.01779692940315356 0.5028818057015926 0
2059 0.4206866616015348 0.5026755444736509 0
2060 0.6081348711059673 0.5020017820306064 0
2061 0.6063379122668477 0.5053476785728113 0
2062 0.6123576988688482 0.5099283078137439 0
2063 0.6269925914065152 0.5155768545372544 0
2064 0.625751176096441 0.5025786916777784 0
2065 0.6005165816861144 0.5063310169317611 0
2066 0.615710638418191 0.5018818215874287 0
2067 0.6470974183615978 0.5168068314184557 0
2068 0.6519163948191065 0.5072507685517736 0
2069 0.6399837910420785 0.5016912194327555 0
2070 0.6561055383627857 0.5032713633659456 0
2071 0.6414006118597133 0.5092247000148724 0
2072 0.6506052439848575 0.5021942016159028 0
2073 0.6592634956677998 0.5088510212577099 0
2074 0.6713846716131218 0.5026375273325675 0
2075 0.6695125786920822 0.5091707063683116 0
2076 0.6175064269525331 0.5055889242616702 0
2077 0.6236513890463133 0.505983836715622 0
2078 0.6317128236392805 0.5051183107049716 0
2079 0.6533275322993841 0.5025432667067244 0
2080 0.6292037412486158 0.5019394359677067 0
2081 0.5757230861969105 0.5051716717260525 0
2082 0.1390528939978993 0.5042246336489351 0
2083 0.1797541023546201 0.502492943644654 0
2084 0.1811119394635475 0.505999476403046 0
2085 0.1862375278183408 0.5072063501472459 0
2086 0.1963394036521206 0.5138726082689191 0
2087 0.2021927768023346 0.5024442607792093 0
2088 0.1926932057270351 0.5061435876781155 0
2089 0.2044952863983631 0.5031883962692977 0
2090 0.2077546556736136 0.505248495522451 0
2091 0.2141687597760014 0.5068030653694626 0
2092 0.2157014713127005 0.5025830837575797 0
2093 0.06696333612267619 0.5031891216231168 0
2094 0.931916539501269 0.502384184704774 0
2095 0.2507058825496173 0.5033827489833556 0
2096 0.7491761258476537 0.5017362081210673 0
2097 0.749159010593774 0.5052821305653299 0
2098 0.7582161795706246 0.5021067000397617 0
2099 0.6745218838779093 0.5019266428019575 0
2100 0.6768011884902916 0.5056122897418116 0
2101 0.6857517214598443 0.5029078472296253 0
2102 0.6827002858264957 0.5053344246814633 0
2103 0.6884051861919412 0.507477325074514 0
2104 0.6823523144828711 0.5155344828448993 0
2105 0.6967897905337982 0.5145227953183994 0
2106 0.6948571997774252 0.5057197515112353 0
2107 0.7040742583680768 0.5026300841471127 0
2108 0.7053423142691162 0.5087002570523592 0
2109 0.7127551611481082 0.5071052399687966 0
2110 0.4371693696425014 0.5020534273832711 0
2111 0.5617918135082604 0.5024859843150952 0
2112 0.2798964226521047 0.5023421180393116 0
2113 0.7203363518128585 0.5026646501579215 0
2114 0.7186503248919189 0.5055874729559462 0
2115 0.7236354163132095 0.5144056860790902 0
2116 0.7509527050683678 0.5268842868638756 0
2117 0.7608020588081853 0.5167047993079981 0
2118 0.7722976667792462 0.5018646265148716 0
2119 0.7703750180385138 0.5018706116783835 0
2120 0.7714186674581224 0.5046323363528239 0
2121 0.5016077633876843 0.5030375143930591 0
2122 0.5043470413225202 0.5045930795851894 0
2123 0.5077821846707067 0.5048960435432587 0
2124 0.258198000557425 0.5031079173482914 0
2125 0.482565431369366 0.5020797970495895 0
2126 0.5168826396102808 0.5034992938510697 0
2127 0.9617915836233186 0.5020768035620012 0
2128 0.5004784049391242 0.5013251220286843 0
2129 0.2254614743330862 0.5033027998131612 0
2130 0.2230374278659865 0.5073732002511743 0
2131 0.7748584294354581 0.5024691005288304 0
2132 0.7763867042879536 0.5057915383802133 0
2133 0.7830532831900104 0.5066200141442336 0
2134 0.7740208555399362 0.5140503372265341 0
2135 0.7860651878197636 0.5027463536227549 0
2136 0.787862615989825 0.5064885927120717 0
2137 0.7974651219827652 0.5029028358201546 0
2138 0.7848647379500797 0.5176374755542319 0
2139 0.7992697258445329 0.5179240450152812 0
2140 0.7938988137959827 0.5068348648123344 0
2141 0.8000860306491965 0.507029220235239 0
2142 0.8111820075643031 0.5034875130490788 0
2143 0.8074188042296186 0.5080236681155446 0
2144 0.8154894253005803 0.5079115252297313 0
2145 0.823872616059994 0.5094773410986878 0
2146 0.8346426800978264 0.5139291130038036 0
2147 0.8024260821186266 0.5034130199874146 0
2148 0.8249323197465681 0.5018622747492387 0
2149 0.7393412462148911 0.5142833021365129 0
2150 0.9123801161485126 0.505629859637595 0
2151 0.08164801705643848 0.502954483497529 0
2152 0.9182777473569494 0.5022748320937287 0
2153 0.9673838749592092 0.5050179643689244 0
2154 0.5788419009477499 0.5024672756024637 0
2155 0.6590800621366174 0.5029148036821732 0
2156 0.9157144042004093 0.5028883385934882 0
2157 0.04787936481901655 0.5032606945380698 0
2158 0.3498682969586436 0.5019306313320011 0
2159 0.347136839796264 0.5032663391974836 0
2160 0.3507082289313511 0.506149740220761 0
2161 0.3456478720225391 0.5087759007998411 0
2162 0.3586085665076613 0.5025963068360474 0
2163 0.3411349386783432 0.5025167190487783 0
2164 0.3525692074992014 0.515104825341016 0
2165 0.3768185946245759 0.5280681746460724 0
2166 0.3987339289581641 0.5418354385381779 0
2167 0.3890233446779987 0.5174478660887667 0
2168 0.3868530793363731 0.5029641821344185 0
2169 0.3921861738909517 0.5034188260782018 0
2170 0.3753957245467505 0.5160867237205873 0
2171 0.3951640644822704 0.5096094381283212 0
2172 0.373004796154854 0.5023621469599111 0
2173 0.3399776233807549 0.5063765115170403 0
2174 0.3275336121134457 0.5022070370548558 0
2175 0.332633318604462 0.5073509002192831 0
2176 0.321020999706886 0.5087257289323035 0
2177 0.3405279933204844 0.5182362970687154 0
2178 0.3709690538336653 0.5025872430114685 0
2179 0.3249313864694773 0.5020972187847954 0
2180 0.007578864294566437 0.5063708463734455 0
2181 0.4118710634254202 0.5032512922889707 0
2182 0.4146165618889531 0.5067621327055072 0
2183 0.4086152119893123 0.5055738063743519 0
2184 0.5873079504819479 0.5016666861314028 0
2185 0.1625689028972885 0.503211483256792 0
2186 0.1535564061345527 0.5037450695798668 0
2187 0.9867582590301728 0.5019018114689974 0
2188 0.2003274551852408 0.5024610891489362 0
2189 0.2011718058146634 0.5060446497526837 0
2190 0.7999413030397321 0.5026690152085617 0
2191 0.3753404283007098 0.5036518315123304 0
2192 0.8416603372881621 0.9180326647359304 0
2193 0.3893663405174751 0.5070584036620378 0
2194 0.3838650018234602 0.5064891477422966 0
2195 0.3558705946318039 0.5055541974718163 0
2196 0.360105084457684 0.5081617209829071 0
2197 0.2754372098288997 0.5153622211628281 0
2198 0.7427419228887036 0.5059337346047693 0
2199 0.6676601672038378 0.5019012477391422 0
2200 0.6136148011374813 0.5033878580100409 0
2201 0.3041262681342118 0.5026897585535224 0
2202 0.3026331649607963 0.5097673426766967 0
2203 0.6947670621930838 0.5020973437427356 0
2204 0.7553648431813641 0.5049222743159953 0
2205 0.2461767887196942 0.9223155821599383 0
2206 0.457706390776758 0.502832651542428 0
2207 0.9673175762490194 0.8818046770816246 0
2208 0.07329403402123973 0.5032816199976774 0
2209 0.6384659097029181 0.5042661100405252 0
2210 0.2459005034950728 0.5033722221638417 0
2211 0.24227715841399 0.5060711365510591 0
2212 0.2478702508728929 0.5074299990717784 0
2213 0.7545972350865275 0.501891846257716 0
2214 0.3298627067605854 0.5030960995055487 0
2215 0.4451317736759896 0.502342973656785 0
2216 0.5536346150261487 0.5025257589629534 0
2217 0.43261877025213 0.5019913952167928 0
2218 0.5682028736519399 0.5026767113311095 0
2219 0.1436820259798293 0.5032837611147233 0
2220 0.3159948485118281 0.5028072363684594 0
2221 0.3152308256434801 0.5071665714110191 0
2222 0.2903797865364887 0.5178846127991685 0
2223 0.05883169030325253 0.5028471682030079 0
2224 0.09645413169789327 0.5081195595043834 0
2225 0.08718613571815986 0.7512480706346079 0
2226 0.3265393284477871 0.5058003531289166 0
2227 0.4001227155583214 0.5018485603819159 0
2228 0.4021516709850673 0.5057805555917718 0
2229 0.5993176177056454 0.5019736856172698 0
2230 0.0873207878533338 0.5076003290625564 0
2231 0.362094706707065 0.5032691701088092 0
2232 0.9662395968189986 0.5019081234251398 0
2233 0.9048765496820493 0.5050705618763967 0
2234 0.8974803944680257 0.5089998738992906 0
2235 0.879367321383435 0.5196145446652216 0
2236 0.8954845806976025 0.5020026926418641 0
2237 0.888069967548237 0.5093066378922509 0
2238 0.8872412125039575 0.5027163212308502 0
2239 0.3555750013693877 0.5022817885482193 0
2240 0.6451863150694348 0.5018596775474687 0
2241 0.3268769526761544 0.5144261875418363 0
2242 0.4077132484250537 0.5020917863545873 0
2243 0.5924944696185526 0.5025736132543441 0
2244 0.5938046168234801 0.5056387936457928 0
2245 0.5990003248788572 0.9243519430295926 0
2246 0.1686438675452711 0.5033593054466922 0
2247 0.09632870955260608 0.5030335567303705 0
2248 0.9026037148317461 0.5019952714598366 0
2249 0.03012887632518891 0.5070413384507542 0
2250 0.8313836354567876 0.5018792231061444 0
2251 0.8363718230858362 0.5018772315174642 0
2252 0.8305874641612078 0.505158556120356 0
2253 0.8489877065780032 0.5018095724592424 0
2254 0.8447763439497441 0.5024649312457441 0
2255 0.8480043051943076 0.5061311941632309 0
2256 0.8539790434122013 0.5074276570124571 0
2257 0.8694311556205849 0.51155997197568 0
2258 0.8597761910814139 0.5016875382624625 0
2259 0.8614318020693379 0.505107288081089 0
2260 0.8788892895023566 0.5081290619197572 0
2261 0.8686599177829518 0.501833358750702 0
2262 0.8775887017113926 0.5022681230869288 0
2263 0.8417429984784769 0.506825439548878 0
2264 0.8469321750076572 0.5141526707909843 0
2265 0.8601048311623309 0.5184103847000758 0
2266 0.8704582104941633 0.50180263972537 0
2267 0.8572450028950558 0.5026947291444183 0
2268 0.3099680805410737 0.506585580537013 0
2269 0.9208769051661215 0.5029270160811932 0
2270 0.7497269644592143 0.5123350879657468 0
2271 0.3711778150927804 0.5075249646574747 0
2272 0.3774037550777911 0.5084132707212529 0
2273 0.2380267108200031 0.5031203564728995 0
2274 0.7613947619586938 0.5020000450144446 0
2275 0.7635801765508909 0.5059232589830411 0
2276 0.3099504108199602 0.5026258800298746 0
2277 0.5471673558893144 0.5024409703867234 0
2278 0.2662449745978632 0.5024698731445393 0
2279 0.7326731941551645 0.502725379305064 0
2280 0.9286761097343327 0.7177573673743913 0
2281 0.2052719654476143 0.5127232782613038 0
2282 0.6176505058948301 0.5020318940445631 0
2283 0.3824854597986377 0.5022455486928684 0
2284 0.8748673088651824 0.5029295041471389 0
2285 0.8702520927391418 0.5043891800687781 0
2286 0.8068182801253289 0.5022776326316339 0
2287 0.4511849131552434 0.5031381597409669 0
2288 0.4742925561187539 0.5075159739846115 0
2289 0.1228777334672853 0.5030240649571075 0
2290 0.03304660916964288 0.5285533321472806 0
2291 0.6884197748547187 0.5026273005810203 0
2292 0.945609693140344 0.502118423693381 0
2293 0.4280712829598308 0.5021677983483364 0
2294 0.5715653067444417 0.5023688359597404 0
2295 0.2425598498756141 0.5147244823764797 0
2296 0.7816624081694901 0.5020293649602567 0
2297 0.474550815456956 0.5024478742245477 0
2298 0.5241143475119885 0.5020317199355339 0
2299 0.2863324285678161 0.5030071932130733 0
2300 0.7883631170848857 0.5023883192888351 0
2301 0.9755156718605105 0.5021160270496893 0
2302 0.5313547831924514 0.5029187003528368 0
2303 0.711007313881345 0.5020336940555493 0
2304 0.2935039417461396 0.5030849845705232 0
2305 0.7179943214584703 0.5022234164053404 0
2306 0.4804552125353636 0.5020289701821409 0
2307 0.7431023879097197 0.5020814950265892 0
2308 0.8363218376061412 0.5053454989465029 0
2309 0.2230846435079898 0.5028979112748688 0
2310 0.1911307567003991 0.5026475643170725 0
2311 0.4052795119143365 0.5026526710743224 0
2312 0.8143715890375161 0.5026340893698602 0
2313 0.389396802365655 0.5027768510076982 0
2314 0.926625109198746 0.5992947561828986 0
2315 0.5764967326749582 0.5019794598218463 0
2316 0.1206210973086443 0.5029828782097745 0
2317 0.3391820451866918 0.5026022177529418 0
2318 0.8840442534506749 0.5037475880105687 0
2319 0.6424062234370165 0.5028546455531639 0
2320 0.9504475236558856 0.5028196247010605 0
2321 0.2730565447248531 0.5024793522651244 0
2322 0.218450270300013 0.5034318610655359 0
2323 0.1039508445290329 0.5064493096735235 0
2324 0.8795737004834798 0.5021780774832255 0
2325 0.7677587953524779 0.5024019788438172 0
2326 0.3435523610749633 0.5035934394629998 0
2327 0.1974882645850857 0.5030827948558139 0
2328 0.1930882086508498 0.5025313669260498 0
2329 0.02912619599719623 0.7877383171519823 0
2330 0.6227114916228518 0.5022502505534233 0
2331 0.9793379310114895 0.5683548015487766 0
2332 0.9956427282198779 0.5019957862271038 0
2333 0.3323511639440895 0.5026752921552534 0
2334 0.738913436289074 0.5027093936079189 0
2335 0.9254425999461757 0.5020867582972003 0
2336 0.2434143461313467 0.5024625377750893 0
2337 0.8544092941031309 0.5026166093298434 0
2338 0.8388776724607704 0.5027143693856353 0
2339 0.1730004134592756 0.5027380107158467 0
2340 0.1751594332291727 0.5027421718694528 0
2341 0.4221859601626208 0.9193085974974656 0
2342 0.1022119705179326 0.5027922711269128 0
2343 0.1043321335034352 0.502720489573616 0
2344 0.9710067245233841 0.5024715806302015 0
2345 0.9090006286315393 0.5024803464571129 0
2346 0.3345801304555087 0.5022588203792349 0
2347 0.2982584437476207 0.5040060049924768 0
2348 0.8337925125434895 0.5023767516150779 0
2349 0.9047008846227734 0.5019863397656488 0
2350 0.7633894957912523 0.501975544777878 0
2351 0.1067117261381976 0.503564216605271 0
2352 0.5356189941301391 0.502173956781939 0
2353 0.2684273411817062 0.5025013209947016 0
2354 0.3642182937517535 0.5022660492168481 0
2355 0.9800996483515747 0.5021118722736795 0
2356 0.9822069061548661 0.5019078039923591 0
2357 0.6015091326084813 0.5020516903580505 0
2358 0.07228006093500722 0.9156837030439003 0
2359 0.1776674158881967 0.5032593841871763 0
2360 0.1112392759020621 0.5028200034134268 0
2361 0.109240359224663 0.50625981174818 0
2362 0.2112673934868914 0.5030550709046868 0
2363 0.2137429975957641 0.5027172130609845 0
2364 0.3847253342019376 0.502192508660213 0
2365 0.8089710854441133 0.5019611055244354 0
2366 0.6357856941339378 0.5020617592415499 0
2367 0.6380448508111974 0.5018300435494945 0
2368 0.7930892061538776 0.5021079052219038 0
2369 0.7953133863061183 0.5019071891014112 0
2370 0.06108879607564696 0.5028814047303208 0
2371 0.3686294204736763 0.5031508321401461 0
2372 0.3186371464717551 0.5037970656485143 0
2373 0.6060881474004454 0.5020186888440968 0
2374 0.5559903110275791 0.5020073991623083 0
2375 0.4304704775635919 0.5022334336801122 0
2376 0.7838976789795326 0.5019423885392211 0
2377 0.4598052372022128 0.5031660305595044 0
2378 0.526694565783471 0.5031953752248768 0
2379 0.7132423921235733 0.5019376590907398 0
2380 0.2889965620401093 0.5023603257045635 0
2381 0.6973265225625453 0.5025471444821412 0
2382 0.1499570426265217 0.5054265545270071 0
2383 0.9389152115730796 0.5020631151160295 0
2384 0.9411722399150996 0.5019071141326739 0
2385 0.9903888996121196 0.5256285390776443 0
2386 0.1561935170788954 0.5036473565004267 0
2387 0.6815818163767176 0.5020153175877695 0
2388 0.6836248337438079 0.5019065442667486 0
2389 0.03400552320470404 0.9667374331405547 0
2390 0.4407168226248261 0.5162120778645191 0
2391 0.4143684593797657 0.5021948155306788 0
2392 0.9672040228501741 0.9672122353262014 0
2393 0.06883452647093856 0.6621681022517711 0
2394 0.5403364105331527 0.5020298553894377 0
2395 0.5423171734142621 0.5019048819302208 0
2396 0.3654699817083462 0.5179030617384573 0
2397 0.4394438495745304 0.5021553721211932 0
2398 0.6768395090333131 0.50205573404307 0
2399 0.253013363173979 0.5026181460030956 0
2400 0.2539458692489315 0.5060464089566509 0
2401 0.9342274903440563 0.5021628932929711 0
2402 0.9350718662918224 0.8630785613653106 0
2403 0.4968686644903731 0.537779505605025 0
2404 0.2000000000008959 0.9292712801898375 0
2405 0.6312882767700332 0.5018241566734583 0
2406 0.2069706781168079 0.5026272703752158 0
2407 0.5238628680722021 0.5065790499176835 0
2408 0.0200780792841636 0.5030019956419134 0
2409 0.821284425839292 0.5040769718865975 0
2410 0.8201296327715363 0.5186460655477312 0
2411 0.8021477934637284 0.924698171794663 0
2412 0.6467355650250951 0.5049353302805877 0
2413 0.6467874975163781 0.5095544075664222 0
2414 0.1148732609797736 0.5211660571802945 0
2415 0.1265753945146616 0.5149840538253524 0
2416 0.6019123196567913 0.5137898349338901 0
2417 0.4185806910554994 0.5052204198249668 0
2418 0.5545550788198426 0.9287483631623139 0
2419 0.9489242192641621 0.5058531679667829 0
2420 0.5775821554576217 0.5132837434043374 0
2421 0.8658285939450621 0.5020720522982282 0
2422 0.3654348340911124 0.5063578471490586 0
2423 0.5887607838827928 0.5048111745909276 0
$EndNodes
$Elements
4844
1 1 2 1 1 1 9
2 1 2 1 1 9 10
3 1 2 1 1 10 11
4 1 2 1 1 11 12
5 1 2 1 1 12 13
6 1 2 1 1 13 14
7 1 2 1 1 14 15
8 1 2 1 1 15 16
9 1 2 1 1 16 17
10 1 2 1 1 17 18
11 1 2 1 1 18 19
12 1 2 1 1 19 20
13 1 2 1 1 20 21
14 1 2 1 1 21 22
15 1 2 1 1 22 23
16 1 2 1 1 23 24
17 1 2 1 1 24 25
18 1 2 1 1 25 26
19 1 2 1 1 26 27
20 1 2 1 1 27 2
21 1 2 2 2 2 28
22 1 2 2 2 28 29
23 1 2 2 2 29 30
24 1 2 2 2 30 31
25 1 2 2 2 31 32
26 1 2 2 2 32 33
27 1 2 2 2 33 34
28 1 2 2 2 34 35
29 1 2 2 2 35 36
30 1 2 2 2 36 37
31 1 2 2 2 37 38
32 1 2 2 2 38 39
33 1 2 2 2 39 40
34 1 2 2 2 40 8
35 1 2 2 3 8 41
36 1 2 2 3 41 42
37 1 2 2 3 42 43
38 1 2 2 3 43 44
39 1 2 2 3 44 45
40 1 2 2 3 45 46
41 1 2 2 3 46 47
42 1 2 2 3 47 48
43 1 2 2 3 48 49
44 1 2 2 3 49 50
45 1 2 2 3 50 51
46 1 2 2 3 51 52
47 1 2 2 3 52 53
48 1 2 2 3 53 3
49 1 2 3 4 3 54
50 1 2 3 4 54 55
51 1 2 3 4 55 56
52 1 2 3 4 56 57
53 1 2 3 4 57 58
54 1 2 3 4 58 59
55 1 2 3 4 59 60
56 1 2 3 4 60 61
57 1 2 3 4 61 62
58 1 2 3 4 62 63
59 1 2 3 4 63 64
60 1 2 3 4 64 65
61 1 2 3 4 65 66
62 1 2 3 4 66 67
63 1 2 3 4 67 68
64 1 2 3 4 68 69
65 1 2 3 4 69 70
66 1 2 3 4 70 71
67 1 2 3 4 71 72
68 1 2 3 4 72 4
69 1 2 4 5 4 73
70 1 2 4 5 73 74
71 1 2 4 5 74 75
72 1 2 4 5 75 76
73 1 2 4 5 76 77
74 1 2 4 5 77 78
75 1 2 4 5 78 79
76 1 2 4 5 79 80
77 1 2 4 5 80 81
78 1 2 4 5 81 82
79 1 2 4 5 82 83
80 1 2 4 5 83 84
81 1 2 4 5 84 85
82 1 2 4 5 85 5
83 1 2 5 6 5 86
84 1 2 5 6 86 87
85 1 2 5 6 87 88
86 1 2 5 6 88 89
87 1 2 5 6 89 90
88 1 2 5 6 90 91
89 1 2 5 6 91 92
90 1 2 5 6 92 93
91 1 2 5 6 93 94
92 1 2 5 6 94 95
93 1 2 5 6 95 96
94 1 2 5 6 96 97
95 1 2 5 6 97 98
96 1 2 5 6 98 99
97 1 2 5 6 99 100
98 1 2 5 6 100 101
99 1 2 5 6 101 102
100 1 2 5 6 102 103
101 1 2 5 6 103 104
102 1 2 5 6 104 105
103 1 2 5 6 105 106
104 1 2 5 6 106 107
105 1 2 5 6 107 108
106 1 2 5 6 108 109
107 1 2 5 6 109 110
108 1 2 5 6 110 111
109 1 2 5 6 111 112
110 1 2 5 6 112 113
111 1 2 5 6 113 114
112 1 2 5 6 114 115
113 1 2 5 6 115 116
114 1 2 5 6 116 117
115 1 2 5 6 117 118
116 1 2 5 6 118 119
117 1 2 5 6 119 120
118 1 2 5 6 120 121
119 1 2 5 6 121 122
120 1 2 5 6 122 123
121 1 2 5 6 123 124
122 1 2 5 6 124 125
123 1 2 5 6 125 126
124 1 2 5 6 126 127
125 1 2 5 6 127 128
126 1 2 5 6 128 129
127 1 2 5 6 129 130
128 1 2 5 6 130 131
129 1 2 5 6 131 132
130 1 2 5 6 132 133
131 1 2 5 6 133 134
132 1 2 5 6 134 135
133 1 2 5 6 135 136
134 1 2 5 6 136 137
135 1 2 5 6 137 138
136 1 2 5 6 138 139
137 1 2 5 6 139 140
138 1 2 5 6 140 141
139 1 2 5 6 141 142
140 1 2 5 6 142 143
141 1 2 5 6 143 144
142 1 2 5 6 144 145
143 1 2 5 6 145 146
144 1 2 5 6 146 147
145 1 2 5 6 147 148
146 1 2 5 6 148 149
147 1 2 5 6 149 150
148 1 2 5 6 150 151
149 1 2 5 6 151 152
150 1 2 5 6 152 153
151 1 2 5 6 153 154
152 1 2 5 6 154 155
153 1 2 5 6 155 156
154 1 2 5 6 156 157
155 1 2 5 6 157 158
156 1 2 5 6 158 159
157 1 2 5 6 159 160
158 1 2 5 6 160 161
159 1 2 5 6 161 162
160 1 2 5 6 162 163
161 1 2 5 6 163 164
162 1 2 5 6 164 165
163 1 2 5 6 165 166
164 1 2 5 6 166 167
165 1 2 5 6 167 168
166 1 2 5 6 168 169
167 1 2 5 6 169 170
168 1 2 5 6 170 171
169 1 2 5 6 171 172
170 1 2 5 6 172 173
171 1 2 5 6 173 174
172 1 2 5 6 174 175
173 1 2 5 6 175 176
174 1 2 5 6 176 177
175 1 2 5 6 177 178
176 1 2 5 6 178 179
177 1 2 5 6 179 180
178 1 2 5 6 180 181
179 1 2 5 6 181 182
180 1 2 5 6 182 183
181 1 2 5 6 183 184
182 1 2 5 6 184 185
183 1 2 5 6 185 186
184 1 2 5 6 186 187
185 1 2 5 6 187 188
186 1 2 5 6 188 189
187 1 2 5 6 189 190
188 1 2 5 6 190 191
189 1 2 5 6 191 192
190 1 2 5 6 192 193
191 1 2 5 6 193 194
192 1 2 5 6 194 195
193 1 2 5 6 195 196
194 1 2 5 6 196 197
195 1 2 5 6 197 198
196 1 2 5 6 198 199
197 1 2 5 6 199 200
198 1 2 5 6 200 201
199 1 2 5 6 201 202
200 1 2 5 6 202 203
201 1 2 5 6 203 204
202 1 2 5 6 204 205
203 1 2 5 6 205 206
204 1 2 5 6 206 207
205 1 2 5 6 207 208
206 1 2 5 6 208 209
207 1 2 5 6 209 210
208 1 2 5 6 210 211
209 1 2 5 6 211 212
210 1 2 5 6 212 213
211 1 2 5 6 213 214
212 1 2 5 6 214 215
213 1 2 5 6 215 216
214 1 2 5 6 216 217
215 1 2 5 6 217 218
216 1 2 5 6 218 219
217 1 2 5 6 219 220
218 1 2 5 6 220 221
219 1 2 5 6 221 222
220 1 2 5 6 222 223
221 1 2 5 6 223 224
222 1 2 5 6 224 225
223 1 2 5 6 225 226
224 1 2 5 6 226 227
225 1 2 5 6 227 228
226 1 2 5 6 228 229
227 1 2 5 6 229 230
228 1 2 5 6 230 231
229 1 2 5 6 231 232
230 1 2 5 6 232 233
231 1 2 5 6 233 234
232 1 2 5 6 234 235
233 1 2 5 6 235 236
234 1 2 5 6 236 237
235 1 2 5 6 237 238
236 1 2 5 6 238 239
237 1 2 5 6 239 240
238 1 2 5 6 240 241
239 1 2 5 6 241 242
240 1 2 5 6 242 243
241 1 2 5 6 243 244
242 1 2 5 6 244 245
243 1 2 5 6 245 246
244 1 2 5 6 246 247
245 1 2 5 6 247 248
246 1 2 5 6 248 249
247 1 2 5 6 249 250
248 1 2 5 6 250 251
249 1 2 5 6 251 252
250 1 2 5 6 252 253
251 1 2 5 6 253 254
252 1 2 5 6 254 255
253 1 2 5 6 255 256
254 1 2 5 6 256 257
255 1 2 5 6 257 258
256 1 2 5 6 258 259
257 1 2 5 6 259 260
258 1 2 5 6 260 261
259 1 2 5 6 261 262
260 1 2 5 6 262 263
261 1 2 5 6 263 264
262 1 2 5 6 264 265
263 1 2 5 6 265 266
264 1 2 5 6 266 267
265 1 2 5 6 267 268
266 1 2 5 6 268 269
267 1 2 5 6 269 270
268 1 2 5 6 270 271
269 1 2 5 6 271 272
270 1 2 5 6 272 273
271 1 2 5 6 273 274
272 1 2 5 6 274 275
273 1 2 5 6 275 276
274 1 2 5 6 276 277
275 1 2 5 6 277 278
276 1 2 5 6 278 279
277 1 2 5 6 279 280
278 1 2 5 6 280 281
279 1 2 5 6 281 282
280 1 2 5 6 282 283
281 1 2 5 6 283 284
282 1 2 5 6 284 285
283 1 2 5 6 285 286
284 1 2 5 6 286 287
285 1 2 5 6 287 288
286 1 2 5 6 288 289
287 1 2 5 6 289 290
288 1 2 5 6 290 291
289 1 2 5 6 291 292
290 1 2 5 6 292 293
291 1 2 5 6 293 294
292 1 2 5 6 294 295
293 1 2 5 6 295 296
294 1 2 5 6 296 297
295 1 2 5 6 297 298
296 1 2 5 6 298 299
297 1 2 5 6 299 300
298 1 2 5 6 300 301
299 1 2 5 6 301 302
300 1 2 5 6 302 303
301 1 2 5 6 303 304
302 1 2 5 6 304 7
303 1 2 6 7 7 305
304 1 2 6 7 305 306
305 1 2 6 7 306 307
306 1 2 6 7 307 308
307 1 2 6 7 308 309
308 1 2 6 7 309 310
309 1 2 6 7 310 311
310 1 2 6 7 311 312
311 1 2 6 7 312 313
312 1 2 6 7 313 314
313 1 2 6 7 314 315
314 1 2 6 7 315 316
315 1 2 6 7 316 317
316 1 2 6 7 317 318
317 1 2 6 7 318 319
318 1 2 6 7 319 320
319 1 2 6 7 320 321
320 1 2 6 7 321 322
321 1 2 6 7 322 323
322 1 2 6 7 323 324
323 1 2 6 7 324 325
324 1 2 6 7 325 326
325 1 2 6 7 326 327
326 1 2 6 7 327 328
327 1 2 6 7 328 329
328 1 2 6 7 329 330
329 1 2 6 7 330 331
330 1 2 6 7 331 332
331 1 2 6 7 332 333
332 1 2 6 7 333 334
333 1 2 6 7 334 335
334 1 2 6 7 335 336
335 1 2 6 7 336 337
336 1 2 6 7 337 338
337 1 2 6 7 338 339
338 1 2 6 7 339 340
339 1 2 6 7 340 341
340 1 2 6 7 341 342
341 1 2 6 7 342 343
342 1 2 6 7 343 344
343 1 2 6 7 344 345
344 1 2 6 7 345 346
345 1 2 6 7 346 347
346 1 2 6 7 347 348
347 1 2 6 7 348 349
348 1 2 6 7 349 350
349 1 2 6 7 350 351
350 1 2 6 7 351 352
351 1 2 6 7 352 353
352 1 2 6 7 353 354
353 1 2 6 7 354 355
354 1 2 6 7 355 356
355 1 2 6 7 356 357
356 1 2 6 7 357 358
357 1 2 6 7 358 359
358 1 2 6 7 359 360
359 1 2 6 7 360 361
360 1 2 6 7 361 362
361 1 2 6 7 362 363
362 1 2 6 7 363 364
363 1 2 6 7 364 365
364 1 2 6 7 365 366
365 1 2 6 7 366 367
366 1 2 6 7 367 368
367 1 2 6 7 368 369
368 1 2 6 7 369 370
369 1 2 6 7 370 371
370 1 2 6 7 371 372
371 1 2 6 7 372 373
372 1 2 6 7 373 374
373 1 2 6 7 374 375
374 1 2 6 7 375 376
375 1 2 6 7 376 377
376 1 2 6 7 377 378
377 1 2 6 7 378 379
378 1 2 6 7 379 380
379 1 2 6 7 380 381
380 1 2 6 7 381 382
381 1 2 6 7 382 383
382 1 2 6 7 383 384
383 1 2 6 7 384 385
384 1 2 6 7 385 386
385 1 2 6 7 386 387
386 1 2 6 7 387 388
387 1 2 6 7 388 389
388 1 2 6 7 389 390
389 1 2 6 7 390 391
390 1 2 6 7 391 392
391 1 2 6 7 392 393
392 1 2 6 7 393 394
393 1 2 6 7 394 395
394 1 2 6 7 395 396
395 1 2 6 7 396 397
396 1 2 6 7 397 398
397 1 2 6 7 398 399
398 1 2 6 7 399 400
399 1 2 6 7 400 401
400 1 2 6 7 401 402
401 1 2 6 7 402 403
402 1 2 6 7 403 404
403 1 2 6 7 404 405
404 1 2 6 7 405 406
405 1 2 6 7 406 407
406 1 2 6 7 407 408
407 1 2 6 7 408 409
408 1 2 6 7 409 410
409 1 2 6 7 410 411
410 1 2 6 7 411 412
411 1 2 6 7 412 413
412 1 2 6 7 413 414
413 1 2 6 7 414 415
414 1 2 6 7 415 416
415 1 2 6 7 416 417
416 1 2 6 7 417 418
417 1 2 6 7 418 419
418 1 2 6 7 419 420
419 1 2 6 7 420 421
420 1 2 6 7 421 422
421 1 2 6 7 422 423
422 1 2 6 7 423 424
423 1 2 6 7 424 425
424 1 2 6 7 425 426
425 1 2 6 7 426 427
426 1 2 6 7 427 428
427 1 2 6 7 428 429
428 1 2 6 7 429 430
429 1 2 6 7 430 431
430 1 2 6 7 431 432
431 1 2 6 7 432 433
432 1 2 6 7 433 434
433 1 2 6 7 434 435
434 1 2 6 7 435 436
435 1 2 6 7 436 437
436 1 2 6 7 437 438
437 1 2 6 7 438 439
438 1 2 6 7 439 440
439 1 2 6 7 440 441
440 1 2 6 7 441 442
441 1 2 6 7 442 443
442 1 2 6 7 443 444
443 1 2 6 7 444 445
444 1 2 6 7 445 446
445 1 2 6 7 446 447
446 1 2 6 7 447 448
447 1 2 6 7 448 449
448 1 2 6 7 449 450
449 1 2 6 7 450 451
450 1 2 6 7 451 452
451 1 2 6 7 452 453
452 1 2 6 7 453 454
453 1 2 6 7 454 455
454 1 2 6 7 455 456
455 1 2 6 7 456 457
456 1 2 6 7 457 458
457 1 2 6 7 458 459
458 1 2 6 7 459 460
459 1 2 6 7 460 461
460 1 2 6 7 461 462
461 1 2 6 7 462 463
462 1 2 6 7 463 464
463 1 2 6 7 464 465
464 1 2 6 7 465 466
465 1 2 6 7 466 467
466 1 2 6 7 467 468
467 1 2 6 7 468 469
468 1 2 6 7 469 470
469 1 2 6 7 470 471
470 1 2 6 7 471 472
471 1 2 6 7 472 473
472 1 2 6 7 473 474
473 1 2 6 7 474 475
474 1 2 6 7 475 476
475 1 2 6 7 476 477
476 1 2 6 7 477 478
477 1 2 6 7 478 479
478 1 2 6 7 479 480
479 1 2 6 7 480 481
480 1 2 6 7 481 482
481 1 2 6 7 482 483
482 1 2 6 7 483 484
483 1 2 6 7 484 485
484 1 2 6 7 485 486
485 1 2 6 7 486 487
486 1 2 6 7 487 488
487 1 2 6 7 488 489
488 1 2 6 7 489 490
489 1 2 6 7 490 491
490 1 2 6 7 491 492
491 1 2 6 7 492 493
492 1 2 6 7 493 494
493 1 2 6 7 494 495
494 1 2 6 7 495 496
495 1 2 6 7 496 497
496 1 2 6 7 497 498
497 1 2 6 7 498 499
498 1 2 6 7 499 500
499 1 2 6 7 500 501
500 1 2 6 7 501 502
501 1 2 6 7 502 503
502 1 2 6 7 503 504
503 1 2 6 7 504 505
504 1 2 6 7 505 506
505 1 2 6 7 506 507
506 1 2 6 7 507 508
507 1 2 6 7 508 509
508 1 2 6 7 509 510
509 1 2 6 7 510 511
510 1 2 6 7 511 512
511 1 2 6 7 512 513
512 1 2 6 7 513 514
513 1 2 6 7 514 515
514 1 2 6 7 515 516
515 1 2 6 7 516 517
516 1 2 6 7 517 518
517 1 2 6 7 518 519
518 1 2 6 7 519 520
519 1 2 6 7 520 521
520 1 2 6 7 521 522
521 1 2 6 7 522 523
522 1 2 6 7 523 6
523 1 2 4 8 6 524
524 1 2 4 8 524 525
525 1 2 4 8 525 526
526 1 2 4 8 526 527
527 1 2 4 8 527 528
528 1 2 4 8 528 529
529 1 2 4 8 529 530
530 1 2 4 8 530 531
531 1 2 4 8 531 532
532 1 2 4 8 532 533
533 1 2 4 8 533 534
534 1 2 4 8 534 535
535 1 2 4 8 535 536
536 1 2 4 8 536 1
537 2 2 7 1 1121 976 1198
538 2 2 7 1 815 1260 1526
539 2 2 7 1 463 824 1236
540 2 2 7 1 825 695 1427
541 2 2 7 1 1090 1088 1091
542 2 2 7 1 1017 879 1148
543 2 2 7 1 1090 857 1286
544 2 2 7 1 926 989 991
545 2 2 7 1 1431 827 1432
546 2 2 7 1 1360 1250 1361
547 2 2 7 1 740 820 863
548 2 2 7 1 989 926 993
549 2 2 7 1 826 1243 1525
550 2 2 7 1 1361 1192 1364
551 2 2 7 1 1392 787 1512
552 2 2 7 1 443 813 1482
553 2 2 7 1 1174 1177 1254
554 2 2 7 1 830 308 1087
555 2 2 7 1 678 814 1470
556 2 2 7 1 789 1142 1438
557 2 2 7 1 866 1017 1148
558 2 2 7 1 823 869 1418
559 2 2 7 1 1217 1216 1383
560 2 2 7 1 827 1409 1410
561 2 2 7 1 751 840 856
562 2 2 7 1 917 919 996
563 2 2 7 1 783 1431 1432
564 2 2 7 1 852 998 1127
565 2 2 7 1 836 986 1048
566 2 2 7 1 587 1199 1201
567 2 2 7 1 503 853 1489
568 2 2 7 1 1217 1196 1269
569 2 2 7 1 783 700 1465
570 2 2 7 1 865 1293 1511
571 2 2 7 1 944 948 1039
572 2 2 7 1 785 1409 1473
573 2 2 7 1 824 1235 1236
574 2 2 7 1 986 836 1073
575 2 2 7 1 1229 1230 1232
576 2 2 7 1 929 917 996
577 2 2 7 1 359 1315 1498
578 2 2 7 1 998 1000 1127
579 2 2 7 1 802 1210 1288
580 2 2 7 1 1241 1240 1243
581 2 2 7 1 1111 1114 1517
582 2 2 7 1 1033 1028 1059
583 2 2 7 1 1244 1230 1256
584 2 2 7 1 1084 1090 1286
585 2 2 7 1 1198 1200 1202
586 2 2 7 1 1222 788 1399
587 2 2 7 1 492 841 1503
588 2 2 7 1 28 29 1044
589 2 2 7 1 567 1102 1397
590 2 2 7 1 995 1191 1194
591 2 2 7 1 1189 1188 1191
592 2 2 7 1 1078 1235 1240
593 2 2 7 1 981 944 1039
594 2 2 7 1 995 1189 1191
595 2 2 7 1 430 1526 1536
596 2 2 7 1 40 8 1129
597 2 2 7 1 40 1129 1332
598 2 2 7 1 6 524 1128
599 2 2 7 1 1155 1119 1387
600 2 2 7 1 1271 1196 1272
601 2 2 7 1 823 742 863
602 2 2 7 1 1095 1093 1104
603 2 2 7 1 1172 1136 1181
604 2 2 7 1 1033 1059 1508
605 2 2 7 1 36 850 1132
606 2 2 7 1 368 801 1488
607 2 2 7 1 1210 1211 1220
608 2 2 7 1 578 804 1481
609 2 2 7 1 1080 1081 1198
610 2 2 7 1 1189 995 1250
611 2 2 7 1 778 450 1231
612 2 2 7 1 1017 1016 1018
613 2 2 7 1 1278 767 1397
614 2 2 7 1 28 1044 1448
615 2 2 7 1 858 876 1015
616 2 2 7 1 963 962 987
617 2 2 7 1 781 691 1424
618 2 2 7 1 877 859 1019
619 2 2 7 1 1238 1239 1583
620 2 2 7 1 1258 1259 1263
621 2 2 7 1 992 987 1104
622 2 2 7 1 1243 1240 1525
623 2 2 7 1 675 674 1577
624 2 2 7 1 1259 815 1528
625 2 2 7 1 1067 1068 1393
626 2 2 7 1 1114 791 1475
627 2 2 7 1 1400 1300 1491
628 2 2 7 1 1230 778 1231
629 2 2 7 1 790 722 1292
630 2 2 7 1 1171 793 1468
631 2 2 7 1 1103 1105 1278
632 2 2 7 1 1212 1342 1345
633 2 2 7 1 1133 1301 1307
634 2 2 7 1 980 1050 1069
635 2 2 7 1 1097 1096 1123
636 2 2 7 1 388 758 1456
637 2 2 7 1 1120 1146 1548
638 2 2 7 1 1039 948 1040
639 2 2 7 1 767 1206 1352
640 2 2 7 1 855 521 860
641 2 2 7 1 753 856 861
642 2 2 7 1 1225 1183 1262
643 2 2 7 1 846 36 1132
644 2 2 7 1 1135 1134 1310
645 2 2 7 1 676 675 1577
646 2 2 7 1 1121 1202 1203
647 2 2 7 1 919 994 996
648 2 2 7 1 1224 1179 1228
649 2 2 7 1 1067 835 1068
650 2 2 7 1 1133 1307 1308
651 2 2 7 1 1069 1050 1161
652 2 2 7 1 1131 1011 1160
653 2 2 7 1 847 1001 1002
654 2 2 7 1 810 589 1201
655 2 2 7 1 982 1043 1436
656 2 2 7 1 1043 982 1156
657 2 2 7 1 770 1217 1461
658 2 2 7 1 326 1116 1443
659 2 2 7 1 702 783 1432
660 2 2 7 1 620 1197 1442
661 2 2 7 1 1136 1313 1540
662 2 2 7 1 1206 767 1278
663 2 2 7 1 1139 790 1292
664 2 2 7 1 1293 822 1511
665 2 2 7 1 819 733 871
666 2 2 7 1 762 1155 1516
667 2 2 7 1 1269 1196 1270
668 2 2 7 1 1171 1170 1477
669 2 2 7 1 976 1080 1198
670 2 2 7 1 767 569 1397
671 2 2 7 1 1451 1246 1482
672 2 2 7 1 1216 1217 1269
673 2 2 7 1 929 996 997
674 2 2 7 1 1234 1233 1237
675 2 2 7 1 346 1153 1412
676 2 2 7 1 1063 848 1157
677 2 2 7 1 1237 1233 1417
678 2 2 7 1 600 1208 1411
679 2 2 7 1 926 991 1151
680 2 2 7 1 1109 1112 1283
681 2 2 7 1 1059 1028 1060
682 2 2 7 1 1195 1273 1513
683 2 2 7 1 793 397 1468
684 2 2 7 1 1050 834 1161
685 2 2 7 1 792 549 1467
686 2 2 7 1 744 823 867
687 2 2 7 1 479 843 1247
688 2 2 7 1 1429 783 1465
689 2 2 7 1 1189 796 1445
690 2 2 7 1 1370 662 1463
691 2 2 7 1 876 860 1128
692 2 2 7 1 1268 1216 1269
693 2 2 7 1 1206 1106 1560
694 2 2 7 1 796 1189 1193
695 2 2 7 1 1098 766 1351
696 2 2 7 1 834 1050 1508
697 2 2 7 1 864 865 1511
698 2 2 7 1 935 962 963
699 2 2 7 1 448 778 1553
700 2 2 7 1 1290 1392 1512
701 2 2 7 1 979 1063 1157
702 2 2 7 1 1325 803 1412
703 2 2 7 1 693 781 1435
704 2 2 7 1 930 949 1006
705 2 2 7 1 1246 1257 1527
706 2 2 7 1 1257 776 1454
707 2 2 7 1 642 796 1193
708 2 2 7 1 1110 1115 1548
709 2 2 7 1 1079 1232 1233
710 2 2 7 1 417 1178 1357
711 2 2 7 1 1059 834 1508
712 2 2 7 1 1188 1445 1518
713 2 2 7 1 724 790 1353
714 2 2 7 1 843 1414 1437
715 2 2 7 1 1271 771 1442
716 2 2 7 1 552 551 1354
717 2 2 7 1 858 860 876
718 2 2 7 1 786 1084 1286
719 2 2 7 1 784 1242 1464
720 2 2 7 1 1303 1152 1570
721 2 2 7 1 827 704 1432
722 2 2 7 1 1420 1419 1433
723 2 2 7 1 1073 846 1457
724 2 2 7 1 986 1073 1457
725 2 2 7 1 982 981 1156
726 2 2 7 1 1399 788 1405
727 2 2 7 1 1177 1174 1358
728 2 2 7 1 1179 1177 1228
729 2 2 7 1 591 810 1342
730 2 2 7 1 410 411 1254
731 2 2 7 1 437 776 1340
732 2 2 7 1 783 1429 1431
733 2 2 7 1 1406 844 1510
734 2 2 7 1 1001 847 1141
735 2 2 7 1 935 963 993
736 2 2 7 1 1227 1225 1259
737 2 2 7 1 994 919 1058
738 2 2 7 1 1409 827 1431
739 2 2 7 1 572 571 1352
740 2 2 7 1 684 1419 1420
741 2 2 7 1 930 1006 1022
742 2 2 7 1 1422 1421 1578
743 2 2 7 1 735 819 1296
744 2 2 7 1 1104 987 1123
745 2 2 7 1 375 759 1329
746 2 2 7 1 788 715 1415
747 2 2 7 1 831 1039 1040
748 2 2 7 1 763 1115 1350
749 2 2 7 1 1156 981 1460
750 2 2 7 1 787 1392 1514
751 2 2 7 1 760 1491 1566
752 2 2 7 1 395 793 1181
753 2 2 7 1 848 1063 1065
754 2 2 7 1 1200 1345 1355
755 2 2 7 1 1091 1088 1509
756 2 2 7 1 1053 929 1080
757 2 2 7 1 829 746 867
758 2 2 7 1 1369 1371 1394
759 2 2 7 1 784 477 1247
760 2 2 7 1 1021 1020 1573
761 2 2 7 1 14 15 1060
762 2 2 7 1 847 1002 1003
763 2 2 7 1 1409 785 1524
764 2 2 7 1 426 774 1287
765 2 2 7 1 816 664 1370
766 2 2 7 1 1214 802 1411
767 2 2 7 1 760 364 1400
768 2 2 7 1 1146 1120 1155
769 2 2 7 1 935 938 962
770 2 2 7 1 1131 1406 1409
771 2 2 7 1 313 1109 1283
772 2 2 7 1 775 1369 1463
773 2 2 7 1 830 1087 1107
774 2 2 7 1 633 1187 1280
775 2 2 7 1 1381 1145 1571
776 2 2 7 1 1330 759 1458
777 2 2 7 1 1263 1259 1528
778 2 2 7 1 1300 1404 1491
779 2 2 7 1 1215 770 1484
780 2 2 7 1 1113 1109 1466
781 2 2 7 1 1183 1179 1224
782 2 2 7 1 929 997 1080
783 2 2 7 1 1000 874 1127
784 2 2 7 1 1095 1094 1478
785 2 2 7 1 831 1040 1041
786 2 2 7 1 906 908 993
787 2 2 7 1 793 1172 1181
788 2 2 7 1 908 935 993
789 2 2 7 1 791 1113 1538
790 2 2 7 1 1232 1231 1337
791 2 2 7 1 1190 644 1193
792 2 2 7 1 832 14 1060
793 2 2 7 1 15 1059 1060
794 2 2 7 1 797 384 1389
795 2 2 7 1 1143 842 1353
796 2 2 7 1 1211 1215 1294
797 2 2 7 1 800 562 1385
798 2 2 7 1 1146 1074 1548
799 2 2 7 1 1208 1214 1411
800 2 2 7 1 523 6 1128
801 2 2 7 1 1369 1363 1371
802 2 2 7 1 8 755 1129
803 2 2 7 1 1194 1191 1274
804 2 2 7 1 811 1232 1547
805 2 2 7 1 981 1039 1460
806 2 2 7 1 1040 948 1070
807 2 2 7 1 1281 1187 1469
808 2 2 7 1 1154 762 1483
809 2 2 7 1 706 827 1410
810 2 2 7 1 1177 1176 1254
811 2 2 7 1 1111 322 1350
812 2 2 7 1 1126 888 1282
813 2 2 7 1 1270 1196 1271
814 2 2 7 1 571 767 1352
815 2 2 7 1 890 888 1126
816 2 2 7 1 1242 784 1247
817 2 2 7 1 1195 624 1347
818 2 2 7 1 926 906 993
819 2 2 7 1 22 831 1041
820 2 2 7 1 21 22 1041
821 2 2 7 1 1190 1386 1558
822 2 2 7 1 895 898 1022
823 2 2 7 1 892 890 1013
824 2 2 7 1 1138 1150 1290
825 2 2 7 1 898 930 1022
826 2 2 7 1 893 895 1022
827 2 2 7 1 21 1041 1064
828 2 2 7 1 940 1023 1024
829 2 2 7 1 927 896 1023
830 2 2 7 1 940 927 1023
831 2 2 7 1 551 792 1354
832 2 2 7 1 896 894 1023
833 2 2 7 1 942 978 1029
834 2 2 7 1 1025 943 1027
835 2 2 7 1 943 942 1029
836 2 2 7 1 943 1025 1030
837 2 2 7 1 1027 943 1029
838 2 2 7 1 933 943 1030
839 2 2 7 1 1025 970 1030
840 2 2 7 1 923 933 1030
841 2 2 7 1 1030 970 1031
842 2 2 7 1 902 899 1031
843 2 2 7 1 923 1030 1031
844 2 2 7 1 970 902 1031
845 2 2 7 1 899 897 1031
846 2 2 7 1 897 923 1031
847 2 2 7 1 901 904 1032
848 2 2 7 1 904 926 1032
849 2 2 7 1 900 901 1032
850 2 2 7 1 934 940 1036
851 2 2 7 1 971 1026 1034
852 2 2 7 1 1033 977 1034
853 2 2 7 1 971 1034 1035
854 2 2 7 1 1026 1033 1034
855 2 2 7 1 925 971 1035
856 2 2 7 1 925 1035 1037
857 2 2 7 1 1002 999 1036
858 2 2 7 1 999 946 1036
859 2 2 7 1 903 925 1037
860 2 2 7 1 910 1037 1062
861 2 2 7 1 1037 1035 1062
862 2 2 7 1 910 905 1037
863 2 2 7 1 953 951 1046
864 2 2 7 1 951 1045 1046
865 2 2 7 1 956 953 1046
866 2 2 7 1 26 875 1042
867 2 2 7 1 831 23 1038
868 2 2 7 1 1042 875 1043
869 2 2 7 1 831 1038 1039
870 2 2 7 1 1045 910 1046
871 2 2 7 1 907 910 1045
872 2 2 7 1 24 851 1038
873 2 2 7 1 851 25 1042
874 2 2 7 1 19 20 833
875 2 2 7 1 26 27 875
876 2 2 7 1 22 23 831
877 2 2 7 1 24 25 851
878 2 2 7 1 25 26 1042
879 2 2 7 1 23 24 1038
880 2 2 7 1 1043 875 1044
881 2 2 7 1 1046 910 1062
882 2 2 7 1 951 913 1045
883 2 2 7 1 913 909 1045
884 2 2 7 1 938 911 1053
885 2 2 7 1 986 960 1048
886 2 2 7 1 960 947 1048
887 2 2 7 1 972 1049 1052
888 2 2 7 1 1049 1047 1052
889 2 2 7 1 922 931 1056
890 2 2 7 1 916 914 1051
891 2 2 7 1 954 955 1054
892 2 2 7 1 941 928 1055
893 2 2 7 1 914 921 1051
894 2 2 7 1 915 929 1053
895 2 2 7 1 973 954 1054
896 2 2 7 1 1051 921 1052
897 2 2 7 1 914 913 921
898 2 2 7 1 924 920 1047
899 2 2 7 1 931 959 1056
900 2 2 7 1 912 915 1053
901 2 2 7 1 957 977 1050
902 2 2 7 1 947 974 1048
903 2 2 7 1 955 957 980
904 2 2 7 1 920 916 1051
905 2 2 7 1 944 937 948
906 2 2 7 1 975 941 1055
907 2 2 7 1 959 961 1058
908 2 2 7 1 964 960 986
909 2 2 7 1 959 947 960
910 2 2 7 1 1047 920 1051
911 2 2 7 1 952 954 972
912 2 2 7 1 972 954 973
913 2 2 7 1 917 916 918
914 2 2 7 1 937 1047 1049
915 2 2 7 1 918 922 1056
916 2 2 7 1 948 937 1049
917 2 2 7 1 952 951 953
918 2 2 7 1 1047 1051 1052
919 2 2 7 1 921 951 952
920 2 2 7 1 912 913 914
921 2 2 7 1 915 914 916
922 2 2 7 1 918 920 922
923 2 2 7 1 922 924 928
924 2 2 7 1 936 924 937
925 2 2 7 1 955 980 1054
926 2 2 7 1 917 918 919
927 2 2 7 1 922 928 931
928 2 2 7 1 918 916 920
929 2 2 7 1 922 920 924
930 2 2 7 1 957 958 977
931 2 2 7 1 965 964 967
932 2 2 7 1 955 956 957
933 2 2 7 1 977 958 1034
934 2 2 7 1 921 952 1052
935 2 2 7 1 955 953 956
936 2 2 7 1 959 960 961
937 2 2 7 1 952 953 954
938 2 2 7 1 928 924 936
939 2 2 7 1 945 981 982
940 2 2 7 1 957 956 958
941 2 2 7 1 912 914 915
942 2 2 7 1 980 957 1050
943 2 2 7 1 1034 958 1035
944 2 2 7 1 937 924 1047
945 2 2 7 1 928 936 1055
946 2 2 7 1 931 947 959
947 2 2 7 1 954 953 955
948 2 2 7 1 931 928 941
949 2 2 7 1 974 975 979
950 2 2 7 1 912 909 913
951 2 2 7 1 931 941 947
952 2 2 7 1 961 965 966
953 2 2 7 1 921 913 951
954 2 2 7 1 915 917 929
955 2 2 7 1 936 937 944
956 2 2 7 1 961 966 1058
957 2 2 7 1 947 941 974
958 2 2 7 1 961 964 965
959 2 2 7 1 936 944 945
960 2 2 7 1 952 972 1052
961 2 2 7 1 915 916 917
962 2 2 7 1 945 944 981
963 2 2 7 1 961 960 964
964 2 2 7 1 974 941 975
965 2 2 7 1 935 911 938
966 2 2 7 1 911 912 1053
967 2 2 7 1 1056 959 1058
968 2 2 7 1 919 918 1056
969 2 2 7 1 936 945 1055
970 2 2 7 1 945 982 1057
971 2 2 7 1 975 1055 1057
972 2 2 7 1 1055 945 1057
973 2 2 7 1 911 909 912
974 2 2 7 1 919 1056 1058
975 2 2 7 1 1026 1028 1033
976 2 2 7 1 908 911 935
977 2 2 7 1 1026 1027 1028
978 2 2 7 1 909 907 1045
979 2 2 7 1 908 909 911
980 2 2 7 1 908 907 909
981 2 2 7 1 1026 1025 1027
982 2 2 7 1 1001 999 1002
983 2 2 7 1 9 10 874
984 2 2 7 1 11 12 852
985 2 2 7 1 15 16 1059
986 2 2 7 1 16 17 834
987 2 2 7 1 13 14 832
988 2 2 7 1 12 13 1061
989 2 2 7 1 956 1046 1062
990 2 2 7 1 958 956 1062
991 2 2 7 1 906 907 908
992 2 2 7 1 907 905 910
993 2 2 7 1 1000 999 1001
994 2 2 7 1 971 1025 1026
995 2 2 7 1 852 12 1061
996 2 2 7 1 16 834 1059
997 2 2 7 1 13 832 1061
998 2 2 7 1 1035 958 1062
999 2 2 7 1 998 999 1000
1000 2 2 7 1 906 905 907
1001 2 2 7 1 904 906 926
1002 2 2 7 1 971 970 1025
1003 2 2 7 1 905 903 1037
1004 2 2 7 1 925 970 971
1005 2 2 7 1 998 946 999
1006 2 2 7 1 904 905 906
1007 2 2 7 1 925 902 970
1008 2 2 7 1 904 903 905
1009 2 2 7 1 978 946 998
1010 2 2 7 1 942 946 978
1011 2 2 7 1 903 902 925
1012 2 2 7 1 946 934 1036
1013 2 2 7 1 901 903 904
1014 2 2 7 1 933 942 943
1015 2 2 7 1 930 932 949
1016 2 2 7 1 901 902 903
1017 2 2 7 1 942 934 946
1018 2 2 7 1 932 900 1032
1019 2 2 7 1 933 934 942
1020 2 2 7 1 934 927 940
1021 2 2 7 1 930 900 932
1022 2 2 7 1 901 899 902
1023 2 2 7 1 898 900 930
1024 2 2 7 1 900 899 901
1025 2 2 7 1 933 927 934
1026 2 2 7 1 923 927 933
1027 2 2 7 1 898 899 900
1028 2 2 7 1 923 896 927
1029 2 2 7 1 898 897 899
1030 2 2 7 1 897 896 923
1031 2 2 7 1 895 897 898
1032 2 2 7 1 895 896 897
1033 2 2 7 1 1023 950 1024
1034 2 2 7 1 950 892 1013
1035 2 2 7 1 895 894 896
1036 2 2 7 1 894 950 1023
1037 2 2 7 1 939 893 1022
1038 2 2 7 1 894 892 950
1039 2 2 7 1 893 894 895
1040 2 2 7 1 979 975 1063
1041 2 2 7 1 20 21 1064
1042 2 2 7 1 893 892 894
1043 2 2 7 1 891 893 939
1044 2 2 7 1 975 1057 1063
1045 2 2 7 1 833 20 1064
1046 2 2 7 1 1299 1314 1404
1047 2 2 7 1 891 892 893
1048 2 2 7 1 825 1429 1584
1049 2 2 7 1 1094 1096 1467
1050 2 2 7 1 884 841 1264
1051 2 2 7 1 844 1405 1415
1052 2 2 7 1 1065 1063 1436
1053 2 2 7 1 889 969 1079
1054 2 2 7 1 1307 1301 1314
1055 2 2 7 1 1233 811 1338
1056 2 2 7 1 891 890 892
1057 2 2 7 1 1043 1044 1065
1058 2 2 7 1 1017 866 1293
1059 2 2 7 1 1011 1010 1143
1060 2 2 7 1 884 885 1142
1061 2 2 7 1 950 1013 1067
1062 2 2 7 1 1174 413 1266
1063 2 2 7 1 806 728 1265
1064 2 2 7 1 798 615 1268
1065 2 2 7 1 799 331 1276
1066 2 2 7 1 845 1126 1282
1067 2 2 7 1 768 1202 1562
1068 2 2 7 1 19 833 1069
1069 2 2 7 1 1136 393 1181
1070 2 2 7 1 811 455 1338
1071 2 2 7 1 1166 404 1167
1072 2 2 7 1 1147 342 1333
1073 2 2 7 1 812 686 1420
1074 2 2 7 1 966 994 1058
1075 2 2 7 1 1236 1237 1388
1076 2 2 7 1 1096 792 1467
1077 2 2 7 1 948 1049 1070
1078 2 2 7 1 972 973 1070
1079 2 2 7 1 1257 1246 1451
1080 2 2 7 1 1199 1253 1356
1081 2 2 7 1 1024 950 1067
1082 2 2 7 1 1115 1111 1350
1083 2 2 7 1 655 808 1367
1084 2 2 7 1 1003 1002 1082
1085 2 2 7 1 841 1142 1503
1086 2 2 7 1 1068 1003 1393
1087 2 2 7 1 18 19 1069
1088 2 2 7 1 1006 949 1007
1089 2 2 7 1 842 1010 1265
1090 2 2 7 1 889 891 969
1091 2 2 7 1 34 35 1073
1092 2 2 7 1 1006 939 1022
1093 2 2 7 1 1364 1362 1367
1094 2 2 7 1 720 719 1398
1095 2 2 7 1 411 1174 1254
1096 2 2 7 1 938 1053 1080
1097 2 2 7 1 717 788 1222
1098 2 2 7 1 1102 1278 1397
1099 2 2 7 1 1380 1381 1471
1100 2 2 7 1 529 530 1071
1101 2 2 7 1 1003 1068 1496
1102 2 2 7 1 816 1394 1567
1103 2 2 7 1 33 34 836
1104 2 2 7 1 30 31 848
1105 2 2 7 1 523 1128 1501
1106 2 2 7 1 530 531 835
1107 2 2 7 1 940 1024 1082
1108 2 2 7 1 531 532 1068
1109 2 2 7 1 533 534 847
1110 2 2 7 1 1261 1258 1340
1111 2 2 7 1 1002 1036 1082
1112 2 2 7 1 1049 972 1070
1113 2 2 7 1 1027 1029 1124
1114 2 2 7 1 889 890 891
1115 2 2 7 1 1093 765 1165
1116 2 2 7 1 769 1218 1519
1117 2 2 7 1 963 989 993
1118 2 2 7 1 1326 1154 1572
1119 2 2 7 1 1012 1132 1573
1120 2 2 7 1 1218 1208 1401
1121 2 2 7 1 1024 1067 1393
1122 2 2 7 1 1392 1242 1437
1123 2 2 7 1 874 10 1127
1124 2 2 7 1 11 852 1127
1125 2 2 7 1 1368 775 1479
1126 2 2 7 1 1328 1309 1565
1127 2 2 7 1 766 1100 1444
1128 2 2 7 1 1100 1099 1455
1129 2 2 7 1 1043 1065 1436
1130 2 2 7 1 2 28 1448
1131 2 2 7 1 27 2 1448
1132 2 2 7 1 1217 1215 1582
1133 2 2 7 1 1405 788 1415
1134 2 2 7 1 804 1204 1481
1135 2 2 7 1 1219 1212 1345
1136 2 2 7 1 1032 926 1151
1137 2 2 7 1 1042 1043 1156
1138 2 2 7 1 1272 1195 1347
1139 2 2 7 1 1257 1454 1527
1140 2 2 7 1 1118 1116 1384
1141 2 2 7 1 1219 769 1530
1142 2 2 7 1 834 17 1161
1143 2 2 7 1 797 1389 1564
1144 2 2 7 1 949 932 968
1145 2 2 7 1 1210 1213 1288
1146 2 2 7 1 799 1118 1535
1147 2 2 7 1 812 1421 1545
1148 2 2 7 1 874 1000 1523
1149 2 2 7 1 1204 1122 1481
1150 2 2 7 1 1152 1154 1326
1151 2 2 7 1 963 987 1561
1152 2 2 7 1 1117 763 1443
1153 2 2 7 1 835 531 1068
1154 2 2 7 1 800 1103 1556
1155 2 2 7 1 1099 1101 1385
1156 2 2 7 1 832 1060 1124
1157 2 2 7 1 1060 1028 1124
1158 2 2 7 1 1313 1172 1395
1159 2 2 7 1 1213 1210 1220
1160 2 2 7 1 992 1104 1509
1161 2 2 7 1 1362 1368 1374
1162 2 2 7 1 1262 1183 1287
1163 2 2 7 1 997 996 1159
1164 2 2 7 1 1205 804 1334
1165 2 2 7 1 1203 768 1531
1166 2 2 7 1 1421 1420 1433
1167 2 2 7 1 1078 1240 1241
1168 2 2 7 1 1369 1370 1463
1169 2 2 7 1 18 1069 1161
1170 2 2 7 1 891 939 969
1171 2 2 7 1 1036 940 1082
1172 2 2 7 1 1228 1177 1358
1173 2 2 7 1 1064 1041 1140
1174 2 2 7 1 535 536 1075
1175 2 2 7 1 1170 1171 1468
1176 2 2 7 1 32 33 1076
1177 2 2 7 1 1063 1057 1436
1178 2 2 7 1 1106 1205 1549
1179 2 2 7 1 974 979 1446
1180 2 2 7 1 967 964 1457
1181 2 2 7 1 792 1097 1354
1182 2 2 7 1 1039 1038 1460
1183 2 2 7 1 1250 1192 1361
1184 2 2 7 1 1044 875 1448
1185 2 2 7 1 1050 977 1508
1186 2 2 7 1 1028 1027 1124
1187 2 2 7 1 475 784 1464
1188 2 2 7 1 1141 1075 1523
1189 2 2 7 1 1116 1117 1443
1190 2 2 7 1 1013 890 1126
1191 2 2 7 1 1103 1102 1277
1192 2 2 7 1 1252 1500 1572
1193 2 2 7 1 530 835 1071
1194 2 2 7 1 1410 1409 1524
1195 2 2 7 1 1196 1194 1272
1196 2 2 7 1 33 836 1076
1197 2 2 7 1 1070 973 1140
1198 2 2 7 1 1256 1255 1552
1199 2 2 7 1 1147 1333 1572
1200 2 2 7 1 10 11 1127
1201 2 2 7 1 968 932 1151
1202 2 2 7 1 1122 1203 1532
1203 2 2 7 1 865 1017 1293
1204 2 2 7 1 1207 1209 1218
1205 2 2 7 1 962 938 976
1206 2 2 7 1 1227 1259 1261
1207 2 2 7 1 1160 1139 1399
1208 2 2 7 1 1138 1291 1438
1209 2 2 7 1 1343 1318 1575
1210 2 2 7 1 1132 967 1457
1211 2 2 7 1 1394 1382 1567
1212 2 2 7 1 814 676 1577
1213 2 2 7 1 1139 1292 1398
1214 2 2 7 1 1029 978 1349
1215 2 2 7 1 776 1261 1340
1216 2 2 7 1 1118 1120 1548
1217 2 2 7 1 1119 1120 1276
1218 2 2 7 1 757 1166 1169
1219 2 2 7 1 1242 1243 1464
1220 2 2 7 1 836 34 1073
1221 2 2 7 1 1044 29 1403
1222 2 2 7 1 1235 824 1583
1223 2 2 7 1 1212 1219 1249
1224 2 2 7 1 1089 992 1509
1225 2 2 7 1 1 9 1546
1226 2 2 7 1 847 534 1141
1227 2 2 7 1 1257 1227 1261
1228 2 2 7 1 1040 1070 1140
1229 2 2 7 1 1041 1040 1140
1230 2 2 7 1 1124 1029 1349
1231 2 2 7 1 1476 1275 1576
1232 2 2 7 1 1001 1141 1523
1233 2 2 7 1 35 36 846
1234 2 2 7 1 803 1326 1333
1235 2 2 7 1 1471 1381 1472
1236 2 2 7 1 1091 821 1125
1237 2 2 7 1 1098 1351 1537
1238 2 2 7 1 1090 1091 1125
1239 2 2 7 1 994 995 996
1240 2 2 7 1 771 1272 1347
1241 2 2 7 1 528 529 845
1242 2 2 7 1 990 988 1110
1243 2 2 7 1 848 31 1157
1244 2 2 7 1 760 1400 1491
1245 2 2 7 1 1103 1101 1574
1246 2 2 7 1 536 1 1546
1247 2 2 7 1 865 1015 1016
1248 2 2 7 1 805 884 1559
1249 2 2 7 1 1064 1140 1413
1250 2 2 7 1 1158 1217 1582
1251 2 2 7 1 1095 1104 1123
1252 2 2 7 1 885 886 1150
1253 2 2 7 1 1388 1237 1506
1254 2 2 7 1 857 1090 1125
1255 2 2 7 1 1392 1414 1514
1256 2 2 7 1 998 852 1563
1257 2 2 7 1 847 1003 1496
1258 2 2 7 1 1386 1366 1558
1259 2 2 7 1 988 992 1108
1260 2 2 7 1 932 1032 1151
1261 2 2 7 1 534 535 1141
1262 2 2 7 1 1121 1203 1204
1263 2 2 7 1 1158 997 1196
1264 2 2 7 1 1078 1234 1235
1265 2 2 7 1 29 30 1403
1266 2 2 7 1 979 1076 1446
1267 2 2 7 1 965 967 1066
1268 2 2 7 1 1120 1119 1155
1269 2 2 7 1 1349 978 1563
1270 2 2 7 1 1121 1198 1202
1271 2 2 7 1 851 1042 1156
1272 2 2 7 1 535 1075 1141
1273 2 2 7 1 1291 1138 1295
1274 2 2 7 1 1171 1169 1336
1275 2 2 7 1 1341 1217 1383
1276 2 2 7 1 996 995 1159
1277 2 2 7 1 755 861 1129
1278 2 2 7 1 1086 830 1107
1279 2 2 7 1 1200 1207 1345
1280 2 2 7 1 17 18 1161
1281 2 2 7 1 836 1048 1446
1282 2 2 7 1 1217 1341 1461
1283 2 2 7 1 32 1076 1157
1284 2 2 7 1 1314 1319 1491
1285 2 2 7 1 1260 1289 1526
1286 2 2 7 1 778 1244 1553
1287 2 2 7 1 1192 1363 1364
1288 2 2 7 1 1101 800 1385
1289 2 2 7 1 1068 532 1496
1290 2 2 7 1 533 847 1496
1291 2 2 7 1 1136 1172 1313
1292 2 2 7 1 31 32 1157
1293 2 2 7 1 966 985 994
1294 2 2 7 1 889 888 890
1295 2 2 7 1 1079 1233 1234
1296 2 2 7 1 1189 1250 1386
1297 2 2 7 1 1113 1466 1538
1298 2 2 7 1 1406 1408 1473
1299 2 2 7 1 976 938 1080
1300 2 2 7 1 1197 1271 1442
1301 2 2 7 1 379 380 1328
1302 2 2 7 1 1158 1196 1217
1303 2 2 7 1 1361 808 1492
1304 2 2 7 1 1140 973 1413
1305 2 2 7 1 882 805 1542
1306 2 2 7 1 832 1124 1349
1307 2 2 7 1 1153 1325 1412
1308 2 2 7 1 983 939 1006
1309 2 2 7 1 853 878 1489
1310 2 2 7 1 765 1095 1284
1311 2 2 7 1 966 965 984
1312 2 2 7 1 833 1064 1413
1313 2 2 7 1 1274 1281 1469
1314 2 2 7 1 1178 1228 1357
1315 2 2 7 1 994 985 995
1316 2 2 7 1 851 1156 1460
1317 2 2 7 1 877 1019 1020
1318 2 2 7 1 1126 1071 1544
1319 2 2 7 1 1061 832 1349
1320 2 2 7 1 1379 1377 1480
1321 2 2 7 1 815 1259 1260
1322 2 2 7 1 1250 1360 1366
1323 2 2 7 1 1294 1215 1484
1324 2 2 7 1 1352 1206 1560
1325 2 2 7 1 1076 979 1157
1326 2 2 7 1 1013 1126 1544
1327 2 2 7 1 806 1008 1529
1328 2 2 7 1 949 968 1133
1329 2 2 7 1 1240 1453 1525
1330 2 2 7 1 825 1427 1428
1331 2 2 7 1 1366 1267 1558
1332 2 2 7 1 988 963 1561
1333 2 2 7 1 1381 1433 1472
1334 2 2 7 1 995 985 1192
1335 2 2 7 1 1409 1406 1473
1336 2 2 7 1 1084 1085 1086
1337 2 2 7 1 1279 1169 1477
1338 2 2 7 1 1308 1306 1330
1339 2 2 7 1 1110 1114 1115
1340 2 2 7 1 841 884 1142
1341 2 2 7 1 1010 842 1143
1342 2 2 7 1 845 1071 1126
1343 2 2 7 1 1150 1242 1392
1344 2 2 7 1 1110 1108 1112
1345 2 2 7 1 1089 1107 1108
1346 2 2 7 1 983 1006 1014
1347 2 2 7 1 1159 995 1194
1348 2 2 7 1 1082 1024 1393
1349 2 2 7 1 1273 1275 1513
1350 2 2 7 1 978 998 1563
1351 2 2 7 1 962 976 1077
1352 2 2 7 1 1363 1365 1371
1353 2 2 7 1 1132 850 1573
1354 2 2 7 1 1248 1233 1338
1355 2 2 7 1 1274 1469 1576
1356 2 2 7 1 1359 773 1366
1357 2 2 7 1 1097 1004 1098
1358 2 2 7 1 1211 1210 1215
1359 2 2 7 1 1302 1152 1303
1360 2 2 7 1 987 1004 1123
1361 2 2 7 1 674 1377 1577
1362 2 2 7 1 985 984 1365
1363 2 2 7 1 1210 802 1214
1364 2 2 7 1 1382 1373 1567
1365 2 2 7 1 1306 1299 1550
1366 2 2 7 1 1236 1235 1237
1367 2 2 7 1 833 1413 1580
1368 2 2 7 1 793 1171 1172
1369 2 2 7 1 1252 1154 1483
1370 2 2 7 1 1130 967 1132
1371 2 2 7 1 1375 1372 1382
1372 2 2 7 1 380 1309 1328
1373 2 2 7 1 1015 828 1520
1374 2 2 7 1 829 1019 1569
1375 2 2 7 1 1120 799 1276
1376 2 2 7 1 1204 1205 1579
1377 2 2 7 1 1312 1310 1564
1378 2 2 7 1 848 1065 1403
1379 2 2 7 1 880 854 1296
1380 2 2 7 1 1322 1304 1575
1381 2 2 7 1 973 1054 1413
1382 2 2 7 1 887 889 1078
1383 2 2 7 1 1315 1320 1498
1384 2 2 7 1 35 846 1073
1385 2 2 7 1 1061 1349 1563
1386 2 2 7 1 1010 806 1265
1387 2 2 7 1 1084 1086 1088
1388 2 2 7 1 1232 1337 1547
1389 2 2 7 1 1224 807 1494
1390 2 2 7 1 1188 1185 1490
1391 2 2 7 1 1057 982 1436
1392 2 2 7 1 1169 1168 1336
1393 2 2 7 1 1377 1380 1577
1394 2 2 7 1 30 848 1403
1395 2 2 7 1 1230 1231 1232
1396 2 2 7 1 1319 1315 1321
1397 2 2 7 1 1259 1258 1261
1398 2 2 7 1 762 1154 1155
1399 2 2 7 1 1266 756 1358
1400 2 2 7 1 777 1379 1497
1401 2 2 7 1 790 1143 1353
1402 2 2 7 1 1067 1013 1544
1403 2 2 7 1 1048 974 1446
1404 2 2 7 1 9 874 1546
1405 2 2 7 1 1084 1088 1090
1406 2 2 7 1 1065 1044 1403
1407 2 2 7 1 1079 1229 1232
1408 2 2 7 1 552 1354 1554
1409 2 2 7 1 790 1139 1143
1410 2 2 7 1 1179 1183 1225
1411 2 2 7 1 964 986 1457
1412 2 2 7 1 1413 1054 1580
1413 2 2 7 1 1114 1344 1517
1414 2 2 7 1 808 1364 1367
1415 2 2 7 1 1018 849 1282
1416 2 2 7 1 1038 851 1460
1417 2 2 7 1 875 27 1448
1418 2 2 7 1 1408 1406 1510
1419 2 2 7 1 781 1426 1435
1420 2 2 7 1 798 1270 1533
1421 2 2 7 1 1069 833 1580
1422 2 2 7 1 1190 1193 1386
1423 2 2 7 1 1188 1189 1445
1424 2 2 7 1 761 1324 1522
1425 2 2 7 1 977 1033 1508
1426 2 2 7 1 1175 1167 1486
1427 2 2 7 1 987 962 1004
1428 2 2 7 1 1290 1150 1392
1429 2 2 7 1 474 475 1464
1430 2 2 7 1 1270 1197 1390
1431 2 2 7 1 1142 1138 1438
1432 2 2 7 1 1344 1114 1475
1433 2 2 7 1 1000 1001 1523
1434 2 2 7 1 1185 1188 1518
1435 2 2 7 1 1251 1361 1493
1436 2 2 7 1 968 1151 1302
1437 2 2 7 1 770 1215 1217
1438 2 2 7 1 1324 1153 1396
1439 2 2 7 1 835 1067 1544
1440 2 2 7 1 1004 1077 1574
1441 2 2 7 1 1169 1171 1477
1442 2 2 7 1 1093 1092 1331
1443 2 2 7 1 1142 789 1503
1444 2 2 7 1 969 939 983
1445 2 2 7 1 845 529 1071
1446 2 2 7 1 1113 791 1114
1447 2 2 7 1 1112 1109 1113
1448 2 2 7 1 852 1061 1563
1449 2 2 7 1 1074 1152 1302
1450 2 2 7 1 1176 795 1502
1451 2 2 7 1 1364 1363 1368
1452 2 2 7 1 1272 1194 1273
1453 2 2 7 1 1318 1450 1575
1454 2 2 7 1 1019 840 1223
1455 2 2 7 1 997 1159 1196
1456 2 2 7 1 1008 871 1391
1457 2 2 7 1 839 1015 1521
1458 2 2 7 1 992 1089 1108
1459 2 2 7 1 1114 1111 1115
1460 2 2 7 1 1421 1571 1578
1461 2 2 7 1 1232 811 1233
1462 2 2 7 1 1054 980 1580
1463 2 2 7 1 524 525 876
1464 2 2 7 1 39 40 877
1465 2 2 7 1 538 537 857
1466 2 2 7 1 1004 1097 1123
1467 2 2 7 1 1003 1082 1393
1468 2 2 7 1 532 533 1496
1469 2 2 7 1 870 882 1543
1470 2 2 7 1 1138 885 1150
1471 2 2 7 1 887 888 889
1472 2 2 7 1 38 39 1021
1473 2 2 7 1 813 1255 1256
1474 2 2 7 1 1195 1272 1273
1475 2 2 7 1 1242 1241 1243
1476 2 2 7 1 980 1069 1580
1477 2 2 7 1 1319 1321 1566
1478 2 2 7 1 572 1352 1560
1479 2 2 7 1 1084 1083 1085
1480 2 2 7 1 995 1192 1250
1481 2 2 7 1 1155 1499 1516
1482 2 2 7 1 1080 997 1081
1483 2 2 7 1 1405 844 1406
1484 2 2 7 1 795 1175 1487
1485 2 2 7 1 989 988 990
1486 2 2 7 1 1160 1405 1406
1487 2 2 7 1 1173 1007 1336
1488 2 2 7 1 1368 1363 1369
1489 2 2 7 1 1078 1079 1234
1490 2 2 7 1 7 305 786
1491 2 2 7 1 537 7 1286
1492 2 2 7 1 1144 868 1418
1493 2 2 7 1 792 1096 1097
1494 2 2 7 1 1320 1317 1450
1495 2 2 7 1 757 1169 1279
1496 2 2 7 1 524 876 1128
1497 2 2 7 1 1155 1387 1499
1498 2 2 7 1 1071 835 1544
1499 2 2 7 1 1259 1225 1260
1500 2 2 7 1 1168 1335 1336
1501 2 2 7 1 1110 1112 1113
1502 2 2 7 1 1313 1441 1540
1503 2 2 7 1 410 1254 1502
1504 2 2 7 1 1076 836 1446
1505 2 2 7 1 963 988 989
1506 2 2 7 1 1426 1427 1435
1507 2 2 7 1 1301 1303 1316
1508 2 2 7 1 305 306 1083
1509 2 2 7 1 1218 1401 1519
1510 2 2 7 1 1362 1364 1368
1511 2 2 7 1 1239 1235 1583
1512 2 2 7 1 803 1325 1326
1513 2 2 7 1 1209 1214 1218
1514 2 2 7 1 781 1424 1425
1515 2 2 7 1 1526 1289 1536
1516 2 2 7 1 1242 1247 1437
1517 2 2 7 1 1150 1241 1242
1518 2 2 7 1 869 1144 1418
1519 2 2 7 1 846 1132 1457
1520 2 2 7 1 775 1368 1369
1521 2 2 7 1 1444 1100 1455
1522 2 2 7 1 766 1098 1100
1523 2 2 7 1 991 990 1074
1524 2 2 7 1 1441 1346 1540
1525 2 2 7 1 1103 1077 1105
1526 2 2 7 1 1115 1117 1548
1527 2 2 7 1 1152 1146 1154
1528 2 2 7 1 771 1271 1272
1529 2 2 7 1 1094 1095 1096
1530 2 2 7 1 1128 860 1501
1531 2 2 7 1 966 984 985
1532 2 2 7 1 1100 1098 1574
1533 2 2 7 1 1134 1133 1310
1534 2 2 7 1 1201 1199 1356
1535 2 2 7 1 1102 1103 1278
1536 2 2 7 1 1011 1139 1160
1537 2 2 7 1 819 880 1296
1538 2 2 7 1 816 1370 1394
1539 2 2 7 1 1104 1091 1509
1540 2 2 7 1 1230 1229 1256
1541 2 2 7 1 1389 1312 1564
1542 2 2 7 1 1205 1106 1206
1543 2 2 7 1 1429 1428 1568
1544 2 2 7 1 1130 1011 1131
1545 2 2 7 1 719 838 1398
1546 2 2 7 1 1193 1189 1386
1547 2 2 7 1 776 1257 1261
1548 2 2 7 1 1074 990 1548
1549 2 2 7 1 1283 1112 1447
1550 2 2 7 1 1077 1103 1574
1551 2 2 7 1 1115 763 1117
1552 2 2 7 1 1539 794 1576
1553 2 2 7 1 1407 1131 1409
1554 2 2 7 1 1273 1274 1576
1555 2 2 7 1 1214 1208 1218
1556 2 2 7 1 874 1075 1546
1557 2 2 7 1 1299 1307 1314
1558 2 2 7 1 1240 782 1452
1559 2 2 7 1 1374 1368 1479
1560 2 2 7 1 1328 1311 1458
1561 2 2 7 1 883 879 1018
1562 2 2 7 1 1301 1302 1303
1563 2 2 7 1 765 1093 1095
1564 2 2 7 1 877 40 1332
1565 2 2 7 1 879 1017 1018
1566 2 2 7 1 1078 889 1079
1567 2 2 7 1 1075 536 1546
1568 2 2 7 1 1202 1253 1562
1569 2 2 7 1 1118 1384 1535
1570 2 2 7 1 1112 1107 1447
1571 2 2 7 1 1203 1122 1204
1572 2 2 7 1 1414 1392 1437
1573 2 2 7 1 1099 1100 1101
1574 2 2 7 1 1204 804 1205
1575 2 2 7 1 1248 1416 1417
1576 2 2 7 1 1117 1116 1118
1577 2 2 7 1 1491 1319 1566
1578 2 2 7 1 1131 1160 1406
1579 2 2 7 1 989 990 991
1580 2 2 7 1 1016 849 1018
1581 2 2 7 1 984 965 1145
1582 2 2 7 1 1325 1324 1570
1583 2 2 7 1 988 1108 1110
1584 2 2 7 1 1075 874 1523
1585 2 2 7 1 1378 984 1381
1586 2 2 7 1 1087 1164 1447
1587 2 2 7 1 1207 1218 1219
1588 2 2 7 1 1105 976 1579
1589 2 2 7 1 863 820 869
1590 2 2 7 1 1284 1095 1478
1591 2 2 7 1 807 1226 1515
1592 2 2 7 1 1318 1449 1450
1593 2 2 7 1 810 1201 1355
1594 2 2 7 1 821 1091 1331
1595 2 2 7 1 1433 779 1507
1596 2 2 7 1 856 840 859
1597 2 2 7 1 1203 1531 1532
1598 2 2 7 1 1421 1422 1545
1599 2 2 7 1 778 1230 1244
1600 2 2 7 1 553 552 1554
1601 2 2 7 1 1299 1297 1550
1602 2 2 7 1 886 1018 1282
1603 2 2 7 1 1417 780 1506
1604 2 2 7 1 306 307 1085
1605 2 2 7 1 573 572 1560
1606 2 2 7 1 825 1428 1429
1607 2 2 7 1 987 992 1561
1608 2 2 7 1 351 352 1534
1609 2 2 7 1 595 594 1530
1610 2 2 7 1 433 434 1528
1611 2 2 7 1 983 1225 1227
1612 2 2 7 1 708 707 1524
1613 2 2 7 1 584 583 1562
1614 2 2 7 1 362 363 1566
1615 2 2 7 1 1066 1131 1407
1616 2 2 7 1 666 665 1567
1617 2 2 7 1 515 516 1520
1618 2 2 7 1 748 747 1569
1619 2 2 7 1 320 321 1517
1620 2 2 7 1 495 496 1559
1621 2 2 7 1 646 645 1558
1622 2 2 7 1 626 625 1513
1623 2 2 7 1 382 383 1557
1624 2 2 7 1 1226 1178 1439
1625 2 2 7 1 564 563 1556
1626 2 2 7 1 484 485 1512
1627 2 2 7 1 1327 1557 1565
1628 2 2 7 1 1470 814 1471
1629 2 2 7 1 1015 876 1016
1630 2 2 7 1 1311 1330 1458
1631 2 2 7 1 969 983 1227
1632 2 2 7 1 887 1078 1241
1633 2 2 7 1 965 1066 1145
1634 2 2 7 1 1129 861 1332
1635 2 2 7 1 1426 1425 1578
1636 2 2 7 1 340 341 1500
1637 2 2 7 1 371 372 1550
1638 2 2 7 1 1290 837 1295
1639 2 2 7 1 575 574 1549
1640 2 2 7 1 422 423 1494
1641 2 2 7 1 453 454 1547
1642 2 2 7 1 497 498 1542
1643 2 2 7 1 1306 1298 1329
1644 2 2 7 1 688 687 1545
1645 2 2 7 1 1151 991 1302
1646 2 2 7 1 637 636 1490
1647 2 2 7 1 1205 1334 1549
1648 2 2 7 1 1202 768 1203
1649 2 2 7 1 1218 769 1219
1650 2 2 7 1 1004 962 1077
1651 2 2 7 1 774 1262 1287
1652 2 2 7 1 473 474 1485
1653 2 2 7 1 808 1361 1364
1654 2 2 7 1 539 538 1125
1655 2 2 7 1 1450 809 1498
1656 2 2 7 1 391 392 1540
1657 2 2 7 1 582 581 1531
1658 2 2 7 1 1377 1379 1380
1659 2 2 7 1 555 554 1537
1660 2 2 7 1 1422 1424 1430
1661 2 2 7 1 1072 869 1149
1662 2 2 7 1 1183 1180 1287
1663 2 2 7 1 884 1264 1559
1664 2 2 7 1 1249 1219 1530
1665 2 2 7 1 442 443 1482
1666 2 2 7 1 446 447 1552
1667 2 2 7 1 1311 1328 1565
1668 2 2 7 1 764 1283 1447
1669 2 2 7 1 800 1101 1103
1670 2 2 7 1 1118 799 1120
1671 2 2 7 1 984 1145 1381
1672 2 2 7 1 329 330 1535
1673 2 2 7 1 865 1016 1017
1674 2 2 7 1 805 882 884
1675 2 2 7 1 1008 806 1010
1676 2 2 7 1 1186 772 1280
1677 2 2 7 1 1133 968 1301
1678 2 2 7 1 1183 1224 1494
1679 2 2 7 1 617 616 1533
1680 2 2 7 1 1244 1256 1552
1681 2 2 7 1 1186 1188 1490
1682 2 2 7 1 992 988 1561
1683 2 2 7 1 861 856 1332
1684 2 2 7 1 730 729 1529
1685 2 2 7 1 845 1282 1505
1686 2 2 7 1 867 823 1418
1687 2 2 7 1 679 678 1470
1688 2 2 7 1 1006 1007 1014
1689 2 2 7 1 1207 1081 1209
1690 2 2 7 1 653 652 1492
1691 2 2 7 1 349 350 1522
1692 2 2 7 1 819 871 873
1693 2 2 7 1 1245 1227 1257
1694 2 2 7 1 1471 814 1577
1695 2 2 7 1 597 596 1519
1696 2 2 7 1 886 883 1018
1697 2 2 7 1 1098 1004 1574
1698 2 2 7 1 527 528 1505
1699 2 2 7 1 710 709 1473
1700 2 2 7 1 513 514 1474
1701 2 2 7 1 318 319 1475
1702 2 2 7 1 406 407 1486
1703 2 2 7 1 1304 1343 1575
1704 2 2 7 1 1133 1308 1310
1705 2 2 7 1 628 627 1476
1706 2 2 7 1 1440 1137 1456
1707 2 2 7 1 400 401 1477
1708 2 2 7 1 1103 1277 1556
1709 2 2 7 1 546 545 1478
1710 2 2 7 1 1091 1093 1331
1711 2 2 7 1 813 1451 1482
1712 2 2 7 1 482 483 1514
1713 2 2 7 1 1247 843 1437
1714 2 2 7 1 1470 1471 1472
1715 2 2 7 1 659 658 1479
1716 2 2 7 1 673 672 1480
1717 2 2 7 1 1152 1325 1570
1718 2 2 7 1 1014 1007 1173
1719 2 2 7 1 1138 1290 1295
1720 2 2 7 1 758 1440 1456
1721 2 2 7 1 1197 1270 1271
1722 2 2 7 1 1237 1417 1506
1723 2 2 7 1 859 877 1332
1724 2 2 7 1 338 339 1483
1725 2 2 7 1 1153 1324 1325
1726 2 2 7 1 608 607 1484
1727 2 2 7 1 420 421 1515
1728 2 2 7 1 1260 1225 1262
1729 2 2 7 1 801 1404 1488
1730 2 2 7 1 1135 1310 1312
1731 2 2 7 1 502 503 1489
1732 2 2 7 1 618 617 1390
1733 2 2 7 1 328 329 1384
1734 2 2 7 1 731 730 1391
1735 2 2 7 1 829 867 868
1736 2 2 7 1 1342 810 1345
1737 2 2 7 1 556 555 1351
1738 2 2 7 1 887 886 888
1739 2 2 7 1 348 349 1396
1740 2 2 7 1 390 391 1346
1741 2 2 7 1 598 597 1401
1742 2 2 7 1 639 638 1518
1743 2 2 7 1 1282 849 1505
1744 2 2 7 1 1329 759 1330
1745 2 2 7 1 1175 795 1176
1746 2 2 7 1 881 873 1008
1747 2 2 7 1 872 879 882
1748 2 2 7 1 335 336 1499
1749 2 2 7 1 773 1267 1366
1750 2 2 7 1 1009 1008 1010
1751 2 2 7 1 882 883 884
1752 2 2 7 1 689 688 1430
1753 2 2 7 1 481 482 1414
1754 2 2 7 1 471 472 1525
1755 2 2 7 1 452 453 1337
1756 2 2 7 1 1108 1107 1112
1757 2 2 7 1 576 575 1334
1758 2 2 7 1 1404 1300 1488
1759 2 2 7 1 1280 1187 1281
1760 2 2 7 1 370 371 1297
1761 2 2 7 1 1233 1248 1417
1762 2 2 7 1 670 669 1495
1763 2 2 7 1 358 359 1498
1764 2 2 7 1 850 38 1021
1765 2 2 7 1 419 420 1439
1766 2 2 7 1 440 441 1527
1767 2 2 7 1 436 437 1340
1768 2 2 7 1 592 591 1342
1769 2 2 7 1 518 519 1339
1770 2 2 7 1 354 355 1343
1771 2 2 7 1 886 887 1150
1772 2 2 7 1 467 468 1348
1773 2 2 7 1 541 540 1331
1774 2 2 7 1 736 735 1296
1775 2 2 7 1 487 488 1295
1776 2 2 7 1 498 499 1543
1777 2 2 7 1 798 1268 1269
1778 2 2 7 1 374 375 1329
1779 2 2 7 1 464 465 824
1780 2 2 7 1 697 696 825
1781 2 2 7 1 884 883 885
1782 2 2 7 1 1009 1010 1011
1783 2 2 7 1 444 445 813
1784 2 2 7 1 677 676 814
1785 2 2 7 1 725 724 1353
1786 2 2 7 1 402 403 757
1787 2 2 7 1 635 634 772
1788 2 2 7 1 416 417 1357
1789 2 2 7 1 311 312 764
1790 2 2 7 1 544 543 765
1791 2 2 7 1 506 507 818
1792 2 2 7 1 739 738 820
1793 2 2 7 1 640 639 1445
1794 2 2 7 1 612 611 1383
1795 2 2 7 1 424 425 1180
1796 2 2 7 1 657 656 1362
1797 2 2 7 1 604 603 1213
1798 2 2 7 1 1310 1308 1311
1799 2 2 7 1 812 1420 1421
1800 2 2 7 1 1092 1093 1165
1801 2 2 7 1 522 523 1501
1802 2 2 7 1 334 335 1387
1803 2 2 7 1 694 693 1435
1804 2 2 7 1 603 602 1288
1805 2 2 7 1 447 448 1553
1806 2 2 7 1 581 580 1532
1807 2 2 7 1 756 1357 1358
1808 2 2 7 1 373 374 1298
1809 2 2 7 1 606 605 1211
1810 2 2 7 1 425 426 1287
1811 2 2 7 1 631 630 1469
1812 2 2 7 1 315 316 1466
1813 2 2 7 1 428 429 1462
1814 2 2 7 1 486 487 837
1815 2 2 7 1 719 718 838
1816 2 2 7 1 504 505 853
1817 2 2 7 1 737 736 854
1818 2 2 7 1 309 310 1087
1819 2 2 7 1 542 541 1092
1820 2 2 7 1 507 508 1285
1821 2 2 7 1 470 471 1453
1822 2 2 7 1 312 313 1283
1823 2 2 7 1 1160 1399 1405
1824 2 2 7 1 990 1110 1548
1825 2 2 7 1 377 378 1458
1826 2 2 7 1 517 518 839
1827 2 2 7 1 750 749 840
1828 2 2 7 1 435 436 1258
1829 2 2 7 1 668 667 1372
1830 2 2 7 1 634 633 1280
1831 2 2 7 1 360 361 1315
1832 2 2 7 1 593 592 1212
1833 2 2 7 1 353 354 1304
1834 2 2 7 1 586 585 1199
1835 2 2 7 1 409 410 1502
1836 2 2 7 1 839 858 1015
1837 2 2 7 1 859 840 1019
1838 2 2 7 1 1372 1373 1382
1839 2 2 7 1 466 467 1238
1840 2 2 7 1 699 698 1465
1841 2 2 7 1 1310 1311 1565
1842 2 2 7 1 1166 1167 1168
1843 2 2 7 1 565 564 1277
1844 2 2 7 1 439 440 1454
1845 2 2 7 1 1007 949 1134
1846 2 2 7 1 493 494 841
1847 2 2 7 1 726 725 842
1848 2 2 7 1 1380 1378 1381
1849 2 2 7 1 415 416 756
1850 2 2 7 1 648 647 773
1851 2 2 7 1 380 381 1309
1852 2 2 7 1 613 612 1216
1853 2 2 7 1 491 492 1503
1854 2 2 7 1 381 382 1327
1855 2 2 7 1 333 334 1119
1856 2 2 7 1 566 565 1102
1857 2 2 7 1 462 463 1236
1858 2 2 7 1 695 694 1427
1859 2 2 7 1 1404 1314 1491
1860 2 2 7 1 509 510 1402
1861 2 2 7 1 647 646 1267
1862 2 2 7 1 1088 1089 1509
1863 2 2 7 1 445 446 1255
1864 2 2 7 1 431 432 1526
1865 2 2 7 1 650 649 1504
1866 2 2 7 1 1570 1323 1575
1867 2 2 7 1 494 495 1264
1868 2 2 7 1 601 600 1411
1869 2 2 7 1 880 1072 1149
1870 2 2 7 1 307 308 830
1871 2 2 7 1 540 539 821
1872 2 2 7 1 649 648 1359
1873 2 2 7 1 461 462 1388
1874 2 2 7 1 680 679 1434
1875 2 2 7 1 643 642 1193
1876 2 2 7 1 508 509 862
1877 2 2 7 1 741 740 863
1878 2 2 7 1 365 366 1400
1879 2 2 7 1 385 386 1389
1880 2 2 7 1 663 662 1370
1881 2 2 7 1 345 346 1412
1882 2 2 7 1 561 560 1385
1883 2 2 7 1 478 479 1247
1884 2 2 7 1 711 710 1408
1885 2 2 7 1 512 513 864
1886 2 2 7 1 745 744 867
1887 2 2 7 1 317 318 791
1888 2 2 7 1 550 549 792
1889 2 2 7 1 441 442 1246
1890 2 2 7 1 674 673 1377
1891 2 2 7 1 1191 1186 1281
1892 2 2 7 1 396 397 793
1893 2 2 7 1 629 628 794
1894 2 2 7 1 1289 1262 1462
1895 2 2 7 1 369 370 801
1896 2 2 7 1 602 601 802
1897 2 2 7 1 399 400 1170
1898 2 2 7 1 632 631 1187
1899 2 2 7 1 314 315 1109
1900 2 2 7 1 547 546 1094
1901 2 2 7 1 1333 1326 1572
1902 2 2 7 1 344 345 803
1903 2 2 7 1 577 576 804
1904 2 2 7 1 669 668 1375
1905 2 2 7 1 714 713 1415
1906 2 2 7 1 451 452 1231
1907 2 2 7 1 472 473 826
1908 2 2 7 1 705 704 827
1909 2 2 7 1 427 428 774
1910 2 2 7 1 660 659 775
1911 2 2 7 1 460 461 1506
1912 2 2 7 1 323 324 1350
1913 2 2 7 1 458 459 1416
1914 2 2 7 1 457 458 1248
1915 2 2 7 1 690 689 1424
1916 2 2 7 1 623 622 1347
1917 2 2 7 1 405 406 1167
1918 2 2 7 1 638 637 1185
1919 2 2 7 1 683 682 1419
1920 2 2 7 1 1093 1091 1104
1921 2 2 7 1 488 489 1291
1922 2 2 7 1 721 720 1292
1923 2 2 7 1 652 651 1493
1924 2 2 7 1 337 338 762
1925 2 2 7 1 570 569 767
1926 2 2 7 1 681 680 1507
1927 2 2 7 1 376 377 759
1928 2 2 7 1 609 608 770
1929 2 2 7 1 389 390 758
1930 2 2 7 1 622 621 771
1931 2 2 7 1 421 422 807
1932 2 2 7 1 654 653 808
1933 2 2 7 1 781 1425 1426
1934 2 2 7 1 607 606 1294
1935 2 2 7 1 324 325 763
1936 2 2 7 1 557 556 766
1937 2 2 7 1 519 520 855
1938 2 2 7 1 752 751 856
1939 2 2 7 1 339 340 1252
1940 2 2 7 1 501 502 817
1941 2 2 7 1 734 733 819
1942 2 2 7 1 378 379 1328
1943 2 2 7 1 698 697 1584
1944 2 2 7 1 456 457 1338
1945 2 2 7 1 489 490 1438
1946 2 2 7 1 1105 1206 1278
1947 2 2 7 1 355 356 1318
1948 2 2 7 1 588 587 1201
1949 2 2 7 1 1166 1168 1169
1950 2 2 7 1 685 684 1420
1951 2 2 7 1 585 584 1253
1952 2 2 7 1 468 469 782
1953 2 2 7 1 701 700 783
1954 2 2 7 1 429 430 1536
1955 2 2 7 1 343 344 1333
1956 2 2 7 1 407 408 1487
1957 2 2 7 1 327 328 1116
1958 2 2 7 1 560 559 1099
1959 2 2 7 1 386 387 1137
1960 2 2 7 1 619 618 1197
1961 2 2 7 1 703 702 1432
1962 2 2 7 1 1314 1316 1319
1963 2 2 7 1 658 657 1374
1964 2 2 7 1 499 500 870
1965 2 2 7 1 732 731 871
1966 2 2 7 1 621 620 1442
1967 2 2 7 1 361 362 1321
1968 2 2 7 1 438 439 776
1969 2 2 7 1 671 670 777
1970 2 2 7 1 357 358 809
1971 2 2 7 1 590 589 810
1972 2 2 7 1 611 610 1341
1973 2 2 7 1 483 484 787
1974 2 2 7 1 716 715 788
1975 2 2 7 1 667 666 1373
1976 2 2 7 1 712 711 1510
1977 2 2 7 1 568 567 1397
1978 2 2 7 1 521 522 860
1979 2 2 7 1 754 753 861
1980 2 2 7 1 316 317 1538
1981 2 2 7 1 545 544 1284
1982 2 2 7 1 511 512 1511
1983 2 2 7 1 408 409 795
1984 2 2 7 1 641 640 796
1985 2 2 7 1 325 326 1443
1986 2 2 7 1 558 557 1444
1987 2 2 7 1 490 491 789
1988 2 2 7 1 723 722 790
1989 2 2 7 1 418 419 1178
1990 2 2 7 1 651 650 1251
1991 2 2 7 1 347 348 1153
1992 2 2 7 1 580 579 1122
1993 2 2 7 1 459 460 780
1994 2 2 7 1 692 691 781
1995 2 2 7 1 401 402 1279
1996 2 2 7 1 1315 1319 1320
1997 2 2 7 1 366 367 1300
1998 2 2 7 1 599 598 1208
1999 2 2 7 1 449 450 778
2000 2 2 7 1 682 681 779
2001 2 2 7 1 777 1376 1379
2002 2 2 7 1 394 395 1181
2003 2 2 7 1 627 626 1275
2004 2 2 7 1 661 660 1463
2005 2 2 7 1 630 629 1539
2006 2 2 7 1 807 1224 1226
2007 2 2 7 1 480 481 843
2008 2 2 7 1 713 712 844
2009 2 2 7 1 510 511 822
2010 2 2 7 1 743 742 823
2011 2 2 7 1 548 547 1467
2012 2 2 7 1 749 748 1223
2013 2 2 7 1 336 337 1516
2014 2 2 7 1 398 399 1468
2015 2 2 7 1 319 320 1344
2016 2 2 7 1 367 368 1488
2017 2 2 7 1 579 578 1481
2018 2 2 7 1 514 515 828
2019 2 2 7 1 747 746 829
2020 2 2 7 1 610 609 1461
2021 2 2 7 1 476 477 784
2022 2 2 7 1 709 708 785
2023 2 2 7 1 672 671 1497
2024 2 2 7 1 1014 1177 1179
2025 2 2 7 1 500 501 1459
2026 2 2 7 1 387 388 1456
2027 2 2 7 1 559 558 1455
2028 2 2 7 1 469 470 1452
2029 2 2 7 1 1098 1537 1555
2030 2 2 7 1 356 357 1449
2031 2 2 7 1 516 517 1521
2032 2 2 7 1 432 433 815
2033 2 2 7 1 665 664 816
2034 2 2 7 1 1423 1066 1568
2035 2 2 7 1 363 364 760
2036 2 2 7 1 596 595 769
2037 2 2 7 1 1251 1360 1361
2038 2 2 7 1 350 351 761
2039 2 2 7 1 583 582 768
2040 2 2 7 1 403 404 1166
2041 2 2 7 1 1426 1423 1428
2042 2 2 7 1 718 717 1222
2043 2 2 7 1 543 542 1165
2044 2 2 7 1 738 737 1163
2045 2 2 7 1 332 333 1276
2046 2 2 7 1 1184 1186 1490
2047 2 2 7 1 1012 1130 1132
2048 2 2 7 1 614 613 1268
2049 2 2 7 1 1260 1262 1289
2050 2 2 7 1 873 871 1008
2051 2 2 7 1 870 872 882
2052 2 2 7 1 414 415 1266
2053 2 2 7 1 656 655 1367
2054 2 2 7 1 1137 1312 1389
2055 2 2 7 1 1134 1313 1395
2056 2 2 7 1 727 726 1265
2057 2 2 7 1 496 497 805
2058 2 2 7 1 729 728 806
2059 2 2 7 1 1182 1183 1494
2060 2 2 7 1 1305 1306 1550
2061 2 2 7 1 1307 1306 1308
2062 2 2 7 1 1134 1135 1313
2063 2 2 7 1 412 413 1174
2064 2 2 7 1 645 644 1190
2065 2 2 7 1 1121 1204 1579
2066 2 2 7 1 383 384 797
2067 2 2 7 1 616 615 798
2068 2 2 7 1 1088 1086 1089
2069 2 2 7 1 330 331 799
2070 2 2 7 1 563 562 800
2071 2 2 7 1 1081 997 1158
2072 2 2 7 1 878 853 1148
2073 2 2 7 1 854 880 1149
2074 2 2 7 1 813 1256 1451
2075 2 2 7 1 1317 1570 1575
2076 2 2 7 1 1145 1066 1423
2077 2 2 7 1 1253 1202 1356
2078 2 2 7 1 528 845 1505
2079 2 2 7 1 1221 1290 1512
2080 2 2 7 1 888 886 1282
2081 2 2 7 1 857 537 1286
2082 2 2 7 1 1370 1369 1394
2083 2 2 7 1 352 353 1322
2084 2 2 7 1 869 1072 1144
2085 2 2 7 1 1379 1378 1380
2086 2 2 7 1 1472 1433 1507
2087 2 2 7 1 594 593 1249
2088 2 2 7 1 434 435 1263
2089 2 2 7 1 1154 1252 1572
2090 2 2 7 1 1421 1433 1571
2091 2 2 7 1 877 1020 1021
2092 2 2 7 1 707 706 1410
2093 2 2 7 1 321 322 1111
2094 2 2 7 1 554 553 1005
2095 2 2 7 1 1107 1087 1447
2096 2 2 7 1 392 393 1136
2097 2 2 7 1 625 624 1195
2098 2 2 7 1 636 635 1184
2099 2 2 7 1 949 1133 1134
2100 2 2 7 1 7 786 1286
2101 2 2 7 1 786 1083 1084
2102 2 2 7 1 310 311 1164
2103 2 2 7 1 1229 1245 1256
2104 2 2 7 1 505 506 1162
2105 2 2 7 1 485 486 1221
2106 2 2 7 1 819 873 880
2107 2 2 7 1 1198 1081 1207
2108 2 2 7 1 1171 1336 1395
2109 2 2 7 1 423 424 1182
2110 2 2 7 1 372 373 1305
2111 2 2 7 1 605 604 1220
2112 2 2 7 1 1066 967 1131
2113 2 2 7 1 1009 1011 1130
2114 2 2 7 1 378 1328 1458
2115 2 2 7 1 341 342 1147
2116 2 2 7 1 574 573 1106
2117 2 2 7 1 850 1021 1573
2118 2 2 7 1 465 466 1583
2119 2 2 7 1 454 455 811
2120 2 2 7 1 687 686 812
2121 2 2 7 1 1243 826 1485
2122 2 2 7 1 881 1008 1009
2123 2 2 7 1 882 879 883
2124 2 2 7 1 1537 1005 1555
2125 2 2 7 1 1571 1145 1578
2126 2 2 7 1 1097 1098 1555
2127 2 2 7 1 1245 1257 1451
2128 2 2 7 1 983 1014 1179
2129 2 2 7 1 1360 1359 1366
2130 2 2 7 1 1292 720 1398
2131 2 2 7 1 761 1323 1324
2132 2 2 7 1 786 305 1083
2133 2 2 7 1 1085 830 1086
2134 2 2 7 1 1168 1167 1175
2135 2 2 7 1 1135 1440 1441
2136 2 2 7 1 865 828 1015
2137 2 2 7 1 829 868 1019
2138 2 2 7 1 1077 976 1105
2139 2 2 7 1 798 1269 1270
2140 2 2 7 1 1209 1210 1214
2141 2 2 7 1 1239 782 1240
2142 2 2 7 1 1376 1375 1382
2143 2 2 7 1 1323 1322 1575
2144 2 2 7 1 1020 1144 1573
2145 2 2 7 1 1273 1194 1274
2146 2 2 7 1 1379 1480 1497
2147 2 2 7 1 1325 1152 1326
2148 2 2 7 1 1306 1329 1330
2149 2 2 7 1 1186 1280 1281
2150 2 2 7 1 1357 1228 1358
2151 2 2 7 1 991 1074 1302
2152 2 2 7 1 1323 761 1534
2153 2 2 7 1 1081 1158 1209
2154 2 2 7 1 1229 1227 1245
2155 2 2 7 1 1431 1429 1568
2156 2 2 7 1 1275 1273 1576
2157 2 2 7 1 1429 1465 1584
2158 2 2 7 1 1361 1492 1493
2159 2 2 7 1 1250 1366 1386
2160 2 2 7 1 794 1476 1576
2161 2 2 7 1 1173 1176 1177
2162 2 2 7 1 1322 1323 1534
2163 2 2 7 1 1316 1317 1320
2164 2 2 7 1 1089 1086 1107
2165 2 2 7 1 1376 1382 1551
2166 2 2 7 1 1254 1176 1502
2167 2 2 7 1 1427 1426 1428
2168 2 2 7 1 1226 1224 1228
2169 2 2 7 1 1371 1382 1394
2170 2 2 7 1 1207 1219 1345
2171 2 2 7 1 983 1179 1225
2172 2 2 7 1 865 864 1474
2173 2 2 7 1 1422 1430 1545
2174 2 2 7 1 976 1121 1579
2175 2 2 7 1 525 526 1541
2176 2 2 7 1 1299 1306 1307
2177 2 2 7 1 1256 1245 1451
2178 2 2 7 1 1178 1226 1228
2179 2 2 7 1 1301 968 1302
2180 2 2 7 1 838 1222 1399
2181 2 2 7 1 1079 969 1229
2182 2 2 7 1 1365 984 1378
2183 2 2 7 1 1192 985 1363
2184 2 2 7 1 1557 1564 1565
2185 2 2 7 1 881 1012 1072
2186 2 2 7 1 1200 1198 1207
2187 2 2 7 1 1176 1173 1335
2188 2 2 7 1 1424 1422 1425
2189 2 2 7 1 882 1542 1543
2190 2 2 7 1 828 865 1474
2191 2 2 7 1 1293 862 1402
2192 2 2 7 1 1008 1391 1529
2193 2 2 7 1 1376 777 1495
2194 2 2 7 1 1110 1113 1114
2195 2 2 7 1 1363 985 1365
2196 2 2 7 1 1274 1191 1281
2197 2 2 7 1 1407 1409 1431
2198 2 2 7 1 1096 1095 1123
2199 2 2 7 1 1360 1251 1504
2200 2 2 7 1 1240 1452 1453
2201 2 2 7 1 1428 1423 1568
2202 2 2 7 1 1007 1134 1395
2203 2 2 7 1 969 1227 1229
2204 2 2 7 1 1375 1376 1495
2205 2 2 7 1 538 857 1125
2206 2 2 7 1 1324 1396 1522
2207 2 2 7 1 822 1293 1402
2208 2 2 7 1 1020 868 1144
2209 2 2 7 1 1398 838 1399
2210 2 2 7 1 1244 1552 1553
2211 2 2 7 1 1270 1390 1533
2212 2 2 7 1 1175 1486 1487
2213 2 2 7 1 1359 1360 1504
2214 2 2 7 1 1117 1118 1548
2215 2 2 7 1 37 38 850
2216 2 2 7 1 526 527 849
2217 2 2 7 1 849 1016 1541
2218 2 2 7 1 1083 306 1085
2219 2 2 7 1 758 1346 1441
2220 2 2 7 1 872 870 1459
2221 2 2 7 1 1564 1310 1565
2222 2 2 7 1 880 881 1072
2223 2 2 7 1 1135 1312 1440
2224 2 2 7 1 1188 1186 1191
2225 2 2 7 1 818 1148 1162
2226 2 2 7 1 1148 853 1162
2227 2 2 7 1 1149 820 1163
2228 2 2 7 1 1159 1194 1196
2229 2 2 7 1 854 1149 1163
2230 2 2 7 1 1014 1173 1177
2231 2 2 7 1 1005 1554 1555
2232 2 2 7 1 1312 1137 1440
2233 2 2 7 1 1205 1206 1579
2234 2 2 7 1 817 872 1459
2235 2 2 7 1 967 1130 1131
2236 2 2 7 1 474 1464 1485
2237 2 2 7 1 1380 1471 1577
2238 2 2 7 1 885 883 886
2239 2 2 7 1 1015 1520 1521
2240 2 2 7 1 1019 1223 1569
2241 2 2 7 1 879 872 1581
2242 2 2 7 1 1172 1171 1395
2243 2 2 7 1 1379 1376 1551
2244 2 2 7 1 1320 1450 1498
2245 2 2 7 1 1335 1173 1336
2246 2 2 7 1 881 1009 1012
2247 2 2 7 1 880 873 881
2248 2 2 7 1 1355 1201 1356
2249 2 2 7 1 1215 1210 1582
2250 2 2 7 1 1423 1426 1578
2251 2 2 7 1 1262 774 1462
2252 2 2 7 1 1440 758 1441
2253 2 2 7 1 1235 1234 1237
2254 2 2 7 1 866 862 1293
2255 2 2 7 1 1345 810 1355
2256 2 2 7 1 1144 1072 1573
2257 2 2 7 1 1378 1379 1551
2258 2 2 7 1 818 866 1148
2259 2 2 7 1 869 820 1149
2260 2 2 7 1 1101 1100 1574
2261 2 2 7 1 1019 868 1020
2262 2 2 7 1 1239 1238 1348
2263 2 2 7 1 868 867 1418
2264 2 2 7 1 856 859 1332
2265 2 2 7 1 801 1299 1404
2266 2 2 7 1 1433 1381 1571
2267 2 2 7 1 1150 887 1241
2268 2 2 7 1 1324 1323 1570
2269 2 2 7 1 307 830 1085
2270 2 2 7 1 858 839 1339
2271 2 2 7 1 1012 1009 1130
2272 2 2 7 1 782 1239 1348
2273 2 2 7 1 1313 1135 1441
2274 2 2 7 1 1072 1012 1573
2275 2 2 7 1 1074 1146 1152
2276 2 2 7 1 1311 1308 1330
2277 2 2 7 1 1184 772 1186
2278 2 2 7 1 1164 764 1447
2279 2 2 7 1 1182 1180 1183
2280 2 2 7 1 1305 1298 1306
2281 2 2 7 1 855 858 1339
2282 2 2 7 1 1221 837 1290
2283 2 2 7 1 1154 1146 1155
2284 2 2 7 1 866 818 1285
2285 2 2 7 1 1407 1431 1568
2286 2 2 7 1 1316 1303 1317
2287 2 2 7 1 878 879 1581
2288 2 2 7 1 1309 1327 1565
2289 2 2 7 1 1557 797 1564
2290 2 2 7 1 1500 1147 1572
2291 2 2 7 1 821 539 1125
2292 2 2 7 1 801 1297 1299
2293 2 2 7 1 1425 1422 1578
2294 2 2 7 1 885 1138 1142
2295 2 2 7 1 1139 1011 1143
2296 2 2 7 1 862 866 1285
2297 2 2 7 1 1554 1354 1555
2298 2 2 7 1 1319 1316 1320
2299 2 2 7 1 1439 420 1515
2300 2 2 7 1 1414 482 1514
2301 2 2 7 1 1445 639 1518
2302 2 2 7 1 1492 652 1493
2303 2 2 7 1 1486 407 1487
2304 2 2 7 1 1453 471 1525
2305 2 2 7 1 1401 597 1519
2306 2 2 7 1 1454 440 1527
2307 2 2 7 1 1396 349 1522
2308 2 2 7 1 1480 672 1497
2309 2 2 7 1 1531 581 1532
2310 2 2 7 1 1552 447 1553
2311 2 2 7 1 1391 730 1529
2312 2 2 7 1 1542 498 1543
2313 2 2 7 1 1390 617 1533
2314 2 2 7 1 1499 336 1516
2315 2 2 7 1 817 502 1489
2316 2 2 7 1 770 608 1484
2317 2 2 7 1 1384 329 1535
2318 2 2 7 1 762 338 1483
2319 2 2 7 1 777 670 1495
2320 2 2 7 1 1209 1158 1582
2321 2 2 7 1 809 358 1498
2322 2 2 7 1 775 659 1479
2323 2 2 7 1 1094 546 1478
2324 2 2 7 1 1170 400 1477
2325 2 2 7 1 794 628 1476
2326 2 2 7 1 1462 429 1536
2327 2 2 7 1 791 318 1475
2328 2 2 7 1 864 513 1474
2329 2 2 7 1 1408 710 1473
2330 2 2 7 1 860 522 1501
2331 2 2 7 1 1466 316 1538
2332 2 2 7 1 795 409 1502
2333 2 2 7 1 1434 679 1470
2334 2 2 7 1 1469 630 1539
2335 2 2 7 1 789 491 1503
2336 2 2 7 1 1351 555 1537
2337 2 2 7 1 1251 650 1504
2338 2 2 7 1 1346 391 1540
2339 2 2 7 1 1248 458 1416
2340 2 2 7 1 1210 1209 1582
2341 2 2 7 1 1291 489 1438
2342 2 2 7 1 803 345 1412
2343 2 2 7 1 802 601 1411
2344 2 2 7 1 771 621 1442
2345 2 2 7 1 780 460 1506
2346 2 2 7 1 763 325 1443
2347 2 2 7 1 557 766 1444
2348 2 2 7 1 862 509 1402
2349 2 2 7 1 1318 356 1449
2350 2 2 7 1 779 681 1507
2351 2 2 7 1 782 469 1452
2352 2 2 7 1 1099 559 1455
2353 2 2 7 1 1137 387 1456
2354 2 2 7 1 1419 779 1433
2355 2 2 7 1 1416 780 1417
2356 2 2 7 1 870 500 1459
2357 2 2 7 1 1336 1007 1395
2358 2 2 7 1 1427 694 1435
2359 2 2 7 1 1066 1407 1568
2360 2 2 7 1 1341 610 1461
2361 2 2 7 1 1119 334 1387
2362 2 2 7 1 1246 442 1482
2363 2 2 7 1 1216 612 1383
2364 2 2 7 1 756 416 1357
2365 2 2 7 1 1122 579 1481
2366 2 2 7 1 844 712 1510
2367 2 2 7 1 822 511 1511
2368 2 2 7 1 1300 367 1488
2369 2 2 7 1 842 725 1353
2370 2 2 7 1 1430 688 1545
2371 2 2 7 1 1449 809 1450
2372 2 2 7 1 826 473 1485
2373 2 2 7 1 1337 453 1547
2374 2 2 7 1 1238 467 1348
2375 2 2 7 1 1334 575 1549
2376 2 2 7 1 462 1236 1388
2377 2 2 7 1 1304 354 1343
2378 2 2 7 1 1185 637 1490
2379 2 2 7 1 876 525 1541
2380 2 2 7 1 1297 371 1550
2381 2 2 7 1 1212 592 1342
2382 2 2 7 1 1258 436 1340
2383 2 2 7 1 648 773 1359
2384 2 2 7 1 839 518 1339
2385 2 2 7 1 807 422 1494
2386 2 2 7 1 817 1489 1581
2387 2 2 7 1 1092 541 1331
2388 2 2 7 1 1252 340 1500
2389 2 2 7 1 854 736 1296
2390 2 2 7 1 837 487 1295
2391 2 2 7 1 1298 374 1329
2392 2 2 7 1 1387 335 1499
2393 2 2 7 1 668 1372 1375
2394 2 2 7 1 1187 631 1469
2395 2 2 7 1 843 481 1414
2396 2 2 7 1 1109 315 1466
2397 2 2 7 1 774 428 1462
2398 2 2 7 1 1208 598 1401
2399 2 2 7 1 1153 348 1396
2400 2 2 7 1 1314 1301 1316
2401 2 2 7 1 787 484 1512
2402 2 2 7 1 759 377 1458
2403 2 2 7 1 1178 419 1439
2404 2 2 7 1 1213 603 1288
2405 2 2 7 1 871 731 1391
2406 2 2 7 1 1377 673 1480
2407 2 2 7 1 1180 425 1287
2408 2 2 7 1 1317 1303 1570
2409 2 2 7 1 1197 618 1390
2410 2 2 7 1 796 640 1445
2411 2 2 7 1 1116 328 1384
2412 2 2 7 1 1275 626 1513
2413 2 2 7 1 818 507 1285
2414 2 2 7 1 764 312 1283
2415 2 2 7 1 776 439 1454
2416 2 2 7 1 1167 406 1486
2417 2 2 7 1 1452 470 1453
2418 2 2 7 1 1277 564 1556
2419 2 2 7 1 1344 320 1517
2420 2 2 7 1 828 515 1520
2421 2 2 7 1 747 829 1569
2422 2 2 7 1 772 634 1280
2423 2 2 7 1 785 708 1524
2424 2 2 7 1 510 822 1402
2425 2 2 7 1 766 556 1351
2426 2 2 7 1 580 1122 1532
2427 2 2 7 1 758 390 1346
2428 2 2 7 1 606 1211 1294
2429 2 2 7 1 808 653 1492
2430 2 2 7 1 1327 382 1557
2431 2 2 7 1 611 1341 1383
2432 2 2 7 1 459 780 1416
2433 2 2 7 1 317 791 1538
2434 2 2 7 1 629 794 1539
2435 2 2 7 1 499 870 1543
2436 2 2 7 1 1267 646 1558
2437 2 2 7 1 713 844 1415
2438 2 2 7 1 547 1094 1467
2439 2 2 7 1 711 1408 1510
2440 2 2 7 1 512 864 1511
2441 2 2 7 1 660 775 1463
2442 2 2 7 1 399 1170 1468
2443 2 2 7 1 680 1434 1507
2444 2 2 7 1 682 779 1419
2445 2 2 7 1 815 433 1528
2446 2 2 7 1 461 1388 1506
2447 2 2 7 1 651 1251 1493
2448 2 2 7 1 665 816 1567
2449 2 2 7 1 649 1359 1504
2450 2 2 7 1 337 762 1516
2451 2 2 7 1 769 595 1530
2452 2 2 7 1 490 789 1438
2453 2 2 7 1 363 760 1566
2454 2 2 7 1 468 782 1348
2455 2 2 7 1 609 770 1461
2456 2 2 7 1 366 1300 1400
2457 2 2 7 1 408 795 1487
2458 2 2 7 1 501 817 1459
2459 2 2 7 1 355 1318 1343
2460 2 2 7 1 1264 495 1559
2461 2 2 7 1 441 1246 1527
2462 2 2 7 1 761 351 1534
2463 2 2 7 1 1424 689 1430
2464 2 2 7 1 669 1375 1495
2465 2 2 7 1 583 768 1562
2466 2 2 7 1 519 855 1339
2467 2 2 7 1 472 826 1525
2468 2 2 7 1 1231 452 1337
2469 2 2 7 1 671 777 1497
2470 2 2 7 1 804 576 1334
2471 2 2 7 1 558 1444 1455
2472 2 2 7 1 357 809 1449
2473 2 2 7 1 638 1185 1518
2474 2 2 7 1 801 370 1297
2475 2 2 7 1 488 1291 1295
2476 2 2 7 1 1255 446 1552
2477 2 2 7 1 813 445 1255
2478 2 2 7 1 657 1362 1374
2479 2 2 7 1 540 821 1331
2480 2 2 7 1 386 1137 1389
2481 2 2 7 1 421 807 1515
2482 2 2 7 1 607 1294 1484
2483 2 2 7 1 560 1099 1385
2484 2 2 7 1 339 1252 1483
2485 2 2 7 1 544 765 1284
2486 2 2 7 1 602 802 1288
2487 2 2 7 1 658 1374 1479
2488 2 2 7 1 402 757 1279
2489 2 2 7 1 324 763 1350
2490 2 2 7 1 768 582 1531
2491 2 2 7 1 508 862 1285
2492 2 2 7 1 483 787 1514
2493 2 2 7 1 545 1284 1478
2494 2 2 7 1 622 771 1347
2495 2 2 7 1 1253 584 1562
2496 2 2 7 1 401 1279 1477
2497 2 2 7 1 627 1275 1476
2498 2 2 7 1 496 805 1559
2499 2 2 7 1 319 1344 1475
2500 2 2 7 1 514 828 1474
2501 2 2 7 1 1321 362 1566
2502 2 2 7 1 709 785 1473
2503 2 2 7 1 1373 666 1567
2504 2 2 7 1 645 1190 1558
2505 2 2 7 1 1102 565 1277
2506 2 2 7 1 697 825 1584
2507 2 2 7 1 1450 1317 1575
2508 2 2 7 1 596 769 1519
2509 2 2 7 1 383 797 1557
2510 2 2 7 1 457 1248 1338
2511 2 2 7 1 1309 381 1327
2512 2 2 7 1 350 761 1522
2513 2 2 7 1 805 497 1542
2514 2 2 7 1 773 647 1267
2515 2 2 7 1 1223 748 1569
2516 2 2 7 1 344 803 1333
2517 2 2 7 1 563 800 1556
2518 2 2 7 1 1520 516 1521
2519 2 2 7 1 841 494 1264
2520 2 2 7 1 352 1322 1534
2521 2 2 7 1 729 806 1529
2522 2 2 7 1 594 1249 1530
2523 2 2 7 1 434 1263 1528
2524 2 2 7 1 616 798 1533
2525 2 2 7 1 432 815 1526
2526 2 2 7 1 1145 1423 1578
2527 2 2 7 1 1199 585 1253
2528 2 2 7 1 330 799 1535
2529 2 2 7 1 1005 553 1554
2530 2 2 7 1 707 1410 1524
2531 2 2 7 1 1465 698 1584
2532 2 2 7 1 1315 361 1321
2533 2 2 7 1 321 1111 1517
2534 2 2 7 1 1372 667 1373
2535 2 2 7 1 625 1195 1513
2536 2 2 7 1 840 749 1223
2537 2 2 7 1 333 1119 1276
2538 2 2 7 1 757 403 1166
2539 2 2 7 1 517 839 1521
2540 2 2 7 1 613 1216 1268
2541 2 2 7 1 415 756 1266
2542 2 2 7 1 1382 1371 1551
2543 2 2 7 1 765 543 1165
2544 2 2 7 1 554 1005 1537
2545 2 2 7 1 820 738 1163
2546 2 2 7 1 1365 1378 1551
2547 2 2 7 1 726 842 1265
2548 2 2 7 1 485 1221 1512
2549 2 2 7 1 636 1184 1490
2550 2 2 7 1 392 1136 1540
2551 2 2 7 1 838 718 1222
2552 2 2 7 1 542 1092 1165
2553 2 2 7 1 737 854 1163
2554 2 2 7 1 1362 656 1367
2555 2 2 7 1 1106 573 1560
2556 2 2 7 1 423 1182 1494
2557 2 2 7 1 372 1305 1550
2558 2 2 7 1 1139 1398 1399
2559 2 2 7 1 341 1147 1500
2560 2 2 7 1 353 1304 1322
2561 2 2 7 1 574 1106 1549
2562 2 2 7 1 824 465 1583
2563 2 2 7 1 1289 1462 1536
2564 2 2 7 1 454 811 1547
2565 2 2 7 1 687 812 1545
2566 2 2 7 1 593 1212 1249
2567 2 2 7 1 435 1258 1263
2568 2 2 7 1 635 772 1184
2569 2 2 7 1 311 764 1164
2570 2 2 7 1 506 818 1162
2571 2 2 7 1 1206 1105 1579
2572 2 2 7 1 1087 310 1164
2573 2 2 7 1 853 505 1162
2574 2 2 7 1 486 837 1221
2575 2 2 7 1 424 1180 1182
2576 2 2 7 1 604 1213 1220
2577 2 2 7 1 466 1238 1583
2578 2 2 7 1 373 1298 1305
2579 2 2 7 1 1211 605 1220
2580 2 2 7 1 1489 878 1581
2581 2 2 7 1 849 527 1505
2582 2 2 7 1 1168 1175 1335
2583 2 2 7 1 1434 1470 1472
2584 2 2 7 1 1202 1200 1356
2585 2 2 7 1 1371 1365 1551
2586 2 2 7 1 872 817 1581
2587 2 2 7 1 1016 876 1541
2588 2 2 7 1 1175 1176 1335
2589 2 2 7 1 526 849 1541
2590 2 2 7 1 1200 1355 1356
2591 2 2 7 1 1464 1243 1485
2592 2 2 7 1 1354 1097 1555
2593 2 2 7 1 39 877 1021
2594 2 2 7 1 1226 1439 1515
2595 2 2 7 1 1434 1472 1507
2596 2 2 7 1 36 37 850
2597 2 2 7 1 308 309 1087
2598 2 2 7 1 313 314 1109
2599 2 2 7 1 322 323 1350
2600 2 2 7 1 326 327 1116
2601 2 2 7 1 331 332 1276
2602 2 2 7 1 342 343 1333
2603 2 2 7 1 346 347 1153
2604 2 2 7 1 359 360 1315
2605 2 2 7 1 364 365 1400
2606 2 2 7 1 368 369 801
2607 2 2 7 1 375 376 759
2608 2 2 7 1 384 385 1389
2609 2 2 7 1 388 389 758
2610 2 2 7 1 393 394 1181
2611 2 2 7 1 395 396 793
2612 2 2 7 1 397 398 1468
2613 2 2 7 1 404 405 1167
2614 2 2 7 1 411 412 1174
2615 2 2 7 1 413 414 1266
2616 2 2 7 1 417 418 1178
2617 2 2 7 1 426 427 774
2618 2 2 7 1 430 431 1526
2619 2 2 7 1 437 438 776
2620 2 2 7 1 448 449 778
2621 2 2 7 1 450 451 1231
2622 2 2 7 1 455 456 1338
2623 2 2 7 1 463 464 824
2624 2 2 7 1 475 476 784
2625 2 2 7 1 477 478 1247
2626 2 2 7 1 479 480 843
2627 2 2 7 1 492 493 841
2628 2 2 7 1 503 504 853
2629 2 2 7 1 549 548 1467
2630 2 2 7 1 551 550 792
2631 2 2 7 1 562 561 1385
2632 2 2 7 1 567 566 1102
2633 2 2 7 1 569 568 1397
2634 2 2 7 1 571 570 767
2635 2 2 7 1 578 577 804
2636 2 2 7 1 587 586 1199
2637 2 2 7 1 589 588 1201
2638 2 2 7 1 591 590 810
2639 2 2 7 1 600 599 1208
2640 2 2 7 1 615 614 1268
2641 2 2 7 1 620 619 1197
2642 2 2 7 1 624 623 1347
2643 2 2 7 1 633 632 1187
2644 2 2 7 1 642 641 796
2645 2 2 7 1 644 643 1193
2646 2 2 7 1 655 654 808
2647 2 2 7 1 662 661 1463
2648 2 2 7 1 664 663 1370
2649 2 2 7 1 684 683 1419
2650 2 2 7 1 686 685 1420
2651 2 2 7 1 691 690 1424
2652 2 2 7 1 693 692 781
2653 2 2 7 1 700 699 1465
2654 2 2 7 1 702 701 783
2655 2 2 7 1 704 703 1432
2656 2 2 7 1 706 705 827
2657 2 2 7 1 715 714 1415
2658 2 2 7 1 717 716 788
2659 2 2 7 1 722 721 1292
2660 2 2 7 1 724 723 790
2661 2 2 7 1 728 727 1265
2662 2 2 7 1 733 732 871
2663 2 2 7 1 735 734 819
2664 2 2 7 1 740 739 820
2665 2 2 7 1 742 741 863
2666 2 2 7 1 744 743 823
2667 2 2 7 1 746 745 867
2668 2 2 7 1 751 750 840
2669 2 2 7 1 753 752 856
2670 2 2 7 1 755 754 861
2671 2 2 7 1 443 444 813
2672 2 2 7 1 520 521 855
2673 2 2 7 1 678 677 814
2674 2 2 7 1 696 695 825
2675 2 2 7 1 823 863 869
2676 2 2 7 1 858 855 860
2677 2 2 7 1 879 878 1148
2678 2 2 7 1 1174 1266 1358
2679 2 2 7 1 1235 1239 1240
2680 2 2 7 1 1469 1539 1576
2681 2 2 7 2 300 1659 1946
2682 2 2 7 2 695 1654 2258
2683 2 2 7 2 1849 1710 1981
2684 2 2 7 2 1818 1755 1820
2685 2 2 7 2 81 1678 1992
2686 2 2 7 2 1755 1818 1822
2687 2 2 7 2 101 1647 1691
2688 2 2 7 2 2063 2062 2076
2689 2 2 7 2 1631 602 2072
2690 2 2 7 2 2023 2027 2382
2691 2 2 7 2 675 1643 2312
2692 2 2 7 2 1674 81 1992
2693 2 2 7 2 2047 2198 2334
2694 2 2 7 2 1650 540 1927
2695 2 2 7 2 121 1666 2151
2696 2 2 7 2 1622 2003 2380
2697 2 2 7 2 1619 1975 2269
2698 2 2 7 2 2233 1617 2345
2699 2 2 7 2 2063 2076 2077
2700 2 2 7 2 1698 1849 1981
2701 2 2 7 2 1651 1695 2249
2702 2 2 7 2 90 1668 1684
2703 2 2 7 2 2020 2019 2022
2704 2 2 7 2 1748 1746 1825
2705 2 2 7 2 1827 1680 1958
2706 2 2 7 2 2202 1587 2268
2707 2 2 7 2 1815 1665 1880
2708 2 2 7 2 298 299 1946
2709 2 2 7 2 735 1683 2320
2710 2 2 7 2 2189 2088 2327
2711 2 2 7 2 1611 141 2028
2712 2 2 7 2 1697 2153 2344
2713 2 2 7 2 1631 2072 2412
2714 2 2 7 2 1865 1809 1896
2715 2 2 7 2 1665 1815 1901
2716 2 2 7 2 1746 1758 1825
2717 2 2 7 2 1809 1865 1994
2718 2 2 7 2 591 2064 2330
2719 2 2 7 2 1829 1827 1958
2720 2 2 7 2 2091 2092 2322
2721 2 2 7 2 1856 1861 1869
2722 2 2 7 2 2268 1587 2276
2723 2 2 7 2 2262 2260 2284
2724 2 2 7 2 611 2074 2199
2725 2 2 7 2 2260 1656 2318
2726 2 2 7 2 2201 1587 2202
2727 2 2 7 2 724 1671 2335
2728 2 2 7 2 2071 2078 2209
2729 2 2 7 2 2285 2259 2421
2730 2 2 7 2 2194 2167 2272
2731 2 2 7 2 1990 2075 2104
2732 2 2 7 2 2105 2049 2108
2733 2 2 7 2 2026 2027 2082
2734 2 2 7 2 85 1959 2180
2735 2 2 7 2 1612 2284 2285
2736 2 2 7 2 1640 2023 2386
2737 2 2 7 2 57 58 1876
2738 2 2 7 2 8 41 1960
2739 2 2 7 2 2209 2078 2366
2740 2 2 7 2 2109 2114 2115
2741 2 2 7 2 85 5 1959
2742 2 2 7 2 2151 1666 2230
2743 2 2 7 2 2074 2099 2100
2744 2 2 7 2 1651 99 1691
2745 2 2 7 2 1620 1924 1950
2746 2 2 7 2 2020 2021 2246
2747 2 2 7 2 1923 1593 1946
2748 2 2 7 2 1869 1861 2341
2749 2 2 7 2 1955 1988 2217
2750 2 2 7 2 2074 2075 2199
2751 2 2 7 2 1660 1875 1876
2752 2 2 7 2 2098 2274 2275
2753 2 2 7 2 1705 1687 1844
2754 2 2 7 2 1791 1792 1816
2755 2 2 7 2 1924 1819 1951
2756 2 2 7 2 1609 150 2037
2757 2 2 7 2 1934 1933 1936
2758 2 2 7 2 1688 1706 1847
2759 2 2 7 2 2070 2068 2079
2760 2 2 7 2 1821 1817 1919
2761 2 2 7 2 1660 1874 1875
2762 2 2 7 2 1865 1663 1994
2763 2 2 7 2 1737 1735 1822
2764 2 2 7 2 2030 1655 2316
2765 2 2 7 2 1994 1663 2341
2766 2 2 7 2 1704 1889 1890
2767 2 2 7 2 2130 2091 2322
2768 2 2 7 2 1895 1894 2225
2769 2 2 7 2 1618 119 2151
2770 2 2 7 2 2055 1616 2230
2771 2 2 7 2 620 1600 2291
2772 2 2 7 2 1924 1922 1950
2773 2 2 7 2 283 1592 2287
2774 2 2 7 2 1988 1591 2293
2775 2 2 7 2 88 1684 1689
2776 2 2 7 2 1685 753 1690
2777 2 2 7 2 2075 2074 2100
2778 2 2 7 2 1823 1748 1825
2779 2 2 7 2 2183 1985 2228
2780 2 2 7 2 1664 1894 1895
2781 2 2 7 2 1943 2052 2416
2782 2 2 7 2 1830 1676 1831
2783 2 2 7 2 2038 2039 2040
2784 2 2 7 2 2010 2211 2273
2785 2 2 7 2 558 1935 2277
2786 2 2 7 2 1929 2298 2407
2787 2 2 7 2 221 1968 2276
2788 2 2 7 2 2014 1636 2015
2789 2 2 7 2 2115 2041 2149
2790 2 2 7 2 58 1660 1876
2791 2 2 7 2 1681 57 1876
2792 2 2 7 2 1969 1618 2151
2793 2 2 7 2 2032 1607 2339
2794 2 2 7 2 2153 1652 2344
2795 2 2 7 2 1646 108 1699
2796 2 2 7 2 1920 2288 2297
2797 2 2 7 2 1625 2042 2279
2798 2 2 7 2 1824 2115 2149
2799 2 2 7 2 1868 1856 1869
2800 2 2 7 2 2284 2260 2285
2801 2 2 7 2 1599 609 2199
2802 2 2 7 2 2323 1672 2342
2803 2 2 7 2 2138 2136 2140
2804 2 2 7 2 1588 2175 2346
2805 2 2 7 2 2143 2144 2410
2806 2 2 7 2 1735 1755 1822
2807 2 2 7 2 1825 1758 1826
2808 2 2 7 2 2023 2024 2027
2809 2 2 7 2 578 2053 2243
2810 2 2 7 2 1677 1892 1989
2811 2 2 7 2 1951 1819 1953
2812 2 2 7 2 241 2162 2239
2813 2 2 7 2 2172 2191 2271
2814 2 2 7 2 1820 1755 1983
2815 2 2 7 2 2253 1610 2255
2816 2 2 7 2 1629 1938 2374
2817 2 2 7 2 1967 2202 2347
2818 2 2 7 2 1603 2130 2322
2819 2 2 7 2 1889 1704 1902
2820 2 2 7 2 2029 2028 2057
2821 2 2 7 2 2258 2259 2267
2822 2 2 7 2 2204 2098 2275
2823 2 2 7 2 1985 2171 2228
2824 2 2 7 2 2015 2011 2130
2825 2 2 7 2 1620 292 2297
2826 2 2 7 2 97 1651 1693
2827 2 2 7 2 711 1673 2236
2828 2 2 7 2 2002 2001 2112
2829 2 2 7 2 2146 2145 2252
2830 2 2 7 2 2142 2143 2365
2831 2 2 7 2 1706 1690 1960
2832 2 2 7 2 680 1608 2148
2833 2 2 7 2 2148 1608 2252
2834 2 2 7 2 2071 2063 2078
2835 2 2 7 2 2150 2233 2345
2836 2 2 7 2 1696 1697 2344
2837 2 2 7 2 1791 1764 1792
2838 2 2 7 2 2022 1908 2023
2839 2 2 7 2 2060 1945 2061
2840 2 2 7 2 1892 1808 1989
2841 2 2 7 2 148 1609 2219
2842 2 2 7 2 2004 1622 2304
2843 2 2 7 2 1778 1759 1835
2844 2 2 7 2 2218 567 2294
2845 2 2 7 2 60 1900 1971
2846 2 2 7 2 1998 1586 2000
2847 2 2 7 2 199 1624 2124
2848 2 2 7 2 649 2098 2213
2849 2 2 7 2 1663 1869 2341
2850 2 2 7 2 2017 2018 2281
2851 2 2 7 2 1764 1737 1822
2852 2 2 7 2 1941 1939 2218
2853 2 2 7 2 117 1618 2208
2854 2 2 7 2 2164 1797 2177
2855 2 2 7 2 2234 1614 2236
2856 2 2 7 2 1813 2139 2410
2857 2 2 7 2 1913 1615 2128
2858 2 2 7 2 1688 1690 1706
2859 2 2 7 2 1990 2073 2075
2860 2 2 7 2 1929 1947 2126
2861 2 2 7 2 1675 1901 2314
2862 2 2 7 2 1901 1815 2314
2863 2 2 7 2 2120 2134 2275
2864 2 2 7 2 2039 638 2279
2865 2 2 7 2 1991 1990 2104
2866 2 2 7 2 250 1638 2191
2867 2 2 7 2 1656 2260 2324
2868 2 2 7 2 1636 188 2273
2869 2 2 7 2 1676 1830 1973
2870 2 2 7 2 2066 2076 2200
2871 2 2 7 2 1748 1823 1882
2872 2 2 7 2 270 1591 2059
2873 2 2 7 2 689 2253 2254
2874 2 2 7 2 2065 2052 2244
2875 2 2 7 2 2257 2235 2265
2876 2 2 7 2 1835 1759 1850
2877 2 2 7 2 2211 2016 2273
2878 2 2 7 2 106 1646 2157
2879 2 2 7 2 1972 1594 2126
2880 2 2 7 2 1951 1592 2206
2881 2 2 7 2 139 1611 2289
2882 2 2 7 2 1846 1845 2290
2883 2 2 7 2 1816 1821 1928
2884 2 2 7 2 607 1599 2155
2885 2 2 7 2 1616 126 2247
2886 2 2 7 2 2075 1599 2199
2887 2 2 7 2 1643 2144 2312
2888 2 2 7 2 1590 2227 2228
2889 2 2 7 2 1982 1969 2230
2890 2 2 7 2 1922 1951 2377
2891 2 2 7 2 1824 2045 2115
2892 2 2 7 2 2033 2032 2084
2893 2 2 7 2 1876 1875 2411
2894 2 2 7 2 290 1620 1950
2895 2 2 7 2 1758 1881 1909
2896 2 2 7 2 1657 95 1693
2897 2 2 7 2 1614 709 2236
2898 2 2 7 2 1831 1676 1832
2899 2 2 7 2 1797 2164 2396
2900 2 2 7 2 658 1604 2131
2901 2 2 7 2 2260 2262 2324
2902 2 2 7 2 1672 2224 2247
2903 2 2 7 2 1875 1810 2411
2904 2 2 7 2 1609 2027 2219
2905 2 2 7 2 1767 1764 1791
2906 2 2 7 2 2234 1962 2237
2907 2 2 7 2 545 1929 2126
2908 2 2 7 2 1590 259 2227
2909 2 2 7 2 2004 2202 2222
2910 2 2 7 2 208 2002 2112
2911 2 2 7 2 2238 2237 2318
2912 2 2 7 2 627 1623 2107
2913 2 2 7 2 2044 2096 2097
2914 2 2 7 2 1626 2179 2226
2915 2 2 7 2 1598 2078 2405
2916 2 2 7 2 1900 1873 1971
2917 2 2 7 2 1826 1758 1909
2918 2 2 7 2 1703 1829 1958
2919 2 2 7 2 1814 2117 2134
2920 2 2 7 2 1957 1674 1992
2921 2 2 7 2 2159 2158 2160
2922 2 2 7 2 2173 2163 2326
2923 2 2 7 2 1717 1957 1992
2924 2 2 7 2 1906 1938 1940
2925 2 2 7 2 2144 2142 2312
2926 2 2 7 2 2006 197 2124
2927 2 2 7 2 1974 1670 2208
2928 2 2 7 2 1628 279 2215
2929 2 2 7 2 5 86 1959
2930 2 2 7 2 755 8 1960
2931 2 2 7 2 2042 1625 2334
2932 2 2 7 2 2011 2015 2016
2933 2 2 7 2 2004 2013 2347
2934 2 2 7 2 2041 2039 2279
2935 2 2 7 2 1923 1920 2306
2936 2 2 7 2 1906 1940 1941
2937 2 2 7 2 1593 298 1946
2938 2 2 7 2 2016 1636 2273
2939 2 2 7 2 135 1655 2036
2940 2 2 7 2 2037 2186 2382
2941 2 2 7 2 2021 2022 2185
2942 2 2 7 2 1919 1921 1923
2943 2 2 7 2 2073 2070 2155
2944 2 2 7 2 2169 1590 2171
2945 2 2 7 2 1617 2233 2349
2946 2 2 7 2 2360 2036 2361
2947 2 2 7 2 1874 1660 1971
2948 2 2 7 2 2224 1616 2247
2949 2 2 7 2 2288 1620 2297
2950 2 2 7 2 1967 217 2201
2951 2 2 7 2 2233 1673 2248
2952 2 2 7 2 1721 1779 1842
2953 2 2 7 2 1932 1933 2302
2954 2 2 7 2 166 2034 2054
2955 2 2 7 2 2259 1654 2421
2956 2 2 7 2 1727 1724 1850
2957 2 2 7 2 1759 1727 1850
2958 2 2 7 2 1724 1722 1850
2959 2 2 7 2 1779 1851 1852
2960 2 2 7 2 1725 1756 1851
2961 2 2 7 2 1756 1769 1851
2962 2 2 7 2 1723 1725 1851
2963 2 2 7 2 1807 1771 1857
2964 2 2 7 2 1851 1769 1852
2965 2 2 7 2 1772 1853 1855
2966 2 2 7 2 1771 1772 1857
2967 2 2 7 2 1853 1772 1858
2968 2 2 7 2 1772 1855 1857
2969 2 2 7 2 1772 1762 1858
2970 2 2 7 2 1799 1853 1858
2971 2 2 7 2 1762 1752 1858
2972 2 2 7 2 1799 1858 1859
2973 2 2 7 2 1728 1731 1859
2974 2 2 7 2 1858 1752 1859
2975 2 2 7 2 1731 1799 1859
2976 2 2 7 2 1726 1728 1859
2977 2 2 7 2 1752 1726 1859
2978 2 2 7 2 1733 1730 1860
2979 2 2 7 2 1755 1733 1860
2980 2 2 7 2 1730 1729 1860
2981 2 2 7 2 1769 1763 1864
2982 2 2 7 2 1854 1800 1862
2983 2 2 7 2 1806 1861 1862
2984 2 2 7 2 1862 1800 1863
2985 2 2 7 2 1861 1854 1862
2986 2 2 7 2 1800 1754 1863
2987 2 2 7 2 1863 1754 1866
2988 2 2 7 2 1828 1831 1864
2989 2 2 7 2 1754 1732 1866
2990 2 2 7 2 1775 1828 1864
2991 2 2 7 2 1732 1734 1866
2992 2 2 7 2 1863 1866 1884
2993 2 2 7 2 1866 1739 1884
2994 2 2 7 2 1739 1870 1871
2995 2 2 7 2 66 1868 1869
2996 2 2 7 2 69 1680 1867
2997 2 2 7 2 67 1661 1868
2998 2 2 7 2 1739 1871 1884
2999 2 2 7 2 63 64 1865
3000 2 2 7 2 54 55 1704
3001 2 2 7 2 1661 68 1867
3002 2 2 7 2 1663 65 1869
3003 2 2 7 2 1739 1736 1870
3004 2 2 7 2 64 65 1663
3005 2 2 7 2 69 70 1680
3006 2 2 7 2 66 67 1868
3007 2 2 7 2 67 68 1661
3008 2 2 7 2 71 72 1703
3009 2 2 7 2 64 1663 1865
3010 2 2 7 2 68 69 1867
3011 2 2 7 2 65 66 1869
3012 2 2 7 2 1742 1780 1870
3013 2 2 7 2 1870 1780 1871
3014 2 2 7 2 1738 1742 1870
3015 2 2 7 2 1773 1810 1875
3016 2 2 7 2 1777 1773 1875
3017 2 2 7 2 1872 1777 1874
3018 2 2 7 2 1777 1872 1877
3019 2 2 7 2 1872 1801 1877
3020 2 2 7 2 1780 1782 1871
3021 2 2 7 2 1874 1777 1875
3022 2 2 7 2 1782 1785 1871
3023 2 2 7 2 1877 1801 1879
3024 2 2 7 2 1740 1767 1881
3025 2 2 7 2 1789 1815 1880
3026 2 2 7 2 1758 1744 1881
3027 2 2 7 2 1776 1789 1880
3028 2 2 7 2 1774 1885 1887
3029 2 2 7 2 1877 1879 1886
3030 2 2 7 2 1801 1781 1879
3031 2 2 7 2 1879 1878 1886
3032 2 2 7 2 1744 1741 1881
3033 2 2 7 2 1753 1766 1886
3034 2 2 7 2 1871 1785 1884
3035 2 2 7 2 1795 1790 1882
3036 2 2 7 2 1885 1804 1887
3037 2 2 7 2 1747 1748 1883
3038 2 2 7 2 1780 1750 1781
3039 2 2 7 2 1749 1747 1751
3040 2 2 7 2 1753 1751 1757
3041 2 2 7 2 1748 1882 1883
3042 2 2 7 2 1776 1788 1789
3043 2 2 7 2 1776 1760 1788
3044 2 2 7 2 1745 1749 1878
3045 2 2 7 2 1785 1787 1884
3046 2 2 7 2 1889 1888 1890
3047 2 2 7 2 1770 1776 1803
3048 2 2 7 2 1794 1790 1795
3049 2 2 7 2 1803 1776 1880
3050 2 2 7 2 1782 1784 1785
3051 2 2 7 2 1785 1786 1787
3052 2 2 7 2 1802 1872 1873
3053 2 2 7 2 1773 1774 1810
3054 2 2 7 2 1743 1745 1878
3055 2 2 7 2 1747 1746 1748
3056 2 2 7 2 1749 1751 1753
3057 2 2 7 2 1750 1878 1879
3058 2 2 7 2 1780 1781 1782
3059 2 2 7 2 1770 1803 1804
3060 2 2 7 2 1782 1781 1783
3061 2 2 7 2 1878 1749 1886
3062 2 2 7 2 1802 1801 1872
3063 2 2 7 2 1751 1747 1883
3064 2 2 7 2 1781 1750 1879
3065 2 2 7 2 1757 1751 1760
3066 2 2 7 2 1770 1760 1776
3067 2 2 7 2 1742 1741 1743
3068 2 2 7 2 1753 1757 1765
3069 2 2 7 2 1793 1790 1794
3070 2 2 7 2 1742 1743 1750
3071 2 2 7 2 1743 1744 1745
3072 2 2 7 2 1745 1746 1747
3073 2 2 7 2 1790 1788 1882
3074 2 2 7 2 1743 1741 1744
3075 2 2 7 2 1745 1744 1746
3076 2 2 7 2 1773 1765 1774
3077 2 2 7 2 1810 1774 1811
3078 2 2 7 2 1782 1783 1784
3079 2 2 7 2 1787 1806 1862
3080 2 2 7 2 1753 1765 1766
3081 2 2 7 2 1787 1863 1884
3082 2 2 7 2 1745 1747 1749
3083 2 2 7 2 1789 1788 1790
3084 2 2 7 2 1787 1862 1863
3085 2 2 7 2 1785 1784 1786
3086 2 2 7 2 1783 1801 1802
3087 2 2 7 2 1811 1888 1889
3088 2 2 7 2 1766 1765 1773
3089 2 2 7 2 1742 1750 1780
3090 2 2 7 2 1873 1872 1874
3091 2 2 7 2 1750 1743 1878
3092 2 2 7 2 1746 1744 1758
3093 2 2 7 2 1749 1753 1886
3094 2 2 7 2 1766 1773 1777
3095 2 2 7 2 1783 1781 1801
3096 2 2 7 2 1804 1803 1808
3097 2 2 7 2 1757 1760 1770
3098 2 2 7 2 1789 1793 1815
3099 2 2 7 2 1786 1784 1809
3100 2 2 7 2 1787 1786 1806
3101 2 2 7 2 1766 1877 1886
3102 2 2 7 2 1789 1790 1793
3103 2 2 7 2 1774 1765 1885
3104 2 2 7 2 1740 1764 1767
3105 2 2 7 2 1738 1741 1742
3106 2 2 7 2 1766 1777 1877
3107 2 2 7 2 1760 1751 1883
3108 2 2 7 2 1788 1760 1883
3109 2 2 7 2 1793 1794 1796
3110 2 2 7 2 1882 1788 1883
3111 2 2 7 2 1770 1804 1885
3112 2 2 7 2 1757 1770 1885
3113 2 2 7 2 1765 1757 1885
3114 2 2 7 2 1741 1740 1881
3115 2 2 7 2 1811 1887 1888
3116 2 2 7 2 1811 1774 1887
3117 2 2 7 2 1740 1737 1764
3118 2 2 7 2 1856 1854 1861
3119 2 2 7 2 1809 1784 1891
3120 2 2 7 2 1738 1740 1741
3121 2 2 7 2 1783 1802 1891
3122 2 2 7 2 1784 1783 1891
3123 2 2 7 2 1855 1854 1856
3124 2 2 7 2 1738 1737 1740
3125 2 2 7 2 1736 1738 1870
3126 2 2 7 2 1828 1830 1831
3127 2 2 7 2 1736 1737 1738
3128 2 2 7 2 1734 1739 1866
3129 2 2 7 2 1853 1854 1855
3130 2 2 7 2 1853 1800 1854
3131 2 2 7 2 1734 1736 1739
3132 2 2 7 2 1736 1735 1737
3133 2 2 7 2 1828 1829 1830
3134 2 2 7 2 56 57 1681
3135 2 2 7 2 58 59 1660
3136 2 2 7 2 61 62 1662
3137 2 2 7 2 1734 1735 1736
3138 2 2 7 2 1799 1800 1853
3139 2 2 7 2 1735 1733 1755
3140 2 2 7 2 1828 1827 1829
3141 2 2 7 2 1734 1733 1735
3142 2 2 7 2 1775 1827 1828
3143 2 2 7 2 1799 1754 1800
3144 2 2 7 2 1732 1733 1734
3145 2 2 7 2 1731 1754 1799
3146 2 2 7 2 1775 1807 1827
3147 2 2 7 2 1775 1771 1807
3148 2 2 7 2 1732 1730 1733
3149 2 2 7 2 1731 1732 1754
3150 2 2 7 2 1763 1775 1864
3151 2 2 7 2 1729 1761 1860
3152 2 2 7 2 1771 1762 1772
3153 2 2 7 2 1761 1759 1778
3154 2 2 7 2 1763 1771 1775
3155 2 2 7 2 1731 1730 1732
3156 2 2 7 2 1763 1762 1771
3157 2 2 7 2 1729 1759 1761
3158 2 2 7 2 1728 1730 1731
3159 2 2 7 2 1756 1763 1769
3160 2 2 7 2 1728 1729 1730
3161 2 2 7 2 1729 1727 1759
3162 2 2 7 2 1756 1762 1763
3163 2 2 7 2 1756 1752 1762
3164 2 2 7 2 1728 1727 1729
3165 2 2 7 2 1726 1727 1728
3166 2 2 7 2 1725 1752 1756
3167 2 2 7 2 1726 1724 1727
3168 2 2 7 2 1725 1726 1752
3169 2 2 7 2 1725 1724 1726
3170 2 2 7 2 1723 1724 1725
3171 2 2 7 2 1779 1723 1851
3172 2 2 7 2 1717 1719 1957
3173 2 2 7 2 1722 1768 1850
3174 2 2 7 2 1721 1723 1779
3175 2 2 7 2 1723 1722 1724
3176 2 2 7 2 1804 1808 1892
3177 2 2 7 2 1888 1887 1892
3178 2 2 7 2 1722 1720 1768
3179 2 2 7 2 1721 1722 1723
3180 2 2 7 2 1600 2103 2291
3181 2 2 7 2 1887 1804 1892
3182 2 2 7 2 1873 1874 1971
3183 2 2 7 2 2139 2143 2410
3184 2 2 7 2 299 300 1946
3185 2 2 7 2 1719 1721 1842
3186 2 2 7 2 1721 1720 1722
3187 2 2 7 2 2193 2167 2194
3188 2 2 7 2 1842 1779 1894
3189 2 2 7 2 2097 2204 2270
3190 2 2 7 2 1839 1671 2094
3191 2 2 7 2 1704 1890 1984
3192 2 2 7 2 2001 2003 2197
3193 2 2 7 2 1966 2176 2241
3194 2 2 7 2 1798 1718 1908
3195 2 2 7 2 1673 2234 2236
3196 2 2 7 2 2050 2184 2423
3197 2 2 7 2 1987 1985 2182
3198 2 2 7 2 1719 1720 1721
3199 2 2 7 2 1987 2182 2417
3200 2 2 7 2 2120 2275 2325
3201 2 2 7 2 1839 1840 1975
3202 2 2 7 2 1714 1713 1974
3203 2 2 7 2 1593 1923 2125
3204 2 2 7 2 1849 1698 2153
3205 2 2 7 2 1634 113 2093
3206 2 2 7 2 2044 645 2096
3207 2 2 7 2 1626 226 2179
3208 2 2 7 2 1629 563 2111
3209 2 2 7 2 1964 1966 2241
3210 2 2 7 2 257 1590 2169
3211 2 2 7 2 1856 1868 1948
3212 2 2 7 2 1979 268 2059
3213 2 2 7 2 707 1614 2238
3214 2 2 7 2 1922 288 1950
3215 2 2 7 2 63 1865 1896
3216 2 2 7 2 1662 62 1896
3217 2 2 7 2 1939 1940 2111
3218 2 2 7 2 1641 687 2254
3219 2 2 7 2 237 2158 2159
3220 2 2 7 2 2038 636 2039
3221 2 2 7 2 1640 155 2185
3222 2 2 7 2 1823 1795 1882
3223 2 2 7 2 1919 1817 1921
3224 2 2 7 2 1909 1805 1944
3225 2 2 7 2 1616 2224 2230
3226 2 2 7 2 79 80 1897
3227 2 2 7 2 2027 2026 2219
3228 2 2 7 2 669 670 2147
3229 2 2 7 2 1814 2138 2139
3230 2 2 7 2 1779 1852 1894
3231 2 2 7 2 1967 2201 2202
3232 2 2 7 2 1792 1764 1822
3233 2 2 7 2 1679 1841 1849
3234 2 2 7 2 2045 2108 2109
3235 2 2 7 2 186 1636 2014
3236 2 2 7 2 60 61 1900
3237 2 2 7 2 1831 1832 1911
3238 2 2 7 2 1671 1975 2335
3239 2 2 7 2 1832 1895 2225
3240 2 2 7 2 62 63 1896
3241 2 2 7 2 1816 1928 1930
3242 2 2 7 2 1814 2134 2138
3243 2 2 7 2 1778 1835 1836
3244 2 2 7 2 1704 55 1902
3245 2 2 7 2 56 1681 1902
3246 2 2 7 2 1670 1713 2093
3247 2 2 7 2 1720 1718 1798
3248 2 2 7 2 46 47 1901
3249 2 2 7 2 1768 1835 1850
3250 2 2 7 2 1614 2237 2238
3251 2 2 7 2 1902 1681 2192
3252 2 2 7 2 1611 2030 2289
3253 2 2 7 2 1881 1767 1909
3254 2 2 7 2 124 1616 2055
3255 2 2 7 2 2003 2299 2380
3256 2 2 7 2 1991 2104 2105
3257 2 2 7 2 1918 1821 1919
3258 2 2 7 2 1895 1832 2329
3259 2 2 7 2 2050 574 2184
3260 2 2 7 2 47 48 1665
3261 2 2 7 2 50 51 1677
3262 2 2 7 2 755 1960 2332
3263 2 2 7 2 2144 1643 2409
3264 2 2 7 2 78 79 1664
3265 2 2 7 2 77 78 1895
3266 2 2 7 2 75 76 1676
3267 2 2 7 2 1864 1831 1911
3268 2 2 7 2 1852 1769 1911
3269 2 2 7 2 1607 2020 2246
3270 2 2 7 2 1857 1855 1948
3271 2 2 7 2 1719 1718 1720
3272 2 2 7 2 1935 1937 2277
3273 2 2 7 2 1680 70 1958
3274 2 2 7 2 71 1703 1958
3275 2 2 7 2 1894 1852 2225
3276 2 2 7 2 2167 2170 2272
3277 2 2 7 2 1868 1661 1948
3278 2 2 7 2 138 139 2289
3279 2 2 7 2 2267 2256 2337
3280 2 2 7 2 1910 1909 1944
3281 2 2 7 2 1840 1961 1993
3282 2 2 7 2 59 60 1971
3283 2 2 7 2 1591 1987 2059
3284 2 2 7 2 2259 2256 2267
3285 2 2 7 2 61 1662 1900
3286 2 2 7 2 1848 1679 1849
3287 2 2 7 2 1755 1860 1983
3288 2 2 7 2 2145 2148 2252
3289 2 2 7 2 1921 1819 1924
3290 2 2 7 2 1889 1902 2192
3291 2 2 7 2 2006 2124 2400
3292 2 2 7 2 55 56 1902
3293 2 2 7 2 1786 1809 1994
3294 2 2 7 2 1761 1778 1797
3295 2 2 7 2 1813 1814 2139
3296 2 2 7 2 1611 2028 2029
3297 2 2 7 2 1643 678 2409
3298 2 2 7 2 1829 1703 2358
3299 2 2 7 2 1599 2073 2155
3300 2 2 7 2 1816 1792 2403
3301 2 2 7 2 1988 1956 2390
3302 2 2 7 2 78 1664 1895
3303 2 2 7 2 1810 1811 2192
3304 2 2 7 2 1632 2181 2183
3305 2 2 7 2 1953 1952 2287
3306 2 2 7 2 2121 1913 2128
3307 2 2 7 2 1628 1956 2397
3308 2 2 7 2 1952 1954 2215
3309 2 2 7 2 1899 1992 2290
3310 2 2 7 2 1825 1826 1991
3311 2 2 7 2 1592 1953 2287
3312 2 2 7 2 2275 1637 2325
3313 2 2 7 2 2221 2220 2372
3314 2 2 7 2 1768 1720 1798
3315 2 2 7 2 1769 1864 1911
3316 2 2 7 2 1802 1873 2245
3317 2 2 7 2 2013 2004 2304
3318 2 2 7 2 73 74 1904
3319 2 2 7 2 2224 1672 2323
3320 2 2 7 2 48 49 1905
3321 2 2 7 2 1808 1803 2280
3322 2 2 7 2 1793 1796 2314
3323 2 2 7 2 2090 1644 2362
3324 2 2 7 2 1855 1856 1948
3325 2 2 7 2 2261 2285 2421
3326 2 2 7 2 1904 1973 2358
3327 2 2 7 2 1956 1955 2110
3328 2 2 7 2 1665 48 1905
3329 2 2 7 2 2117 2204 2275
3330 2 2 7 2 1719 1842 1957
3331 2 2 7 2 70 71 1958
3332 2 2 7 2 1761 1797 1983
3333 2 2 7 2 1983 1797 2166
3334 2 2 7 2 1686 2121 2128
3335 2 2 7 2 2022 1640 2185
3336 2 2 7 2 1767 1791 1805
3337 2 2 7 2 1697 1849 2153
3338 2 2 7 2 1970 2152 2269
3339 2 2 7 2 2003 2002 2299
3340 2 2 7 2 2256 2259 2265
3341 2 2 7 2 1807 1857 2205
3342 2 2 7 2 1888 1892 2402
3343 2 2 7 2 1892 1677 2402
3344 2 2 7 2 1970 1993 2150
3345 2 2 7 2 1664 79 1897
3346 2 2 7 2 1873 1900 2245
3347 2 2 7 2 1817 1819 1921
3348 2 2 7 2 1940 1629 2111
3349 2 2 7 2 47 1665 1901
3350 2 2 7 2 2143 1606 2286
3351 2 2 7 2 2025 1653 2082
3352 2 2 7 2 2068 2072 2079
3353 2 2 7 2 2209 2069 2319
3354 2 2 7 2 2242 2183 2311
3355 2 2 7 2 72 4 2389
3356 2 2 7 2 1954 1953 2390
3357 2 2 7 2 75 1676 1973
3358 2 2 7 2 1857 1948 2205
3359 2 2 7 2 1973 1830 2358
3360 2 2 7 2 3 54 2392
3361 2 2 7 2 1660 59 1971
3362 2 2 7 2 45 46 1675
3363 2 2 7 2 1953 1819 2390
3364 2 2 7 2 1655 2031 2036
3365 2 2 7 2 1824 1823 1825
3366 2 2 7 2 80 81 1674
3367 2 2 7 2 50 1677 1989
3368 2 2 7 2 1938 1935 2216
3369 2 2 7 2 4 73 2389
3370 2 2 7 2 1697 1847 1848
3371 2 2 7 2 1821 1925 1928
3372 2 2 7 2 2133 1604 2296
3373 2 2 7 2 53 3 2392
3374 2 2 7 2 1635 1839 2401
3375 2 2 7 2 1715 1714 1982
3376 2 2 7 2 1916 2121 2122
3377 2 2 7 2 1941 2218 2294
3378 2 2 7 2 1680 1827 2404
3379 2 2 7 2 1832 1676 2329
3380 2 2 7 2 1860 1761 1983
3381 2 2 7 2 1841 1679 1963
3382 2 2 7 2 74 75 1973
3383 2 2 7 2 2191 1638 2272
3384 2 2 7 2 1677 51 2207
3385 2 2 7 2 1905 1808 2280
3386 2 2 7 2 1796 1794 1893
3387 2 2 7 2 2132 2133 2134
3388 2 2 7 2 1955 1956 1988
3389 2 2 7 2 1906 1934 1938
3390 2 2 7 2 1807 2205 2404
3391 2 2 7 2 1904 74 1973
3392 2 2 7 2 2152 1970 2156
3393 2 2 7 2 1824 1825 1991
3394 2 2 7 2 2052 2051 2423
3395 2 2 7 2 86 1689 1959
3396 2 2 7 2 1880 1665 2280
3397 2 2 7 2 2237 2260 2318
3398 2 2 7 2 1806 1786 1994
3399 2 2 7 2 1653 2025 2057
3400 2 2 7 2 2041 2042 2149
3401 2 2 7 2 1951 2206 2377
3402 2 2 7 2 1905 49 1989
3403 2 2 7 2 1841 1710 1849
3404 2 2 7 2 52 53 1984
3405 2 2 7 2 77 1895 2329
3406 2 2 7 2 1676 76 2329
3407 2 2 7 2 1954 1628 2215
3408 2 2 7 2 1944 1943 2416
3409 2 2 7 2 1897 1957 2393
3410 2 2 7 2 49 50 1989
3411 2 2 7 2 2008 2009 2400
3412 2 2 7 2 1814 1795 1823
3413 2 2 7 2 2023 1908 2024
3414 2 2 7 2 1717 1718 1719
3415 2 2 7 2 2031 2035 2361
3416 2 2 7 2 2029 2025 2415
3417 2 2 7 2 1957 1842 2393
3418 2 2 7 2 1796 1963 2314
3419 2 2 7 2 1767 1805 1909
3420 2 2 7 2 2064 2077 2330
3421 2 2 7 2 1926 1916 2122
3422 2 2 7 2 2175 2173 2177
3423 2 2 7 2 1821 1918 1925
3424 2 2 7 2 1837 1635 2383
3425 2 2 7 2 1897 1674 1957
3426 2 2 7 2 1948 1661 2205
3427 2 2 7 2 1833 1933 1934
3428 2 2 7 2 2007 2005 2008
3429 2 2 7 2 1768 1812 1835
3430 2 2 7 2 1683 1709 2320
3431 2 2 7 2 1794 1795 1813
3432 2 2 7 2 1906 1941 2420
3433 2 2 7 2 1811 1889 2192
3434 2 2 7 2 1626 2176 2372
3435 2 2 7 2 1705 1844 1845
3436 2 2 7 2 1624 2008 2124
3437 2 2 7 2 1917 1919 1946
3438 2 2 7 2 1814 1823 1824
3439 2 2 7 2 2072 2068 2412
3440 2 2 7 2 1661 1867 2205
3441 2 2 7 2 1808 1905 1989
3442 2 2 7 2 1634 1711 2370
3443 2 2 7 2 1797 1778 1964
3444 2 2 7 2 1792 1817 2403
3445 2 2 7 2 1806 1994 2341
3446 2 2 7 2 678 2148 2409
3447 2 2 7 2 2095 2399 2400
3448 2 2 7 2 1833 1930 1933
3449 2 2 7 2 1713 1670 1974
3450 2 2 7 2 1671 1839 1975
3451 2 2 7 2 1835 1812 1843
3452 2 2 7 2 1947 1929 2407
3453 2 2 7 2 1814 2116 2117
3454 2 2 7 2 1852 1911 2225
3455 2 2 7 2 2259 2257 2265
3456 2 2 7 2 1827 1807 2404
3457 2 2 7 2 1805 1791 1906
3458 2 2 7 2 2210 1585 2212
3459 2 2 7 2 51 52 2207
3460 2 2 7 2 2019 2020 2032
3461 2 2 7 2 2245 1662 2418
3462 2 2 7 2 2143 2286 2365
3463 2 2 7 2 2003 1622 2004
3464 2 2 7 2 80 1674 1897
3465 2 2 7 2 1847 1658 2355
3466 2 2 7 2 1657 1844 2408
3467 2 2 7 2 2140 1645 2368
3468 2 2 7 2 52 1984 2207
3469 2 2 7 2 2144 2145 2410
3470 2 2 7 2 1707 1682 2157
3471 2 2 7 2 1606 2143 2147
3472 2 2 7 2 1718 1716 1907
3473 2 2 7 2 1930 1928 1947
3474 2 2 7 2 1891 1802 2245
3475 2 2 7 2 1681 1876 2411
3476 2 2 7 2 1675 46 1901
3477 2 2 7 2 2205 1867 2404
3478 2 2 7 2 1963 1675 2314
3479 2 2 7 2 1992 1678 2290
3480 2 2 7 2 2233 2248 2349
3481 2 2 7 2 1944 2062 2063
3482 2 2 7 2 1713 1634 2093
3483 2 2 7 2 2042 2041 2279
3484 2 2 7 2 1924 1620 2288
3485 2 2 7 2 2078 2064 2080
3486 2 2 7 2 1900 1662 2245
3487 2 2 7 2 2133 2136 2138
3488 2 2 7 2 2068 2070 2073
3489 2 2 7 2 2271 2396 2422
3490 2 2 7 2 2019 1908 2022
3491 2 2 7 2 1987 1591 1988
3492 2 2 7 2 2109 1623 2303
3493 2 2 7 2 1618 1974 2208
3494 2 2 7 2 1814 1824 2116
3495 2 2 7 2 54 1704 2392
3496 2 2 7 2 1803 1880 2280
3497 2 2 7 2 1703 72 2389
3498 2 2 7 2 2062 1944 2416
3499 2 2 7 2 1842 1894 2393
3500 2 2 7 2 2088 2034 2310
3501 2 2 7 2 1810 2192 2411
3502 2 2 7 2 1922 1924 1951
3503 2 2 7 2 1936 1834 2394
3504 2 2 7 2 2044 2097 2198
3505 2 2 7 2 2021 2020 2022
3506 2 2 7 2 1919 1923 1946
3507 2 2 7 2 1618 1969 1974
3508 2 2 7 2 1891 2245 2418
3509 2 2 7 2 1912 1913 1914
3510 2 2 7 2 1833 1816 1930
3511 2 2 7 2 2202 2004 2347
3512 2 2 7 2 1614 2234 2237
3513 2 2 7 2 1815 1793 2314
3514 2 2 7 2 2168 2194 2364
3515 2 2 7 2 2146 1977 2410
3516 2 2 7 2 1686 1949 2121
3517 2 2 7 2 1999 2007 2353
3518 2 2 7 2 2125 1923 2306
3519 2 2 7 2 2194 1638 2283
3520 2 2 7 2 1662 1896 2418
3521 2 2 7 2 1597 2065 2357
3522 2 2 7 2 1861 1806 2341
3523 2 2 7 2 1791 1816 1833
3524 2 2 7 2 2049 2105 2106
3525 2 2 7 2 1975 1970 2269
3526 2 2 7 2 2043 2109 2379
3527 2 2 7 2 2007 1624 2278
3528 2 2 7 2 1830 1829 2358
3529 2 2 7 2 1984 1890 2207
3530 2 2 7 2 2171 1590 2228
3531 2 2 7 2 2102 1627 2387
3532 2 2 7 2 2124 2008 2400
3533 2 2 7 2 1940 1939 1941
3534 2 2 7 2 2065 2053 2229
3535 2 2 7 2 1890 1888 2402
3536 2 2 7 2 2173 1588 2317
3537 2 2 7 2 1938 2216 2374
3538 2 2 7 2 1641 2263 2338
3539 2 2 7 2 2198 2042 2334
3540 2 2 7 2 1595 1936 2395
3541 2 2 7 2 2023 2186 2386
3542 2 2 7 2 1632 2183 2242
3543 2 2 7 2 2257 2259 2285
3544 2 2 7 2 1605 2088 2328
3545 2 2 7 2 1975 1619 2335
3546 2 2 7 2 1768 1798 1812
3547 2 2 7 2 2001 2002 2003
3548 2 2 7 2 1867 1680 2404
3549 2 2 7 2 2231 2354 2422
3550 2 2 7 2 2077 1639 2330
3551 2 2 7 2 1641 2254 2263
3552 2 2 7 2 1844 1668 2058
3553 2 2 7 2 1937 1595 2277
3554 2 2 7 2 2051 2050 2423
3555 2 2 7 2 1711 1699 2223
3556 2 2 7 2 2137 2140 2369
3557 2 2 7 2 1925 1916 1926
3558 2 2 7 2 1669 1847 2356
3559 2 2 7 2 2217 1988 2375
3560 2 2 7 2 2073 1599 2075
3561 2 2 7 2 83 84 1846
3562 2 2 7 2 2148 2145 2409
3563 2 2 7 2 1894 1664 2393
3564 2 2 7 2 2067 2063 2071
3565 2 2 7 2 2159 2161 2326
3566 2 2 7 2 1809 1891 2418
3567 2 2 7 2 84 85 1705
3568 2 2 7 2 41 42 1706
3569 2 2 7 2 537 538 1686
3570 2 2 7 2 2289 2030 2316
3571 2 2 7 2 1911 1832 2225
3572 2 2 7 2 1824 1991 2045
3573 2 2 7 2 2045 2105 2108
3574 2 2 7 2 2396 2196 2422
3575 2 2 7 2 2197 2003 2222
3576 2 2 7 2 76 77 2329
3577 2 2 7 2 2054 2034 2085
3578 2 2 7 2 2145 2146 2410
3579 2 2 7 2 1700 1837 2384
3580 2 2 7 2 1640 2022 2023
3581 2 2 7 2 1714 1969 1982
3582 2 2 7 2 2154 2081 2315
3583 2 2 7 2 1717 1716 1718
3584 2 2 7 2 1704 1984 2392
3585 2 2 7 2 1797 1964 2177
3586 2 2 7 2 1896 1809 2418
3587 2 2 7 2 1933 1931 2302
3588 2 2 7 2 2256 1610 2337
3589 2 2 7 2 2169 2171 2193
3590 2 2 7 2 2182 1985 2183
3591 2 2 7 2 2101 2102 2388
3592 2 2 7 2 2027 1609 2382
3593 2 2 7 2 2198 2047 2307
3594 2 2 7 2 1826 1909 1910
3595 2 2 7 2 2164 2195 2196
3596 2 2 7 2 1985 2167 2171
3597 2 2 7 2 1990 2067 2073
3598 2 2 7 2 1797 2165 2166
3599 2 2 7 2 1673 2233 2234
3600 2 2 7 2 2163 2173 2317
3601 2 2 7 2 2141 2137 2190
3602 2 2 7 2 1906 1833 1934
3603 2 2 7 2 1817 1818 1819
3604 2 2 7 2 2233 1993 2234
3605 2 2 7 2 1915 1916 1918
3606 2 2 7 2 1908 1907 2024
3607 2 2 7 2 1920 1923 2288
3608 2 2 7 2 304 7 1615
3609 2 2 7 2 2103 2101 2291
3610 2 2 7 2 7 537 2128
3611 2 2 7 2 1659 1917 1946
3612 2 2 7 2 1976 1694 2249
3613 2 2 7 2 41 1706 1960
3614 2 2 7 2 2027 2025 2082
3615 2 2 7 2 2134 2117 2275
3616 2 2 7 2 1903 1978 2390
3617 2 2 7 2 2146 2252 2308
3618 2 2 7 2 2011 2017 2130
3619 2 2 7 2 2051 2081 2154
3620 2 2 7 2 1665 1905 2280
3621 2 2 7 2 1817 1792 1818
3622 2 2 7 2 2106 2203 2381
3623 2 2 7 2 2062 1945 2200
3624 2 2 7 2 2135 2133 2376
3625 2 2 7 2 1818 1792 1822
3626 2 2 7 2 303 304 1912
3627 2 2 7 2 2018 2086 2281
3628 2 2 7 2 2051 2052 2420
3629 2 2 7 2 2106 1600 2203
3630 2 2 7 2 2143 2142 2144
3631 2 2 7 2 1916 1913 2121
3632 2 2 7 2 1988 2293 2375
3633 2 2 7 2 2139 2138 2140
3634 2 2 7 2 2040 2039 2041
3635 2 2 7 2 1695 1976 2249
3636 2 2 7 2 1966 2202 2268
3637 2 2 7 2 2015 1636 2016
3638 2 2 7 2 1819 1820 1903
3639 2 2 7 2 2204 2117 2270
3640 2 2 7 2 1978 1985 1987
3641 2 2 7 2 1968 2220 2221
3642 2 2 7 2 1609 2037 2382
3643 2 2 7 2 1611 2029 2030
3644 2 2 7 2 1961 1962 1993
3645 2 2 7 2 1907 1716 2414
3646 2 2 7 2 1677 2207 2402
3647 2 2 7 2 2183 2228 2311
3648 2 2 7 2 1836 2005 2197
3649 2 2 7 2 2178 2172 2271
3650 2 2 7 2 1960 1690 2332
3651 2 2 7 2 2031 2030 2415
3652 2 2 7 2 1813 1795 1814
3653 2 2 7 2 1820 1983 2166
3654 2 2 7 2 2001 1586 2112
3655 2 2 7 2 1938 1629 1940
3656 2 2 7 2 2298 2378 2407
3657 2 2 7 2 2052 2065 2416
3658 2 2 7 2 1970 1840 1993
3659 2 2 7 2 2171 2167 2193
3660 2 2 7 2 1937 1935 1938
3661 2 2 7 2 1646 1707 2157
3662 2 2 7 2 1826 1990 1991
3663 2 2 7 2 1588 2173 2175
3664 2 2 7 2 1655 2030 2031
3665 2 2 7 2 1664 1897 2393
3666 2 2 7 2 1962 2235 2237
3667 2 2 7 2 1592 1951 1953
3668 2 2 7 2 1964 1965 1966
3669 2 2 7 2 1675 1963 2331
3670 2 2 7 2 2116 1824 2149
3671 2 2 7 2 1904 1703 2389
3672 2 2 7 2 2033 2085 2088
3673 2 2 7 2 2017 2091 2130
3674 2 2 7 2 1705 85 2180
3675 2 2 7 2 1594 1972 1997
3676 2 2 7 2 2045 2109 2115
3677 2 2 7 2 1972 1927 1997
3678 2 2 7 2 1918 1916 1925
3679 2 2 7 2 1718 1907 1908
3680 2 2 7 2 2319 2240 2412
3681 2 2 7 2 73 1904 2389
3682 2 2 7 2 1915 1913 1916
3683 2 2 7 2 2235 2257 2260
3684 2 2 7 2 2081 1941 2294
3685 2 2 7 2 1963 1679 2331
3686 2 2 7 2 1952 1953 1954
3687 2 2 7 2 1993 1962 2234
3688 2 2 7 2 1819 1903 2390
3689 2 2 7 2 1819 1818 1820
3690 2 2 7 2 1794 1813 1977
3691 2 2 7 2 2061 1945 2062
3692 2 2 7 2 2071 2209 2319
3693 2 2 7 2 2228 1986 2311
3694 2 2 7 2 1650 1927 2123
3695 2 2 7 2 2159 2160 2161
3696 2 2 7 2 2000 1586 2001
3697 2 2 7 2 2252 2250 2348
3698 2 2 7 2 1703 1904 2358
3699 2 2 7 2 1914 1913 1915
3700 2 2 7 2 2019 2032 2033
3701 2 2 7 2 2086 2088 2189
3702 2 2 7 2 2175 2333 2346
3703 2 2 7 2 2017 1812 2018
3704 2 2 7 2 2258 1654 2259
3705 2 2 7 2 2175 2177 2241
3706 2 2 7 2 1691 1647 1695
3707 2 2 7 2 2260 2257 2285
3708 2 2 7 2 1969 2151 2230
3709 2 2 7 2 1633 2243 2423
3710 2 2 7 2 2020 1607 2032
3711 2 2 7 2 1684 1668 1687
3712 2 2 7 2 2100 2102 2104
3713 2 2 7 2 2081 2051 2420
3714 2 2 7 2 1821 1816 2403
3715 2 2 7 2 2174 2214 2226
3716 2 2 7 2 583 584 2373
3717 2 2 7 2 246 247 2371
3718 2 2 7 2 665 666 2368
3719 2 2 7 2 133 134 2360
3720 2 2 7 2 594 595 2405
3721 2 2 7 2 1962 1893 2235
3722 2 2 7 2 175 176 2406
3723 2 2 7 2 747 748 2355
3724 2 2 7 2 93 94 2408
3725 2 2 7 2 552 553 2352
3726 2 2 7 2 727 728 2401
3727 2 2 7 2 195 196 2399
3728 2 2 7 2 215 216 2347
3729 2 2 7 2 614 615 2398
3730 2 2 7 2 277 278 2397
3731 2 2 7 2 554 555 2394
3732 2 2 7 2 2105 2103 2106
3733 2 2 7 2 2164 2160 2195
3734 2 2 7 2 716 717 2345
3735 2 2 7 2 1847 1706 1848
3736 2 2 7 2 2176 1626 2226
3737 2 2 7 2 302 303 1914
3738 2 2 7 2 1812 1798 2018
3739 2 2 7 2 685 686 2338
3740 2 2 7 2 1893 1794 1977
3741 2 2 7 2 1959 1689 2180
3742 2 2 7 2 616 617 2387
3743 2 2 7 2 2150 1667 2156
3744 2 2 7 2 235 236 2326
3745 2 2 7 2 266 267 2391
3746 2 2 7 2 2071 2319 2412
3747 2 2 7 2 2263 2146 2308
3748 2 2 7 2 2077 2064 2078
3749 2 2 7 2 654 655 2325
3750 2 2 7 2 729 730 2383
3751 2 2 7 2 153 154 2386
3752 2 2 7 2 2176 1966 2221
3753 2 2 7 2 204 205 2321
3754 2 2 7 2 2150 1993 2233
3755 2 2 7 2 1791 1833 1906
3756 2 2 7 2 705 706 2318
3757 2 2 7 2 2063 2077 2078
3758 2 2 7 2 623 624 2381
3759 2 2 7 2 538 539 1949
3760 2 2 7 2 286 287 2377
3761 2 2 7 2 2103 1600 2106
3762 2 2 7 2 596 597 2366
3763 2 2 7 2 2091 2090 2362
3764 2 2 7 2 1898 1695 1980
3765 2 2 7 2 2120 2118 2131
3766 2 2 7 2 177 178 2362
3767 2 2 7 2 1839 2094 2401
3768 2 2 7 2 2175 2214 2333
3769 2 2 7 2 2255 1610 2256
3770 2 2 7 2 255 256 2313
3771 2 2 7 2 674 675 2312
3772 2 2 7 2 1942 2051 2154
3773 2 2 7 2 1931 1621 2302
3774 2 2 7 2 1628 1954 1956
3775 2 2 7 2 2012 2015 2129
3776 2 2 7 2 2351 1613 2361
3777 2 2 7 2 1796 1961 1963
3778 2 2 7 2 561 562 2374
3779 2 2 7 2 643 644 2307
3780 2 2 7 2 1711 1634 1713
3781 2 2 7 2 1635 1837 1839
3782 2 2 7 2 1697 1848 1849
3783 2 2 7 2 224 225 2372
3784 2 2 7 2 2049 2046 2107
3785 2 2 7 2 1601 2040 2113
3786 2 2 7 2 1817 1821 2403
3787 2 2 7 2 1689 1684 2180
3788 2 2 7 2 2188 2189 2327
3789 2 2 7 2 2003 2004 2222
3790 2 2 7 2 111 112 2370
3791 2 2 7 2 1966 1965 2202
3792 2 2 7 2 1638 2194 2272
3793 2 2 7 2 2121 1949 2122
3794 2 2 7 2 1693 1651 2249
3795 2 2 7 2 2114 2043 2305
3796 2 2 7 2 1984 53 2392
3797 2 2 7 2 1836 1835 1843
3798 2 2 7 2 162 163 2359
3799 2 2 7 2 581 582 2357
3800 2 2 7 2 44 45 2331
3801 2 2 7 2 1646 1699 1701
3802 2 2 7 2 2130 1603 2309
3803 2 2 7 2 663 664 2300
3804 2 2 7 2 2161 2173 2326
3805 2 2 7 2 244 245 2354
3806 2 2 7 2 1978 1988 2390
3807 2 2 7 2 745 746 2301
3808 2 2 7 2 550 551 2302
3809 2 2 7 2 131 132 2351
3810 2 2 7 2 213 214 2304
3811 2 2 7 2 632 633 2305
3812 2 2 7 2 2243 2053 2244
3813 2 2 7 2 1956 2110 2397
3814 2 2 7 2 2271 2191 2272
3815 2 2 7 2 137 138 2316
3816 2 2 7 2 295 296 2306
3817 2 2 7 2 2204 1602 2213
3818 2 2 7 2 2086 2189 2281
3819 2 2 7 2 714 715 2349
3820 2 2 7 2 2025 2029 2057
3821 2 2 7 2 2049 2106 2381
3822 2 2 7 2 2178 2271 2371
3823 2 2 7 2 182 183 2309
3824 2 2 7 2 2005 2007 2197
3825 2 2 7 2 2195 1630 2239
3826 2 2 7 2 1621 1931 2378
3827 2 2 7 2 2140 2137 2141
3828 2 2 7 2 168 169 2310
3829 2 2 7 2 1936 1595 1937
3830 2 2 7 2 683 684 2348
3831 2 2 7 2 1687 1705 2180
3832 2 2 7 2 1970 2150 2156
3833 2 2 7 2 1624 2007 2008
3834 2 2 7 2 1836 1843 2005
3835 2 2 7 2 570 571 2315
3836 2 2 7 2 233 234 2317
3837 2 2 7 2 652 653 2350
3838 2 2 7 2 1642 2054 2084
3839 2 2 7 2 2254 2253 2255
3840 2 2 7 2 2181 2182 2183
3841 2 2 7 2 1947 1972 2126
3842 2 2 7 2 734 735 2320
3843 2 2 7 2 223 224 2220
3844 2 2 7 2 560 561 2216
3845 2 2 7 2 110 111 2223
3846 2 2 7 2 1657 1693 1694
3847 2 2 7 2 1805 1943 1944
3848 2 2 7 2 2092 2091 2363
3849 2 2 7 2 285 286 2206
3850 2 2 7 2 161 162 2340
3851 2 2 7 2 1715 1716 1717
3852 2 2 7 2 580 581 2229
3853 2 2 7 2 622 623 2203
3854 2 2 7 2 243 244 2231
3855 2 2 7 2 202 203 2353
3856 2 2 7 2 230 231 2333
3857 2 2 7 2 1596 2081 2294
3858 2 2 7 2 130 131 2343
3859 2 2 7 2 2102 2101 2103
3860 2 2 7 2 1702 1710 1837
3861 2 2 7 2 1708 1701 1711
3862 2 2 7 2 2176 2221 2372
3863 2 2 7 2 2113 2114 2305
3864 2 2 7 2 1931 1930 2407
3865 2 2 7 2 1585 2095 2212
3866 2 2 7 2 1837 1838 1839
3867 2 2 7 2 1712 1711 1713
3868 2 2 7 2 152 153 2186
3869 2 2 7 2 713 714 2248
3870 2 2 7 2 2131 1604 2132
3871 2 2 7 2 703 704 2324
3872 2 2 7 2 265 266 2181
3873 2 2 7 2 2129 2130 2309
3874 2 2 7 2 1678 83 1846
3875 2 2 7 2 2107 1623 2108
3876 2 2 7 2 682 683 2250
3877 2 2 7 2 1928 1926 1972
3878 2 2 7 2 171 172 2327
3879 2 2 7 2 1923 1921 2288
3880 2 2 7 2 590 591 2330
3881 2 2 7 2 2196 2162 2231
3882 2 2 7 2 253 254 2364
3883 2 2 7 2 651 652 2274
3884 2 2 7 2 2192 1681 2411
3885 2 2 7 2 555 556 2395
3886 2 2 7 2 2007 2000 2197
3887 2 2 7 2 672 673 2365
3888 2 2 7 2 668 669 2190
3889 2 2 7 2 249 250 2191
3890 2 2 7 2 617 618 2388
3891 2 2 7 2 2211 2212 2295
3892 2 2 7 2 750 751 2187
3893 2 2 7 2 586 587 2200
3894 2 2 7 2 1716 1715 1982
3895 2 2 7 2 138 2289 2316
3896 2 2 7 2 699 700 2266
3897 2 2 7 2 105 106 2157
3898 2 2 7 2 719 720 2156
3899 2 2 7 2 730 731 2384
3900 2 2 7 2 606 607 2155
3901 2 2 7 2 144 145 1653
3902 2 2 7 2 696 697 1654
3903 2 2 7 2 1712 1713 1714
3904 2 2 7 2 1839 1838 1840
3905 2 2 7 2 164 165 1642
3906 2 2 7 2 676 677 1643
3907 2 2 7 2 116 117 2208
3908 2 2 7 2 625 626 2046
3909 2 2 7 2 206 207 1586
3910 2 2 7 2 634 635 1601
3911 2 2 7 2 648 649 2213
3912 2 2 7 2 297 298 1593
3913 2 2 7 2 543 544 1594
3914 2 2 7 2 102 103 1647
3915 2 2 7 2 738 739 1649
3916 2 2 7 2 201 202 2278
3917 2 2 7 2 229 230 2214
3918 2 2 7 2 184 185 2012
3919 2 2 7 2 656 657 2118
3920 2 2 7 2 603 604 2072
3921 2 2 7 2 1666 2055 2230
3922 2 2 7 2 754 755 2332
3923 2 2 7 2 566 567 2218
3924 2 2 7 2 147 148 2219
3925 2 2 7 2 2083 2084 2359
3926 2 2 7 2 572 573 1942
3927 2 2 7 2 629 630 2303
3928 2 2 7 2 605 606 2070
3929 2 2 7 2 657 658 2131
3930 2 2 7 2 210 211 2299
3931 2 2 7 2 547 548 2298
3932 2 2 7 2 660 661 2296
3933 2 2 7 2 122 123 1666
3934 2 2 7 2 718 719 1667
3935 2 2 7 2 2189 2090 2281
3936 2 2 7 2 104 105 1682
3937 2 2 7 2 736 737 1683
3938 2 2 7 2 541 542 1927
3939 2 2 7 2 597 598 2367
3940 2 2 7 2 2087 2089 2189
3941 2 2 7 2 739 740 2127
3942 2 2 7 2 178 179 2363
3943 2 2 7 2 272 273 2293
3944 2 2 7 2 544 545 2126
3945 2 2 7 2 91 92 1668
3946 2 2 7 2 749 750 1669
3947 2 2 7 2 2132 1604 2133
3948 2 2 7 2 173 174 2087
3949 2 2 7 2 667 668 2137
3950 2 2 7 2 207 208 2112
3951 2 2 7 2 248 249 2172
3952 2 2 7 2 592 593 2064
3953 2 2 7 2 2078 2080 2405
3954 2 2 7 2 626 627 2107
3955 2 2 7 2 585 586 1945
3956 2 2 7 2 641 642 2334
3957 2 2 7 2 1687 1668 1844
3958 2 2 7 2 1669 1688 1847
3959 2 2 7 2 142 143 2028
3960 2 2 7 2 698 699 2261
3961 2 2 7 2 276 277 2110
3962 2 2 7 2 671 672 2286
3963 2 2 7 2 2263 2308 2338
3964 2 2 7 2 252 253 2283
3965 2 2 7 2 1778 1836 1965
3966 2 2 7 2 115 116 1670
3967 2 2 7 2 725 726 1671
3968 2 2 7 2 1917 1915 1918
3969 2 2 7 2 1659 1914 1915
3970 2 2 7 2 2036 2031 2361
3971 2 2 7 2 1941 2081 2420
3972 2 2 7 2 193 194 1585
3973 2 2 7 2 647 648 1602
3974 2 2 7 2 1943 1906 2420
3975 2 2 7 2 228 229 2174
3976 2 2 7 2 612 613 2074
3977 2 2 7 2 723 724 2335
3978 2 2 7 2 613 614 2099
3979 2 2 7 2 275 276 1955
3980 2 2 7 2 565 566 1939
3981 2 2 7 2 146 147 2026
3982 2 2 7 2 694 695 2258
3983 2 2 7 2 741 742 2232
3984 2 2 7 2 194 195 2095
3985 2 2 7 2 2207 1890 2402
3986 2 2 7 2 191 192 2336
3987 2 2 7 2 726 727 2094
3988 2 2 7 2 240 241 2239
3989 2 2 7 2 145 146 2082
3990 2 2 7 2 1707 1898 1980
3991 2 2 7 2 301 302 1659
3992 2 2 7 2 539 540 1650
3993 2 2 7 2 274 275 2217
3994 2 2 7 2 192 193 2210
3995 2 2 7 2 693 694 2267
3996 2 2 7 2 679 680 2148
3997 2 2 7 2 260 261 2227
3998 2 2 7 2 198 199 2124
3999 2 2 7 2 642 643 2047
4000 2 2 7 2 100 101 1691
4001 2 2 7 2 740 741 1692
4002 2 2 7 2 662 663 2135
4003 2 2 7 2 577 578 2243
4004 2 2 7 2 280 281 2215
4005 2 2 7 2 2025 2024 2415
4006 2 2 7 2 710 711 2236
4007 2 2 7 2 96 97 1693
4008 2 2 7 2 744 745 1696
4009 2 2 7 2 291 292 1620
4010 2 2 7 2 549 550 1621
4011 2 2 7 2 158 159 2246
4012 2 2 7 2 167 168 2034
4013 2 2 7 2 673 674 2142
4014 2 2 7 2 212 213 1622
4015 2 2 7 2 628 629 1623
4016 2 2 7 2 254 255 2168
4017 2 2 7 2 239 240 1630
4018 2 2 7 2 601 602 1631
4019 2 2 7 2 209 210 2002
4020 2 2 7 2 273 274 2375
4021 2 2 7 2 631 632 2043
4022 2 2 7 2 294 295 1920
4023 2 2 7 2 546 547 1929
4024 2 2 7 2 264 265 1632
4025 2 2 7 2 576 577 1633
4026 2 2 7 2 172 173 2188
4027 2 2 7 2 127 128 2247
4028 2 2 7 2 157 158 2021
4029 2 2 7 2 169 170 2328
4030 2 2 7 2 136 137 1655
4031 2 2 7 2 704 705 1656
4032 2 2 7 2 181 182 1603
4033 2 2 7 2 659 660 1604
4034 2 2 7 2 692 693 2337
4035 2 2 7 2 151 152 2037
4036 2 2 7 2 600 601 2240
4037 2 2 7 2 2221 1966 2268
4038 2 2 7 2 1968 2268 2276
4039 2 2 7 2 218 219 2201
4040 2 2 7 2 263 264 2242
4041 2 2 7 2 203 204 1999
4042 2 2 7 2 637 638 2039
4043 2 2 7 2 690 691 2253
4044 2 2 7 2 120 121 2151
4045 2 2 7 2 720 721 2152
4046 2 2 7 2 271 272 1591
4047 2 2 7 2 569 570 1596
4048 2 2 7 2 160 161 2339
4049 2 2 7 2 232 233 1588
4050 2 2 7 2 608 609 1599
4051 2 2 7 2 219 220 1587
4052 2 2 7 2 621 622 1600
4053 2 2 7 2 187 188 1636
4054 2 2 7 2 653 654 1637
4055 2 2 7 2 189 190 2273
4056 2 2 7 2 234 235 2163
4057 2 2 7 2 284 285 1592
4058 2 2 7 2 556 557 1595
4059 2 2 7 2 89 90 1684
4060 2 2 7 2 751 752 1685
4061 2 2 7 2 1947 1928 1972
4062 2 2 7 2 269 270 2059
4063 2 2 7 2 571 572 2154
4064 2 2 7 2 107 108 1646
4065 2 2 7 2 733 734 1648
4066 2 2 7 2 697 698 2421
4067 2 2 7 2 688 689 2254
4068 2 2 7 2 721 722 2269
4069 2 2 7 2 2162 2195 2239
4070 2 2 7 2 587 588 2066
4071 2 2 7 2 639 640 2279
4072 2 2 7 2 2165 1797 2396
4073 2 2 7 2 156 157 2185
4074 2 2 7 2 684 685 2251
4075 2 2 7 2 140 141 1611
4076 2 2 7 2 700 701 1612
4077 2 2 7 2 661 662 2376
4078 2 2 7 2 575 576 2184
4079 2 2 7 2 281 282 1952
4080 2 2 7 2 559 560 1935
4081 2 2 7 2 222 223 1968
4082 2 2 7 2 618 619 2101
4083 2 2 7 2 702 703 2262
4084 2 2 7 2 238 239 2158
4085 2 2 7 2 2053 2065 2244
4086 2 2 7 2 183 184 2129
4087 2 2 7 2 109 110 1699
4088 2 2 7 2 731 732 1700
4089 2 2 7 2 220 221 2276
4090 2 2 7 2 593 594 2080
4091 2 2 7 2 170 171 1605
4092 2 2 7 2 670 671 1606
4093 2 2 7 2 165 166 2054
4094 2 2 7 2 251 252 1638
4095 2 2 7 2 589 590 1639
4096 2 2 7 2 610 611 2199
4097 2 2 7 2 125 126 1616
4098 2 2 7 2 715 716 1617
4099 2 2 7 2 174 175 2089
4100 2 2 7 2 129 130 2342
4101 2 2 7 2 87 88 1689
4102 2 2 7 2 753 754 1690
4103 2 2 7 2 548 549 2378
4104 2 2 7 2 296 297 2125
4105 2 2 7 2 743 744 2344
4106 2 2 7 2 200 201 1624
4107 2 2 7 2 640 641 1625
4108 2 2 7 2 557 558 2277
4109 2 2 7 2 118 119 1618
4110 2 2 7 2 722 723 1619
4111 2 2 7 2 2068 2067 2413
4112 2 2 7 2 190 191 2010
4113 2 2 7 2 650 651 2098
4114 2 2 7 2 261 262 1986
4115 2 2 7 2 579 580 2053
4116 2 2 7 2 568 569 2294
4117 2 2 7 2 149 150 1609
4118 2 2 7 2 691 692 1610
4119 2 2 7 2 633 634 2113
4120 2 2 7 2 242 243 2162
4121 2 2 7 2 598 599 2069
4122 2 2 7 2 159 160 1607
4123 2 2 7 2 681 682 1608
4124 2 2 7 2 179 180 2092
4125 2 2 7 2 214 215 2013
4126 2 2 7 2 2308 2252 2348
4127 2 2 7 2 666 667 2369
4128 2 2 7 2 211 212 2380
4129 2 2 7 2 2076 2062 2200
4130 2 2 7 2 128 129 1672
4131 2 2 7 2 712 713 1673
4132 2 2 7 2 630 631 2379
4133 2 2 7 2 98 99 1651
4134 2 2 7 2 742 743 1652
4135 2 2 7 2 293 294 2297
4136 2 2 7 2 92 93 2058
4137 2 2 7 2 231 232 2346
4138 2 2 7 2 289 290 1950
4139 2 2 7 2 551 552 1932
4140 2 2 7 2 180 181 2322
4141 2 2 7 2 599 600 2319
4142 2 2 7 2 262 263 2311
4143 2 2 7 2 94 95 1657
4144 2 2 7 2 746 747 1658
4145 2 2 7 2 132 133 1613
4146 2 2 7 2 708 709 1614
4147 2 2 7 2 732 733 2292
4148 2 2 7 2 2224 1982 2230
4149 2 2 7 2 619 620 2291
4150 2 2 7 2 282 283 2287
4151 2 2 7 2 701 702 2284
4152 2 2 7 2 588 589 2282
4153 2 2 7 2 748 749 2356
4154 2 2 7 2 176 177 1644
4155 2 2 7 2 664 665 1645
4156 2 2 7 2 2048 2049 2381
4157 2 2 7 2 245 246 1589
4158 2 2 7 2 595 596 1598
4159 2 2 7 2 1659 1915 1917
4160 2 2 7 2 258 259 1590
4161 2 2 7 2 582 583 1597
4162 2 2 7 2 635 636 2038
4163 2 2 7 2 163 164 2083
4164 2 2 7 2 123 124 2055
4165 2 2 7 2 2059 1987 2417
4166 2 2 7 2 103 104 1995
4167 2 2 7 2 564 565 2111
4168 2 2 7 2 669 2147 2190
4169 2 2 7 2 227 228 2179
4170 2 2 7 2 1700 1702 1837
4171 2 2 7 2 1701 1699 1711
4172 2 2 7 2 646 647 2096
4173 2 2 7 2 185 186 2014
4174 2 2 7 2 1899 1715 1992
4175 2 2 7 2 604 605 2079
4176 2 2 7 2 1925 1926 1928
4177 2 2 7 2 114 115 2093
4178 2 2 7 2 112 113 1634
4179 2 2 7 2 728 729 1635
4180 2 2 7 2 2119 2120 2325
4181 2 2 7 2 573 574 2050
4182 2 2 7 2 2098 2204 2213
4183 2 2 7 2 45 1675 2331
4184 2 2 7 2 196 197 2006
4185 2 2 7 2 644 645 2044
4186 2 2 7 2 1985 2166 2167
4187 2 2 7 2 225 226 1626
4188 2 2 7 2 615 616 1627
4189 2 2 7 2 2016 2211 2295
4190 2 2 7 2 278 279 1628
4191 2 2 7 2 562 563 1629
4192 2 2 7 2 1826 1910 1990
4193 2 2 7 2 1682 1707 1980
4194 2 2 7 2 1709 1683 1981
4195 2 2 7 2 2134 2133 2138
4196 2 2 7 2 143 144 2057
4197 2 2 7 2 2056 2150 2345
4198 2 2 7 2 1705 1845 1846
4199 2 2 7 2 537 1686 2128
4200 2 2 7 2 2202 1965 2222
4201 2 2 7 2 256 257 2169
4202 2 2 7 2 584 585 2060
4203 2 2 7 2 1695 1898 1976
4204 2 2 7 2 247 248 2178
4205 2 2 7 2 2109 2043 2114
4206 2 2 7 2 1927 1972 2123
4207 2 2 7 2 1912 1615 1913
4208 2 2 7 2 134 135 2036
4209 2 2 7 2 706 707 2238
4210 2 2 7 2 2084 2054 2085
4211 2 2 7 2 287 288 1922
4212 2 2 7 2 553 554 1834
4213 2 2 7 2 670 1606 2147
4214 2 2 7 2 2254 2255 2263
4215 2 2 7 2 216 217 1967
4216 2 2 7 2 624 625 2048
4217 2 2 7 2 1979 2059 2417
4218 2 2 7 2 2061 2062 2416
4219 2 2 7 2 205 206 1998
4220 2 2 7 2 1964 1778 1965
4221 2 2 7 2 2108 1623 2109
4222 2 2 7 2 1968 2221 2268
4223 2 2 7 2 1615 7 2128
4224 2 2 7 2 542 543 1997
4225 2 2 7 2 1917 1918 1919
4226 2 2 7 2 737 738 1996
4227 2 2 7 2 717 718 2056
4228 2 2 7 2 1646 1701 1707
4229 2 2 7 2 1678 1846 2290
4230 2 2 7 2 2168 2193 2194
4231 2 2 7 2 2084 2032 2359
4232 2 2 7 2 655 656 2119
4233 2 2 7 2 236 237 2159
4234 2 2 7 2 1934 1937 1938
4235 2 2 7 2 2085 2034 2088
4236 2 2 7 2 2030 2029 2415
4237 2 2 7 2 1796 1893 1962
4238 2 2 7 2 2214 2175 2226
4239 2 2 7 2 267 268 1979
4240 2 2 7 2 1999 2000 2007
4241 2 2 7 2 154 155 1640
4242 2 2 7 2 686 687 1641
4243 2 2 7 2 2076 1639 2077
4244 2 2 7 2 304 1615 1912
4245 2 2 7 2 2139 2140 2141
4246 2 2 7 2 2145 2144 2409
4247 2 2 7 2 1613 2360 2361
4248 2 2 7 2 1837 1710 1838
4249 2 2 7 2 1708 1711 1712
4250 2 2 7 2 1715 1717 1992
4251 2 2 7 2 2139 2141 2143
4252 2 2 7 2 1961 1841 1963
4253 2 2 7 2 2243 2244 2423
4254 2 2 7 2 2211 2210 2212
4255 2 2 7 2 1597 2061 2065
4256 2 2 7 2 2133 2135 2136
4257 2 2 7 2 1843 1812 2011
4258 2 2 7 2 1972 1926 2123
4259 2 2 7 2 1657 1694 1844
4260 2 2 7 2 1697 1658 1847
4261 2 2 7 2 2136 1645 2140
4262 2 2 7 2 1893 1977 2265
4263 2 2 7 2 2089 2090 2189
4264 2 2 7 2 1933 1932 2352
4265 2 2 7 2 1845 1976 2290
4266 2 2 7 2 2000 1999 2321
4267 2 2 7 2 2009 1843 2295
4268 2 2 7 2 2120 2131 2132
4269 2 2 7 2 1933 1834 1936
4270 2 2 7 2 2049 2107 2108
4271 2 2 7 2 1990 1910 2067
4272 2 2 7 2 2061 1597 2373
4273 2 2 7 2 2177 1964 2241
4274 2 2 7 2 2086 2033 2088
4275 2 2 7 2 1644 2090 2406
4276 2 2 7 2 2182 2181 2391
4277 2 2 7 2 2008 2005 2009
4278 2 2 7 2 2235 1893 2265
4279 2 2 7 2 2195 2162 2196
4280 2 2 7 2 2193 2168 2313
4281 2 2 7 2 2044 2198 2307
4282 2 2 7 2 2018 2019 2033
4283 2 2 7 2 1627 2100 2398
4284 2 2 7 2 2143 2141 2147
4285 2 2 7 2 2060 2061 2373
4286 2 2 7 2 1836 2197 2222
4287 2 2 7 2 2100 1627 2102
4288 2 2 7 2 2167 2165 2170
4289 2 2 7 2 2100 2099 2398
4290 2 2 7 2 2166 2165 2167
4291 2 2 7 2 2035 2031 2414
4292 2 2 7 2 2133 2296 2376
4293 2 2 7 2 1834 1933 2352
4294 2 2 7 2 1589 2371 2422
4295 2 2 7 2 2091 2017 2281
4296 2 2 7 2 2271 2170 2396
4297 2 2 7 2 2104 2103 2105
4298 2 2 7 2 2113 2040 2114
4299 2 2 7 2 2129 2015 2130
4300 2 2 7 2 1961 1796 1962
4301 2 2 7 2 2090 2089 2406
4302 2 2 7 2 2136 2135 2300
4303 2 2 7 2 1979 2182 2391
4304 2 2 7 2 2186 2023 2382
4305 2 2 7 2 1697 1696 2301
4306 2 2 7 2 2011 1812 2017
4307 2 2 7 2 42 43 2385
4308 2 2 7 2 2032 2339 2340
4309 2 2 7 2 1998 2000 2321
4310 2 2 7 2 2091 2362 2363
4311 2 2 7 2 2371 2271 2422
4312 2 2 7 2 2323 2342 2343
4313 2 2 7 2 1798 1908 2019
4314 2 2 7 2 2169 2193 2313
4315 2 2 7 2 1716 1982 2035
4316 2 2 7 2 2212 2095 2400
4317 2 2 7 2 2198 2097 2270
4318 2 2 7 2 1949 1650 2122
4319 2 2 7 2 1934 1936 1937
4320 2 2 7 2 2275 2274 2350
4321 2 2 7 2 2109 2303 2379
4322 2 2 7 2 1910 1944 2063
4323 2 2 7 2 1645 2136 2300
4324 2 2 7 2 2194 2283 2364
4325 2 2 7 2 2323 2351 2361
4326 2 2 7 2 1837 2383 2384
4327 2 2 7 2 1658 1697 2301
4328 2 2 7 2 2153 1692 2232
4329 2 2 7 2 1711 2223 2370
4330 2 2 7 2 2244 2052 2423
4331 2 2 7 2 2007 2278 2353
4332 2 2 7 2 2323 2343 2351
4333 2 2 7 2 2035 2224 2323
4334 2 2 7 2 2032 2340 2359
4335 2 2 7 2 1965 1836 2222
4336 2 2 7 2 2033 2084 2085
4337 2 2 7 2 2211 2010 2336
4338 2 2 7 2 1637 2275 2350
4339 2 2 7 2 2011 2016 2295
4340 2 2 7 2 2018 2033 2086
4341 2 2 7 2 2264 2256 2265
4342 2 2 7 2 303 1912 1914
4343 2 2 7 2 2018 1798 2019
4344 2 2 7 2 2088 2310 2328
4345 2 2 7 2 1843 2011 2295
4346 2 2 7 2 2164 2196 2396
4347 2 2 7 2 2147 2141 2190
4348 2 2 7 2 2065 2229 2357
4349 2 2 7 2 2045 1991 2105
4350 2 2 7 2 1652 2153 2232
4351 2 2 7 2 2146 2263 2264
4352 2 2 7 2 1845 1694 1976
4353 2 2 7 2 2237 2235 2260
4354 2 2 7 2 1686 538 1949
4355 2 2 7 2 2116 2149 2270
4356 2 2 7 2 1977 1813 2410
4357 2 2 7 2 2210 2211 2336
4358 2 2 7 2 43 44 1679
4359 2 2 7 2 1679 1848 2385
4360 2 2 7 2 1910 2063 2067
4361 2 2 7 2 82 83 1678
4362 2 2 7 2 1702 1700 2292
4363 2 2 7 2 1936 2394 2395
4364 2 2 7 2 1716 2035 2414
4365 2 2 7 2 1985 1903 2166
4366 2 2 7 2 2161 2160 2164
4367 2 2 7 2 1707 1708 1898
4368 2 2 7 2 1712 1715 1899
4369 2 2 7 2 2076 2066 2282
4370 2 2 7 2 1649 1981 1996
4371 2 2 7 2 1708 1712 1899
4372 2 2 7 2 1981 1683 1996
4373 2 2 7 2 1980 1647 1995
4374 2 2 7 2 1682 1980 1995
4375 2 2 7 2 2255 2256 2264
4376 2 2 7 2 1648 1702 2292
4377 2 2 7 2 2102 2387 2388
4378 2 2 7 2 2266 1612 2285
4379 2 2 7 2 2040 2041 2115
4380 2 2 7 2 2097 1602 2204
4381 2 2 7 2 2122 1650 2123
4382 2 2 7 2 1639 2076 2282
4383 2 2 7 2 2140 2368 2369
4384 2 2 7 2 1712 1714 1715
4385 2 2 7 2 1840 1838 1961
4386 2 2 7 2 1847 2355 2356
4387 2 2 7 2 2414 2031 2415
4388 2 2 7 2 2120 2132 2134
4389 2 2 7 2 1844 2058 2408
4390 2 2 7 2 1805 1906 1943
4391 2 2 7 2 1710 1702 2419
4392 2 2 7 2 2196 2231 2422
4393 2 2 7 2 2005 1843 2009
4394 2 2 7 2 2160 1630 2195
4395 2 2 7 2 1838 1710 1841
4396 2 2 7 2 1707 1701 1708
4397 2 2 7 2 2000 2001 2197
4398 2 2 7 2 2024 2025 2027
4399 2 2 7 2 2102 2103 2104
4400 2 2 7 2 1698 1692 2153
4401 2 2 7 2 1976 1898 2290
4402 2 2 7 2 1695 1647 1980
4403 2 2 7 2 1649 1698 1981
4404 2 2 7 2 1844 1694 1845
4405 2 2 7 2 1956 1954 2390
4406 2 2 7 2 1694 1693 2249
4407 2 2 7 2 1684 1687 2180
4408 2 2 7 2 2009 2212 2400
4409 2 2 7 2 2263 2255 2264
4410 2 2 7 2 2114 2040 2115
4411 2 2 7 2 2065 2061 2416
4412 2 2 7 2 1688 1669 2187
4413 2 2 7 2 1898 1708 1899
4414 2 2 7 2 2261 2266 2285
4415 2 2 7 2 2067 2071 2413
4416 2 2 7 2 2226 2175 2241
4417 2 2 7 2 2251 2308 2348
4418 2 2 7 2 1978 1903 1985
4419 2 2 7 2 2083 1642 2084
4420 2 2 7 2 1601 2038 2040
4421 2 2 7 2 2188 2087 2189
4422 2 2 7 2 2012 2014 2015
4423 2 2 7 2 2048 2046 2049
4424 2 2 7 2 2119 2118 2120
4425 2 2 7 2 1942 2050 2051
4426 2 2 7 2 1685 1688 2187
4427 2 2 7 2 2056 1667 2150
4428 2 2 7 2 2173 2161 2177
4429 2 2 7 2 2182 1979 2417
4430 2 2 7 2 2240 1631 2412
4431 2 2 7 2 1978 1987 1988
4432 2 2 7 2 1698 1649 2127
4433 2 2 7 2 1709 1710 2419
4434 2 2 7 2 2096 1602 2097
4435 2 2 7 2 2179 2174 2226
4436 2 2 7 2 2035 1982 2224
4437 2 2 7 2 539 1650 1949
4438 2 2 7 2 2090 2091 2281
4439 2 2 7 2 2399 2006 2400
4440 2 2 7 2 1659 302 1914
4441 2 2 7 2 2212 2009 2295
4442 2 2 7 2 2158 1630 2160
4443 2 2 7 2 2184 1633 2423
4444 2 2 7 2 1969 1714 1974
4445 2 2 7 2 1840 1970 1975
4446 2 2 7 2 1692 1698 2127
4447 2 2 7 2 2354 1589 2422
4448 2 2 7 2 2250 683 2348
4449 2 2 7 2 2274 652 2350
4450 2 2 7 2 2310 169 2328
4451 2 2 7 2 2248 714 2349
4452 2 2 7 2 2278 202 2353
4453 2 2 7 2 2343 131 2351
4454 2 2 7 2 2412 2068 2413
4455 2 2 7 2 2231 244 2354
4456 2 2 7 2 2283 253 2364
4457 2 2 7 2 2362 178 2363
4458 2 2 7 2 2286 672 2365
4459 2 2 7 2 2366 597 2367
4460 2 2 7 2 2229 581 2357
4461 2 2 7 2 2340 162 2359
4462 2 2 7 2 2378 1931 2407
4463 2 2 7 2 2223 111 2370
4464 2 2 7 2 2383 730 2384
4465 2 2 7 2 2293 273 2375
4466 2 2 7 2 2333 231 2346
4467 2 2 7 2 2220 224 2372
4468 2 2 7 2 2387 617 2388
4469 2 2 7 2 1648 734 2320
4470 2 2 7 2 1588 233 2317
4471 2 2 7 2 2216 561 2374
4472 2 2 7 2 1596 570 2315
4473 2 2 7 2 2262 703 2324
4474 2 2 7 2 1605 171 2327
4475 2 2 7 2 1639 590 2330
4476 2 2 7 2 1603 182 2309
4477 2 2 7 2 1920 295 2306
4478 2 2 7 2 2043 632 2305
4479 2 2 7 2 1622 213 2304
4480 2 2 7 2 2227 1986 2228
4481 2 2 7 2 2296 661 2376
4482 2 2 7 2 1621 550 2302
4483 2 2 7 2 1903 1820 2166
4484 2 2 7 2 1696 745 2301
4485 2 2 7 2 1690 754 2332
4486 2 2 7 2 2135 663 2300
4487 2 2 7 2 2298 548 2378
4488 2 2 7 2 1625 641 2334
4489 2 2 7 2 2299 211 2380
4490 2 2 7 2 2303 630 2379
4491 2 2 7 2 1619 723 2335
4492 2 2 7 2 2206 286 2377
4493 2 2 7 2 2394 555 2395
4494 2 2 7 2 2010 191 2336
4495 2 2 7 2 1608 2250 2252
4496 2 2 7 2 2203 623 2381
4497 2 2 7 2 2021 158 2246
4498 2 2 7 2 2152 721 2269
4499 2 2 7 2 1633 577 2243
4500 2 2 7 2 1630 240 2239
4501 2 2 7 2 1587 220 2276
4502 2 2 7 2 1610 692 2337
4503 2 2 7 2 1595 557 2277
4504 2 2 7 2 1692 741 2232
4505 2 2 7 2 2047 643 2307
4506 2 2 7 2 2066 588 2282
4507 2 2 7 2 264 1632 2242
4508 2 2 7 2 1607 160 2339
4509 2 2 7 2 1612 701 2284
4510 2 2 7 2 1952 282 2287
4511 2 2 7 2 601 1631 2240
4512 2 2 7 2 2101 619 2291
4513 2 2 7 2 1700 732 2292
4514 2 2 7 2 2026 147 2219
4515 2 2 7 2 1939 566 2218
4516 2 2 7 2 2142 674 2312
4517 2 2 7 2 2174 229 2214
4518 2 2 7 2 2168 255 2313
4519 2 2 7 2 1602 648 2213
4520 2 2 7 2 1986 262 2311
4521 2 2 7 2 1672 129 2342
4522 2 2 7 2 1652 743 2344
4523 2 2 7 2 2069 599 2319
4524 2 2 7 2 1670 116 2208
4525 2 2 7 2 2092 180 2322
4526 2 2 7 2 2186 153 2386
4527 2 2 7 2 1656 705 2318
4528 2 2 7 2 2261 699 2266
4529 2 2 7 2 2181 266 2391
4530 2 2 7 2 694 2258 2267
4531 2 2 7 2 1945 586 2200
4532 2 2 7 2 275 1955 2217
4533 2 2 7 2 1706 42 2385
4534 2 2 7 2 1999 204 2321
4535 2 2 7 2 2172 249 2191
4536 2 2 7 2 2137 668 2190
4537 2 2 7 2 2117 2116 2270
4538 2 2 7 2 193 1585 2210
4539 2 2 7 2 1930 1947 2407
4540 2 2 7 2 1669 750 2187
4541 2 2 7 2 1637 654 2325
4542 2 2 7 2 2163 235 2326
4543 2 2 7 2 1648 2320 2419
4544 2 2 7 2 2176 2226 2241
4545 2 2 7 2 1682 105 2157
4546 2 2 7 2 1667 719 2156
4547 2 2 7 2 2070 606 2155
4548 2 2 7 2 2251 685 2338
4549 2 2 7 2 2214 230 2333
4550 2 2 7 2 173 2087 2188
4551 2 2 7 2 2339 161 2340
4552 2 2 7 2 2342 130 2343
4553 2 2 7 2 1623 629 2303
4554 2 2 7 2 2002 210 2299
4555 2 2 7 2 1673 713 2248
4556 2 2 7 2 1929 547 2298
4557 2 2 7 2 1604 660 2296
4558 2 2 7 2 2162 243 2231
4559 2 2 7 2 2053 580 2229
4560 2 2 7 2 1608 682 2250
4561 2 2 7 2 1591 272 2293
4562 2 2 7 2 1617 716 2345
4563 2 2 7 2 2098 651 2274
4564 2 2 7 2 1699 110 2223
4565 2 2 7 2 2034 168 2310
4566 2 2 7 2 2118 657 2131
4567 2 2 7 2 1977 2146 2264
4568 2 2 7 2 2209 2366 2367
4569 2 2 7 2 1968 223 2220
4570 2 2 7 2 1624 201 2278
4571 2 2 7 2 1935 560 2216
4572 2 2 7 2 1655 137 2316
4573 2 2 7 2 2013 215 2347
4574 2 2 7 2 1649 739 2127
4575 2 2 7 2 2308 2251 2338
4576 2 2 7 2 1594 544 2126
4577 2 2 7 2 1606 671 2286
4578 2 2 7 2 1638 252 2283
4579 2 2 7 2 2110 277 2397
4580 2 2 7 2 1932 552 2352
4581 2 2 7 2 170 1605 2328
4582 2 2 7 2 1658 747 2355
4583 2 2 7 2 94 1657 2408
4584 2 2 7 2 2161 2164 2177
4585 2 2 7 2 1586 207 2112
4586 2 2 7 2 179 2092 2363
4587 2 2 7 2 598 2069 2367
4588 2 2 7 2 1613 133 2360
4589 2 2 7 2 742 1652 2232
4590 2 2 7 2 1592 285 2206
4591 2 2 7 2 2046 626 2107
4592 2 2 7 2 1600 622 2203
4593 2 2 7 2 2099 614 2398
4594 2 2 7 2 159 1607 2246
4595 2 2 7 2 549 1621 2378
4596 2 2 7 2 212 1622 2380
4597 2 2 7 2 662 2135 2376
4598 2 2 7 2 631 2043 2379
4599 2 2 7 2 731 1700 2384
4600 2 2 7 2 2095 195 2399
4601 2 2 7 2 128 1672 2247
4602 2 2 7 2 294 1920 2297
4603 2 2 7 2 744 1696 2344
4604 2 2 7 2 274 2217 2375
4605 2 2 7 2 1645 665 2368
4606 2 2 7 2 693 2267 2337
4607 2 2 7 2 181 1603 2322
4608 2 2 7 2 691 1610 2253
4609 2 2 7 2 600 2240 2319
4610 2 2 7 2 569 1596 2294
4611 2 2 7 2 572 1942 2154
4612 2 2 7 2 176 1644 2406
4613 2 2 7 2 618 2101 2388
4614 2 2 7 2 263 2242 2311
4615 2 2 7 2 192 2210 2336
4616 2 2 7 2 190 2010 2273
4617 2 2 7 2 1589 246 2371
4618 2 2 7 2 232 1588 2346
4619 2 2 7 2 642 2047 2334
4620 2 2 7 2 722 1619 2269
4621 2 2 7 2 595 1598 2405
4622 2 2 7 2 700 1612 2266
4623 2 2 7 2 640 1625 2279
4624 2 2 7 2 261 1986 2227
4625 2 2 7 2 733 1648 2292
4626 2 2 7 2 587 2066 2200
4627 2 2 7 2 2094 727 2401
4628 2 2 7 2 673 2142 2365
4629 2 2 7 2 254 2168 2364
4630 2 2 7 2 1597 583 2373
4631 2 2 7 2 2037 152 2186
4632 2 2 7 2 172 2188 2327
4633 2 2 7 2 556 1595 2395
4634 2 2 7 2 702 2262 2284
4635 2 2 7 2 751 1685 2187
4636 2 2 7 2 704 1656 2324
4637 2 2 7 2 1632 265 2181
4638 2 2 7 2 589 1639 2282
4639 2 2 7 2 203 1999 2353
4640 2 2 7 2 720 2152 2156
4641 2 2 7 2 184 2012 2129
4642 2 2 7 2 1838 1841 1961
4643 2 2 7 2 653 1637 2350
4644 2 2 7 2 234 2163 2317
4645 2 2 7 2 281 1952 2215
4646 2 2 7 2 571 2154 2315
4647 2 2 7 2 1653 145 2082
4648 2 2 7 2 297 1593 2125
4649 2 2 7 2 684 2251 2348
4650 2 2 7 2 1644 177 2362
4651 2 2 7 2 1598 596 2366
4652 2 2 7 2 2149 2198 2270
4653 2 2 7 2 183 2129 2309
4654 2 2 7 2 634 1601 2113
4655 2 2 7 2 740 1692 2127
4656 2 2 7 2 715 1617 2349
4657 2 2 7 2 296 2125 2306
4658 2 2 7 2 219 1587 2201
4659 2 2 7 2 633 2113 2305
4660 2 2 7 2 214 2013 2304
4661 2 2 7 2 728 1635 2401
4662 2 2 7 2 551 1932 2302
4663 2 2 7 2 746 1658 2301
4664 2 2 7 2 2080 594 2405
4665 2 2 7 2 132 1613 2351
4666 2 2 7 2 2081 1596 2315
4667 2 2 7 2 2089 175 2406
4668 2 2 7 2 196 2006 2399
4669 2 2 7 2 664 1645 2300
4670 2 2 7 2 2368 666 2369
4671 2 2 7 2 1955 276 2110
4672 2 2 7 2 1654 697 2421
4673 2 2 7 2 245 1589 2354
4674 2 2 7 2 615 1627 2398
4675 2 2 7 2 2074 613 2099
4676 2 2 7 2 582 1597 2357
4677 2 2 7 2 157 2021 2185
4678 2 2 7 2 1635 729 2383
4679 2 2 7 2 1585 194 2095
4680 2 2 7 2 163 2083 2359
4681 2 2 7 2 2058 93 2408
4682 2 2 7 2 576 1633 2184
4683 2 2 7 2 278 1628 2397
4684 2 2 7 2 146 2026 2082
4685 2 2 7 2 2355 748 2356
4686 2 2 7 2 164 1642 2083
4687 2 2 7 2 239 1630 2158
4688 2 2 7 2 1671 726 2094
4689 2 2 7 2 1627 616 2387
4690 2 2 7 2 584 2060 2373
4691 2 2 7 2 1642 165 2054
4692 2 2 7 2 112 1634 2370
4693 2 2 7 2 247 2178 2371
4694 2 2 7 2 644 2044 2307
4695 2 2 7 2 225 1626 2372
4696 2 2 7 2 562 1629 2374
4697 2 2 7 2 134 2036 2360
4698 2 2 7 2 698 2261 2421
4699 2 2 7 2 2064 593 2080
4700 2 2 7 2 553 1834 2352
4701 2 2 7 2 2087 174 2089
4702 2 2 7 2 256 2169 2313
4703 2 2 7 2 1834 554 2394
4704 2 2 7 2 667 2137 2369
4705 2 2 7 2 216 1967 2347
4706 2 2 7 2 1668 92 2058
4707 2 2 7 2 565 1939 2111
4708 2 2 7 2 1601 635 2038
4709 2 2 7 2 749 1669 2356
4710 2 2 7 2 228 2174 2179
4711 2 2 7 2 706 2238 2318
4712 2 2 7 2 647 1602 2096
4713 2 2 7 2 144 1653 2057
4714 2 2 7 2 287 1922 2377
4715 2 2 7 2 1647 103 1995
4716 2 2 7 2 115 1670 2093
4717 2 2 7 2 717 2056 2345
4718 2 2 7 2 205 1998 2321
4719 2 2 7 2 624 2048 2381
4720 2 2 7 2 1666 123 2055
4721 2 2 7 2 104 1682 1995
4722 2 2 7 2 2012 185 2014
4723 2 2 7 2 2072 604 2079
4724 2 2 7 2 605 2070 2079
4725 2 2 7 2 2028 143 2057
4726 2 2 7 2 655 2119 2325
4727 2 2 7 2 236 2159 2326
4728 2 2 7 2 2052 1943 2420
4729 2 2 7 2 1942 573 2050
4730 2 2 7 2 2170 2165 2396
4731 2 2 7 2 585 1945 2060
4732 2 2 7 2 267 1979 2391
4733 2 2 7 2 686 1641 2338
4734 2 2 7 2 154 1640 2386
4735 2 2 7 2 248 2172 2178
4736 2 2 7 2 625 2046 2048
4737 2 2 7 2 206 1586 1998
4738 2 2 7 2 2024 1907 2415
4739 2 2 7 2 543 1594 1997
4740 2 2 7 2 738 1649 1996
4741 2 2 7 2 1927 542 1997
4742 2 2 7 2 1683 737 1996
4743 2 2 7 2 718 1667 2056
4744 2 2 7 2 656 2118 2119
4745 2 2 7 2 1977 2264 2265
4746 2 2 7 2 1921 1924 2288
4747 2 2 7 2 2320 1709 2419
4748 2 2 7 2 1679 44 2331
4749 2 2 7 2 2149 2042 2198
4750 2 2 7 2 1898 1899 2290
4751 2 2 7 2 1926 2122 2123
4752 2 2 7 2 2035 2323 2361
4753 2 2 7 2 1702 1648 2419
4754 2 2 7 2 2170 2271 2272
4755 2 2 7 2 1848 1706 2385
4756 2 2 7 2 43 1679 2385
4757 2 2 7 2 2071 2412 2413
4758 2 2 7 2 2069 2209 2367
4759 2 2 7 2 1907 2414 2415
4760 2 2 7 2 84 1705 1846
4761 2 2 7 2 81 82 1678
4762 2 2 7 2 86 87 1689
4763 2 2 7 2 88 89 1684
4764 2 2 7 2 90 91 1668
4765 2 2 7 2 95 96 1693
4766 2 2 7 2 97 98 1651
4767 2 2 7 2 99 100 1691
4768 2 2 7 2 101 102 1647
4769 2 2 7 2 106 107 1646
4770 2 2 7 2 108 109 1699
4771 2 2 7 2 113 114 2093
4772 2 2 7 2 117 118 1618
4773 2 2 7 2 119 120 2151
4774 2 2 7 2 121 122 1666
4775 2 2 7 2 124 125 1616
4776 2 2 7 2 126 127 2247
4777 2 2 7 2 135 136 1655
4778 2 2 7 2 139 140 1611
4779 2 2 7 2 141 142 2028
4780 2 2 7 2 148 149 1609
4781 2 2 7 2 150 151 2037
4782 2 2 7 2 155 156 2185
4783 2 2 7 2 166 167 2034
4784 2 2 7 2 186 187 1636
4785 2 2 7 2 188 189 2273
4786 2 2 7 2 197 198 2124
4787 2 2 7 2 199 200 1624
4788 2 2 7 2 208 209 2002
4789 2 2 7 2 217 218 2201
4790 2 2 7 2 221 222 1968
4791 2 2 7 2 226 227 2179
4792 2 2 7 2 237 238 2158
4793 2 2 7 2 241 242 2162
4794 2 2 7 2 250 251 1638
4795 2 2 7 2 257 258 1590
4796 2 2 7 2 259 260 2227
4797 2 2 7 2 268 269 2059
4798 2 2 7 2 270 271 1591
4799 2 2 7 2 279 280 2215
4800 2 2 7 2 283 284 1592
4801 2 2 7 2 288 289 1950
4802 2 2 7 2 290 291 1620
4803 2 2 7 2 292 293 2297
4804 2 2 7 2 300 301 1659
4805 2 2 7 2 540 541 1927
4806 2 2 7 2 545 546 1929
4807 2 2 7 2 558 559 1935
4808 2 2 7 2 563 564 2111
4809 2 2 7 2 567 568 2294
4810 2 2 7 2 574 575 2184
4811 2 2 7 2 578 579 2053
4812 2 2 7 2 591 592 2064
4813 2 2 7 2 602 603 2072
4814 2 2 7 2 607 608 1599
4815 2 2 7 2 609 610 2199
4816 2 2 7 2 611 612 2074
4817 2 2 7 2 620 621 1600
4818 2 2 7 2 627 628 1623
4819 2 2 7 2 636 637 2039
4820 2 2 7 2 638 639 2279
4821 2 2 7 2 645 646 2096
4822 2 2 7 2 649 650 2098
4823 2 2 7 2 658 659 1604
4824 2 2 7 2 678 679 2148
4825 2 2 7 2 680 681 1608
4826 2 2 7 2 687 688 2254
4827 2 2 7 2 689 690 2253
4828 2 2 7 2 707 708 1614
4829 2 2 7 2 709 710 2236
4830 2 2 7 2 711 712 1673
4831 2 2 7 2 724 725 1671
4832 2 2 7 2 735 736 1683
4833 2 2 7 2 675 676 1643
4834 2 2 7 2 677 678 1643
4835 2 2 7 2 695 696 1654
4836 2 2 7 2 752 753 1685
4837 2 2 7 2 2078 1598 2366
4838 2 2 7 2 2088 1605 2327
4839 2 2 7 2 1651 1691 1695
4840 2 2 7 2 1688 1685 1690
4841 2 2 7 2 1710 1709 1981
4842 2 2 7 2 1930 1931 1933
4843 2 2 7 2 2067 2068 2073
4844 2 2 7 2 2075 2100 2104
$EndElements
