step,t_s,elastic,kinetic,fracture,total
0,0.0,28.281188440305897,2.5328474197286655e-23,0.013725301442859186,28.294913741748758
20,3.4123569998115335e-08,28.275411056178704,0.002481177619291833,0.017023056027072013,28.294915289825067
40,6.824713999623067e-08,28.262095812633298,0.00793084330437502,0.024464837793172333,28.294491493730845
60,1.0237070999434602e-07,28.243189727894112,0.014912895904691035,0.03677663681235975,28.29487926061116
80,1.3649427999246134e-07,28.223404284364896,0.02299897666921388,0.04927419487209517,28.295677455906205
100,1.706178499905767e-07,28.206576287955187,0.03160537032083258,0.058342370861821785,28.296524029137842
120,2.0474141998869204e-07,28.18982244107678,0.03993922148703397,0.06756497560679907,28.297326638170617
140,2.3886498998680736e-07,28.17364915158424,0.04767268771778073,0.07675983390996088,28.298081673211982
160,2.729885599849227e-07,28.15970401906084,0.05479296750350854,0.08395396134300387,28.29845094790735
180,3.0711212998303806e-07,28.145092634078978,0.06135580366390202,0.09237878151808963,28.298827219260968
200,3.412356999811534e-07,28.131006203444784,0.06763195111223914,0.10048602148266955,28.299124176039694
220,3.753592699792687e-07,28.11805349780278,0.07377473322500983,0.10748683301520127,28.299315064042993
240,4.094828399773841e-07,28.10319591018654,0.07986177894346577,0.11641467095271173,28.299472360082717
260,4.436064099754994e-07,28.089487998009382,0.08614655844004507,0.12405499445709164,28.299689550906518
280,4.777299799736147e-07,28.076028509027303,0.09257975562388804,0.1312486066318216,28.299856871283012
300,5.1185354997173e-07,28.06073061001179,0.09903715645472108,0.14023766324388157,28.300005429710392
320,5.459771199698454e-07,28.045372070811844,0.10541358444207678,0.14906779057637445,28.299853445830294
340,5.801006899679608e-07,28.032473419363747,0.1120599769331662,0.15573192943692493,28.30026532573384
360,6.142242599660761e-07,28.017247044720158,0.11859360976421428,0.16452827924525176,28.300368933729626
380,6.483478299641914e-07,28.00188637502771,0.12542400504860055,0.17316848436641138,28.30047886444272
400,6.824713999623068e-07,27.987292731102084,0.13244138561413343,0.18085300839031113,28.300587125106528
420,7.165949699604221e-07,27.970872628109742,0.1397098130504287,0.19019070937967714,28.30077315053985
440,7.507185399585374e-07,27.955079400059457,0.14682650196566285,0.1991413534353343,28.301047255460453
460,7.848421099566527e-07,27.939827011421823,0.15406974152970773,0.20740839149122103,28.30130514444275
480,8.189656799547682e-07,27.923516664600356,0.1612704948586329,0.2167182970830701,28.30150545654206
500,8.530892499528835e-07,27.906761708659158,0.1688601620583594,0.2260660016608036,28.30168787237832
520,8.872128199509988e-07,27.890292707177466,0.17681684213558932,0.23451299532068287,28.301622544633737
540,9.213363899491141e-07,27.87003147518267,0.18562348596088576,0.2454292337110609,28.301084194854617
560,9.554599599472294e-07,27.84927062684323,0.1953193793330711,0.2560633786066706,28.30065338478297
580,9.895835299453448e-07,27.828426909694528,0.2059281490814923,0.26609473730188726,28.30044979607791
600,1.02370709994346e-06,27.803802347543293,0.21789039582804057,0.27926001569026915,28.3009527590616
620,1.0578306699415754e-06,27.778143617489796,0.2311400163214681,0.29334451555537755,28.302628149366644
640,1.0919542399396907e-06,27.752832044174543,0.24604747172435892,0.3060236907613852,28.30490320666029
660,1.126077809937806e-06,27.724945936574162,0.26301753392307775,0.3205142536326724,28.30847772412991
680,1.1602013799359216e-06,27.697727399272097,0.28127974907782854,0.33304410825663755,28.312051256606562
700,1.194324949934037e-06,27.671753483462705,0.3014522093169447,0.3419491155466946,28.315154808326344
720,1.2284485199321522e-06,27.646321906322818,0.32204446183960883,0.34971613372920196,28.31808250189163
740,1.2625720899302676e-06,27.623086778631055,0.3420474542385119,0.3551731483865057,28.32030738125607
760,1.2966956599283829e-06,27.60242050451529,0.3610247593248941,0.358259254652467,28.321704518492652
780,1.3308192299264982e-06,27.58429464227964,0.37772610642990034,0.36090475258724003,28.32292550129678
800,1.3649427999246135e-06,27.568849722754276,0.3923066686614536,0.36277959750868244,28.323935988924415
820,1.3990663699227288e-06,27.55636613980035,0.4041811070960305,0.36393172828562964,28.324478975182007
840,1.4331899399208442e-06,27.546610417850015,0.4131721335289254,0.3649773930545101,28.32475994443345
860,1.4673135099189595e-06,27.538898862585167,0.42041574968659456,0.36584223207038663,28.325156844342146
880,1.5014370799170748e-06,27.533383128789342,0.4256733335315369,0.36651967095498683,28.325576133275867
900,1.5355606499151901e-06,27.529325256393605,0.42888825822338794,0.3675243939281476,28.32573790854514
920,1.5696842199133055e-06,27.52549644005639,0.43235052639176536,0.36828813335314026,28.326135099801295
940,1.6038077899114208e-06,27.521507420335976,0.43592669060011696,0.3690515647912826,28.326485675727373
960,1.6379313599095363e-06,27.517816614531913,0.4384165568506295,0.3700957372325082,28.32632890861505
980,1.6720549299076516e-06,27.51325482274551,0.4411849843306147,0.3714260681269189,28.325865875203043
1000,1.706178499905767e-06,27.50740581961822,0.4455847238814193,0.37288311321803685,28.32587365671768
1020,1.7403020699038823e-06,27.50037696135179,0.44961387731035035,0.37520634437337946,28.32519718303552
1040,1.7744256399019976e-06,27.491838982181598,0.45400522946915717,0.3783353495970135,28.324179561247767
1060,1.808549209900113e-06,27.48270681509088,0.4588057002255547,0.3817775430391475,28.323290058355582
1080,1.8426727798982282e-06,27.47064109461808,0.4641465810247732,0.3872212898948958,28.32200896553775
1100,1.8767963498963436e-06,27.456543211872678,0.46963993134849935,0.39470316996514837,28.320886313186325
1120,1.910919919894459e-06,27.442394525374564,0.4756518097964114,0.40230877975611085,28.320355114927086
1140,1.9450434898925742e-06,27.42510633306663,0.48284995001151737,0.41219630585535705,28.320152588933503
1160,1.9791670598906895e-06,27.406788363550607,0.4904099548365067,0.4232451383966608,28.320443456783774
1180,2.013290629888805e-06,27.38945691793898,0.4984140746585683,0.43307775738926824,28.320948749986815
1200,2.04741419988692e-06,27.370199898234127,0.5067056970297622,0.44494528207771533,28.321850877341603
1220,2.0815377698850355e-06,27.352160917189245,0.514881403842729,0.45571234369112845,28.322754664723103
1240,2.115661339883151e-06,27.335211673792767,0.5230105302232131,0.4653974091453455,28.323619613161327
1260,2.149784909881266e-06,27.31736375099827,0.5310640042466821,0.47624552746423665,28.32467328270919
1280,2.1839084798793815e-06,27.299789098085242,0.5388414815570413,0.48689606230166904,28.325526641943952
1300,2.218032049877497e-06,27.28353730515272,0.54662781517261,0.49615046921582,28.32631558954115
1320,2.252155619875612e-06,27.26606946726519,0.5543820134376791,0.5067716887529365,28.327223169455806
1340,2.2862791898737274e-06,27.248650229978608,0.5626332059955569,0.5168360805917981,28.328119516565962
1360,2.320402759871843e-06,27.231131750947092,0.5710178846428589,0.5264668560601824,28.328616491650134
1380,2.3545263298699585e-06,27.21363975523295,0.5797535789770427,0.5360976876196866,28.329491021829682
1400,2.388649899868074e-06,27.1945328924331,0.5889570853781323,0.5469434658004642,28.330433443611696
1420,2.422773469866189e-06,27.177794135058733,0.5982342372060646,0.5550949247312191,28.331123296996015
1440,2.4568970398643045e-06,27.159254135155148,0.6072197414602123,0.5654473872380441,28.331921263853406
1460,2.49102060986242e-06,27.140140783568448,0.6167762072929257,0.5759423933746893,28.332859384236063
1480,2.525144179860535e-06,27.123325157580233,0.6256263282877714,0.5846760374010064,28.333627523269012
1500,2.5592677498586504e-06,27.10517329722452,0.6341649359136196,0.5952652828663682,28.33460351600451
1520,2.5933913198567658e-06,27.086763464691103,0.6427156497580956,0.6062595949809032,28.3357387094301
1540,2.627514889854881e-06,27.070424822680998,0.6510330508656107,0.6151232547719193,28.336581128318528
1560,2.6616384598529964e-06,27.051944193436007,0.6594625662447828,0.6260122807479734,28.337419040428763
1580,2.6957620298511117e-06,27.033724863115058,0.6680543709022821,0.6366475394266018,28.338426773443942
1600,2.729885599849227e-06,27.016846582770487,0.6765024720446967,0.6457665677796396,28.33911562259482
1620,2.7640091698473424e-06,26.997446128181977,0.6857957844248238,0.6569716159046186,28.34021352851142
1640,2.7981327398454577e-06,26.97808128639608,0.6952420521555228,0.6678995011098796,28.34122283966148
1660,2.832256309843573e-06,26.958791390564354,0.7048881732636968,0.6782790046632039,28.341958568491254
1680,2.8663798798416883e-06,26.9389738905684,0.7149864348257401,0.688765824039931,28.342726149434068
1700,2.9005034498398037e-06,26.91840824778334,0.7250984824522048,0.7002023085871134,28.343709038822656
1720,2.934627019837919e-06,26.89918407573599,0.7353934122680255,0.7099669880708004,28.344544476074816
1740,2.9687505898360343e-06,26.879023392833727,0.7450027466777972,0.7213675734628168,28.345393712974342
1760,3.0028741598341496e-06,26.858238136421896,0.7553029348544349,0.7327417138179444,28.346282785094274
1780,3.036997729832265e-06,26.839560215494707,0.764741712853715,0.742537595793613,28.346839524142037
1800,3.0711212998303803e-06,26.81964073965371,0.7736614857561265,0.7541242277512217,28.34742645316106
1820,3.1052448698284956e-06,26.799614051957796,0.7827874189446818,0.7659622495645855,28.348363720467063
1840,3.139368439826611e-06,26.78147743304928,0.7921502989046217,0.7756935197967694,28.34932125175067
1860,3.1734920098247262e-06,26.761531950959892,0.8016742084422869,0.7871682559745735,28.350374415376752
1880,3.2076155798228416e-06,26.741330347766485,0.8107813446870696,0.7990024737485273,28.35111416620208
1900,3.2417391498209573e-06,26.723205453188527,0.8202666250081556,0.8086110216249136,28.352083099821595
1920,3.2758627198190726e-06,26.7029660867553,0.829955314001479,0.8200784327984898,28.352999833555266
1940,3.309986289817188e-06,26.68263471728699,0.839647529252252,0.8315840254361071,28.35386627197535
1960,3.3441098598153033e-06,26.663258496576567,0.8494853808576808,0.8419907318798532,28.3547346093141
1980,3.3782334298134186e-06,26.64244227808709,0.8595116986053285,0.8534952200994637,28.35544919679188
2000,3.412356999811534e-06,26.621959833588214,0.8695720281221542,0.8648387595020904,28.35637062121246
2020,3.4464805698096492e-06,26.602319068370587,0.8799447958541939,0.8748441205730227,28.357107984797803
2040,3.4806041398077646e-06,26.581498781373107,0.8898916496904552,0.8864878298912061,28.357878260954767
2060,3.51472770980588e-06,26.560213532925406,0.9004546052122777,0.8981826264655259,28.35885076460321
2080,3.548851279803995e-06,26.540661387757183,0.9106999033679217,0.9082240590618207,28.359585350186922
2100,3.5829748498021105e-06,26.51951982943738,0.9206635412506888,0.9200740561671282,28.3602574268552
2120,3.617098419800226e-06,26.497938364632503,0.9311452788420778,0.9319991534667487,28.36108279694133
2140,3.651221989798341e-06,26.476667032632832,0.9418308073263361,0.943263252489041,28.36176109244821
2160,3.6853455597964565e-06,26.454925054176513,0.9526841254449818,0.9550100296585602,28.362619209280055
2180,3.719469129794572e-06,26.43323988421516,0.963271687542226,0.9669069168983306,28.363418488655714
2200,3.753592699792687e-06,26.410489583525198,0.9745699869748415,0.9790535586817808,28.36411312918182
2220,3.7877162697908025e-06,26.38904185143077,0.9851826956587032,0.9904374593807806,28.364662006470255
2240,3.821839839788918e-06,26.36611206118803,0.9962691544009971,1.0031601141777333,28.365541329766764
2260,3.855963409787033e-06,26.345164609956193,1.0069005575359251,1.014195785073622,28.36626095256574
2280,3.8900869797851484e-06,26.32304746557186,1.0172418834441208,1.0269236351330344,28.367212984149017
2300,3.924210549783264e-06,26.300941222889126,1.027325986690721,1.0400398215337678,28.368307031113613
2320,3.958334119781379e-06,26.280870081911722,1.0368625871657156,1.0514561982742587,28.369188867351696
2340,3.992457689779494e-06,26.259733148145497,1.0463033482000654,1.0644668107758017,28.370503307121364
2360,4.02658125977761e-06,26.23882668291951,1.0556189418980426,1.0777735606847387,28.372219185502292
2380,4.060704829775725e-06,26.219784071815432,1.06442317338163,1.089225543894095,28.373432789091158
2400,4.09482839977384e-06,26.198158008992557,1.0736568186162962,1.1030622273945423,28.374877055003395
2420,4.128951969771956e-06,26.1769397539285,1.0828044336381977,1.116490433180466,28.376234620747166
2440,4.163075539770071e-06,26.15622266463917,1.093217865237574,1.1282872894675018,28.377727819344244
2460,4.197199109768186e-06,26.134097028009762,1.1025419743550082,1.1422777855027766,28.37891678786755
2480,4.231322679766302e-06,26.110736217657255,1.113821390508489,1.1559165420761288,28.38047415024187
2500,4.265446249764417e-06,26.08970599053821,1.1239688802021301,1.1678087472195913,28.381483617959933
2520,4.299569819762532e-06,26.06729551529193,1.1339871835106259,1.1814922697708743,28.382774968573433
2540,4.333693389760648e-06,26.044450846291525,1.1451565357857565,1.1947645771819502,28.38437195925923
2560,4.367816959758763e-06,26.022880107683108,1.1561391984865632,1.2065171930606087,28.38553649923028
2580,4.401940529756878e-06,25.999366125856376,1.1669369449932643,1.2205680225582822,28.386871093407922
2600,4.436064099754994e-06,25.977077240712774,1.1773912272467042,1.2334278044628058,28.387896272422285
2620,4.470187669753109e-06,25.954255784873567,1.189248180141001,1.2456892921070963,28.38919325712166
2640,4.504311239751224e-06,25.931381142165854,1.2001191789891545,1.2588287918622174,28.390329113017227
2660,4.5384348097493395e-06,25.90610498501024,1.2123428262856486,1.273403099823688,28.39185091111958
2680,4.572558379747455e-06,25.885804442550967,1.2226081618512312,1.2844011503381845,28.39281375474038
2700,4.606681949745571e-06,25.86240992697276,1.2329222529792931,1.2989617487496754,28.394293928701728
2720,4.640805519743686e-06,25.839635958024978,1.243690697165388,1.312654686984518,28.395981342174885
2740,4.674929089741802e-06,25.818620577427403,1.253905474938903,1.3243828727778095,28.396908925144118
2760,4.709052659739917e-06,25.794248009658347,1.2638709470153686,1.340086550558172,28.39820550723189
2780,4.743176229738032e-06,25.771048679008224,1.2757167065442474,1.3528149458099241,28.399580331362397
2800,4.777299799736148e-06,25.748652949817107,1.2868658602311493,1.3648113850114227,28.400330195059677
2820,4.811423369734263e-06,25.721468316111583,1.2999272243513238,1.3804189449239317,28.40181448538684
2840,4.845546939732378e-06,25.695926762204543,1.3125472621042675,1.394208944242547,28.402682968551357
2860,4.879670509730494e-06,25.669989084191883,1.3261239903700468,1.4071779980591972,28.403291072621126
2880,4.913794079728609e-06,25.640551535419633,1.340152938763298,1.4229668125643171,28.403671286747247
2900,4.947917649726724e-06,25.608605953438893,1.3553726533134467,1.4397794688514967,28.403758075603836
2920,4.98204121972484e-06,25.577095381377156,1.3727879365900284,1.4547190821732188,28.404602400140405
2940,5.016164789722955e-06,25.540419015146146,1.3922881073347673,1.4741875886674054,28.40689471114832
2960,5.05028835972107e-06,25.50237722078583,1.413434257822283,1.4957908725848006,28.411602351192915
2980,5.0844119297191855e-06,25.46919334363388,1.4371474886964533,1.5090193876081366,28.41536021993847
3000,5.118535499717301e-06,25.43201730905599,1.4628918717720274,1.526117619016821,28.42102679984484
3020,5.152659069715416e-06,25.39662923162978,1.4902752470584695,1.5391362573459533,28.426040736034203
3040,5.1867826397135315e-06,25.364674896400327,1.5167642698502823,1.5480460351803247,28.429485201430932
3060,5.220906209711647e-06,25.33474919455815,1.542359958873207,1.5550904619754329,28.432199615406788
3080,5.255029779709762e-06,25.306897989027433,1.56781921894838,1.559988917101223,28.434706125077035
3100,5.2891533497078775e-06,25.28253870155838,1.5904605869325708,1.5634180389377765,28.436417327428728
3120,5.323276919705993e-06,25.25978198483208,1.6118006192789538,1.5671174576403148,28.438700061751348
3140,5.357400489704108e-06,25.240843754264898,1.6293498357966687,1.5698107476157792,28.440004337677347
3160,5.3915240597022234e-06,25.22427084215235,1.6451918666004344,1.571491048340484,28.44095375709327
3180,5.425647629700339e-06,25.211385475924473,1.6570549603628333,1.5731055911765948,28.441546027463904
3200,5.459771199698454e-06,25.200470648189974,1.6667735942025124,1.5751095547809724,28.44235379717346
3220,5.493894769696569e-06,25.191998010635267,1.6751350140859287,1.5758472546906142,28.44298027941181
3240,5.528018339694685e-06,25.185663711014517,1.6800108285473772,1.5774087961016658,28.44308333566356
3260,5.5621419096928e-06,25.17864583112818,1.6849622958629704,1.5797669988296374,28.443375125820786
3280,5.596265479690915e-06,25.173266089479803,1.6884848483404098,1.5812598694146702,28.44301080723488
3300,5.630389049689031e-06,25.16605678248964,1.691054937998552,1.5842099968042154,28.441321717292407
3320,5.664512619687146e-06,25.15550601987165,1.693482561927767,1.5899156560594057,28.43890423785882
3340,5.698636189685261e-06,25.14626947308008,1.697342516206946,1.5940034831629224,28.437615472449945
3360,5.732759759683377e-06,25.130390724648493,1.7029607995450768,1.6026096451048253,28.435961169298395
3380,5.766883329681492e-06,25.1145435330862,1.7086861568411476,1.611456312733695,28.43468600266104
3400,5.801006899679607e-06,25.09787461234716,1.7167348326886118,1.6202245449993493,28.43483399003512
3420,5.835130469677723e-06,25.076868882160923,1.7255435852543464,1.6323849430965556,28.434797410511827
3440,5.869254039675838e-06,25.05421126542709,1.7348162561707305,1.6461527887843221,28.435180310382144
3460,5.903377609673953e-06,25.0327474660565,1.7450889704637935,1.6584389106066384,28.43627534712693
3480,5.937501179672069e-06,25.00689930720104,1.7552888295394269,1.6756363227654008,28.437824459505865
3500,5.971624749670184e-06,24.986246655143727,1.7650994254768442,1.6871505894271972,28.43849667004777
3520,6.005748319668299e-06,24.965857022613836,1.7740480466534212,1.6996094636184818,28.43951453288574
3540,6.0398718896664146e-06,24.943764136665628,1.7814833184652548,1.7155453092220605,28.440792764352945
3560,6.07399545966453e-06,24.924130188243854,1.7882534550363793,1.7295017732121647,28.441885416492397
3580,6.108119029662645e-06,24.90613652818857,1.794762188650505,1.7417682610031682,28.442666977842244
3600,6.1422425996607605e-06,24.884439643720903,1.8013436381161552,1.7575986540945592,28.443381935931615
3620,6.176366169658876e-06,24.86430267378754,1.8076375777281868,1.772557602981326,28.444497854497055
3640,6.210489739656991e-06,24.84453513854178,1.8144845027543233,1.7863263567024203,28.445345997998523
3660,6.2446133096551065e-06,24.824479103855985,1.8219171530097196,1.7995208671185585,28.445917123984266
3680,6.278736879653222e-06,24.800889925856175,1.829842793708554,1.8161698020889994,28.44690252165373
3700,6.312860449651337e-06,24.781948446662014,1.838087360737855,1.8275029244495913,28.44753873184946
3720,6.3469840196494525e-06,24.758491083335258,1.8466625404657984,1.8437253322884493,28.448878956089505
3740,6.381107589647568e-06,24.734475554281232,1.8552248958425177,1.860219919563341,28.449920369687092
3760,6.415231159645683e-06,24.71045072986782,1.864079161480291,1.8764739724915094,28.45100386383962
3780,6.449354729643799e-06,24.688202706607846,1.8731085349097367,1.8911628282951818,28.452474069812766
3800,6.483478299641915e-06,24.66468626918482,1.8812225367960964,1.9082549212885906,28.454163727269506
3820,6.51760186964003e-06,24.642912133572946,1.888672790791245,1.9238180963048221,28.45540302066901
3840,6.551725439638145e-06,24.622038288053865,1.8948084910855905,1.9401283293652858,28.456975108504743
3860,6.5858490096362606e-06,24.599829574602257,1.9005743134887887,1.9582214830292313,28.458625371120277
3880,6.619972579634376e-06,24.580819091499034,1.9046475344704141,1.9742916324670885,28.459758258436537
3900,6.654096149632491e-06,24.562046176171762,1.9083471607275284,1.990880758083369,28.46127409498266
3920,6.6882197196306065e-06,24.543841188617073,1.911883384818922,2.0073410896021833,28.463065663038176
3940,6.722343289628722e-06,24.52601676183478,1.9141941931524311,2.0241820554462664,28.464393010433476
3960,6.756466859626837e-06,24.509382796372567,1.9165297367274325,2.039994893744125,28.465907426844126
3980,6.7905904296249525e-06,24.488249712093072,1.9187243639389024,2.0610661476940493,28.468040223726025
4000,6.824713999623068e-06,24.47320222691929,1.9223539663826315,2.073608703622971,28.46916489692489
4020,6.858837569621183e-06,24.455177910264645,1.9238552907521973,2.091568149398337,28.47060135041518
4040,6.8929611396192985e-06,24.43763202506983,1.926077769315774,2.1083508692768786,28.472060663662486
4060,6.927084709617414e-06,24.419335588577635,1.9296308720472761,2.1252231110113287,28.47418957163624
4080,6.961208279615529e-06,24.40229227383665,1.9321665885884884,2.1407626150009578,28.475221477426096
4100,6.9953318496136444e-06,24.380196544867687,1.934613888929517,2.1628564941799167,28.47766692797712
4120,7.02945541961176e-06,24.365009875186832,1.938456637671449,2.1757366430940106,28.47920315595229
4140,7.063578989609875e-06,24.34623289666957,1.9409024189789936,2.1938138865480994,28.480949202196662
4160,7.09770255960799e-06,24.326849408730137,1.9445651365659093,2.2111964770164736,28.48261102231252
4180,7.131826129606106e-06,24.30787261644252,1.9473048882435444,2.229345512064081,28.484523016750146
4200,7.165949699604221e-06,24.289865434361868,1.9501569825007725,2.2465627610112713,28.486585177873913
4220,7.200073269602336e-06,24.269152494937842,1.9531399923492963,2.2669405879969213,28.48923307528406
4240,7.234196839600452e-06,24.254649035912255,1.9556283268943948,2.280280333733218,28.490557696539867
4260,7.268320409598567e-06,24.23496462400706,1.9577464774299906,2.2999001668584254,28.492611268295473
4280,7.302443979596682e-06,24.21687979274214,1.9601455144098543,2.3174933201066095,28.494518627258607
4300,7.336567549594798e-06,24.199395872059306,1.9613762225205287,2.3349915085580997,28.495763603137934
4320,7.370691119592913e-06,24.180308604874938,1.9636341812815306,2.3540109522959223,28.49795373845239
4340,7.404814689591028e-06,24.16387928128067,1.963503948005242,2.372242529475383,28.499625758761297
4360,7.438938259589144e-06,24.144539925236952,1.9646668682454838,2.392021643732786,28.50122843721522
4380,7.473061829587259e-06,24.129549068753114,1.964999969214402,2.4086138085001556,28.503162846467674
4400,7.507185399585374e-06,24.113006337791347,1.965608004218804,2.4267783374787166,28.505392679488867
4420,7.54130896958349e-06,24.097831086245783,1.9661122844887529,2.4432022068317747,28.50714557756631
4440,7.575432539581605e-06,24.079709984774897,1.9646986601982395,2.464483642988747,28.508892287961885
4460,7.60955610957972e-06,24.062555322865347,1.9649854811711684,2.483612910612841,28.511153714649357
4480,7.643679679577836e-06,24.048261249055265,1.9657526649733719,2.4988574633543488,28.512871377382986
4500,7.677803249575952e-06,24.030888860888552,1.9646608138430677,2.519181447076492,28.51473112180811
4520,7.711926819574066e-06,24.012102169347052,1.9631335240218404,2.5409901480716437,28.516225841440537
4540,7.746050389572182e-06,23.997454154016175,1.9621573974157391,2.558637758645853,28.51824931007777
4560,7.780173959570297e-06,23.981223394977526,1.9621094617974946,2.5770785403263394,28.520411397101363
4580,7.814297529568413e-06,23.96489051635178,1.9608165957208938,2.596870548222595,28.522577660295266
4600,7.848421099566527e-06,23.950208604158693,1.959073211419132,2.614761371501372,28.524043187079197
4620,7.882544669564644e-06,23.93142364637079,1.9588177057321974,2.6364493558703463,28.526690707973334
4640,7.916668239562758e-06,23.914814744046936,1.9582647242422404,2.65562343852252,28.528702906811695
4660,7.950791809560874e-06,23.896754757379753,1.9593343152035632,2.6746757503370437,28.53076482292036
4680,7.984915379558989e-06,23.874701861612348,1.958228097713862,2.7004234997100927,28.5333534590363
4700,8.019038949557105e-06,23.861421515723155,1.958403886299825,2.715346621537518,28.535172023560495
4720,8.05316251955522e-06,23.84615774887597,1.95953558545847,2.731733252364899,28.53742658669934
4740,8.087286089553336e-06,23.823120888954662,1.9603364616559071,2.7561312865690932,28.539588637179662
4760,8.12140965955145e-06,23.80113364806395,1.961322072787608,2.7801010392356234,28.54255676008718
4780,8.155533229549566e-06,23.79056682435318,1.9618775375465993,2.7913414783632238,28.543785840263006
4800,8.18965679954768e-06,23.77314454831608,1.9623220727054456,2.8102857602014457,28.545752381222968
4820,8.223780369545797e-06,23.756361926057995,1.9617714093702652,2.8295507920260348,28.547684127454293
4840,8.257903939543911e-06,23.737377046293542,1.9615273782686142,2.851330125948777,28.550234550510933
4860,8.292027509542028e-06,23.72344356624339,1.9612300658076733,2.867723816003716,28.552397448054776
4880,8.326151079540142e-06,23.706728273838596,1.9594631748705578,2.8880449385325866,28.55423638724174
4900,8.360274649538258e-06,23.69257869361525,1.9587375494627979,2.9050644131981462,28.556380656276193
4920,8.394398219536373e-06,23.674501713393415,1.9559656422972995,2.9293196262980006,28.559786981988715
4940,8.428521789534489e-06,23.656431996341198,1.9541187912896223,2.9508595965084403,28.56141038413926
4960,8.462645359532603e-06,23.646545571267744,1.953573055437043,2.9639293093875727,28.56404793609236
4980,8.49676892953072e-06,23.62950579271083,1.9511866701824994,2.9854198573869883,28.566112320280318
5000,8.530892499528834e-06,23.613402353663407,1.9492906861242352,3.005705828443779,28.568398868231423
5020,8.56501606952695e-06,23.599410452397233,1.9496165406492638,3.0212477891741734,28.570274782220668
5040,8.599139639525065e-06,23.577839510104376,1.9486476093958687,3.0457827285719667,28.572269848072214
5060,8.63326320952318e-06,23.561212227884884,1.9484781899735655,3.0639912156294704,28.573681633487922
5080,8.667386779521295e-06,23.540896211142986,1.950477415792309,3.0834164485099453,28.574790075445243
5100,8.701510349519411e-06,23.52037875972912,1.951364298804204,3.103585364098216,28.57532842263154
5120,8.735633919517526e-06,23.49243650161901,1.9566276302771042,3.128029735861764,28.57709386775788
5140,8.769757489515642e-06,23.46718108177899,1.9630383639659459,3.14929083913858,28.579510284883515
5160,8.803881059513757e-06,23.438863354206866,1.9717393649412476,3.172435201063524,28.583037920211638
5180,8.838004629511873e-06,23.406837291792556,1.9847279995025606,3.1971701483304873,28.5887354396256
5200,8.872128199509987e-06,23.37739625181736,1.9993518889022444,3.2175031612089735,28.594251301928576
5220,8.906251769508103e-06,23.343826618483202,2.0168576386477954,3.2417751551850045,28.602459412316
5240,8.940375339506218e-06,23.316678559165844,2.036609759278098,3.253758718142234,28.607047036586174
5260,8.974498909504334e-06,23.290126776949492,2.0555881126132975,3.266280060674974,28.61199495023776
5280,9.008622479502448e-06,23.266801067140943,2.0747616068395605,3.2738313952387923,28.6153940692193
5300,9.042746049500565e-06,23.244000643421913,2.093608458906371,3.2817535793734285,28.619362681701713
5320,9.076869619498679e-06,23.22591804068234,2.10886677575215,3.2869052133594217,28.621690029793914
5340,9.110993189496795e-06,23.210551231294033,2.121650387387166,3.2913608579147264,28.623562476595925
5360,9.14511675949491e-06,23.19864209931653,2.131315219355164,3.295485227308774,28.62544254598047
5380,9.179240329493026e-06,23.189580030687615,2.139425059631721,3.2975348951161383,28.62653998543547
5400,9.213363899491142e-06,23.18281839064147,2.143928821163929,3.301506292951733,28.62825350475713
5420,9.247487469489257e-06,23.180344414290563,2.144941324416689,3.303946712085004,28.629232450792255
5440,9.281611039487373e-06,23.179897291462233,2.143922659605651,3.305628426249949,28.629448377317832
5460,9.315734609485487e-06,23.179046806854235,2.1409343262222595,3.3087420410938715,28.628723174170368
5480,9.349858179483603e-06,23.181049124353688,2.135004458308837,3.3116213502489993,28.627674932911525
5500,9.383981749481718e-06,23.180086240976078,2.126460680401932,3.3182023132266822,28.62474923460469
5520,9.418105319479834e-06,23.185629915793392,2.116601325761559,3.3216226896073313,28.62385393116228
5540,9.452228889477948e-06,23.186255651291788,2.1069196793928393,3.328789121613342,28.621964452297966
5560,9.486352459476065e-06,23.18534015944627,2.0979808469421397,3.336994603366492,28.6203156097549
5580,9.520476029474179e-06,23.178683897539102,2.0919153900113545,3.34872384617667,28.61932313372713
5600,9.554599599472295e-06,23.170651609072046,2.085429655015908,3.3617865493185444,28.617867813406498
5620,9.58872316947041e-06,23.163058328023,2.0809239021937844,3.373294284435474,28.617276514652257
5640,9.622846739468526e-06,23.150814641137302,2.0780951336416735,3.3881494876082816,28.617059262387258
5660,9.65697030946664e-06,23.13836085402552,2.0755401571521843,3.4037997980968493,28.617700809274552
5680,9.691093879464757e-06,23.119331267708716,2.0743014523062495,3.425972453629544,28.619605173644512
5700,9.725217449462871e-06,23.112491943154893,2.0723322049698125,3.4355264390444855,28.62035058716919
5720,9.759341019460987e-06,23.098755684204093,2.0707525672321836,3.452017969427147,28.621526220863423
5740,9.793464589459102e-06,23.089209998213832,2.0682079240171003,3.465081643559018,28.62249956578995
5760,9.827588159457218e-06,23.076153135992833,2.065661627913174,3.4820365854355906,28.623851349341596
5780,9.861711729455332e-06,23.06438180629783,2.062205953836702,3.49830303213289,28.624890792267422
5800,9.895835299453449e-06,23.05599521561533,2.057725337145659,3.511650190690722,28.62537074345171
5820,9.929958869451563e-06,23.04274932776801,2.0542385084153634,3.529181280924952,28.626169117108326
5840,9.96408243944968e-06,23.026124884493026,2.0492363055809557,3.5518991567972664,28.627260346871246
5860,9.998206009447794e-06,23.02179615514286,2.045935708983166,3.5602620880615583,28.627993952187584
5880,1.003232957944591e-05,23.009800710888786,2.041267979025962,3.5774061215558977,28.628474811470646
5900,1.0066453149444024e-05,22.996721201009954,2.0375061810176613,3.594557348511451,28.628784730539067
5920,1.010057671944214e-05,22.985640817998735,2.0333497738321578,3.60981669832649,28.628807290157383
5940,1.0134700289440255e-05,22.971334016213497,2.030058697820667,3.628027412041478,28.629420126075644
5960,1.0168823859438371e-05,22.95382941771737,2.027524723305649,3.649687941100379,28.631042082123397
5980,1.0202947429436486e-05,22.943524909913794,2.0241468621112255,3.6640185887554946,28.631690360780517
6000,1.0237070999434602e-05,22.928497421150826,2.020155029727793,3.684042322145847,28.632694773024465
6020,1.0271194569432716e-05,22.909779936876618,2.0176923010800936,3.7064335182023744,28.633905756159084
6040,1.0305318139430832e-05,22.89777110741887,2.0144367301603867,3.7226836111970885,28.634891448776344
6060,1.0339441709428947e-05,22.88791618373681,2.0098613379917816,3.7378615243597655,28.635639046088357
6080,1.0373565279427063e-05,22.871872562974755,2.0064121681217215,3.7581800369566247,28.6364647680531
6100,1.0407688849425178e-05,22.853538340534364,2.001316251916801,3.7827581937006727,28.637612786151838
6120,1.0441812419423294e-05,22.84694148385728,1.996582191338247,3.794581921540416,28.638105596735944
6140,1.0475935989421408e-05,22.831033750055667,1.99166346505395,3.8167995538802924,28.639496768989908
6160,1.0510059559419524e-05,22.820952843862862,1.9861801010932145,3.833265549402431,28.640398494358507
6180,1.0544183129417639e-05,22.804798694331136,1.9803717702014927,3.8560196993343765,28.641190163867005
6200,1.0578306699415755e-05,22.79208816707134,1.9745875026112676,3.875450361179847,28.642126030862457
6220,1.061243026941387e-05,22.780984109611456,1.9680670991342308,3.893324737216267,28.642375945961955
6240,1.0646553839411986e-05,22.77028023062961,1.9619202439988077,3.9107607070372423,28.642961181665658
6260,1.06806774094101e-05,22.757685641681736,1.9546423483354054,3.9308669830544165,28.64319497307156
6280,1.0714800979408216e-05,22.737551422737763,1.9507759902557127,3.9566809761943134,28.64500838918779
6300,1.074892454940633e-05,22.7318437553351,1.9450588808690974,3.9685493710210524,28.64545200722525
6320,1.0783048119404447e-05,22.70539802132415,1.9391934469313317,4.002908705641279,28.64750017389676
6340,1.0817171689402561e-05,22.702926838948606,1.934423667972294,4.009955754110203,28.647306261031105
6360,1.0851295259400678e-05,22.681986750898357,1.9299800405870806,4.03711854927059,28.649085340756027
6380,1.0885418829398792e-05,22.678753039495543,1.9234121460475218,4.0472123907786255,28.64937757632169
6400,1.0919542399396908e-05,22.66720634505487,1.9179339091813488,4.064620128038133,28.64976038227435
6420,1.0953665969395023e-05,22.652291437921356,1.9127598654934699,4.085179844762397,28.650231148177223
6440,1.0987789539393139e-05,22.63275540985105,1.906640221445034,4.11187987997522,28.651275511271304
6460,1.1021913109391253e-05,22.62109027001391,1.900640576630525,4.131416777023784,28.653147623668218
6480,1.105603667938937e-05,22.614171740614015,1.8942118095527143,4.145705761862841,28.65408931202957
6500,1.1090160249387486e-05,22.597521304230437,1.8875730958540664,4.169846028436311,28.654940428520813
6520,1.11242838193856e-05,22.591472354672167,1.8795775676955775,4.185291839041657,28.6563417614094
6540,1.1158407389383716e-05,22.580964832378374,1.8719817783001633,4.204432329850287,28.657378940528826
6560,1.119253095938183e-05,22.562266906442435,1.864517457051477,4.23143476789218,28.65821913138609
6580,1.1226654529379947e-05,22.560093029395727,1.8556072604345992,4.243180317651346,28.65888060748167
6600,1.1260778099378061e-05,22.5379300617068,1.8471941323210763,4.27505309127523,28.660177285303103
6620,1.1294901669376178e-05,22.53561396419034,1.8406324904727565,4.285150604389709,28.661397059052806
6640,1.1329025239374292e-05,22.51670603684436,1.8321448215245497,4.3137107651317255,28.662561623500636
6660,1.1363148809372408e-05,22.510416900002348,1.8252581303303268,4.327797662576924,28.663472692909597
6680,1.1397272379370523e-05,22.497224318969387,1.8207716739816082,4.346842332565272,28.664838325516264
6700,1.1431395949368639e-05,22.486799149320404,1.816606505890984,4.362156704443767,28.665562359655155
6720,1.1465519519366753e-05,22.471344081496294,1.811998993794968,4.382513755218604,28.665856830509867
6740,1.149964308936487e-05,22.455330219370616,1.8073517484019583,4.403641369702537,28.666323337475113
6760,1.1533766659362984e-05,22.442326436845928,1.803355127414727,4.421102087629038,28.66678365188969
6780,1.15678902293611e-05,22.42558188587622,1.7998972433043237,4.441945400069911,28.667424529250454
6800,1.1602013799359215e-05,22.40960350733799,1.7956823810539544,4.462642336076514,28.667928224468458
6820,1.163613736935733e-05,22.386373390428773,1.792738115537783,4.4896362711646765,28.668747777131234
6840,1.1670260939355445e-05,22.377730602189978,1.7896912735691695,4.502287045541333,28.66970892130048
6860,1.1704384509353561e-05,22.353416144857686,1.785600330449632,4.531905807437736,28.670922282745053
6880,1.1738508079351676e-05,22.3488471550798,1.781374540992094,4.540902595265441,28.671124291337335
6900,1.1772631649349792e-05,22.3260086991554,1.7776765725489792,4.569736444415452,28.67342171611983
6920,1.1806755219347907e-05,22.30484058586643,1.7728687009139956,4.597777072091164,28.675486358871588
6940,1.1840878789346023e-05,22.302341663559254,1.7691065697565251,4.604397794222159,28.675846027537936
6960,1.1875002359344137e-05,22.286897811213883,1.7649857454819258,4.624824919268501,28.67670847596431
6980,1.1909125929342253e-05,22.264771861822304,1.760913917261264,4.65211913836874,28.677804917452306
7000,1.1943249499340368e-05,22.25925881027537,1.7569278459352033,4.6619098547257884,28.67809651093636
7020,1.1977373069338484e-05,22.237587234769567,1.7537335889489387,4.6876580463280515,28.678978870046556
7040,1.2011496639336598e-05,22.22588537372651,1.751061291324657,4.702490280769107,28.67943694582027
7060,1.2045620209334715e-05,22.203191480315454,1.749060205837265,4.728247058685808,28.680498744838523
7080,1.2079743779332829e-05,22.19074151047509,1.746478407248553,4.743399504955314,28.680619422678955
7100,1.2113867349330945e-05,22.175679551890134,1.7438373536980687,4.761762364870311,28.681279270458514
7120,1.214799091932906e-05,22.154072294236933,1.7443121114742977,4.783443141438279,28.68182754714951
7140,1.2182114489327176e-05,22.133304753227517,1.7413546423006296,4.8073328065150776,28.681992202043222
7160,1.221623805932529e-05,22.117221464903203,1.7405090987975376,4.823210508576141,28.68094107227688
7180,1.2250361629323407e-05,22.101748800638838,1.7411628378692205,4.839218337613701,28.68212997612176
7200,1.2284485199321521e-05,22.081890239910127,1.7407059244347587,4.859241189127176,28.681837353472062
7220,1.2318608769319637e-05,22.055615880157774,1.741386950732696,4.884138741488316,28.681141572378785
7240,1.2352732339317752e-05,22.0445891004741,1.7421893805228563,4.8947615012306365,28.68153998222759
7260,1.2386855909315868e-05,22.015375508513475,1.7435091618618799,4.922100621791067,28.680985292166422
7280,1.2420979479313982e-05,22.000325799277295,1.7448500789037222,4.935932935638613,28.681108813819627
7300,1.2455103049312099e-05,21.979587533416126,1.7475070573552656,4.953336065042157,28.680430655813545
7320,1.2489226619310213e-05,21.939594566931387,1.7511394520390977,4.985736681894176,28.676470700864662
7340,1.252335018930833e-05,21.926815934891007,1.753440184596222,4.996512696411258,28.676768815898487
7360,1.2557473759306444e-05,21.90444258242042,1.7562378446278017,5.014793538935417,28.675473965983638
7380,1.259159732930456e-05,21.87673442562855,1.7591502953579345,5.036663401864103,28.672548122850586
7400,1.2625720899302674e-05,21.846979397691005,1.7627503780519793,5.05930377491876,28.669033550661744
7420,1.265984446930079e-05,21.801358169822333,1.7667151439505606,5.097807036423916,28.665880350196808
7440,1.2693968039298905e-05,21.785091130959447,1.771691891807466,5.108352053677614,28.66513507644453
7460,1.2728091609297021e-05,21.75750579230414,1.7756952637180612,5.1313485116832,28.6645495677054
7480,1.2762215179295136e-05,21.729646094717964,1.7809102454330965,5.153820835200076,28.664377175351138
7500,1.2796338749293252e-05,21.68444728844008,1.7861664462218017,5.194814470941027,28.665428205602907
7520,1.2830462319291366e-05,21.663204747689512,1.7927125015992769,5.212328332558277,28.668245581847067
7540,1.2864585889289482e-05,21.641103781009733,1.7992926756146284,5.230937458235892,28.671333914860252
7560,1.2898709459287599e-05,21.61623900163431,1.8054852407561892,5.253092546291144,28.67481678868164
7580,1.2932833029285713e-05,21.5870918653291,1.810607467662749,5.281674707023982,28.67937404001583
7600,1.296695659928383e-05,21.569928956289647,1.8159323715703208,5.2969297958153465,28.682791123675315
7620,1.3001080169281944e-05,21.55145388547959,1.8194881870982962,5.315694300012349,28.686636372590236
7640,1.303520373928006e-05,21.531555691881742,1.8233937089774674,5.335010618331916,28.689960019191126
7660,1.3069327309278174e-05,21.51831232475393,1.8256443895284935,5.34886233125791,28.692819045540332
7680,1.310345087927629e-05,21.50432889615059,1.8289889392550984,5.363179823166787,28.696497658572476
7700,1.3137574449274405e-05,21.483539292475985,1.8283012845052964,5.388861051861819,28.700701628843102
7720,1.3171698019272521e-05,21.47321143946616,1.829833767081988,5.399859504925815,28.702904711473963
7740,1.3205821589270636e-05,21.461942553772957,1.833024720535911,5.41018339255191,28.705150666860778
7760,1.3239945159268752e-05,21.435537680788702,1.8351630037118625,5.43925993101598,28.709960615516543
7780,1.3274068729266866e-05,21.42494217247608,1.8400033577306583,5.447292920132315,28.712238450339054
7800,1.3308192299264982e-05,21.401520117272142,1.843988915194476,5.470723008172024,28.716232040638644
7820,1.3342315869263097e-05,21.384407446370524,1.85044350595241,5.48399140608841,28.718842358411344
7840,1.3376439439261213e-05,21.354086527502954,1.8561554161610234,5.514019362005518,28.724261305669494
7860,1.3410563009259328e-05,21.333823623052474,1.8646429219545175,5.528387185856739,28.72685373086373
7880,1.3444686579257444e-05,21.298214790262215,1.8759191645329603,5.5591365572463065,28.73327051204148
7900,1.3478810149255558e-05,21.282183547828822,1.8862460318218384,5.566582187908788,28.73501176755945
7920,1.3512933719253674e-05,21.257261303759584,1.8977804634101003,5.5838013559945665,28.73884312316425
7940,1.3547057289251789e-05,21.22345126874087,1.909422900399819,5.610933642425598,28.743807811566285
7960,1.3581180859249905e-05,21.203947084244618,1.9215610679858213,5.620077132864622,28.74558528509506
7980,1.361530442924802e-05,21.178201438612533,1.9320513553407108,5.638015624782268,28.748268418735513
8000,1.3649427999246136e-05,21.15085982163717,1.9439419746408804,5.655669313196627,28.750471109474674
8020,1.368355156924425e-05,21.126094620020098,1.9559186896347482,5.670421868490015,28.752435178144864
8040,1.3717675139242366e-05,21.09090026036738,1.9686999184635299,5.695813364014399,28.755413542845307
8060,1.375179870924048e-05,21.07152909187582,1.9804922191810743,5.704815256785238,28.756836567842132
8080,1.3785922279238597e-05,21.047707651246917,1.9908779052347787,5.7189722189882755,28.75755777546997
8100,1.3820045849236711e-05,21.01479432726764,2.004943301508037,5.739335211338681,28.75907284011436
8120,1.3854169419234828e-05,20.9860770754577,2.0185665331671405,5.756286892502492,28.76093050112733
8140,1.3888292989232942e-05,20.96022159252184,2.0311150442483834,5.771838089136736,28.76317472590696
8160,1.3922416559231058e-05,20.926704139299225,2.042665874773877,5.794687329243209,28.764057343316313
8180,1.3956540129229173e-05,20.906585080074322,2.057048218675834,5.801046818141781,28.764680116891938
8200,1.3990663699227289e-05,20.884312551213743,2.06784717546279,5.813020208860782,28.765179935537315
8220,1.4024787269225403e-05,20.86068589009401,2.077798994918577,5.826615426364757,28.765100311377346
8240,1.405891083922352e-05,20.82889617242901,2.0878203942507083,5.8490651451752775,28.765781711854995
8260,1.4093034409221634e-05,20.813279133343038,2.0964215221339906,5.855883042869441,28.765583698346468
8280,1.412715797921975e-05,20.78547164375873,2.1049893105475928,5.87586406631162,28.76632502061794
8300,1.4161281549217865e-05,20.75915277957548,2.1128080982336783,5.895838270819936,28.767799148629095
8320,1.419540511921598e-05,20.746297161881255,2.120147540828865,5.901381723276153,28.76782642598627
8340,1.4229528689214095e-05,20.723729646523967,2.1267498445713664,5.91731017639151,28.767789667486845
8360,1.4263652259212211e-05,20.69183363282702,2.132144349623251,5.944759338925452,28.76873732137572
8380,1.4297775829210326e-05,20.67843759922473,2.1411075537793627,5.949133656410008,28.7686788094141
8400,1.4331899399208442e-05,20.65902670485437,2.1489861101828223,5.960865366080474,28.768878181117664
8420,1.4366022969206557e-05,20.63706270138,2.1559567465627363,5.975476423659467,28.768495871602205
8440,1.4400146539204673e-05,20.6011802246589,2.1649332266585524,6.003378813458335,28.769492264775785
8460,1.4434270109202787e-05,20.58339932488741,2.1759840226902063,6.010676404332692,28.770059751910306
8480,1.4468393679200903e-05,20.564046974565446,2.183345196823287,6.022558700707638,28.76995087209637
8500,1.4502517249199018e-05,20.530253895831336,2.1928217432045045,6.048754006402406,28.771829645438245
8520,1.4536640819197134e-05,20.512231468104602,2.202581458271338,6.057617000395883,28.772429926771824
8540,1.4570764389195249e-05,20.48383054202706,2.2113575912221277,6.077687065427398,28.772875198676587
8560,1.4604887959193365e-05,20.46275049815875,2.221146584651347,6.0902653436346394,28.77416242644474
8580,1.4639011529191479e-05,20.43122158730028,2.227754600955822,6.116645379564234,28.775621567820338
8600,1.4673135099189595e-05,20.412884618966824,2.2376914907277183,6.125698697597415,28.77627480729196
8620,1.470725866918771e-05,20.39642154913481,2.243352113865143,6.136782173349364,28.776555836349317
8640,1.4741382239185826e-05,20.359675904733965,2.2500806264645976,6.1695105893445294,28.779267120543093
8660,1.4775505809183942e-05,20.334578697076946,2.255662511424888,6.190068413754091,28.780309622255924
8680,1.4809629379182057e-05,20.31723675439228,2.2630227103055365,6.199726707206239,28.779986171904056
8700,1.4843752949180173e-05,20.30172702295282,2.268957013462722,6.210392022548725,28.781076058964267
8720,1.4877876519178287e-05,20.28303433447087,2.2738517502967923,6.225310916075456,28.78219700084312
8740,1.4912000089176403e-05,20.249917353973032,2.2800615372301616,6.254026531749903,28.784005422953097
8760,1.4946123659174518e-05,20.239275646844643,2.2843503141385075,6.260599253063501,28.78422521404665
8780,1.4980247229172634e-05,20.204701612188256,2.289517947597472,6.293678224000263,28.78789778378599
8800,1.5014370799170749e-05,20.194313261646798,2.2940772469499406,6.299635659248374,28.78802616784511
8820,1.5048494369168865e-05,20.173883838181247,2.2990497496851456,6.315593977438119,28.788527565304513
8840,1.508261793916698e-05,20.152406610158156,2.302401584369958,6.334004112950207,28.78881230747832
8860,1.5116741509165095e-05,20.114345167975962,2.3077017192293234,6.369562994423558,28.791609881628844
8880,1.515086507916321e-05,20.09860828657393,2.3156499490395306,6.377344728712383,28.791602964325847
8900,1.5184988649161326e-05,20.08232478552835,2.322068483039696,6.3879357244037065,28.792328992971754
8920,1.521911221915944e-05,20.042299813493855,2.3284044191172466,6.4249907222437255,28.79569495485483
8940,1.5253235789157557e-05,20.02604690171476,2.337934567812659,6.430503604351607,28.794485073879027
8960,1.528735935915567e-05,20.006771576724535,2.3449617580673587,6.442658820870694,28.79439215566259
8980,1.5321482929153787e-05,19.976691179997303,2.3540397167386224,6.466095723551681,28.796826620287607
9000,1.5355606499151903e-05,19.94750696302088,2.3633111018228665,6.487998570387573,28.79881663523132
9020,1.5389730069150016e-05,19.928153383658987,2.3718229189797024,6.499230158357545,28.799206460996235
9040,1.5423853639148132e-05,19.90917347757595,2.3797059413114687,6.511157137336209,28.800036556223628
9060,1.545797720914625e-05,19.88359746407325,2.385099140746434,6.5312844232138785,28.799981028033564
9080,1.5492100779144365e-05,19.851892662141772,2.392590529307386,6.557887856763446,28.802371048212606
9100,1.5526224349142478e-05,19.81969320653773,2.4000443049288447,6.585041169390581,28.804778680857154
9120,1.5560347919140594e-05,19.809172234156502,2.4054072985578374,6.589773491546641,28.80435302426098
9140,1.559447148913871e-05,19.78619250096469,2.41009920242776,6.609039372642102,28.805331076034552
9160,1.5628595059136826e-05,19.765211732060873,2.415963354423547,6.625223837870687,28.806398924355108
9180,1.566271862913494e-05,19.74702506048379,2.4192939761059336,6.640400939885877,28.8067199764756
9200,1.5696842199133055e-05,19.72526589419549,2.4234860694678666,6.658331469930374,28.807083433593732
9220,1.573096576913117e-05,19.687563868772468,2.4271582540519367,6.695650416908713,28.810372539733116
9240,1.5765089339129287e-05,19.678891187754132,2.433514053304403,6.6980288854215395,28.810434126480075
9260,1.57992129091274e-05,19.64447667904883,2.43906426084807,6.727120556253239,28.81066149615014
9280,1.5833336479125516e-05,19.631051089431715,2.4444483399625807,6.736031659214612,28.81153108860891
9300,1.5867460049123632e-05,19.60896137145782,2.4490646344468048,6.7541970062169145,28.812223012121542
9320,1.590158361912175e-05,19.58652067605216,2.455893465282567,6.771383293226215,28.813797434560943
9340,1.593570718911986e-05,19.569778397255856,2.4602931485668553,6.783974549970483,28.814046095793195
9360,1.5969830759117978e-05,19.546473912942815,2.464800366463749,6.802730261700016,28.81400454110658
9380,1.6003954329116094e-05,19.522876722810448,2.4698937101496803,6.821201861807997,28.813972294768124
9400,1.603807789911421e-05,19.50193388803523,2.4742354172509664,6.837178051155426,28.81334735644162
9420,1.6072201469112323e-05,19.47905504277995,2.478754268667069,6.855143119541949,28.812952430988968
9440,1.610632503911044e-05,19.45570744929364,2.483415147366805,6.873450453763612,28.812573050424056
9460,1.6140448609108555e-05,19.433670119599835,2.489450221261901,6.889314184714279,28.812434525576016
9480,1.617457217910667e-05,19.390422528555412,2.4959014374206268,6.929517566893601,28.81584153286964
9500,1.6208695749104784e-05,19.37315018680441,2.504224870297558,6.936848697939271,28.81422375504124
9520,1.62428193191029e-05,19.352492027261086,2.512586784149042,6.9499843438708675,28.815063155280995
9540,1.6276942889101016e-05,19.312069802862165,2.520224574248791,6.985657778292338,28.817952155403294
9560,1.6311066459099132e-05,19.295231214975892,2.531117284996528,6.99145475423637,28.81780325420879
9580,1.6345190029097245e-05,19.259920502849553,2.5395355182939796,7.020168802997298,28.81962482414083
9600,1.637931359909536e-05,19.24168657571304,2.550734163394861,7.0264329295281405,28.81885366863604
9620,1.6413437169093478e-05,19.188534522491306,2.5613290740656915,7.06957460237653,28.81943819893353
9640,1.6447560739091594e-05,19.1669525802701,2.576807297965715,7.0748288465473514,28.818588724783165
9660,1.6481684309089707e-05,19.123348576831408,2.5914245966521863,7.105196438251177,28.81996961173477
9680,1.6515807879087823e-05,19.085961295006282,2.6088374139574704,7.128328908600769,28.82312761756452
9700,1.654993144908594e-05,19.056725329728692,2.630038531677169,7.137284484122325,28.824048345528187
9720,1.6584055019084055e-05,19.018408564825894,2.6519215538812615,7.156310371196966,28.826640489904122
9740,1.661817858908217e-05,18.97200130430691,2.6794050575513753,7.182000538837863,28.833406900696147
9760,1.6652302159080284e-05,18.93070444835015,2.709187585554017,7.198998283259262,28.838890317163425
9780,1.66864257290784e-05,18.892629806559054,2.7401191518490147,7.210421583058474,28.84317054146654
9800,1.6720549299076516e-05,18.8569396313515,2.770294738985842,7.220209272645554,28.8474436429829
9820,1.6754672869074633e-05,18.82222478714646,2.80068516295414,7.228794407174499,28.851704357275096
9840,1.6788796439072745e-05,18.792737646516144,2.827916606976173,7.232975750945209,28.853630004437527
9860,1.682292000907086e-05,18.76281593445196,2.855469768730987,7.239420407493139,28.857706110676087
9880,1.6857043579068978e-05,18.73689042067503,2.879410515599448,7.243366399253538,28.85966733552802
9900,1.6891167149067094e-05,18.713077637772482,2.9021758338841606,7.246410612735849,28.861664084392494
9920,1.6925290719065207e-05,18.693782475770202,2.919943768827607,7.249486103545503,28.863212348143314
9940,1.6959414289063323e-05,18.67797720883522,2.93362599305565,7.251323346606522,28.86292654849739
9960,1.699353785906144e-05,18.664379912365867,2.944967863927838,7.254849345421409,28.86419712171511
9980,1.7027661429059555e-05,18.6532861081255,2.953684134623766,7.257263502756855,28.86423374550612
10000,1.7061784999057668e-05,18.64136015821612,2.9597403131109945,7.263434214009388,28.8645346853365
10020,1.7095908569055784e-05,18.635666752065976,2.9608905137838537,7.2678507817129745,28.864408047562804
10040,1.71300321390539e-05,18.62882141306688,2.9629137129724508,7.2726242260699125,28.864359352109243
10060,1.7164155709052016e-05,18.619183243487953,2.962437390969106,7.280955580087889,28.86257621454495
10080,1.719827927905013e-05,18.614645466657425,2.9606577237078215,7.286091722390642,28.86139491275589
10100,1.7232402849048245e-05,18.60705884850766,2.9582934516120427,7.294144352697469,28.85949665281717
10120,1.726652641904636e-05,18.596724109590507,2.957352716038229,7.303768058394611,28.857844884023347
10140,1.7300649989044478e-05,18.579429911435753,2.9566848774355377,7.319077196178734,28.855191985050027
10160,1.733477355904259e-05,18.564612094783712,2.9572478187128386,7.3318869264452475,28.853746839941795
10180,1.7368897129040707e-05,18.545716612770082,2.9591040868257665,7.348413795563657,28.853234495159505
10200,1.7403020699038823e-05,18.529027544132962,2.9641867957237644,7.359568499959275,28.852782839816
10220,1.743714426903694e-05,18.513663455180392,2.9666652267928275,7.371911149108114,28.852239831081334
10240,1.7471267839035052e-05,18.49591799847343,2.971175052511339,7.384678498177033,28.851771549161803
10260,1.7505391409033168e-05,18.478046570138634,2.9736365881984006,7.3986049493206405,28.850288107657676
10280,1.7539514979031284e-05,18.44451575959167,2.9776636645031753,7.42880428449111,28.850983708585957
10300,1.75736385490294e-05,18.427194844448955,2.9842093858469507,7.437245203928165,28.848649434224072
10320,1.7607762119027513e-05,18.402988767486175,2.9899614767536655,7.45585079825565,28.84880104249549
10340,1.764188568902563e-05,18.39193464883597,2.993382183367947,7.463102421503922,28.848419253707842
10360,1.7676009259023745e-05,18.368404436669707,2.997777724259539,7.483246594427108,28.849428755356353
10380,1.771013282902186e-05,18.351645530799615,3.0006533240128177,7.495845765313267,28.848144620125698
10400,1.7744256399019974e-05,18.336235798832544,3.0044535169609796,7.507121222910101,28.847810538703623
10420,1.777837996901809e-05,18.31957453690159,3.0049875951121976,7.5212217899561224,28.84578392196991
10440,1.7812503539016207e-05,18.280147717398567,3.007034636531721,7.5565528599176535,28.843735213847943
10460,1.7846627109014323e-05,18.269834873820386,3.0093177170230105,7.564131254047409,28.843283844890806
10480,1.7880750679012436e-05,18.254952507606223,3.0110798669095993,7.57653849704748,28.842570871563304
10500,1.7914874249010552e-05,18.23919611798828,3.0108919721027942,7.591189475227729,28.8412775653188
10520,1.7948997819008668e-05,18.22208989872541,3.0094881411506043,7.608545721701679,28.840123761577694
10540,1.7983121389006784e-05,18.19370551494282,3.0104536726372184,7.6337901193379585,28.837949306918
10560,1.8017244959004897e-05,18.18356685518774,3.0090674802906965,7.645279645929305,28.837913981407738
10580,1.8051368529003013e-05,18.152348075939607,3.010620700350461,7.676955560268169,28.839924336558237
10600,1.808549209900113e-05,18.139605435785576,3.0115234019545665,7.687176457550057,28.838305295290198
10620,1.8119615668999245e-05,18.126625898116625,3.0112008775784314,7.699967142290634,28.837793917985692
10640,1.8153739238997358e-05,18.092780114441446,3.0106504408398185,7.735488130778096,28.83891868605936
10660,1.8187862808995474e-05,18.089509346954895,3.0120140404742837,7.737010330592215,28.838533718021395
10680,1.822198637899359e-05,18.050224597913385,3.011642055963865,7.776227966064849,28.838094619942098
10700,1.8256109948991707e-05,18.037861437961226,3.01213541494151,7.785621760105832,28.83561861300857
10720,1.829023351898982e-05,18.02527004698616,3.011228974253138,7.799087217361766,28.835586238601067
10740,1.8324357088987936e-05,18.009722852403858,3.0098288183950865,7.816364778400785,28.83591644919973
10760,1.8358480658986052e-05,17.995153347245882,3.005742840986911,7.833829468361575,28.83472565659437
10780,1.8392604228984168e-05,17.986585566357373,3.0010314662294832,7.846188512755556,28.833805545342415
10800,1.8426727798982284e-05,17.950034214836037,2.9991597012433533,7.886374409412033,28.835568325491423
10820,1.8460851368980397e-05,17.943591438910573,2.9949006344207767,7.89589960949624,28.83439168282759
10840,1.8494974938978513e-05,17.93935069283265,2.9902786987308683,7.9045711909979275,28.834200582561447
10860,1.852909850897663e-05,17.899041345771415,2.985469639706016,7.950266056479148,28.834777041956578
10880,1.8563222078974745e-05,17.896936673730586,2.983119603800701,7.953064778557782,28.83312105608907
10900,1.8597345648972858e-05,17.891807463150702,2.97828232715936,7.962279051209791,28.832368841519852
10920,1.8631469218970974e-05,17.852667389280864,2.975110351804089,8.004234427693358,28.83201216877831
10940,1.866559278896909e-05,17.842747343915814,2.9727994054985167,8.01523726902051,28.83078401843484
10960,1.8699716358967207e-05,17.835066600796782,2.9672490985122537,8.028181915333832,28.83049761464287
10980,1.873383992896532e-05,17.81172112110183,2.96532348129279,8.053513060956115,28.83055766335073
11000,1.8767963498963436e-05,17.77945989491981,2.960425934713248,8.093919205288948,28.83380503492201
11020,1.8802087068961552e-05,17.771689647723985,2.9584112510699745,8.101443826939681,28.831544725733643
11040,1.8836210638959668e-05,17.762528947604387,2.9554500271772803,8.113400545051142,28.83137951983281
11060,1.887033420895778e-05,17.743133922209076,2.9511732872716183,8.137449274475317,28.831756483956013
11080,1.8904457778955897e-05,17.73688853338085,2.947240694551232,8.146449064567513,28.830578292499595
11100,1.8938581348954013e-05,17.699461310013398,2.9445839929941675,8.18617070579558,28.83021600880315
11120,1.897270491895213e-05,17.674284226196512,2.9422152931202734,8.21556948186647,28.832069001183257
11140,1.9006828488950242e-05,17.66994153226723,2.9393541361491833,8.22224073605301,28.831536404469425
11160,1.9040952058948358e-05,17.65946281811383,2.9359474659219686,8.236463066371044,28.831873350406845
11180,1.9075075628946474e-05,17.649558828774477,2.930914233852697,8.25088642253776,28.831359485164935
11200,1.910919919894459e-05,17.63610710302554,2.923747789392345,8.26938234096293,28.829237233380816
11220,1.9143322768942703e-05,17.597319251978398,2.9208160654936437,8.31253297015752,28.83066828762956
11240,1.917744633894082e-05,17.5784535982031,2.91852000196927,8.33176044963887,28.82873404981124
11260,1.9211569908938936e-05,17.561245162563655,2.914769953598182,8.354033195171262,28.830048311333098
11280,1.9245693478937052e-05,17.553443843847546,2.912266691445843,8.36530368385731,28.8310142191507
11300,1.9279817048935165e-05,17.52351888524853,2.909812427090005,8.400120152726975,28.833451465065515
11320,1.931394061893328e-05,17.515633053272513,2.907324175602703,8.410468869177297,28.833426098052513
11340,1.9348064188931397e-05,17.494354809644996,2.90417482939853,8.436204480179075,28.834734119222603
11360,1.9382187758929513e-05,17.463703956683492,2.9008288515282548,8.472846628195585,28.837379436407332
11380,1.9416311328927626e-05,17.450727052206098,2.8989815200703264,8.486669406530591,28.836377978807015
11400,1.9450434898925742e-05,17.43866141856084,2.8955924670048083,8.502367738232639,28.836621623798287
11420,1.9484558468923858e-05,17.418830277437724,2.8925589990079095,8.526358424915983,28.837747701361618
11440,1.9518682038921974e-05,17.404508000797648,2.890834772361667,8.54248571546616,28.837828488625476
11460,1.9552805608920087e-05,17.380141885860976,2.8871716028955645,8.569757408703225,28.837070897459764
11480,1.9586929178918203e-05,17.360284827919152,2.8854859520825253,8.591088581907721,28.836859361909397
11500,1.962105274891632e-05,17.329233890645778,2.8864053746119236,8.624463047435576,28.840102312693276
11520,1.9655176318914436e-05,17.31603321367007,2.8857445538666813,8.637133081815524,28.838910849352278
11540,1.968929988891255e-05,17.28774945547219,2.8840457761245846,8.666218895019785,28.83801412661656
11560,1.9723423458910665e-05,17.27351549592208,2.8852033024034336,8.679956927833201,28.838675726158712
11580,1.975754702890878e-05,17.257435723224802,2.8848139983091947,8.696726526315723,28.838976247849722
11600,1.9791670598906897e-05,17.228573252056854,2.8836284930450256,8.72607452082063,28.83827626592251
11620,1.982579416890501e-05,17.211171870331405,2.883344523661134,8.743765571456803,28.83828196544934
11640,1.9859917738903126e-05,17.172099137900343,2.8804646894139205,8.787365146730785,28.839928974045048
11660,1.9894041308901242e-05,17.160570946203524,2.881536437118434,8.79678022443851,28.83888760776047
11680,1.992816487889936e-05,17.14247216538729,2.8811307665676678,8.81413015783399,28.837733089788948
11700,1.996228844889747e-05,17.10584673048676,2.883704012873457,8.849489267825184,28.839040011185404
11720,1.9996412018895587e-05,17.08761000765681,2.885300288354246,8.865984639759477,28.838894935770533
11740,2.0030535588893703e-05,17.066372783928294,2.886174774796289,8.88513717190366,28.83768473062824
11760,2.006465915889182e-05,17.039294635253096,2.887928683636884,8.909143362773305,28.836366681663286
11780,2.0098782728889932e-05,17.012559028772493,2.8904866760863257,8.931530407972684,28.834576112831503
11800,2.013290629888805e-05,16.960929097670633,2.8968894256412514,8.978249884995174,28.836068408307057
11820,2.0167029868886165e-05,16.94281909275626,2.902460920596177,8.988592060704995,28.83387207405743
11840,2.020115343888428e-05,16.919221366108264,2.9078500084237366,9.005214835820535,28.832286210352535
11860,2.0235277008882397e-05,16.883860145042203,2.916323942832486,9.03047469738387,28.83065878525856
11880,2.026940057888051e-05,16.830362585181526,2.927202637631002,9.073783894773658,28.831349117586186
11900,2.0303524148878626e-05,16.79696409181684,2.9412775933834463,9.09510037217001,28.833342057370295
11920,2.0337647718876742e-05,16.75354876144406,2.956912202607801,9.12684738222817,28.83730834628003
11940,2.037177128887486e-05,16.720507165225115,2.97486073378054,9.146310542989323,28.841678441994976
11960,2.040589485887297e-05,16.673968493367546,2.996159679379931,9.18062668285196,28.85075485559944
11980,2.0440018428871087e-05,16.641666801595047,3.020825871972044,9.192530189345625,28.855022862912715
12000,2.0474141998869203e-05,16.604781023110913,3.0450145482705557,9.213539980771008,28.863335552152478
12020,2.050826556886732e-05,16.57625946514144,3.068647633015595,9.222510460945326,28.86741755910236
12040,2.0542389138865432e-05,16.54793549017485,3.0921965627101167,9.232654432893344,28.872786485778313
12060,2.057651270886355e-05,16.523520213067343,3.112310109114565,9.240767124366187,28.876597446548093
12080,2.0610636278861665e-05,16.50175119395763,3.1308587572146513,9.24726448936707,28.879874440539353
12100,2.064475984885978e-05,16.484205360881198,3.1457442374270443,9.25197049160322,28.881920089911464
12120,2.0678883418857894e-05,16.467544970995668,3.158492125539802,9.259236176368503,28.885273272903973
12140,2.071300698885601e-05,16.453133226406862,3.1707167727350987,9.263184238991933,28.887034238133893
12160,2.0747130558854126e-05,16.444983035339973,3.17874999972588,9.264033743859535,28.88776677892539
12180,2.0781254128852242e-05,16.432557710765693,3.181550743014584,9.275682445003643,28.889790898783918
12200,2.0815377698850355e-05,16.428171561452608,3.1825509626862143,9.278363300843846,28.88908582498267
12220,2.084950126884847e-05,16.425250346504647,3.1806098025995726,9.282636471082924,28.888496620187144
12240,2.0883624838846587e-05,16.42185168418743,3.176140135578985,9.289115718729425,28.88710753849584
12260,2.0917748408844704e-05,16.410424812633106,3.168248780418052,9.30301325255945,28.88168684561061
12280,2.0951871978842816e-05,16.406500638647568,3.1606254122910817,9.312641151317154,28.879767202255806
12300,2.0985995548840932e-05,16.405584820016205,3.1506337048667783,9.321106484424368,28.87732500930735
12320,2.102011911883905e-05,16.39768863009763,3.1430301813997614,9.334788007875337,28.87550681937273
12340,2.1054242688837165e-05,16.390456932556198,3.1353012498805612,9.347932114857832,28.873690297294594
12360,2.1088366258835278e-05,16.378172237563142,3.1292002675203245,9.363720811282711,28.871093316366178
12380,2.1122489828833394e-05,16.36402176255043,3.125458069458039,9.380307657304769,28.869787489313236
12400,2.115661339883151e-05,16.35083128692499,3.1225206648123223,9.394666101771861,28.868018053509175
12420,2.1190736968829626e-05,16.325424176895087,3.119502973472984,9.422586737218962,28.86751388758703
12440,2.122486053882774e-05,16.315504704330806,3.1182991016137453,9.431363454497795,28.865167260442345
12460,2.1258984108825855e-05,16.290496216826906,3.1196099716416517,9.454700959824294,28.86480714829285
12480,2.129310767882397e-05,16.27618305556914,3.118830540789898,9.468491082766898,28.86350467912593
12500,2.1327231248822087e-05,16.2547485633049,3.1196904764691844,9.489494595548024,28.86393363532211
12520,2.13613548188202e-05,16.24758409604228,3.1203645257779167,9.495558418941862,28.86350704076206
12540,2.1395478388818316e-05,16.219840600682844,3.1201480787038625,9.523401219648175,28.863389899034882
12560,2.1429601958816432e-05,16.209912455173395,3.118119340343953,9.533874717017598,28.861906512534944
12580,2.146372552881455e-05,16.174237559654237,3.1164230283525063,9.57228608453143,28.862946672538175
12600,2.149784909881266e-05,16.16441594492123,3.1182221862512187,9.57954568665511,28.86218381782756
12620,2.1531972668810778e-05,16.129819430277365,3.115525045236939,9.61590072330791,28.861245198822214
12640,2.1566096238808894e-05,16.124248824855492,3.1160410190408645,9.620229712422384,28.860519556318742
12660,2.160021980880701e-05,16.115922918510815,3.1152706113341115,9.629589658211001,28.860783188055926
12680,2.1634343378805123e-05,16.089733995442625,3.1134747934151856,9.660642365494361,28.863851154352172
12700,2.166846694880324e-05,16.086857262276833,3.112099859861838,9.664311225779825,28.8632683479185
12720,2.1702590518801355e-05,16.044228522887856,3.1081253149607018,9.70545359776286,28.85780743561142
12740,2.173671408879947e-05,16.028700600570364,3.106561362102763,9.721326454140298,28.856588416813423
12760,2.1770837658797584e-05,16.02208347640827,3.1037484846076278,9.730364947362482,28.85619690837838
12780,2.18049612287957e-05,16.001611522592825,3.099537863921494,9.752906713313344,28.854056099827663
12800,2.1839084798793816e-05,15.977008878786663,3.0952266598260345,9.780529863296758,28.85276540190946
12820,2.1873208368791933e-05,15.949346850621911,3.095016790774235,9.805821338258177,28.850184979654323
12840,2.1907331938790045e-05,15.929387414157961,3.092408041640252,9.8277359744129,28.849531430211112
12860,2.194145550878816e-05,15.916647054015055,3.0910286828065616,9.840604933099062,28.84828066992068
12880,2.1975579078786278e-05,15.888932603170733,3.0918285586021894,9.866373942177253,28.847135103950173
12900,2.2009702648784394e-05,15.865837096811369,3.092804724632262,9.886854923158028,28.84549674460166
12920,2.2043826218782507e-05,15.845333408270076,3.094121195079856,9.905264379028564,28.844718982378495
12940,2.2077949788780623e-05,15.804149432679436,3.0948722667895785,9.948996557202733,28.848018256671747
12960,2.211207335877874e-05,15.790629779168011,3.097781869410493,9.957384260694347,28.84579590927285
12980,2.2146196928776855e-05,15.749035952282231,3.0990835705391953,9.997872724364417,28.845992247185844
13000,2.218032049877497e-05,15.732099679130641,3.102951833936267,10.00853905477523,28.84359056784214
13020,2.2214444068773084e-05,15.715405682235813,3.104913557157569,10.022481209103697,28.84280044849708
13040,2.22485676387712e-05,15.677176435269516,3.1057825552359652,10.06154066785358,28.844499658359062
13060,2.2282691208769316e-05,15.662116434930974,3.1076227103450296,10.072947373375683,28.842686518651686
13080,2.2316814778767433e-05,15.643953503637514,3.1090198885114915,10.088887213053617,28.841860605202623
13100,2.2350938348765545e-05,15.62345119088677,3.107059275672534,10.109679388687113,28.840189855246418
13120,2.238506191876366e-05,15.6065489856128,3.105816911190833,10.126169188243928,28.83853508504756
13140,2.2419185488761778e-05,15.555221299319715,3.1073456995129227,10.178242258219305,28.840809257051944
13160,2.2453309058759894e-05,15.542089962863923,3.1084379673212865,10.187265336062765,28.837793266247974
13180,2.2487432628758007e-05,15.507832271636463,3.110799904191863,10.218589724071812,28.837221899900136
13200,2.2521556198756123e-05,15.493968919055586,3.1108906053292436,10.230389160723341,28.83524868510817
13220,2.255567976875424e-05,15.441167774708296,3.109628636445874,10.28715307798363,28.8379494891378
13240,2.2589803338752355e-05,15.427656964110595,3.1116241587257343,10.29616338025989,28.83544450309622
13260,2.2623926908750468e-05,15.389795682229158,3.114142538962685,10.334973049668804,28.838911270860645
13280,2.2658050478748584e-05,15.37464337743484,3.1161794167500245,10.346065190620665,28.83688798480553
13300,2.26921740487467e-05,15.363460967153287,3.1171447745244216,10.355650231269971,28.836255972947683
13320,2.2726297618744816e-05,15.34103032421966,3.118739317571686,10.377034994403074,28.836804636194422
13340,2.276042118874293e-05,15.307309774244478,3.1209199767430738,10.40818060438334,28.83641035537089
13360,2.2794544758741045e-05,15.262574052590086,3.1215307292594505,10.455301560165923,28.839406342015458
13380,2.282866832873916e-05,15.245088013721652,3.126751444104324,10.46555539307829,28.837394850904268
13400,2.2862791898737278e-05,15.225824874116157,3.1290447907490297,10.481698325069878,28.836567989935066
13420,2.289691546873539e-05,15.206779476957706,3.1292625462341914,10.499307950746383,28.83534997393828
13440,2.2931039038733507e-05,15.180632094558856,3.13329554595608,10.521168205039807,28.835095845554743
13460,2.2965162608731623e-05,15.120652268378986,3.134331358240387,10.582302417032107,28.83728604365148
13480,2.299928617872974e-05,15.10585743083043,3.1408167069674415,10.589719616414046,28.83639375421192
13500,2.3033409748727852e-05,15.065372417325193,3.1448042436209547,10.623304046432349,28.833480707378495
13520,2.3067533318725968e-05,15.034764167531039,3.150577855572935,10.649304907553388,28.834646930657364
13540,2.3101656888724084e-05,15.015722404430969,3.1587686284085366,10.660071556783013,28.834562589622518
13560,2.31357804587222e-05,14.993198770960158,3.161684057374225,10.679138095352625,28.834020923687007
13580,2.3169904028720313e-05,14.970289485669898,3.163930096987026,10.699498741205398,28.83371832386232
13600,2.320402759871843e-05,14.929527552239902,3.167022840394253,10.73515530735767,28.83170569999183
13620,2.3238151168716545e-05,14.909499964569967,3.1717708854403783,10.750608647016353,28.831879497026698
13640,2.327227473871466e-05,14.884369633935828,3.169223296905654,10.777277252298019,28.830870183139503
13660,2.3306398308712774e-05,14.86066112152749,3.1715425162299664,10.797033186003125,28.82923682376058
13680,2.334052187871089e-05,14.828670498729164,3.1719140691779004,10.827840078829365,28.82842464673643
13700,2.3374645448709007e-05,14.80717327011319,3.1720898472109367,10.847522016076868,28.826785133400996
13720,2.3408769018707123e-05,14.788412230348692,3.1705536373390277,10.866166306839677,28.825132174527397
13740,2.3442892588705236e-05,14.761391728212658,3.170953325547658,10.890344078663777,28.82268913242409
13760,2.3477016158703352e-05,14.725363248722239,3.170470321597451,10.924474832139868,28.820308402459556
13780,2.3511139728701468e-05,14.70314943510954,3.1736952004175185,10.940993192267085,28.817837827794143
13800,2.3545263298699584e-05,14.676473837120602,3.174835879243814,10.963769961489671,28.815079677854087
13820,2.3579386868697697e-05,14.61255773445042,3.1775292227808016,11.026170131032378,28.816257088263598
13840,2.3613510438695813e-05,14.59664949603154,3.1820634081674912,11.034049357656002,28.812762261855035
13860,2.364763400869393e-05,14.574233804158498,3.1900585750280497,11.047570832961238,28.811863212147784
13880,2.3681757578692045e-05,14.553877042544373,3.1934915957596384,11.062099352953862,28.809467991257872
13900,2.3715881148690158e-05,14.494092166287228,3.2006654669443035,11.110193167073026,28.80495080030456
13920,2.3750004718688274e-05,14.471065038838702,3.2060289218338958,11.126617958338107,28.803711919010702
13940,2.378412828868639e-05,14.43122063848779,3.2139972246891846,11.157037368162243,28.802255231339217
13960,2.3818251858684507e-05,14.370410222466308,3.2204124177575006,11.20864896889978,28.79947160912359
13980,2.385237542868262e-05,14.3466826326138,3.2331726200508606,11.218082504106325,28.797937756770985
14000,2.3886498998680736e-05,14.326876532029782,3.2389369780772888,11.229871186586983,28.795684696694053
14020,2.3920622568678852e-05,14.285569936479236,3.249203989749496,11.259869205133597,28.794643131362328
14040,2.3954746138676968e-05,14.246374513932247,3.2581579131570275,11.288080944574823,28.792613371664096
14060,2.3988869708675084e-05,14.178611486700403,3.270440939356358,11.345529284311096,28.794581710367858
14080,2.4022993278673197e-05,14.133154359109033,3.2865701810416628,11.377742437524692,28.797466977675388
14100,2.4057116848671313e-05,14.094167399279554,3.304154404542259,11.404278794849024,28.802600598670836
14120,2.409124041866943e-05,14.056095407996303,3.326584020963429,11.425685029330925,28.808364458290658
14140,2.4125363988667545e-05,14.010606456298161,3.3503814514758283,11.45505013417803,28.81603804195202
14160,2.4159487558665658e-05,13.969735382641463,3.373848898339997,11.479828980051526,28.823413261032986
14180,2.4193611128663774e-05,13.934103626717969,3.3979426092630582,11.497767447719907,28.829813683700934
14200,2.422773469866189e-05,13.903704636570698,3.42211383492223,11.50724895485477,28.833067426347696
14220,2.4261858268660007e-05,13.863928812311658,3.4458000861393274,11.53419623921854,28.843925137669522
14240,2.429598183865812e-05,13.837774950354888,3.469098413486252,11.538742705655297,28.845616069496437
14260,2.4330105408656236e-05,13.80339215858313,3.491034573123959,11.55899933339019,28.853426065097278
14280,2.4364228978654352e-05,13.777715725083182,3.512722111557771,11.566980775480463,28.857418612121418
14300,2.4398352548652468e-05,13.751540578403162,3.5311786990482377,11.578200053670168,28.860919331121565
14320,2.443247611865058e-05,13.726942687829652,3.5485850045524847,11.587339649428078,28.862867341810215
14340,2.4466599688648697e-05,13.70226027657984,3.566037364335671,11.597621335117026,28.86591897603254
14360,2.4500723258646813e-05,13.678544659481828,3.5802810710828044,11.60957501425702,28.86840074482165
14380,2.453484682864493e-05,13.658031086629368,3.5941044650469665,11.616614740598775,28.86875029227511
14400,2.4568970398643042e-05,13.625517242875402,3.6034296202722116,11.643548165921139,28.87249502906875
14420,2.460309396864116e-05,13.60721606986066,3.6137533575566496,11.650733907090958,28.87170333450827
14440,2.4637217538639274e-05,13.587941274961365,3.6231584777642385,11.660993555235454,28.872093307961055
14460,2.467134110863739e-05,13.565120375042046,3.629634863809723,11.676950504284711,28.87170574313648
14480,2.4705464678635503e-05,13.532661040560187,3.6352009002881123,11.704453507936172,28.872315448784473
14500,2.473958824863362e-05,13.515522386455796,3.6420888807582306,11.7136540290127,28.871265296226724
14520,2.4773711818631736e-05,13.493983274222458,3.6464425812161436,11.730026586818646,28.870452442257246
14540,2.4807835388629852e-05,13.45406734196456,3.650970736829531,11.767260595548247,28.87229867434234
14560,2.4841958958627965e-05,13.44221351162741,3.656544920769709,11.772477881099327,28.871236313496446
14580,2.487608252862608e-05,13.416578311371463,3.662159347385492,11.794088915199064,28.87282657395602
14600,2.4910206098624197e-05,13.399889625491742,3.6677450505067957,11.80436238041691,28.871997056415445
14620,2.4944329668622313e-05,13.38174385025997,3.6726739060861107,11.817483695003473,28.87190145134955
14640,2.4978453238620426e-05,13.363333640847173,3.6753036501913243,11.833423850981742,28.87206114202024
14660,2.5012576808618542e-05,13.318227470279394,3.68131998573944,11.874502551759772,28.874050007778607
14680,2.504670037861666e-05,13.304208295116146,3.687995820782511,11.880530806321197,28.872734922219855
14700,2.5080823948614775e-05,13.272013176531445,3.69300989068019,11.909483317384908,28.874506384596543
14720,2.5114947518612887e-05,13.254839172154814,3.699736336075704,11.919961391825655,28.874536900056174
14740,2.5149071088611003e-05,13.239006679849153,3.7044298144124435,11.931217187834783,28.87465368209638
14760,2.518319465860912e-05,13.209813499304925,3.70802804696851,11.956919983366616,28.874761529640054
14780,2.5217318228607236e-05,13.189440174534624,3.7108280984499644,11.972960406198927,28.87322867918352
14800,2.525144179860535e-05,13.157859113443932,3.715931478419218,11.998307760057335,28.872098351920485
14820,2.5285565368603465e-05,13.137313660037071,3.7197982770698457,12.014215797375822,28.87132773448274
14840,2.531968893860158e-05,13.115507921208332,3.724709129002935,12.030956222496467,28.871173272707733
14860,2.5353812508599697e-05,13.106095927622766,3.726350406716525,12.038721773481491,28.871168107820782
14880,2.538793607859781e-05,13.057989951759485,3.7319323609732056,12.080653637357186,28.87057595008988
14900,2.5422059648595926e-05,13.029680655586489,3.736941183553422,12.103167118545423,28.869788957685337
14920,2.5456183218594042e-05,13.012135199039506,3.7419100325908565,12.115335004327942,28.869380235958303
14940,2.549030678859216e-05,12.987727990335769,3.747371903986132,12.134646382636461,28.869746276958363
14960,2.552443035859027e-05,12.945905028000542,3.7491710505918308,12.175648968745406,28.87072504733778
14980,2.5558553928588387e-05,12.934487838066348,3.7544791495060954,12.180395168774504,28.869362156346945
15000,2.5592677498586504e-05,12.89207620419556,3.758017708824742,12.2185749715158,28.868668884536103
15020,2.562680106858462e-05,12.88386554046756,3.7621665495148435,12.222185108389304,28.86821719837171
15040,2.5660924638582732e-05,12.878337493927406,3.7609798758802193,12.22772426646626,28.867041636273886
15060,2.569504820858085e-05,12.808127730872972,3.7602209095455197,12.298910454955593,28.867259095374084
15080,2.5729171778578965e-05,12.788195428303979,3.7658471873822528,12.308517276894085,28.862559892580315
15100,2.576329534857708e-05,12.776922159329853,3.767684656324914,12.316642550797416,28.861249366452185
15120,2.5797418918575197e-05,12.731004776682393,3.7725954980256087,12.355384369995814,28.858984644703817
15140,2.583154248857331e-05,12.711140081994829,3.7752822179701755,12.37159424566628,28.858016545631283
15160,2.5865666058571426e-05,12.671576108559117,3.778823096381698,12.409993492169853,28.86039269711067
15180,2.5899789628569542e-05,12.650156104301628,3.782032916651719,12.426585368091727,28.858774389045074
15200,2.593391319856766e-05,12.638162123329039,3.7831828575492668,12.43793592104882,28.85928090192713
15220,2.596803676856577e-05,12.598922397624102,3.7856002332890357,12.4772595882788,28.861782219191937
15240,2.6002160338563887e-05,12.585057835633226,3.785996344907132,12.489970259341227,28.861024439881586
15260,2.6036283908562004e-05,12.574360743580634,3.7830373685151715,12.502581820111166,28.85997993220697
15280,2.607040747856012e-05,12.527538500452014,3.7801499989988256,12.5520486264188,28.859737125869643
15300,2.6104531048558232e-05,12.50263017051421,3.7797366096632485,12.575373034465569,28.857739814643026
15320,2.613865461855635e-05,12.487472694459623,3.7780735607673637,12.591016889774195,28.856563145001182
15340,2.6172778188554465e-05,12.473698783501751,3.7749491091251737,12.607544002558626,28.85619189518555
15360,2.620690175855258e-05,12.432769172250454,3.76938545652637,12.652387888888367,28.85454251766519
15380,2.6241025328550694e-05,12.42264096806954,3.76602811737666,12.663912177175206,28.852581262621406
15400,2.627514889854881e-05,12.410301211021554,3.7631180210158304,12.678726415780854,28.85214564781824
15420,2.6309272468546926e-05,12.391520479143667,3.7569230970627405,12.70183181168365,28.850275387890058
15440,2.6343396038545042e-05,12.374127083989586,3.7523009580979356,12.722138893006145,28.848566935093665
15460,2.6377519608543155e-05,12.357257070899314,3.7476855995961165,12.741614269904566,28.846556940399996
15480,2.641164317854127e-05,12.330083738246383,3.7412384176811235,12.771453039342985,28.84277519527049
15500,2.6445766748539387e-05,12.27320151949602,3.737227152497218,12.828654116531624,28.839082788524863
15520,2.6479890318537504e-05,12.266604559775722,3.735657170820976,12.835736210217279,28.837997940813977
15540,2.6514013888535616e-05,12.253136441493616,3.733027710795818,12.850993984246667,28.837158136536104
15560,2.6548137458533733e-05,12.207194214589384,3.732147570080808,12.89921950405327,28.83856128872346
15580,2.658226102853185e-05,12.199028845414652,3.7299105601228266,12.907979863724169,28.83691926926165
15600,2.6616384598529965e-05,12.185006489250657,3.7272001154239867,12.92409441494101,28.836301019615654
15620,2.6650508168528078e-05,12.164397797552628,3.724507973729896,12.947171854138459,28.836077625420984
15640,2.6684631738526194e-05,12.138482065217888,3.7219944570894485,12.974135743013834,28.83461226532117
15660,2.671875530852431e-05,12.119217593180895,3.7194338350877993,12.994225784107492,28.832877212376186
15680,2.6752878878522426e-05,12.08288730263146,3.715900351020468,13.035589530092098,28.834377183744024
15700,2.678700244852054e-05,12.068578808998724,3.7141616055799225,13.049980253113048,28.832720667691696
15720,2.6821126018518655e-05,12.053587556608276,3.710514063451648,13.067243683651649,28.831345303711572
15740,2.685524958851677e-05,12.034804339743634,3.704630032557419,13.090670222269184,28.830104594570237
15760,2.6889373158514887e-05,12.020287130106473,3.700130193052205,13.108850177795368,28.829267500954046
15780,2.6923496728513e-05,11.976126282721921,3.6980926926911573,13.15214653625313,28.826365511666207
15800,2.6957620298511116e-05,11.962833402663207,3.6950227475957163,13.167369759543897,28.82522590980282
15820,2.6991743868509233e-05,11.949376296879516,3.690986500826119,13.184527560682703,28.824890358388338
15840,2.702586743850735e-05,11.92787734626489,3.6877092440479826,13.208158911809747,28.82374550212262
15860,2.705999100850546e-05,11.894669125280956,3.683279785332451,13.246410111460408,28.824359022073814
15880,2.7094114578503578e-05,11.883037459514147,3.6788157922381535,13.261686374506251,28.82353962625855
15900,2.7128238148501694e-05,11.867914434806279,3.6752648817149605,13.279165464042986,28.822344780564226
15920,2.716236171849981e-05,11.853856920797362,3.6702392451493684,13.29753744271117,28.821633608657898
15940,2.7196485288497923e-05,11.840515481151554,3.6635203145730024,13.315825298091404,28.81986109381596
15960,2.723060885849604e-05,11.815452068467671,3.658103876701378,13.343967762654888,28.817523707823938
15980,2.7264732428494155e-05,11.790562801829429,3.653999558307368,13.369986090605941,28.814548450742738
16000,2.729885599849227e-05,11.775569837022982,3.6509682775581465,13.386863350794307,28.813401465375435
16020,2.7332979568490384e-05,11.76026894616274,3.643449676069619,13.406629917793854,28.81034854002621
16040,2.73671031384885e-05,11.740426736693621,3.638995209023881,13.42865226012998,28.808074205847483
16060,2.7401226708486616e-05,11.720551449955925,3.633075121955192,13.450685647790767,28.804312219701885
16080,2.7435350278484733e-05,11.697743901923632,3.6298246008351387,13.473236410771008,28.80080491352978
16100,2.7469473848482845e-05,11.677563811263486,3.623907240339353,13.495506069672505,28.796977121275344
16120,2.750359741848096e-05,11.659877858442961,3.619158320326996,13.514759179828909,28.793795358598864
16140,2.7537720988479078e-05,11.638924701454831,3.6128019378177876,13.537064397870907,28.788791037143525
16160,2.7571844558477194e-05,11.61568690098666,3.60845787724469,13.559432592564477,28.783577370795825
16180,2.760596812847531e-05,11.594645096705191,3.603456478483481,13.579841815540243,28.777943390728915
16200,2.7640091698473423e-05,11.556151910004596,3.5988382139015633,13.614401425457208,28.76939154936337
16220,2.767421526847154e-05,11.53344415448078,3.5937930476346276,13.637608272813505,28.76484547492891
16240,2.7708338838469655e-05,11.514794349192464,3.591784338353624,13.655571879760574,28.762150567306662
16260,2.774246240846777e-05,11.457674161383931,3.5868588092903257,13.715414299993938,28.759947270668196
16280,2.7776585978465884e-05,11.435974205393064,3.5877641940381135,13.733904187154284,28.75764258658546
16300,2.7810709548464e-05,11.419437447517767,3.5856456955421616,13.750990348397362,28.756073491457293
16320,2.7844833118462116e-05,11.366199261706969,3.589667946212708,13.805406068634385,28.761273276554064
16340,2.7878956688460233e-05,11.337132916234973,3.5938686950304626,13.834468124589849,28.765469735855284
16360,2.7913080258458345e-05,11.315990093021636,3.596989537105487,13.858203375767914,28.771183005895036
16380,2.794720382845646e-05,11.297667195986648,3.597509347758297,13.880748531381393,28.775925075126338
16400,2.7981327398454578e-05,11.279712984553656,3.6003179726553807,13.900969892909977,28.781000850119014
16420,2.8015450968452694e-05,11.268242913306,3.597966265007091,13.918216654068527,28.78442583238162
16440,2.8049574538450807e-05,11.258002619430515,3.595982124697501,13.933908032377861,28.787892776505878
16460,2.8083698108448923e-05,11.24515515011329,3.5927544633476165,13.954835964720917,28.792745578181822
16480,2.811782167844704e-05,11.23312673832028,3.589245607227697,13.975847436855181,28.79821978240316
16500,2.8151945248445155e-05,11.227190663560224,3.5847944961339655,13.988711644972225,28.800696804666416
16520,2.8186068818443268e-05,11.218665601983005,3.577266610113322,14.010253236465235,28.806185448561564
16540,2.8220192388441384e-05,11.217045309016633,3.572679690037731,14.018175633362699,28.807900632417063
16560,2.82543159584395e-05,11.191127581605274,3.566277161803976,14.061251131379038,28.818655874788288
16580,2.8288439528437616e-05,11.186163178320626,3.56191906654138,14.072245625740575,28.820327870602583
16600,2.832256309843573e-05,11.179479686030115,3.5579012574933104,14.086464098043582,28.823845041567008
16620,2.8356686668433845e-05,11.168980652524692,3.5530322903981455,14.10500581428036,28.8270187572032
16640,2.839081023843196e-05,11.156592968157135,3.549465476466815,14.124297208835015,28.830355653458966
16660,2.8424933808430078e-05,11.142565808989978,3.547390598538471,14.14283745129272,28.83279385882117
16680,2.845905737842819e-05,11.114320941996464,3.548657417680972,14.17546891925248,28.838447278929916
16700,2.8493180948426307e-05,11.10014603557431,3.551058225352641,14.1886574221412,28.83986168306815
16720,2.8527304518424423e-05,11.077542643943241,3.553154579907606,14.21381703791578,28.844514261766626
16740,2.856142808842254e-05,11.059083662146868,3.5580552797697798,14.229659152935989,28.846798094852637
16760,2.8595551658420652e-05,11.040485186327249,3.5621259365371216,14.245770668492828,28.8483817913572
16780,2.8629675228418768e-05,11.005690239863075,3.5660169370312853,14.283920911350062,28.855628088244423
16800,2.8663798798416884e-05,10.99095598131945,3.570809223822992,14.294579434041225,28.856344639183668
16820,2.8697922368415e-05,10.983435263943933,3.5750877361518723,14.298910787164907,28.85743378726071
16840,2.8732045938413113e-05,10.95110345250545,3.5739500385716294,14.337436336898744,28.86248982797582
16860,2.876616950841123e-05,10.936388785612783,3.576375664575176,14.349751210096631,28.86251566028459
16880,2.8800293078409345e-05,10.929867099438741,3.576873642490634,14.355538965618813,28.86227970754819
16900,2.883441664840746e-05,10.900292247834994,3.578010110343384,14.385154238685761,28.86345659686414
16920,2.8868540218405574e-05,10.882793923476287,3.5784502566040124,14.400978156885435,28.862222336965736
16940,2.890266378840369e-05,10.864789100397502,3.5803641113874063,14.41498482344324,28.860138035228147
16960,2.8936787358401807e-05,10.839033558630344,3.582799279739195,14.439017863900581,28.86085070227012
16980,2.8970910928399923e-05,10.810289939169227,3.5842531984603965,14.467476026307,28.862019163936623
17000,2.9005034498398036e-05,10.80350111596316,3.585075226257312,14.471576613365281,28.860152955585754
17020,2.9039158068396152e-05,10.78308803505799,3.5864512112173252,14.489051091206836,28.85859033748215
17040,2.9073281638394268e-05,10.76892935038612,3.585220995866342,14.503191818753622,28.857342165006084
17060,2.9107405208392384e-05,10.754073685642311,3.584031367542065,14.518486489987291,28.856591543171668
17080,2.9141528778390497e-05,10.740017556818476,3.5794909609279757,14.535754191275059,28.85526270902151
17100,2.9175652348388613e-05,10.698185576161675,3.577647902364201,14.576633991379914,28.85246746990579
17120,2.920977591838673e-05,10.689881419474242,3.574701828829126,14.587409409235349,28.851992657538716
17140,2.9243899488384846e-05,10.681775505761792,3.572376618215566,14.597245554455817,28.851397678433173
17160,2.9278023058382958e-05,10.677151051095343,3.5676307627198933,14.606943814731007,28.851725628546244
17180,2.9312146628381074e-05,10.638399906420727,3.5615458273196765,14.65224688133068,28.852192615071083
17200,2.934627019837919e-05,10.637256710052181,3.5554888270277853,14.657887506986992,28.85063304406696
17220,2.9380393768377307e-05,10.63582088611111,3.547967912896792,14.665952185660446,28.84974098466835
17240,2.941451733837542e-05,10.59821207883165,3.5398466916496467,14.713497160948696,28.851555931429992
17260,2.9448640908373536e-05,10.595455988914336,3.5337831353928038,14.720777744501675,28.850016868808815
17280,2.9482764478371652e-05,10.574783153075385,3.523044949915425,14.753393136734632,28.85122123972544
17300,2.9516888048369768e-05,10.554080610710777,3.514271472811104,14.782711273166727,28.851063356688606
17320,2.9551011618367884e-05,10.5532048933645,3.5092072352383976,14.789240601634349,28.851652730237248
17340,2.9585135188365997e-05,10.548513422794382,3.500398025489184,14.803378479958418,28.852289928241987
17360,2.9619258758364113e-05,10.548111595407837,3.491059946047308,14.813549266087378,28.852720807542525
17380,2.965338232836223e-05,10.524501509146946,3.4774136309432073,14.856219794587705,28.858134934677857
17400,2.9687505898360346e-05,10.518313995146345,3.4693622811934466,14.867913743527485,28.855590019867275
17420,2.972162946835846e-05,10.496549476582725,3.4622445551585073,14.894799809689488,28.853593841430722
17440,2.9755753038356575e-05,10.495345850748215,3.4514300042751875,14.905072126363386,28.85184798138679
17460,2.978987660835469e-05,10.482097475023565,3.4424097163982124,14.927212336854753,28.851719528276533
17480,2.9824000178352807e-05,10.465226123227254,3.4326981055304064,14.95166194766325,28.84958617642091
17500,2.985812374835092e-05,10.457254561785266,3.4216202491979097,14.969005695347631,28.847880506330807
17520,2.9892247318349036e-05,10.447023218538757,3.409717304244984,14.990271145204076,28.847011667987815
17540,2.9926370888347152e-05,10.434748742915701,3.4004551868393245,15.010699201874885,28.84590313162991
17560,2.9960494458345268e-05,10.400778065581644,3.3882316800703296,15.058641968425274,28.847651714077248
17580,2.999461802834338e-05,10.395367294944608,3.3782028141386236,15.071073192278257,28.844643301361486
17600,3.0028741598341497e-05,10.36738464405058,3.3691265423893877,15.10816856165831,28.84467974809828
17620,3.0062865168339613e-05,10.365563098321827,3.360122158466997,15.118445113628566,28.84413037041739
17640,3.009698873833773e-05,10.353719328143157,3.3507096789368283,15.140045029235257,28.84447403631524
17660,3.0131112308335842e-05,10.327491442882847,3.3418856130343326,15.178135868508956,28.847512924426134
17680,3.016523587833396e-05,10.322592256055763,3.3316588035159933,15.191242174900772,28.845493234472528
17700,3.0199359448332075e-05,10.315411910043643,3.321667830019798,15.207738739038756,28.844818479102198
17720,3.023348301833019e-05,10.315594045405666,3.3111000921752933,15.21817848859804,28.844872626178997
17740,3.0267606588328303e-05,10.273580097465178,3.301363325731514,15.271713375615667,28.84665679881236
17760,3.030173015832642e-05,10.26742691470229,3.2930460356457156,15.284729406205072,28.845202356553077
17780,3.0335853728324536e-05,10.274213634346152,3.282651902434496,15.288097487359186,28.844963024139837
17800,3.0369977298322652e-05,10.28325498970386,3.2696843104032847,15.29204502018574,28.844984320292884
17820,3.0404100868320765e-05,10.232442510081965,3.2599881343440464,15.35061213297424,28.84304277740025
17840,3.043822443831888e-05,10.218423513598127,3.25116646970837,15.370250126060956,28.83984010936745
17860,3.0472348008316997e-05,10.192004630900312,3.2452669179666263,15.40339454884488,28.840666097711818
17880,3.0506471578315113e-05,10.181649669833028,3.238754567774226,15.418032354717074,28.838436592324328
17900,3.054059514831323e-05,10.155178580470881,3.2342221993917057,15.450317809833006,28.839718589695593
17920,3.057471871831134e-05,10.144650802483316,3.2324690827910514,15.461617546781032,28.8387374320554
17940,3.0608842288309455e-05,10.143606760654523,3.226578177202818,15.467914844488995,28.838099782346333
17960,3.0642965858307575e-05,10.100949962049873,3.2248316220546984,15.517176876517475,28.842958460622047
17980,3.067708942830569e-05,10.080292023593373,3.2223444333749276,15.537383846380308,28.84002030334861
18000,3.071121299830381e-05,10.061258614538705,3.220183487487355,15.556816094908877,28.838258196934937
18020,3.074533656830192e-05,10.045996095822172,3.218098238949482,15.573949057048777,28.83804339182043
18040,3.077946013830003e-05,10.03372669255241,3.2129304114386072,15.590264368787432,28.83692147277845
18060,3.081358370829815e-05,9.99122691708487,3.2103321230934747,15.637620708448592,28.839179748626936
18080,3.0847707278296265e-05,9.956656704727958,3.208265293694838,15.674475391133457,28.839397389556254
18100,3.088183084829438e-05,9.950019205009031,3.2072053845196833,15.681495526952052,28.838720116480765
18120,3.09159544182925e-05,9.939688962325999,3.2042562103128427,15.694393902821199,28.83833907546004
18140,3.095007798829061e-05,9.923852995555835,3.202968949795879,15.712233276211492,28.839055221563207
18160,3.098420155828873e-05,9.909704538694125,3.1997054021264897,15.729302264885916,28.838712205706532
18180,3.101832512828684e-05,9.889288659686251,3.1962774795412594,15.752182364644842,28.83774850387235
18200,3.1052448698284955e-05,9.887346743121237,3.1933367635637007,15.75718010559168,28.837863612276617
18220,3.1086572268283075e-05,9.83090092279057,3.18732973593508,15.819924354000705,28.838155012726354
18240,3.112069583828119e-05,9.817653494656838,3.1851193114943173,15.832582478779909,28.83535528493106
18260,3.11548194082793e-05,9.81306600125626,3.1797627159278146,15.842478776740075,28.835307493924148
18280,3.118894297827742e-05,9.777491112796048,3.1763544117699887,15.879211528515086,28.83305705308112
18300,3.122306654827553e-05,9.764084347251998,3.1731495045259805,15.893954383403653,28.83118823518163
18320,3.125719011827365e-05,9.746620810318497,3.169069726037362,15.913210935634613,28.82890147199047
18340,3.1291313688271765e-05,9.708795933577735,3.1660206583971924,15.950244546328976,28.8250611383039
18360,3.132543725826988e-05,9.693100892990934,3.163256919720394,15.965646532559889,28.822004345271218
18380,3.1359560828268e-05,9.660633694915717,3.162735845816586,15.995890490700926,28.81926003143323
18400,3.139368439826611e-05,9.646553462732834,3.1612449980804898,16.0094144999789,28.817212960792222
18420,3.142780796826423e-05,9.605399239447479,3.1600078936740634,16.049624255449157,28.8150313885707
18440,3.146193153826234e-05,9.58367386876531,3.1614157306487667,16.06836982498071,28.813459424394786
18460,3.1496055108260455e-05,9.556202216192904,3.1626538835073763,16.093974539212034,28.812830638912317
18480,3.1530178678258575e-05,9.5304921096545,3.1630621375133416,16.11851997374361,28.812074220911448
18500,3.156430224825669e-05,9.495872594727535,3.1672470829617216,16.149321542347547,28.812441220036803
18520,3.15984258182548e-05,9.464138856711408,3.1749003681442427,16.17464993687858,28.81368916173423
18540,3.163254938825292e-05,9.430788905968754,3.1854310589169175,16.20116756306949,28.817387527955162
18560,3.166667295825103e-05,9.388950158768068,3.1964633785214147,16.238837731484065,28.824251268773548
18580,3.170079652824915e-05,9.360977557155678,3.209017001495988,16.2596107271702,28.82960528582187
18600,3.1734920098247265e-05,9.337517526042683,3.221478616122669,16.275960534533503,28.834956676698855
18620,3.176904366824538e-05,9.302326995794914,3.2350951523030074,16.31083080412602,28.84825295222394
18640,3.18031672382435e-05,9.285780485227264,3.2465682874870874,16.31761739509241,28.84996616780676
18660,3.183729080824161e-05,9.266278792118108,3.2562248851477973,16.33444369268428,28.856947369950188
18680,3.187141437823972e-05,9.252711373447172,3.2655781361675884,16.341410827376563,28.859700336991324
18700,3.190553794823784e-05,9.239199198993509,3.271947436633374,16.35332940346329,28.864476039090174
18720,3.1939661518235955e-05,9.225326183228386,3.2801520042588406,16.36138249587711,28.866860683364337
18740,3.1973785088234075e-05,9.205908579348394,3.287340784333631,16.380505004994784,28.87375436867681
18760,3.200790865823219e-05,9.190826602219216,3.2919161851683247,16.39396819886873,28.87671098625627
18780,3.20420322282303e-05,9.177386481743886,3.300077247098398,16.402059450000657,28.87952317884294
18800,3.207615579822842e-05,9.168113644984006,3.305490326027918,16.40691286211518,28.880516833127103
18820,3.211027936822653e-05,9.142920724254266,3.311895623241993,16.430914915077807,28.885731262574065
18840,3.2144402938224645e-05,9.124271613245686,3.3191497134753027,16.443265253419,28.886686580139987
18860,3.2178526508222765e-05,9.106574873389016,3.3238714121513486,16.45586515122126,28.886311436761623
18880,3.221265007822088e-05,9.086639020703831,3.3314640807066085,16.46900144914218,28.88710455055262
18900,3.2246773648219e-05,9.065341933699635,3.339545347352042,16.483149822246,28.888037103297677
18920,3.228089721821711e-05,9.039538902936966,3.3468001226231765,16.502249065912256,28.8885880914724
18940,3.231502078821522e-05,9.002397258169925,3.358196590208255,16.531960949695,28.89255479807318
18960,3.234914435821334e-05,8.982574905633907,3.3686342926408845,16.540993126111257,28.892202324386048
18980,3.2383267928211455e-05,8.959302925348492,3.378816791298023,16.555226582208505,28.893346298855022
19000,3.241739149820957e-05,8.938294168014767,3.387053863524373,16.567929946610555,28.893277978149698
19020,3.245151506820769e-05,8.912831639237698,3.3965823629305643,16.583336933443906,28.89275093561217
19040,3.24856386382058e-05,8.881249508477577,3.405347026228379,16.60484081263848,28.891437347344436
19060,3.251976220820392e-05,8.855647253020916,3.4163982203142553,16.61883511857087,28.89088059190604
19080,3.255388577820203e-05,8.831703721343725,3.425284238201524,16.633534672364135,28.890522631909384
19100,3.2588009348200145e-05,8.806903671031943,3.4349032153996464,16.64799093703687,28.88979782346846
19120,3.2622132918198265e-05,8.787847986108817,3.442042249916541,16.659135863217607,28.889026099242965
19140,3.265625648819638e-05,8.743093365396945,3.4538655336134503,16.693489718907834,28.89044861791823
19160,3.269038005819449e-05,8.723789150056719,3.4630774688714503,16.702081657996253,28.888948276924424
19180,3.272450362819261e-05,8.706241999204055,3.4723560270946905,16.71031900290384,28.888917029202588
19200,3.275862719819072e-05,8.66613322629629,3.4789441337514435,16.743176733201146,28.888254093248882
19220,3.279275076818884e-05,8.6401126674766,3.4886777489653493,16.759396367117766,28.888186783559718
19240,3.2826874338186955e-05,8.622632687372962,3.4945446959627366,16.76830329112432,28.885480674460016
19260,3.286099790818507e-05,8.590585029986386,3.502433448920476,16.7922257921972,28.885244271104064
19280,3.289512147818319e-05,8.556250126800892,3.5121511150393503,16.81570383733209,28.884105079172333
19300,3.29292450481813e-05,8.53508051851061,3.520616384839254,16.82754594302315,28.883242846373015
19320,3.296336861817941e-05,8.514359615020313,3.5284894208875377,16.840045823360494,28.882894859268344
19340,3.299749218817753e-05,8.481026846677606,3.535492446675287,16.86698994941184,28.88350924276473
19360,3.3031615758175645e-05,8.459769896794624,3.543606889993285,16.879103499756432,28.882480286544343
19380,3.3065739328173765e-05,8.436388181352068,3.5489995198961815,16.89619873869811,28.88158643994636
19400,3.309986289817188e-05,8.414238596127712,3.552947485521524,16.913198307772532,28.880384389421767
19420,3.313398646816999e-05,8.39248466693272,3.556312807757205,16.929608758931042,28.878406233620968
19440,3.316811003816811e-05,8.374575678315727,3.558995252404387,16.943278267265555,28.87684919798567
19460,3.320223360816622e-05,8.331856592938069,3.5619688965943177,16.980746188262636,28.87457167779502
19480,3.323635717816434e-05,8.316970184634197,3.562317073624648,16.993090441827576,28.87237770008642
19500,3.3270480748162455e-05,8.294979746239289,3.5640358529360956,17.01155015511943,28.870565754294816
19520,3.330460431816057e-05,8.285077543741032,3.5629789106576775,17.021078191090563,28.86913464548927
19540,3.333872788815869e-05,8.225697201919427,3.565022883712918,17.07855200414771,28.869272089780054
19560,3.33728514581568e-05,8.183730670411725,3.5700341327629794,17.112545640758736,28.86631044393344
19580,3.340697502815491e-05,8.170187308138665,3.5766422962080027,17.118460532136833,28.8652901364835
19600,3.344109859815303e-05,8.14104759774466,3.580733782529246,17.145778226714917,28.86755960698882
19620,3.3475222168151145e-05,8.125174062556951,3.5845491398811515,17.15826197845671,28.867985180894813
19640,3.3509345738149265e-05,8.090062860481527,3.5921670603240057,17.187684505913943,28.869914426719475
19660,3.354346930814738e-05,8.086421444431098,3.5937126673554505,17.18952706365389,28.86966117544044
19680,3.357759287814549e-05,8.083083629309423,3.5934869209459377,17.193616459653,28.87018700990836
19700,3.361171644814361e-05,8.077031314376871,3.590065392841953,17.202145454294726,28.86924216151355
19720,3.364584001814172e-05,7.993661914066982,3.586497853282424,17.27892271606301,28.859082483412415
19740,3.3679963588139836e-05,7.9773364629292205,3.5883487300446513,17.289230301548283,28.854915494522153
19760,3.3714087158137955e-05,7.950969306067281,3.5915096874513033,17.308885005092286,28.85136399861087
19780,3.374821072813607e-05,7.9299218179536215,3.5929311156856834,17.32650570236759,28.849358636006897
19800,3.378233429813419e-05,7.91379759419204,3.594535465647956,17.339207751075033,28.847540810915028
19820,3.38164578681323e-05,7.8941672368352735,3.5934747993658616,17.35832452549665,28.845966561697786
19840,3.385058143813041e-05,7.832003891401315,3.597963746533418,17.416911452920278,28.846879090855012
19860,3.388470500812853e-05,7.811731610162422,3.602386123314607,17.430014093853288,28.844131827330315
19880,3.3918828578126646e-05,7.792486603757771,3.6061023993627197,17.444223846159073,28.842812849279564
19900,3.395295214812476e-05,7.775249475236865,3.6066913371563722,17.459799472029687,28.841740284422926
19920,3.398707571812288e-05,7.746896101101652,3.6095563132395667,17.484531738583954,28.840984152925174
19940,3.402119928812099e-05,7.705654619086694,3.6123770142388847,17.52379783257352,28.8418294658991
19960,3.405532285811911e-05,7.665140794352468,3.6154333355952857,17.561440710247457,28.842014840195212
19980,3.408944642811722e-05,7.6514779838589995,3.620380208428037,17.570139281291272,28.84199747357831
20000,3.4123569998115336e-05,7.603849253037482,3.6234588317661323,17.61777936469145,28.845087449495065
20020,3.4157693568113455e-05,7.594942056596542,3.6311671741968183,17.619641779463382,28.84575101025674
20040,3.419181713811157e-05,7.55824425826766,3.6342848668466643,17.655855601177997,28.848384726292323
20060,3.422594070810968e-05,7.53788165764229,3.638574388607738,17.67152507543516,28.847981121685187
20080,3.42600642781078e-05,7.522986056602042,3.641943923276315,17.682984804219323,28.847914784097682
20100,3.429418784810591e-05,7.464588268725518,3.646047857669189,17.73813994428715,28.848776070681858
20120,3.432831141810403e-05,7.448167909391649,3.6508605121948112,17.74831994075766,28.84734836234412
20140,3.4362434988102146e-05,7.428180963727297,3.6561344039952943,17.763187172476133,28.847502540198725
20160,3.439655855810026e-05,7.406417341006047,3.659228511868123,17.781951325800627,28.847597178674796
20180,3.443068212809838e-05,7.382592513101115,3.6625695494813173,17.802365511860707,28.84752757444314
20200,3.446480569809649e-05,7.36148177732819,3.666390221030754,17.81968085468591,28.847552853044853
20220,3.4498929268094603e-05,7.327883229998159,3.668038034425344,17.848901745955676,28.84482301037918
20240,3.453305283809272e-05,7.303753656873107,3.6718066759505397,17.8692712004006,28.844831533224248
20260,3.4567176408090836e-05,7.274830721656443,3.675475998799279,17.892144615608988,28.84245133606471
20280,3.4601299978088955e-05,7.255749970038677,3.6792986258479314,17.906873716179057,28.841922312065662
20300,3.463542354808707e-05,7.222604006015476,3.6828887360443505,17.9353211402342,28.84081388229403
20320,3.466954711808518e-05,7.19984128219539,3.6848674073182233,17.954667989515748,28.83937667902936
20340,3.47036706880833e-05,7.177535834722077,3.6898175491897844,17.97082215999493,28.838175543906793
20360,3.473779425808141e-05,7.124312310268426,3.693857370171402,18.024064215680184,28.842233896120014
20380,3.4771917828079526e-05,7.105518333349988,3.6994264193894955,18.035172673380043,28.840117426119527
20400,3.4806041398077646e-05,7.086968896568649,3.7015620332087806,18.049264780519355,28.837795710296785
20420,3.484016496807576e-05,7.048486483043168,3.705405242931094,18.08237348921493,28.836265215189194
20440,3.487428853807388e-05,7.02957270406398,3.7092915988352733,18.095621425350004,28.834485728249255
20460,3.490841210807199e-05,7.002557364979829,3.714418917405724,18.117048645807166,28.83402492819272
20480,3.4942535678070103e-05,6.980596917619854,3.7143314443850737,18.13697854482415,28.831906906829076
20500,3.497665924806822e-05,6.9514543634654125,3.7161554823187326,18.162940143465498,28.830549989249644
20520,3.5010782818066336e-05,6.929073593099958,3.716521045230701,18.183827892164903,28.829422530495563
20540,3.5044906388064455e-05,6.901464756619436,3.7187954684596343,18.208075428608797,28.828335653687866
20560,3.507902995806257e-05,6.859581992819511,3.7216435982308624,18.245522462989385,28.826748054039758
20580,3.511315352806068e-05,6.83951215166705,3.72258410593845,18.26370817367259,28.82580443127809
20600,3.51472770980588e-05,6.809381229506441,3.725063156131694,18.28951552838814,28.823959914026275
20620,3.518140066805691e-05,6.79219156988549,3.7249541137344058,18.305250002055065,28.822395685674962
20640,3.5215524238055026e-05,6.768977067586421,3.725749455888877,18.324784856950195,28.819511380425496
20660,3.5249647808053146e-05,6.699779655236753,3.725399131204329,18.395259632951706,28.820438419392786
20680,3.528377137805126e-05,6.6785878337986055,3.7306168816021295,18.407736068717384,28.816940784118117
20700,3.531789494804938e-05,6.657122418791735,3.7347669200338798,18.42295326193946,28.814842600765072
20720,3.535201851804749e-05,6.629254107655824,3.7402265703682986,18.44377227432872,28.81325295235284
20740,3.5386142088045604e-05,6.599075127482459,3.7454757886497974,18.46887610544046,28.813427021572718
20760,3.542026565804372e-05,6.560871066155504,3.754281742519166,18.498812115526878,28.81396492420155
20780,3.5454389228041836e-05,6.491963388197069,3.7637298328178193,18.569506772117705,28.825199993132593
20800,3.548851279803995e-05,6.465510363105918,3.7805051127880223,18.58113629988382,28.82715177577776
20820,3.552263636803807e-05,6.433140299550714,3.7975823855712596,18.60172091358175,28.832443598703726
20840,3.555675993803618e-05,6.3972835717465255,3.818681419166675,18.62420733533909,28.84017232625229
20860,3.55908835080343e-05,6.368889132130999,3.8362106999509016,18.639697744346147,28.84479757642805
20880,3.562500707803241e-05,6.330933470717079,3.8529588484328974,18.674724046403163,28.85861636555314
20900,3.5659130648030526e-05,6.306977098324761,3.872617823341013,18.683569500537537,28.86316442220331
20920,3.5693254218028646e-05,6.285026899514753,3.888154897904327,18.69367965732875,28.86686145474783
20940,3.572737778802676e-05,6.261095174635939,3.9062602346958037,18.705060903967738,28.87241631329948
20960,3.576150135802487e-05,6.240282182167727,3.9235996803391004,18.71140485746691,28.875286719973737
20980,3.579562492802299e-05,6.222415799449448,3.936138374205614,18.7197326012256,28.878286774880664
21000,3.5829748498021104e-05,6.198110534095491,3.9494830522850823,18.738020959934694,28.885614546315267
21020,3.586387206801922e-05,6.177730546851516,3.963234861141993,18.74830353062069,28.889268938614197
21040,3.5897995638017336e-05,6.161470221655171,3.975642055893144,18.753236063367204,28.89034834091552
21060,3.593211920801545e-05,6.138292573562078,3.9855692089829353,18.771623834168246,28.89548561671326
21080,3.596624277801357e-05,6.125677487607716,3.996170762199292,18.774818013592796,28.8966662633998
21100,3.600036634801168e-05,6.093157792812296,4.004749395229954,18.802862629380435,28.900769817422685
21120,3.6034489918009794e-05,6.077476227774815,4.013869644811966,18.80971834606322,28.901064218650003
21140,3.606861348800791e-05,6.059157668226574,4.022119980860628,18.820491670175972,28.901769319263174
21160,3.6102737058006026e-05,6.034089136076869,4.029597569751668,18.839558822125618,28.903245527954155
21180,3.6136860628004146e-05,6.0136356132613855,4.037870498102732,18.852823214689064,28.90432932605318
21200,3.617098419800226e-05,5.990010501052602,4.04667562066718,18.869041971232456,28.905728092952238
21220,3.620510776800037e-05,5.969066591741359,4.053156548959337,18.884396134015724,28.90661927471642
21240,3.623923133799849e-05,5.938692285135103,4.06162356289472,18.90800765657561,28.908323504605434
21260,3.6273354907996604e-05,5.913535689824204,4.070432171091871,18.925684860761844,28.90965272167792
21280,3.6307478477994716e-05,5.900446008245225,4.078100714191698,18.931055855707815,28.909602578144735
21300,3.6341602047992836e-05,5.8701801863641725,4.085504258603431,18.958009790501468,28.913694235469073
21320,3.637572561799095e-05,5.849035075120007,4.0925566822861725,18.97189812234604,28.91348987975222
21340,3.640984918798907e-05,5.833762901021771,4.100664852755632,18.97917702260712,28.913604776384524
21360,3.644397275798718e-05,5.801769123935312,4.100995755883824,19.014941859650403,28.917706739469537
21380,3.6478096327985294e-05,5.780403703375308,4.109401499850514,19.02896486195717,28.918770065182994
21400,3.651221989798341e-05,5.773681258152255,4.114121935607943,19.03108703026456,28.918890224024757
21420,3.6546343467981526e-05,5.742958824342337,4.115399939393148,19.05985791718445,28.918216680919933
21440,3.658046703797964e-05,5.7275691047372765,4.119071043568637,19.070741325437893,28.917381473743806
21460,3.661459060797776e-05,5.72588717825997,4.11636594595615,19.074487035815125,28.916740160031246
21480,3.664871417797587e-05,5.726655960515931,4.113312834631628,19.077158974780907,28.917127769928467
21500,3.668283774797399e-05,5.71847680388137,4.1070793363684155,19.089042090837072,28.914598231086856
21520,3.6716961317972104e-05,5.660261328205513,4.1022656970056,19.144544332209556,28.90707135742067
21540,3.6751084887970216e-05,5.655775938425054,4.099012445830818,19.151574630874745,28.906363015130616
21560,3.6785208457968336e-05,5.6139345969915295,4.098155531398332,19.192305031056925,28.904395159446786
21580,3.681933202796645e-05,5.607409405135715,4.098828103720654,19.197793394987972,28.90403090384434
21600,3.685345559796457e-05,5.5881862287505895,4.09599237309066,19.21994089198728,28.90411949382853
21620,3.688757916796268e-05,5.577516054900669,4.092754736294698,19.233915363940795,28.904186155136163
21640,3.6921702737960794e-05,5.571492448102532,4.089499363491058,19.24271517194821,28.9037069835418
21660,3.6955826307958913e-05,5.573061833925725,4.082759090516653,19.24794701313612,28.903767937578497
21680,3.6989949877957026e-05,5.528124327854997,4.072284210038083,19.30573699867736,28.906145536570442
21700,3.702407344795514e-05,5.515447706875452,4.0693926443682065,19.31908394733349,28.90392429857715
21720,3.705819701795326e-05,5.493956351819743,4.065716290460589,19.341073496060403,28.900746138340736
21740,3.709232058795137e-05,5.484879595653219,4.0636642045015146,19.351137320819557,28.89968112097429
21760,3.712644415794949e-05,5.455623131334431,4.058368708333795,19.387941462983513,28.901933302651738
21780,3.7160567727947604e-05,5.448620982582988,4.055589410888889,19.39689601870081,28.901106412172687
21800,3.7194691297945716e-05,5.438818214695061,4.054095073566115,19.40825412156426,28.901167409825433
21820,3.7228814867943836e-05,5.427052251541206,4.051128498016793,19.423545236673597,28.901725986231597
21840,3.726293843794195e-05,5.4142591152040165,4.0468885276876785,19.44033333654053,28.901480979432225
21860,3.729706200794006e-05,5.372331361833467,4.044136526931432,19.48722998938553,28.903697878150428
21880,3.733118557793818e-05,5.362633043106365,4.046796182479637,19.49311626036936,28.90254548595536
21900,3.7365309147936294e-05,5.351142965893985,4.044874599812717,19.50549150441467,28.90150907012137
21920,3.7399432717934413e-05,5.330066251235147,4.045106206435279,19.52676716354837,28.901939621218798
21940,3.7433556287932526e-05,5.3183726831582705,4.04298460199591,19.54043975321528,28.901797038369462
21960,3.746767985793064e-05,5.3021473927329374,4.043162754563626,19.55548830977505,28.900798457071616
21980,3.750180342792876e-05,5.273191129174442,4.0414308405771955,19.586128560587007,28.900750530338644
22000,3.753592699792687e-05,5.256020072633182,4.0426655346915785,19.59890434182413,28.89758994914889
22020,3.7570050567924984e-05,5.242612783197602,4.040199229118534,19.614119586572283,28.89693159888842
22040,3.7604174137923104e-05,5.213594972499172,4.04102159839987,19.640042896759287,28.89465946765833
22060,3.7638297707921216e-05,5.194298932770395,4.040580317341545,19.658150309830333,28.893029559942274
22080,3.7672421277919336e-05,5.172360609204349,4.040307082052233,19.67858545466269,28.891253145919272
22100,3.770654484791745e-05,5.154037502835103,4.036940906265435,19.697658265258426,28.888636674358963
22120,3.774066841791556e-05,5.135792388081709,4.035794948681435,19.714469058031252,28.886056394794394
22140,3.777479198791368e-05,5.134342412941162,4.0297317459095225,19.721021101238883,28.885095260089567
22160,3.7808915557911794e-05,5.077873534855326,4.025684202958075,19.78242683639254,28.88598457420594
22180,3.784303912790991e-05,5.072331419331583,4.024097909931525,19.787546822769873,28.88397615203298
22200,3.7877162697908026e-05,5.049722428261614,4.020742487629137,19.811148093215195,28.881613009105948
22220,3.791128626790614e-05,5.030452013786989,4.017104089697416,19.833080503525277,28.880636607009684
22240,3.794540983790426e-05,5.023379540509127,4.009120545443682,19.84687221623954,28.879372302192348
22260,3.797953340790237e-05,5.023305963426937,4.0016619286436335,19.85403553592804,28.87900342799861
22280,3.8013656977900484e-05,4.98662759710167,3.9952231879986155,19.899519192999747,28.881369978100032
22300,3.8047780547898604e-05,4.982825249595459,3.9855753014284105,19.911590907356317,28.879991458380186
22320,3.8081904117896717e-05,4.973185930426175,3.9773610883990878,19.92858274497698,28.87912976380224
22340,3.811602768789483e-05,4.947249494300207,3.967787752261274,19.96322684842324,28.878264094984722
22360,3.815015125789295e-05,4.944200747481606,3.9581476252083414,19.974421740154117,28.876770112844063
22380,3.818427482789106e-05,4.936770323230357,3.9485050629134557,19.990900035746968,28.876175421890782
22400,3.821839839788918e-05,4.922499059505767,3.936619869442818,20.014620572171598,28.873739501120184
22420,3.8252521967887294e-05,4.912625414662867,3.9292089185060424,20.03176782269687,28.873602155865782
22440,3.828664553788541e-05,4.901442846127972,3.9198073528696886,20.050499514636517,28.871749713634177
22460,3.8320769107883526e-05,4.880907204042192,3.9099355784134944,20.07980469163374,28.870647474089424
22480,3.835489267788164e-05,4.875562907819621,3.902980812550166,20.092058909146594,28.87060262951638
22500,3.838901624787975e-05,4.8663383659774855,3.8946476839204762,20.109203506138982,28.870189556036944
22520,3.842313981787787e-05,4.852086697080402,3.882967522318311,20.133147870222068,28.86820208962078
22540,3.8457263387875984e-05,4.85333341782879,3.871092948800896,20.14255498594515,28.866981352574836
22560,3.8491386957874104e-05,4.809827284891025,3.8636777639863356,20.193605563485278,28.867110612362637
22580,3.8525510527872217e-05,4.804148973823455,3.855146461931649,20.208057054639124,28.86735249039423
22600,3.855963409787033e-05,4.799903481341872,3.842443770130999,20.22359323956342,28.86594049103629
22620,3.859375766786845e-05,4.7769278739495835,3.831861744250891,20.259628966654525,28.868418584855
22640,3.862788123786656e-05,4.770611638989483,3.8199601073987686,20.2747852440112,28.865356990399448
22660,3.866200480786468e-05,4.766783405713802,3.809945426141593,20.28826408572234,28.864992917577734
22680,3.8696128377862794e-05,4.760597106024132,3.796409409886773,20.306875206360676,28.863881722271582
22700,3.873025194786091e-05,4.7557395216002565,3.780453172040892,20.32636511011495,28.862557803756097
22720,3.8764375517859026e-05,4.718307588606609,3.7666250374560892,20.37998422229381,28.864916848356508
22740,3.879849908785714e-05,4.720832740103619,3.7550976611502116,20.386596451420935,28.862526852674765
22760,3.883262265785525e-05,4.727689647627522,3.742562450036326,20.3922503436104,28.86250244127425
22780,3.886674622785337e-05,4.708806128361911,3.7287607089503783,20.428822028377716,28.866388865690006
22800,3.8900869797851484e-05,4.708508587937925,3.7163395665832253,20.440641627723082,28.865489782244232
22820,3.8934993367849604e-05,4.686178803854434,3.706368834187988,20.473399699905627,28.86594733794805
22840,3.8969116937847717e-05,4.688516818022265,3.694663587381181,20.48349390451699,28.866674309920434
22860,3.900324050784583e-05,4.662006954371249,3.6856717512042163,20.52286697592104,28.870545681496505
22880,3.903736407784395e-05,4.662129209260187,3.67766696672574,20.53026050854896,28.870056684534887
22900,3.907148764784206e-05,4.654432570271099,3.6703190668898578,20.5451250495378,28.869876686698753
22920,3.9105611217840174e-05,4.62726801000762,3.6600377465967533,20.586229089999485,28.873534846603857
22940,3.9139734787838294e-05,4.6236272878348945,3.6542265643461165,20.594456953961384,28.872310806142394
22960,3.917385835783641e-05,4.600689869188553,3.647223195601172,20.628548273910752,28.876461338700476
22980,3.9207981927834526e-05,4.595743563673484,3.6437422765596867,20.635660004127196,28.875145844360368
23000,3.924210549783264e-05,4.591109031340549,3.6352237088375854,20.648215567399987,28.874548307578124
23020,3.927622906783075e-05,4.586017683648728,3.6275890697416178,20.66048297676315,28.874089730153493
23040,3.931035263782887e-05,4.5758316715620335,3.6220756059785,20.675445767879506,28.87335304542004
23060,3.9344476207826984e-05,4.5386441190417885,3.6179677796753373,20.71873051273212,28.875342411449246
23080,3.93785997778251e-05,4.530913358082573,3.612260168445006,20.730812479857647,28.873986006385227
23100,3.9412723347823217e-05,4.526554155425379,3.6040064695629326,20.742119355010214,28.872679979998527
23120,3.944684691782133e-05,4.495401556511945,3.601326741049464,20.778070498129537,28.874798795690946
23140,3.948097048781945e-05,4.498934922176796,3.5975508846653823,20.779422821695462,28.87590862853764
23160,3.951509405781756e-05,4.4680378324570205,3.589319179732137,20.820662162996264,28.878019175185422
23180,3.9549217627815675e-05,4.4573943274889745,3.5828492221620496,20.835774484060256,28.87601803371128
23200,3.9583341197813794e-05,4.453500684145741,3.5741201578353574,20.84758662192147,28.87520746390257
23220,3.961746476781191e-05,4.433397907050033,3.5671532794135983,20.873654987435113,28.874206173898745
23240,3.965158833781002e-05,4.418935678465285,3.5593903761170305,20.89727518809768,28.875601242679995
23260,3.968571190780814e-05,4.41520855647294,3.54805906433792,20.908927942522496,28.872195563333356
23280,3.971983547780625e-05,4.420946925964272,3.5380283342164347,20.91381955469249,28.8727948148732
23300,3.975395904780437e-05,4.373926071995713,3.5301288916947735,20.968984137021216,28.873039100711704
23320,3.9788082617802484e-05,4.354044881675083,3.5211529635097105,20.99796091113529,28.873158756320084
23340,3.98222061878006e-05,4.353240447732105,3.5115408154706853,21.00645506577738,28.87123632898017
23360,3.985632975779872e-05,4.341448900777777,3.5072616559895353,21.024065175300912,28.872775732068224
23380,3.989045332779683e-05,4.326455669752686,3.4971503422530654,21.049666522843633,28.873272534849384
23400,3.992457689779494e-05,4.323859971042446,3.4890949467352588,21.060079326872575,28.87303424465028
23420,3.995870046779306e-05,4.316806666513626,3.4782231513731436,21.077429236654073,28.87245905454084
23440,3.9992824037791175e-05,4.309883927899348,3.4664859727197945,21.094760748528444,28.871130649147588
23460,4.0026947607789294e-05,4.297273471622066,3.456907028023902,21.1152088254641,28.86938932511007
23480,4.006107117778741e-05,4.280011206734584,3.445240624326644,21.143138492500018,28.868390323561247
23500,4.009519474778552e-05,4.275134267150048,3.4324452881006127,21.158065542880806,28.865645098131466
23520,4.012931831778364e-05,4.268019412619091,3.421845609503299,21.17527281988327,28.86513784200566
23540,4.016344188778175e-05,4.261975980438397,3.4082717715841704,21.193946761686696,28.864194513709265
23560,4.0197565457779865e-05,4.243045233746209,3.399024657633836,21.222201570123435,28.864271461503478
23580,4.0231689027777984e-05,4.2419086976524065,3.3847262557231765,21.237092825480733,28.863727778856315
23600,4.02658125977761e-05,4.234722251112065,3.3737679200726327,21.253607194772503,28.8620973659572
23620,4.029993616777422e-05,4.230043761680001,3.3602492242789403,21.269755032274933,28.860048018233876
23640,4.033405973777233e-05,4.221797558134895,3.347320124195979,21.289850527358702,28.85896820968958
23660,4.036818330777044e-05,4.215817811893238,3.333090556516441,21.308906399632615,28.857814768042296
23680,4.040230687776856e-05,4.1896633192801795,3.319705037944547,21.35151002708031,28.860878384305035
23700,4.0436430447766675e-05,4.1915901069989365,3.309676023003342,21.35849137097484,28.859757500977118
23720,4.0470554017764794e-05,4.1961299625847825,3.2954658234396152,21.367076192538196,28.858671978562594
23740,4.050467758776291e-05,4.178443296904111,3.283335647549585,21.397753020798312,28.85953196525201
23760,4.053880115776102e-05,4.175346997160255,3.2718809906885555,21.412764134532157,28.859992122380966
23780,4.057292472775914e-05,4.171354484069279,3.2583818346745037,21.42908064754191,28.85881696628569
23800,4.060704829775725e-05,4.170042636933231,3.2462419309555717,21.442715160900935,28.858999728789737
23820,4.0641171867755365e-05,4.161019497865928,3.2344120368309737,21.463600694711182,28.859032229408083
23840,4.0675295437753484e-05,4.1590445673430185,3.2191270452134404,21.47866850729156,28.856840119848016
23860,4.07094190077516e-05,4.157921274420326,3.205784695941976,21.493019303744877,28.856725274107177
23880,4.074354257774972e-05,4.1349400188676455,3.19485375342573,21.528772577066743,28.858566349360117
23900,4.077766614774783e-05,4.137897516120578,3.1855411127170226,21.533583272146124,28.857021900983725
23920,4.081178971774594e-05,4.117515134754267,3.1774143818564893,21.5666286446198,28.86155816123056
23940,4.084591328774406e-05,4.110217353520979,3.1708405816066243,21.580374374958726,28.86143231008633
23960,4.0880036857742175e-05,4.105695862252449,3.162393329972358,21.591766392413422,28.85985558463823
23980,4.091416042774029e-05,4.094464696194445,3.159945691684312,21.605313590312036,28.859723978190793
24000,4.094828399773841e-05,4.084896249182913,3.155271345259542,21.618914045737814,28.859081640180268
24020,4.098240756773652e-05,4.082500663090988,3.148694710755757,21.62777713607874,28.858972509925486
24040,4.101653113773464e-05,4.047744660140724,3.1474216638388794,21.666379701099952,28.861546025079555
24060,4.105065470773275e-05,4.0397848259255795,3.1446748772064446,21.6762468355847,28.860706538716723
24080,4.1084778277730865e-05,4.019063282785499,3.1474007816420495,21.695643567240584,28.86210763166813
24100,4.1118901847728984e-05,4.008845851072241,3.145128640825861,21.707466913307897,28.861441405206
24120,4.11530254177271e-05,3.9887922224121803,3.1433214604406396,21.7311528050083,28.863266487861118
24140,4.118714898772521e-05,3.9760924469955707,3.147974724971973,21.739640480715916,28.86370765268346
24160,4.122127255772333e-05,3.962913504112357,3.150722548701165,21.75136986841984,28.86500592123336
24180,4.125539612772144e-05,3.9440797408147454,3.152322452819664,21.768485781361495,28.864887974995902
24200,4.128951969771956e-05,3.9285320780801913,3.153968246688495,21.78292516593884,28.865425490707523
24220,4.1323643267717675e-05,3.912229980171855,3.1569557376139223,21.795314589757442,28.86450030754322
24240,4.135776683771579e-05,3.8830004793387407,3.1628360830067037,21.8218759980715,28.867712560416948
24260,4.139189040771391e-05,3.8701753299805546,3.1681135528474598,21.82853549986672,28.866824382694737
24280,4.142601397771202e-05,3.8460646526277817,3.1748837781343617,21.84881593635702,28.869764367119163
24300,4.146013754771013e-05,3.8322258568045493,3.179684008795962,21.856180893786224,28.868090759386735
24320,4.149426111770825e-05,3.81335958186161,3.1866668308320043,21.86924234853116,28.869268761224774
24340,4.1528384687706365e-05,3.792863139662974,3.195139947201258,21.881713989434722,28.869717076298954
24360,4.1562508257704484e-05,3.777828919135107,3.201404114577438,21.891713726622022,28.87094676033457
24380,4.15966318277026e-05,3.753603221997571,3.2075518834222367,21.909487122930564,28.87064222835037
24400,4.163075539770071e-05,3.7322063431716823,3.216820049437502,21.922963229105584,28.871989621714768
24420,4.166487896769883e-05,3.713902715964818,3.2264405298423675,21.93211805679166,28.872461302598843
24440,4.169900253769694e-05,3.6868201074615947,3.23470816691687,21.95317477075466,28.874703045133124
24460,4.1733126107695055e-05,3.66923565332611,3.2475453603509026,21.959449492473023,28.876230506150037
24480,4.1767249677693175e-05,3.642362777385425,3.2597952890679047,21.976309717374004,28.878467783827332
24500,4.180137324769129e-05,3.6249996097974626,3.269274161391522,21.985032083123876,28.87930585431286
24520,4.183549681768941e-05,3.6050717789425226,3.2806885864695117,21.994505087779938,28.880265453191974
24540,4.186962038768752e-05,3.5837500340443924,3.294230529373444,22.00370800515708,28.881688568574916
24560,4.190374395768563e-05,3.5551880278769232,3.3074326134574727,22.020776869947724,28.88339751128212
24580,4.193786752768375e-05,3.53492985018228,3.319285133830918,22.028592933709135,28.88280791772233
24600,4.1971991097681865e-05,3.5042158585229695,3.3372573300706208,22.041618538503148,28.883091727096737
24620,4.200611466767998e-05,3.4818536371259183,3.3492080085715568,22.049940300098584,28.881001945796058
24640,4.20402382376781e-05,3.4498602855849416,3.366049405968772,22.065126522912994,28.881036214466707
24660,4.207436180767621e-05,3.4184938793675643,3.3892984135209843,22.07339836820374,28.88119066109229
24680,4.210848537767433e-05,3.389200587289266,3.4132552865361268,22.081929211963374,28.884385085788765
24700,4.214260894767244e-05,3.3594670292478335,3.4317315180039842,22.09486093716525,28.886059484417068
24720,4.2176732517670555e-05,3.329821404781004,3.4542118146402556,22.104020804436047,28.888054023857308
24740,4.2210856087668675e-05,3.303102569005741,3.4747446562065405,22.1134431117358,28.89129033694808
24760,4.224497965766679e-05,3.274877088134663,3.497512631293996,22.122295884969752,28.89468560439841
24780,4.22791032276649e-05,3.2431158931274062,3.5157091618436986,22.141661971202062,28.900487026173167
24800,4.231322679766302e-05,3.218524880259367,3.5355148300733825,22.149772078895786,28.903811789228534
24820,4.234735036766113e-05,3.191833430388926,3.5540328145979485,22.162209152887158,28.908075397874033
24840,4.238147393765925e-05,3.1702931126562093,3.5706048883429955,22.16977355288239,28.910671553881595
24860,4.2415597507657365e-05,3.141492944504804,3.5907888958800402,22.18571479969594,28.917996640080787
24880,4.244972107765548e-05,3.1210812766613794,3.6069325926852973,22.192570626037863,28.92058449538454
24900,4.24838446476536e-05,3.0968288900748,3.627317824396967,22.200388271606077,28.924534986077845
24920,4.251796821765171e-05,3.074404551302188,3.6456347960166373,22.20898753121716,28.929026878535986
24940,4.255209178764983e-05,3.048379384965011,3.6662419253951923,22.221329100843707,28.935950411203912
24960,4.258621535764794e-05,3.0271702192321586,3.6852256977463194,22.226263179827743,28.93865909680622
24980,4.2620338927646055e-05,3.002717419914535,3.7073105628209424,22.2319090376324,28.941937020367874
25000,4.2654462497644175e-05,2.9805081815970795,3.7270582130257752,22.237899041946804,28.94546543656966
25020,4.268858606764229e-05,2.959813239393341,3.746136851269439,22.243032625980256,28.948982716643037
25040,4.27227096376404e-05,2.936132303331521,3.7679429088307486,22.248716652555913,28.952791864718183
25060,4.275683320763852e-05,2.9157563107429545,3.7867673382051192,22.25288327658738,28.955406925535453
25080,4.279095677763663e-05,2.8973832919968454,3.8035736725397213,22.25740676156147,28.958363726098035
25100,4.282508034763475e-05,2.8807036506315127,3.8190658850237216,22.261853194479876,28.96162273013511
25120,4.2859203917632865e-05,2.864489779749702,3.833761305174329,22.266502538041003,28.964753622965034
25140,4.289332748763098e-05,2.8480926363698913,3.849525513553681,22.269559798121204,28.967177948044778
25160,4.29274510576291e-05,2.8304753686942252,3.866430348133213,22.272779493636115,28.969685210463552
25180,4.296157462762721e-05,2.817340034893721,3.878892645414916,22.275228666848225,28.97146134715686
25200,4.299569819762532e-05,2.8037417749784557,3.8923104599948695,22.276787999470997,28.972840234444323
25220,4.302982176762344e-05,2.7904370142387114,3.904412419836101,22.28107384950789,28.975923283582702
25240,4.3063945337621555e-05,2.7785643464256435,3.9157746687880617,22.282280041636856,28.97661905685056
25260,4.3098068907619675e-05,2.7658583175347164,3.927392987524605,22.286380503110532,28.979631808169856
25280,4.313219247761779e-05,2.7553956709017813,3.937407356344504,22.288735032985045,28.98153806023133
25300,4.31663160476159e-05,2.7439599779681654,3.948331842424168,22.29141359453554,28.983705414927876
25320,4.320043961761402e-05,2.7342194855479613,3.95751432022117,22.293754917936564,28.985488723705693
25340,4.323456318761213e-05,2.7244522617325555,3.9670551960119336,22.29540399367607,28.98691145142056
25360,4.3268686757610245e-05,2.714740866928555,3.9759046965716167,22.29875920404983,28.989404767550003
25380,4.3302810327608365e-05,2.707783371112589,3.982642524590031,22.30070574598967,28.99113164169229
25400,4.333693389760648e-05,2.699970309240495,3.989768418341603,22.301770208466117,28.991508936048213
25420,4.33710574676046e-05,2.691858731465497,3.998133386229114,22.30293694248046,28.992929060175072
25440,4.340518103760271e-05,2.6827835852971003,4.005859338737407,22.306565470493585,28.995208394528092
25460,4.343930460760082e-05,2.678404549395165,4.009502735994218,22.309065002222695,28.996972287612078
25480,4.347342817759894e-05,2.671592274420238,4.016018236715501,22.311018991143015,28.998629502278753
25500,4.3507551747597055e-05,2.6677496138405994,4.018803750102849,22.313613187165032,29.00016655110848
25520,4.354167531759517e-05,2.6624909822341687,4.023812440759021,22.316301131204686,29.002604554197873
25540,4.357579888759329e-05,2.65839661779335,4.027504043304325,22.31786515169407,29.00376581279174
25560,4.36099224575914e-05,2.654090803741963,4.030761423024214,22.32184394913438,29.006696175900558
25580,4.364404602758952e-05,2.6517946935277834,4.032508950809124,22.323928309165222,29.00823195350213
25600,4.367816959758763e-05,2.647362533905223,4.036518016608365,22.325738035532535,29.009618586046123
25620,4.3712293167585746e-05,2.646787870230786,4.036699927165629,22.327781707209446,29.011269504605863
25640,4.3746416737583865e-05,2.6432828786330447,4.03964499688578,22.33121916797959,29.014147043498415
25660,4.378054030758198e-05,2.6434617644378156,4.038655464395273,22.33333214945802,29.01544937829111
25680,4.381466387758009e-05,2.640311395687289,4.041216514099167,22.33627457397093,29.017802483757386
25700,4.384878744757821e-05,2.637697847671438,4.043108036558512,22.33867708543436,29.01948296966431
25720,4.388291101757632e-05,2.636663670686747,4.043654496374534,22.341143474281317,29.021461641342597
25740,4.391703458757444e-05,2.6377666247823175,4.041918085363096,22.343397888008553,29.023082598153966
25760,4.3951158157572555e-05,2.6347674048603977,4.043357517197171,22.34653707163555,29.024661993693115
25780,4.398528172757067e-05,2.634220826426999,4.043903617751833,22.349220436006565,29.027344880185396
25800,4.401940529756879e-05,2.63410073750838,4.0429784148296335,22.3513525148277,29.028431667165712
25820,4.40535288675669e-05,2.635802594495055,4.0406656809479795,22.35407143302595,29.030539708468986
25840,4.408765243756501e-05,2.6363357979355846,4.040136498445595,22.35504376335497,29.03151605973615
25860,4.412177600756313e-05,2.64037079491574,4.03559412481121,22.35606464884127,29.03202956856822
25880,4.4155899577561246e-05,2.6400217141523243,4.03591050888136,22.356573489763733,29.032505712797416
25900,4.4190023147559365e-05,2.642981629060772,4.032833895925902,22.357874507842595,29.03369003282927
25920,4.422414671755748e-05,2.645571221547561,4.0294546953784725,22.35978740017716,29.034813317103193
25940,4.425827028755559e-05,2.645977108622081,4.0269206066950005,22.365701570856746,29.038599286173827
25960,4.429239385755371e-05,2.6466997796169,4.02609229967556,22.368180668524122,29.040972747816582
25980,4.432651742755182e-05,2.6505072649465715,4.021654078333072,22.37081718669766,29.042978529977304
26000,4.436064099754994e-05,2.64931767500912,4.023019375645204,22.372611865204643,29.044948915858967
26020,4.4394764567548055e-05,2.6514848375883515,4.0202280338348775,22.373730643108885,29.045443514532113
26040,4.442888813754617e-05,2.651942326472956,4.019636309995088,22.37652700529694,29.048105641764984
26060,4.446301170754429e-05,2.6521724591711835,4.018335331718547,22.378321421145465,29.048829212035194
26080,4.44971352775424e-05,2.6507070972238367,4.020058890278629,22.379855442864603,29.05062143036707
26100,4.453125884754051e-05,2.6526520723966316,4.0175718492149795,22.38156067593193,29.05178459754354
26120,4.456538241753863e-05,2.6524822932967798,4.0170388134774155,22.383548417373042,29.053069524147237
26140,4.4599505987536746e-05,2.6535353712126764,4.015391035687936,22.385163055301465,29.05408946220208
26160,4.4633629557534865e-05,2.6538809049041134,4.015295129693161,22.386432529139938,29.055608563737213
26180,4.466775312753298e-05,2.654893581948045,4.013489313458869,22.388848530596093,29.057231426003007
26200,4.470187669753109e-05,2.653143215167745,4.015166938962379,22.39036581738469,29.058675971514816
26220,4.473600026752921e-05,2.652937844591447,4.0147325598698895,22.392303951005083,29.05997435546642
26240,4.477012383752732e-05,2.65494089772279,4.01284628145768,22.39346077084596,29.061247950026427
26260,4.4804247407525436e-05,2.6527553241079764,4.014825395761005,22.395523182016845,29.063103901885825
26280,4.4838370977523555e-05,2.6538839135659194,4.0133525601121836,22.39673891253065,29.063975386208753
26300,4.487249454752167e-05,2.6532083809475853,4.013478776966277,22.39870511106703,29.065392268980894
26320,4.490661811751979e-05,2.655381810455062,4.011037393285526,22.401287943570388,29.067707147310976
26340,4.49407416875179e-05,2.6518261739883218,4.014225623851996,22.40353562000339,29.069587417843707
26360,4.497486525751601e-05,2.653398253780395,4.01216763566105,22.405896584377512,29.071462473818958
26380,4.500898882751413e-05,2.6546218176192715,4.009937379632189,22.40726031358098,29.07181951083244
26400,4.5043112397512246e-05,2.6560940468246916,4.008306050427546,22.409737075060313,29.07413717231255
26420,4.507723596751036e-05,2.6550820416542753,4.008719392856115,22.411697232683085,29.075498667193475
26440,4.511135953750848e-05,2.6577961244213686,4.005951280579343,22.413684846476652,29.077432251477365
26460,4.514548310750659e-05,2.6599777262114594,4.002969624657533,22.41538015341962,29.078327504288612
26480,4.517960667750471e-05,2.661737350343783,4.000416720447917,22.417806977521423,29.079961048313123
26500,4.521373024750282e-05,2.664805895837982,3.9972783280386732,22.419308037962264,29.081392261838918
26520,4.5247853817500936e-05,2.66962544564563,3.9915388185708367,22.42153007956447,29.082694343780936
26540,4.5281977387499055e-05,2.674270932160525,3.986526659837363,22.423532462415288,29.084330054413176
26560,4.531610095749717e-05,2.6777394269139547,3.983097663766912,22.42438514487181,29.085222235552678
26580,4.535022452749528e-05,2.684715603531975,3.9753902246950337,22.42669437972329,29.086800207950297
26600,4.53843480974934e-05,2.691565701661606,3.968772927020585,22.42862088108374,29.08895950976593
26620,4.541847166749151e-05,2.7005851621707424,3.959060546859709,22.429856805532307,29.08950251456276
26640,4.545259523748963e-05,2.704628693266995,3.954961116005841,22.431311454960206,29.09090126423304
26660,4.5486718807487746e-05,2.7135448726840945,3.9452836108940312,22.43344512960425,29.09227361318238
26680,4.552084237748586e-05,2.723939288555853,3.9347955169026543,22.434729008432825,29.093463813891333
26700,4.555496594748398e-05,2.7338533767383617,3.9238899249150165,22.43650866064868,29.09425196230206
26720,4.558908951748209e-05,2.743913935919297,3.913739927389651,22.438344835787017,29.095998699095965
26740,4.5623213087480204e-05,2.7529922335490546,3.9045623714267443,22.439956542920566,29.097511147896363
26760,4.565733665747832e-05,2.7652500837974934,3.8915841732654304,22.44170231143599,29.098536568498915
26780,4.5691460227476436e-05,2.775621957673226,3.880426611886731,22.443262824078143,29.0993113936381
26800,4.5725583797474555e-05,2.78814863248708,3.867860188921558,22.444598496040786,29.100607317449423
26820,4.575970736747267e-05,2.797583225905625,3.8581670932535865,22.44612289190917,29.10187321106838
26840,4.579383093747078e-05,2.8108809887815784,3.8446824196782274,22.44770602717142,29.103269435631226
26860,4.58279545074689e-05,2.8240025891204725,3.8306998323763604,22.44938089575641,29.10408331725324
26880,4.586207807746701e-05,2.8348043551930244,3.8191648178109365,22.45081767797086,29.104786850974822
26900,4.5896201647465126e-05,2.8464481047793613,3.807798544941327,22.45162227987087,29.10586892959156
26920,4.5930325217463246e-05,2.8579438626530624,3.7957806021974383,22.45289730585186,29.10662177070236
26940,4.596444878746136e-05,2.8661992227667774,3.7872327288296623,22.454861475134095,29.108293426730533
26960,4.599857235745948e-05,2.8781443054657037,3.774968793180281,22.456249875043387,29.10936297368937
26980,4.603269592745759e-05,2.887882813407035,3.764878707764226,22.457566512971454,29.110328034142714
27000,4.6066819497455704e-05,2.900532437028044,3.7518623278017342,22.45868304357125,29.111077808401028
27020,4.610094306745382e-05,2.910089931410194,3.7420883895436012,22.460261823078206,29.112440144032
27040,4.6135066637451936e-05,2.919099954591654,3.73333090713086,22.46157859512624,29.114009456848756
27060,4.6169190207450055e-05,2.9283573478265517,3.7239596953219354,22.46288291855319,29.115199961701677
27080,4.620331377744817e-05,2.9396390108426638,3.7123834814985415,22.46428351915494,29.116306011496143
27100,4.623743734744628e-05,2.949535301019545,3.7025033773913543,22.46558510098735,29.11762377939825
27120,4.62715609174444e-05,2.960457621249309,3.691163671393878,22.466985705132586,29.11860699777577
27140,4.630568448744251e-05,2.970078310372071,3.681106819432333,22.4684294834579,29.119614613262303
27160,4.6339808057440626e-05,2.9821022810890327,3.669474343837261,22.469697602223917,29.12127422715021
27180,4.6373931627438746e-05,2.9928472253236995,3.657739380844178,22.471292869321374,29.12187947548925
27200,4.640805519743686e-05,3.0028738588292807,3.6477079684551703,22.473075185663895,29.123657012948346
27220,4.644217876743498e-05,3.0127687485586767,3.637461110100975,22.474452707897914,29.124682566557567
27240,4.647630233743309e-05,3.023147437055295,3.6269331758023493,22.476183493929746,29.12626410678739
27260,4.6510425907431204e-05,3.033847818013463,3.6157433753994748,22.47751134395543,29.12710253736837
27280,4.654454947742932e-05,3.0471448909359506,3.6024669221071774,22.477952637871365,29.12756445091449
27300,4.6578673047427436e-05,3.0563279323475263,3.592618294534869,22.480343702099628,29.129289928982022
27320,4.661279661742555e-05,3.0676781740028183,3.581164748067555,22.481468065520147,29.13031098759052
27340,4.664692018742367e-05,3.0774871187100996,3.5703524364278967,22.483239108129478,29.131078663267473
27360,4.668104375742178e-05,3.0865814599859123,3.561458215453191,22.484812680451085,29.132852355890186
27380,4.67151673274199e-05,3.09918535485425,3.5482430881925735,22.48652576447052,29.133954207517345
27400,4.6749290897418013e-05,3.107906995134932,3.5390145831213236,22.487952660391464,29.13487423864772
27420,4.6783414467416126e-05,3.11935601546191,3.527005529902859,22.489805248086743,29.136166793451512
27440,4.6817538037414246e-05,3.12855222379008,3.517533632544245,22.491517031871705,29.13760288820603
27460,4.685166160741236e-05,3.1396714735939524,3.5062268166504347,22.492925690154593,29.138823980398982
27480,4.688578517741047e-05,3.150309216882377,3.4955174996204947,22.494151434217592,29.139978150720463
27500,4.691990874740859e-05,3.1619003786067834,3.482956313489294,22.495586774230794,29.14044346632687
27520,4.6954032317406704e-05,3.174389237415477,3.4706499353466915,22.497144555703308,29.142183728465476
27540,4.698815588740482e-05,3.184466785907641,3.460055772050304,22.498484332075897,29.143006890033842
27560,4.7022279457402936e-05,3.1934592473549968,3.450910201087194,22.500107056126893,29.144476504569084
27580,4.705640302740105e-05,3.2051932341963925,3.438717806343108,22.501140169870308,29.145051210409807
27600,4.709052659739917e-05,3.215890738823716,3.4281014831597205,22.502625311003204,29.14661753298664
27620,4.712465016739728e-05,3.2270688704055934,3.4164630852941467,22.50424710281243,29.147779058512167
27640,4.7158773737395394e-05,3.2349717878817206,3.4082838695915307,22.505504338759664,29.148759996232915
27660,4.7192897307393513e-05,3.2445862950352926,3.398023681769395,22.506883212189273,29.149493188993958
27680,4.7227020877391626e-05,3.254319456981096,3.3878942575770346,22.508429247250625,29.150642961808757
27700,4.7261144447389746e-05,3.263068919659894,3.3793506368926534,22.509611903851447,29.152031460403993
27720,4.729526801738786e-05,3.268843977332655,3.373132013543187,22.510912425182358,29.1528884160582
27740,4.732939158738597e-05,3.281127766945014,3.3603514063118163,22.512480275250084,29.153959448506914
27760,4.736351515738409e-05,3.2886673376597377,3.35284925060187,22.513583109705255,29.15509969796686
27780,4.7397638727382204e-05,3.2962760032553584,3.344809416044745,22.51494818217418,29.156033601474284
27800,4.7431762297380316e-05,3.3038670590769454,3.337167498072163,22.516549267871717,29.157583825020826
27820,4.7465885867378436e-05,3.313570663397189,3.326849033589964,22.517823562282558,29.15824325926971
27840,4.750000943737655e-05,3.3215592421461917,3.3188728701764068,22.51935184105318,29.15978395337578
27860,4.753413300737467e-05,3.331329347211094,3.308340658240494,22.520721546832846,29.160391552284434
27880,4.756825657737278e-05,3.339910695826748,3.2999610548230285,22.521873363159745,29.161745113809523
27900,4.7602380147370894e-05,3.3460293891170636,3.2937352054293054,22.523105986976443,29.16287058152281
27920,4.7636503717369013e-05,3.356304214939156,3.282915102130507,22.52419664015509,29.163415957224753
27940,4.7670627287367126e-05,3.3636259286848214,3.2753716246582183,22.525605440015525,29.164602993358564
27960,4.770475085736524e-05,3.3682848378567747,3.270575742364723,22.526836379076496,29.165696959297993
27980,4.773887442736336e-05,3.375040244395824,3.2629881439808806,22.528364008424354,29.166392396801058
28000,4.777299799736147e-05,3.382979716451972,3.2549291956555657,22.529498231096973,29.16740714320451
28020,4.780712156735959e-05,3.3907364752036884,3.2461945639928045,22.530720269929304,29.167651309125798
28040,4.7841245137357704e-05,3.396538610838306,3.240440809773194,22.53209728578024,29.16907670639174
28060,4.7875368707355817e-05,3.402542185125293,3.234181199944634,22.53313432792963,29.16985771299956
28080,4.7909492277353936e-05,3.40877127582252,3.2279233400413725,22.534005073826304,29.170699689690196
28100,4.794361584735205e-05,3.416747634157184,3.219542588425551,22.53576377246788,29.172053995050618
28120,4.797773941735017e-05,3.424041069142547,3.211929926873413,22.53715573063017,29.17312672664613
28140,4.801186298734828e-05,3.432126285976111,3.203580955745274,22.538549781153307,29.17425702287469
28160,4.8045986557346394e-05,3.4409760827931124,3.194020204673548,22.539899424714513,29.174895712181172
28180,4.8080110127344514e-05,3.4497785471751556,3.185423062397872,22.541029863805225,29.17623147337825
28200,4.8114233697342626e-05,3.4612774057512485,3.173166608739897,22.54237603462142,29.176820049112564
28220,4.814835726734074e-05,3.4682130833049714,3.1665689483254305,22.543725448272564,29.178507479902965
28240,4.818248083733886e-05,3.4822146740187003,3.1524262356882575,22.544831064712003,29.17947197441896
28260,4.821660440733697e-05,3.4912576348910713,3.1428943281391,22.546133186478702,29.180285149508872
28280,4.825072797733509e-05,3.5030514793176626,3.130669854304111,22.547183184205316,29.180904517827088
28300,4.8284851547333204e-05,3.517293194346966,3.116496368863577,22.548547726486955,29.1823372896975
28320,4.8318975117331317e-05,3.5310993076584993,3.1020081582982977,22.549947140988145,29.183054606944943
28340,4.8353098687329436e-05,3.5437249617441213,3.089437602725037,22.551284753552007,29.184447318021164
28360,4.838722225732755e-05,3.557199185667118,3.075657727788509,22.552543561302187,29.185400474757813
28380,4.842134582732566e-05,3.572557607160544,3.0600179479100387,22.554037045183232,29.186612600253817
28400,4.845546939732378e-05,3.586858300950791,3.0457805722456515,22.55534019528359,29.187979068480033
28420,4.8489592967321894e-05,3.60310522757679,3.0289433613863332,22.556444354787764,29.188492943750887
28440,4.8523716537320014e-05,3.618842155520418,3.01291337175751,22.557652206414105,29.189407733692033
28460,4.8557840107318126e-05,3.637128663363672,2.9942031398493207,22.55906976838816,29.19040157160115
28480,4.859196367731624e-05,3.654541777744602,2.976117938625324,22.560133400191216,29.190793116561142
28500,4.862608724731436e-05,3.6719648759288783,2.9593232380933525,22.56135677751096,29.19264489153319
28520,4.866021081731247e-05,3.6896166641388,2.9406338005498838,22.562535401238737,29.19278586592742
28540,4.8694334387310584e-05,3.7098763104249457,2.9209118136201706,22.56335675175167,29.194144875796788
28560,4.8728457957308704e-05,3.7303365137910953,2.9000292044587925,22.564682211638594,29.19504792988848
28580,4.8762581527306817e-05,3.7499540454195577,2.8805436101250326,22.565752063630878,29.19624971917547
28600,4.8796705097304936e-05,3.7699567095094557,2.859702092196066,22.566915502177082,29.196574303882603
28620,4.883082866730305e-05,3.789722186385288,2.839980167496523,22.568077807618486,29.197780161500297
28640,4.886495223730116e-05,3.809541498076263,2.8196010672147307,22.569180054136915,29.19832261942791
28660,4.889907580729928e-05,3.8318756953178834,2.7973987037769024,22.570134558574875,29.19940895766966
28680,4.8933199377297394e-05,3.850270209539865,2.7791095598517157,22.57118398900466,29.20056375839624
28700,4.896732294729551e-05,3.873018327317575,2.7556620485272467,22.57239261424396,29.201072990088782
28720,4.9001446517293626e-05,3.8950253485688964,2.7336073315814247,22.57325692597099,29.201889606121313
28740,4.903557008729174e-05,3.914443017300124,2.7140296828642674,22.574503930571808,29.2029766307362
28760,4.906969365728986e-05,3.937386654751659,2.69121313582385,22.575566458454958,29.204166249030465
28780,4.910381722728797e-05,3.956769363348567,2.671736200204667,22.576724834382958,29.20523039793619
28800,4.9137940797286084e-05,3.976577654860476,2.6513062923001995,22.57786306819727,29.205747015357947
28820,4.9172064367284204e-05,3.9992102990144045,2.6283881499086554,22.579176451949365,29.206774900872425
28840,4.920618793728232e-05,4.016950477154571,2.610583026082054,22.580029240194875,29.207562743431502
28860,4.924031150728043e-05,4.0378241843482146,2.5896364793855806,22.58118539966801,29.208646063401805
28880,4.927443507727855e-05,4.0578864460760276,2.569436704872404,22.58230373695743,29.209626887905863
28900,4.930855864727666e-05,4.0773395559387,2.5500401118075677,22.58323993622908,29.21061960397535
28920,4.934268221727478e-05,4.095257128361362,2.531791169627149,22.584394972024036,29.211443270012545
28940,4.9376805787272894e-05,4.113758367673687,2.5126910668951274,22.585523176000727,29.21197261056954
28960,4.941092935727101e-05,4.133021127714052,2.493310776059469,22.586422882224973,29.21275478599849
28980,4.9445052927269126e-05,4.1475426189791875,2.479169043124446,22.587564640470333,29.214276302573968
29000,4.947917649726724e-05,4.165268950228412,2.460686833972395,22.588738001186563,29.214693785387368
29020,4.951330006726535e-05,4.180965529680491,2.4451064220753533,22.589695844546753,29.215767796302597
29040,4.954742363726347e-05,4.199407319670309,2.4255329485037027,22.590780180699767,29.21572044887378
29060,4.9581547207261584e-05,4.213131718199243,2.4125139312036072,22.591957347129167,29.217602996532015
29080,4.9615670777259704e-05,4.226695537654461,2.3983627880627973,22.59272120490704,29.2177795306243
29100,4.964979434725782e-05,4.242167487174544,2.3827375180325996,22.593943312633524,29.218848317840667
29120,4.968391791725593e-05,4.254585290864207,2.3701136367278637,22.594991655235262,29.219690582827333
29140,4.971804148725405e-05,4.269553831676212,2.354474402935941,22.595904409224215,29.219932643836366
29160,4.975216505725216e-05,4.28265077703565,2.3411922215188468,22.597024177751116,29.220867176305614
29180,4.978628862725028e-05,4.295717627753794,2.3280764703899663,22.598195887989156,29.221989986132918
29200,4.9820412197248394e-05,4.30960772209891,2.3134401801509443,22.59916400838805,29.222211910637906
29220,4.985453576724651e-05,4.322541291100247,2.300437964339286,22.60055754177888,29.223536797218415
29240,4.9888659337244626e-05,4.334240305830899,2.2884920023438373,22.601598760040993,29.22433106821573
29260,4.992278290724274e-05,4.349699205272078,2.2732796215159543,22.602778180637632,29.225757007425663
29280,4.995690647724085e-05,4.3599956568305185,2.2624606796140116,22.603937307449957,29.22639364389449
29300,4.999103004723897e-05,4.371639546892067,2.2508947881408354,22.60513227078048,29.227666605813383
29320,5.0025153617237084e-05,4.386994677503491,2.235196879697365,22.606285592847808,29.228477150048665
29340,5.0059277187235204e-05,4.400232363247542,2.2210581048958975,22.60748012969092,29.22877059783436
29360,5.009340075723332e-05,4.412789518941718,2.208967368372013,22.608723445458224,29.230480332771954
29380,5.012752432723143e-05,4.4247895937357224,2.1967236743841103,22.60977146833475,29.231284736454583
29400,5.016164789722955e-05,4.439307766074584,2.182021453480558,22.610989499095005,29.23231871865015
29420,5.019577146722766e-05,4.45322765065195,2.1678516511302024,22.612212715018615,29.233292016800767
29440,5.0229895037225775e-05,4.466852979062363,2.154121587554476,22.613277884407037,29.234252451023877
29460,5.0264018607223894e-05,4.480383047009953,2.140431870562747,22.614557644864206,29.235372562436908
29480,5.029814217722201e-05,4.4945605971795,2.1256822478098694,22.615777701589238,29.236020546578608
29500,5.0332265747220126e-05,4.511925277100077,2.1082899452370554,22.616925295556353,29.237140517893486
29520,5.036638931721824e-05,4.527762539432916,2.0915649747872256,22.61771440026848,29.23704191448862
29540,5.040051288721635e-05,4.543516917350804,2.075742621008752,22.619793033279507,29.239052571639064
29560,5.043463645721447e-05,4.5612903767455935,2.0578420552697887,22.620734548596126,29.23986698061151
29580,5.0468760027212584e-05,4.579959246698115,2.039179145314534,22.62184569082297,29.240984082835617
29600,5.05028835972107e-05,4.595381222613036,2.0229054458930364,22.623075964409065,29.241362632915138
29620,5.053700716720882e-05,4.6137895148003585,2.0049822257291763,22.624119315249935,29.24289105577947
29640,5.057113073720693e-05,4.633258166967226,1.984403470798758,22.625610515231273,29.243272152997257
29660,5.060525430720505e-05,4.650066172131604,1.9676856352173553,22.626853777062262,29.24460558441122
29680,5.063937787720316e-05,4.670022689603999,1.9471646839568706,22.62798236304745,29.24516973660832
29700,5.0673501447201275e-05,4.685918150757813,1.9320451644422165,22.629492744959183,29.247456060159212
29720,5.0707625017199394e-05,4.705701420252672,1.9111737211386832,22.630753929065992,29.24762907045735
29740,5.074174858719751e-05,4.721998108335206,1.8950904810844191,22.63194081783581,29.249029407255435
29760,5.077587215719562e-05,4.739980074677581,1.876039679620796,22.63321528083608,29.249235035134454
29780,5.080999572719374e-05,4.757471063662847,1.8583790617860414,22.63504400800982,29.250894133458708
29800,5.084411929719185e-05,4.770828026149469,1.8449313337060806,22.63626549399168,29.252024853847228
29820,5.087824286718997e-05,4.787973476730947,1.8274208536371845,22.637856673366905,29.253251003735038
29840,5.0912366437188084e-05,4.802199284029075,1.8126831892765627,22.639236159867096,29.254118633172734
29860,5.09464900071862e-05,4.81630782480096,1.7987195012409434,22.640255482202665,29.25528280824457
29880,5.098061357718432e-05,4.826742248457726,1.787430101107639,22.641732382577494,29.25590473214286
29900,5.101473714718243e-05,4.838011717189666,1.776356101782909,22.643196435300602,29.257564254273177
29920,5.104886071718054e-05,4.848166344353885,1.765366987692039,22.644422246163515,29.25795557820944
29940,5.108298428717866e-05,4.859178266276311,1.7542884117861761,22.64589181555041,29.259358493612897
29960,5.1117107857176775e-05,4.864224846094936,1.7496087491183654,22.647426911026983,29.261260506240284
29980,5.1151231427174894e-05,4.871128228899521,1.7419683841958837,22.648594932353486,29.26169154544889
30000,5.118535499717301e-05,4.875759109474446,1.7370805172392179,22.649856514926714,29.262696141640376
30020,5.121947856717112e-05,4.878493338901487,1.7338605700480099,22.65119295200696,29.263546860956456
30040,5.125360213716924e-05,4.8826287033238245,1.729275311521242,22.652289314802296,29.264193329647362
30060,5.128772570716735e-05,4.881197365922714,1.7301560093613602,22.653642958779223,29.264996334063298
30080,5.1321849277165465e-05,4.881138835900032,1.7302996579482774,22.655227328214004,29.266665822062315
30100,5.1355972847163584e-05,4.878807260089404,1.7324311798636667,22.65657571097861,29.267814150931684
30120,5.13900964171617e-05,4.875950232296327,1.735210081215461,22.657884152740003,29.269044466251792
30140,5.142421998715982e-05,4.868858901892401,1.7422245195448567,22.65901533707512,29.27009875851238
30160,5.145834355715793e-05,4.864698272142559,1.745550457462946,22.6605082140493,29.270756943654806
30180,5.149246712715604e-05,4.860259170112078,1.7494734122054323,22.661852739733682,29.271585322051195
30200,5.152659069715416e-05,4.848188872112789,1.7618516786463252,22.66298150077052,29.273022051529633
30220,5.1560714267152275e-05,4.8416939543279245,1.7673887889761581,22.664131365837207,29.27321410914129
30240,5.1594837837150394e-05,4.830738049406604,1.7786229839267318,22.66540908061608,29.274770113949415
30260,5.162896140714851e-05,4.818684836144898,1.790244838924279,22.66662643282875,29.275556107897927
30280,5.166308497714662e-05,4.806488596313988,1.8027691995296908,22.667574906620942,29.27683270246462
30300,5.169720854714474e-05,4.792372912375665,1.8159195563570676,22.668795603477935,29.277088072210667
30320,5.173133211714285e-05,4.776277701564964,1.8322897994113334,22.67009931944649,29.278666820422785
30340,5.1765455687140965e-05,4.7628925365897326,1.8452985719031334,22.67111354812077,29.279304656613633
30360,5.1799579257139084e-05,4.745043626725369,1.8631172550970183,22.672288568391355,29.280449450213744
30380,5.18337028271372e-05,4.729812837800638,1.877604561751828,22.673454568218773,29.28087196777124
30400,5.186782639713532e-05,4.710481237619971,1.8975187063430947,22.674404247968823,29.28240419193189
30420,5.190194996713343e-05,4.689775513186397,1.9179348646045256,22.67557757147905,29.283287949269972
30440,5.193607353713154e-05,4.671153967450317,1.9359449142337015,22.67672356437049,29.283822446054508
30460,5.197019710712966e-05,4.652335957018638,1.9546017869960761,22.677546301184794,29.284484045199505
30480,5.2004320677127775e-05,4.6333056386558225,1.9741108905146654,22.678802987619804,29.28621951679029
30500,5.203844424712589e-05,4.610143909098916,1.9961750832552834,22.680315011746142,29.286634004100343
30520,5.207256781712401e-05,4.592667945000996,2.0138382879839805,22.681375701506454,29.28788193449143
30540,5.210669138712212e-05,4.567763222387201,2.038375687646957,22.682980328474077,29.289119238508235
30560,5.214081495712024e-05,4.546743983641342,2.0594513377648997,22.68429294924057,29.29048827064681
30580,5.217493852711835e-05,4.526620302180815,2.0792295819873683,22.685275705223553,29.291125589391736
30600,5.2209062097116465e-05,4.502994905882241,2.1028266870980965,22.686612368581216,29.292433961561553
30620,5.2243185667114585e-05,4.478359849340851,2.1271650875517,22.68798687028582,29.29351180717837
30640,5.22773092371127e-05,4.455735109347669,2.1493026835065483,22.68932869275865,29.29436648561287
30660,5.231143280711081e-05,4.43305426752189,2.1715310545805555,22.6906364754816,29.29522179758405
30680,5.234555637710893e-05,4.409659085297253,2.1946962966627965,22.69196940770921,29.296324789669256
30700,5.237967994710704e-05,4.3849244535090754,2.2198062145972806,22.692881614221488,29.297612282327844
30720,5.241380351710516e-05,4.360427461917387,2.2432969907261944,22.694125783195823,29.297850235839405
30740,5.2447927087103275e-05,4.336771817453181,2.2668345682171798,22.695541151838743,29.299147537509104
30760,5.248205065710139e-05,4.31125995936752,2.2926039259281885,22.696569011195344,29.300432896491053
30780,5.251617422709951e-05,4.285709844813777,2.318042932068076,22.69799977535915,29.301752552241005
30800,5.255029779709762e-05,4.261186149278104,2.341737021604296,22.699122000765485,29.302045171647883
30820,5.258442136709573e-05,4.23422423320458,2.3688175010715153,22.69983583962528,29.302877573901377
30840,5.261854493709385e-05,4.2107033930141675,2.3918106723779973,22.70097980657454,29.303493871966705
30860,5.2652668507091965e-05,4.181942928121726,2.420257582704191,22.70216031813083,29.304360828956746
30880,5.2686792077090085e-05,4.157521100970322,2.4445558541208956,22.703093453478274,29.30517040856949
30900,5.27209156470882e-05,4.12947208678597,2.4719099772520075,22.70431884438161,29.30570090841959
30920,5.275503921708631e-05,4.106148824166358,2.4950888093059302,22.705731846355793,29.306969479828084
30940,5.278916278708443e-05,4.079101441213384,2.5225291190513204,22.706806765449453,29.30843732571416
30960,5.282328635708254e-05,4.052174209720336,2.549493862900469,22.708095519487262,29.30976359210807
30980,5.2857409927080655e-05,4.02687955911623,2.5741219006196623,22.709474524765433,29.310475984501323
31000,5.2891533497078775e-05,3.9999622565453965,2.600903423327179,22.710571925079467,29.31143760495204
31020,5.292565706707689e-05,3.9737107235914113,2.6271061716441992,22.711790601012364,29.312607496247974
31040,5.295978063707501e-05,3.9457373678572205,2.65458893951804,22.712981251807523,29.313307559182782
31060,5.299390420707312e-05,3.918597368491219,2.6813871504607794,22.71401185586114,29.31399637481314
31080,5.302802777707123e-05,3.894065878438096,2.705779694523418,22.71521836826698,29.315063941228495
31100,5.306215134706935e-05,3.865442142603909,2.734704778603857,22.716331824418134,29.3164787456259
31120,5.3096274917067465e-05,3.839381922186193,2.7602093901040825,22.717132315601248,29.316723627891523
31140,5.313039848706558e-05,3.810758972588595,2.7887065877065065,22.718011978934573,29.317477539229674
31160,5.31645220570637e-05,3.7840943036078896,2.8153344016932143,22.719277098315573,29.318705803616677
31180,5.319864562706181e-05,3.75670617665054,2.8422878841691164,22.72019465032962,29.319188711149277
31200,5.323276919705993e-05,3.7281102091105955,2.871097363220538,22.72134282561998,29.320550397951116
31220,5.326689276705804e-05,3.6992755117588403,2.899053701551396,22.722578439623394,29.32090765293363
31240,5.3301016337056155e-05,3.6728324873122107,2.925136341682487,22.72356752752618,29.321536356520877
31260,5.3335139907054275e-05,3.643863073065056,2.9542298285141064,22.724687728716606,29.322780630295767
31280,5.336926347705239e-05,3.6146069240266914,2.9836685105711758,22.725839360610102,29.32411479520797
31300,5.340338704705051e-05,3.587153574784246,3.0105284363399654,22.726889145015363,29.324571156139577
31320,5.343751061704862e-05,3.5598229280386136,3.0378615337199943,22.72816697400633,29.32585143576494
31340,5.347163418704673e-05,3.530494892806046,3.0668189371140877,22.729267192470967,29.326581022391103
31360,5.350575775704485e-05,3.5029847903055313,3.094082976355652,22.73027307460872,29.327340841269905
31380,5.3539881327042965e-05,3.477072953673564,3.120189630621429,22.731570050460515,29.328832634755507
31400,5.357400489704108e-05,3.448898937898913,3.147884159854531,22.732887238353534,29.32967033610698
31420,5.36081284670392e-05,3.422200363372689,3.174229773514037,22.73395796598744,29.330388102874167
31440,5.364225203703731e-05,3.3967579439410582,3.199921171023419,22.735151163848403,29.33183027881288
31460,5.367637560703543e-05,3.3708395197737415,3.224858521954285,22.736397728311807,29.332095770039835
31480,5.371049917703354e-05,3.3440876403876114,3.251715181318142,22.73768015331112,29.333482975016874
31500,5.3744622747031655e-05,3.3178099616458328,3.2774006879604665,22.738829199192715,29.334039848799016
31520,5.3778746317029775e-05,3.2952686324027995,3.2996878018193705,22.74018921379417,29.33514564801634
31540,5.381286988702789e-05,3.270308918474875,3.324938293756194,22.741159268216908,29.336406480447977
31560,5.3846993457026e-05,3.2462713736106026,3.348726039000553,22.74256178603059,29.337559198641742
31580,5.388111702702412e-05,3.2232756152232853,3.371117452320968,22.7440544589379,29.338447526482152
31600,5.391524059702223e-05,3.203217503822036,3.3913633239198333,22.745381039393006,29.339961867134875
31620,5.394936416702035e-05,3.1809438842061084,3.4135614335403015,22.746783445885825,29.341288763632235
31640,5.3983487737018465e-05,3.1593107824443623,3.4348047125471606,22.74817017282198,29.342285667813503
31660,5.401761130701658e-05,3.1383890786389115,3.4549208936768663,22.74934612815137,29.342656100467146
31680,5.40517348770147e-05,3.1197614739134654,3.4734188482435964,22.75083765648831,29.344017978645375
31700,5.408585844701281e-05,3.0991638040388607,3.493301911818776,22.752220458625015,29.344686174482653
31720,5.411998201701092e-05,3.0837217913425508,3.5083130649974184,22.75335666257612,29.345391518916088
31740,5.415410558700904e-05,3.0652202469640524,3.526320503726912,22.754575666223204,29.346116416914168
31760,5.4188229157007155e-05,3.0471886112629827,3.544538981470637,22.755703233061773,29.347430825795392
31780,5.4222352727005275e-05,3.0321871551666266,3.55947759566384,22.75686527218242,29.348530023012884
31800,5.425647629700339e-05,3.0165336055760417,3.575155276688269,22.757677115527695,29.349365997792006
31820,5.42905998670015e-05,3.00216084460625,3.588861607276841,22.759591956416504,29.350614408299595
31840,5.432472343699962e-05,2.988786530180895,3.601294497471199,22.76074208931286,29.350823116964953
31860,5.435884700699773e-05,2.974662306880298,3.6158201335669022,22.76204407533347,29.35252651578067
31880,5.4392970576995846e-05,2.9623688866071705,3.6278477136283938,22.763378151733527,29.35359475196909
31900,5.4427094146993965e-05,2.951442607092049,3.638273842471188,22.76453016637122,29.354246615934457
31920,5.446121771699208e-05,2.9390734647909253,3.6507137784454238,22.765799770049796,29.355587013286147
31940,5.44953412869902e-05,2.928174587653847,3.661526351440955,22.767490479934132,29.357191419028936
31960,5.452946485698831e-05,2.918625129248493,3.670892886376788,22.768872423689334,29.358390439314615
31980,5.456358842698642e-05,2.908509192882185,3.680407213334975,22.77019162711428,29.359108033331438
32000,5.459771199698454e-05,2.8991383750486692,3.6892602665172713,22.772037798829608,29.36043644039555
32020,5.4631835566982655e-05,2.889114796072608,3.6996778867033266,22.773417728817158,29.362210411593093
32040,5.466595913698077e-05,2.880139625433067,3.7078935459647324,22.774829268940454,29.362862440338255
32060,5.470008270697889e-05,2.8743210034375473,3.7131011253558506,22.776175762129864,29.36359789092326
32080,5.4734206276977e-05,2.8631085660730076,3.723992428525635,22.777286303895956,29.3643872984946
32100,5.476832984697512e-05,2.854491697917688,3.73281673849373,22.778618784666584,29.365927221078003
32120,5.480245341697323e-05,2.8459048677438448,3.740914894659619,22.779867651549164,29.366687413952626
32140,5.4836576986971346e-05,2.8392421879569953,3.7476794288840853,22.7809256354762,29.367847252317283
32160,5.4870700556969465e-05,2.831512695343868,3.755009400971608,22.782223427204077,29.368745523519554
32180,5.490482412696758e-05,2.8220691996092895,3.764577082980043,22.783576652419125,29.370222935008456
32200,5.493894769696569e-05,2.81640538731594,3.769916985407085,22.784736549378064,29.37105892210109
32220,5.497307126696381e-05,2.8070388013529914,3.7793629703843923,22.785901405328698,29.37230317706608
32240,5.500719483696192e-05,2.8014668289031643,3.7838583965227,22.787374587277625,29.372699812703488
32260,5.504131840696004e-05,2.7939295158121524,3.7911547842281834,22.788575453029267,29.373659753069603
32280,5.5075441976958155e-05,2.787706770223992,3.797548015053957,22.789859348506305,29.375114133784255
32300,5.510956554695627e-05,2.7813636904406915,3.8036116979251684,22.790872113114904,29.375847501480763
32320,5.514368911695439e-05,2.7746784389820167,3.8094066228200414,22.79213443115076,29.37621949295282
32340,5.51778126869525e-05,2.769668801245002,3.8138621411765667,22.793379597479188,29.376910539900756
32360,5.521193625695062e-05,2.7681910376093732,3.8156390402416798,22.79432012989106,29.37815020774211
32380,5.524605982694873e-05,2.7605801230865907,3.8232399645495208,22.7957419540289,29.37956204166501
32400,5.5280183396946846e-05,2.7571996962490597,3.8266350219320437,22.797023033346413,29.380857751527515
32420,5.5314306966944965e-05,2.7505680867384816,3.8330485401103536,22.798242657424282,29.38185928427312
32440,5.534843053694308e-05,2.7483418520032425,3.834940191743301,22.79907387714212,29.382355920888664
32460,5.538255410694119e-05,2.743952267748908,3.83908126625312,22.800641259074013,29.38367479307604
32480,5.541667767693931e-05,2.741679928875877,3.8404276357778664,22.802017246442794,29.384124811096537
32500,5.545080124693742e-05,2.7376875024281495,3.8446702478991543,22.802986037343405,29.38534378767071
32520,5.548492481693554e-05,2.7378253381878777,3.8442472850071403,22.804362681705832,29.38643530490085
32540,5.5519048386933655e-05,2.733798720046516,3.847870826420654,22.80567600995494,29.38734555642211
32560,5.555317195693177e-05,2.733892092773344,3.8474321101526616,22.806642726233683,29.38796692915969
32580,5.558729552692989e-05,2.7342378181826184,3.846896464143976,22.80795257977968,29.389086862106275
32600,5.5621419096928e-05,2.7323510812699343,3.8490077583915947,22.809301239577692,29.390660079239222
32620,5.565554266692611e-05,2.733257222218258,3.847877847704865,22.810261608096976,29.3913966780201
32640,5.568966623692423e-05,2.7342682398769322,3.8464197563534688,22.8114073539416,29.392095350172
32660,5.5723789806922346e-05,2.7334918492482108,3.847353899083986,22.81262858388645,29.393474332218645
32680,5.5757913376920465e-05,2.7344174746442906,3.8463072075382407,22.813530414824356,29.394255097006887
32700,5.579203694691858e-05,2.7365572928593966,3.843786219842731,22.814656721652838,29.395000234354967
32720,5.582616051691669e-05,2.7376034357703025,3.843009264552533,22.81571533482377,29.396328035146606
32740,5.586028408691481e-05,2.7393908290326747,3.8405862358040777,22.81652324590697,29.396500310743725
32760,5.589440765691292e-05,2.743617148704323,3.8360812125678683,22.817548872806615,29.397247234078804
32780,5.5928531226911036e-05,2.7460747419379885,3.8328644931987705,22.81862895755487,29.39756819269163
32800,5.5962654796909155e-05,2.749125947073906,3.829789904823114,22.819618743660598,29.398534595557617
32820,5.599677836690727e-05,2.750637233693757,3.8285286360223436,22.820662612946883,29.399828482662983
32840,5.603090193690539e-05,2.7527897337192977,3.825832839506157,22.821759179418468,29.400381752643924
32860,5.60650255069035e-05,2.7572605393668916,3.8215362205628782,22.82273167373711,29.40152843366688
32880,5.6099149076901613e-05,2.7587492269971334,3.819999863384268,22.823973597850895,29.402722688232295
32900,5.613327264689973e-05,2.7627710703686805,3.8154635742446392,22.82518499510085,29.403419639714173
32920,5.6167396216897846e-05,2.7653085153588153,3.8126865554270464,22.8261003447334,29.404095415519265
32940,5.620151978689596e-05,2.7689861722504303,3.808889238597259,22.827336611936197,29.405212022783886
32960,5.623564335689408e-05,2.7718818927974094,3.8058223569902263,22.828503042267872,29.40620729205551
32980,5.626976692689219e-05,2.7729212039819076,3.804659443204975,22.829451208389212,29.407031855576093
33000,5.630389049689031e-05,2.776887652232645,3.8004863005298977,22.830453131790666,29.407827084553208
33020,5.633801406688842e-05,2.7807347546888543,3.7970468318349915,22.831786599219257,29.409568185743105
33040,5.6372137636886536e-05,2.7844374283815734,3.7920780180285054,22.83298758761607,29.40950303402615
33060,5.6406261206884656e-05,2.7877453541141732,3.7882931491118295,22.83419133310178,29.410229836327783
33080,5.644038477688277e-05,2.7918590793395537,3.784088098878967,22.835677554808377,29.411624733026898
33100,5.647450834688088e-05,2.7973354535296315,3.7784391179775363,22.836694260793184,29.412468832300352
33120,5.6508631916879e-05,2.800738453284124,3.7748112778827836,22.837821120944177,29.413370852111086
33140,5.6542755486877113e-05,2.804141453506015,3.771311574522185,22.838921902096445,29.414374930124644
33160,5.657687905687523e-05,2.8098648130638084,3.7655851528653614,22.83949259035718,29.414942556286352
33180,5.6611002626873346e-05,2.813368669812467,3.7619149524524818,22.840707661703135,29.415991283968083
33200,5.664512619687146e-05,2.818364153420303,3.7568321040184776,22.841831034474932,29.417027291913712
33220,5.667924976686958e-05,2.8282026884251366,3.7466048634886135,22.84276077895782,29.41756833087157
33240,5.671337333686769e-05,2.8323537570185344,3.7421490767148615,22.84406086675055,29.418563700483944
33260,5.6747496906865804e-05,2.841193980307439,3.7327243659546085,22.845171314786818,29.419089661048865
33280,5.678162047686392e-05,2.8467830620008168,3.7272681890297097,22.846023171388293,29.42007442241882
33300,5.6815744046862036e-05,2.8557247823569925,3.7173968077774644,22.847185342966377,29.420306933100832
33320,5.6849867616860156e-05,2.864725694454571,3.7083080379364555,22.848373070354903,29.421406802745928
33340,5.688399118685827e-05,2.8718932771569143,3.7014517991889475,22.849313685704704,29.422658762050567
33360,5.691811475685638e-05,2.8825248043716725,3.690230168323027,22.850303545931457,29.423058518626156
33380,5.69522383268545e-05,2.8912797505359364,3.681691131342995,22.851566720751048,29.42453760262998
33400,5.6986361896852613e-05,2.901534879385271,3.67058531306414,22.85235396409569,29.424474156545102
33420,5.702048546685073e-05,2.9142608777360577,3.6580712352171054,22.85384688910584,29.426179002059
33440,5.7054609036848846e-05,2.924807996628858,3.6474388611676645,22.85500723908733,29.42725409688385
33460,5.708873260684696e-05,2.933962208774877,3.6376910355434013,22.855984304884565,29.427637549202842
33480,5.712285617684508e-05,2.945932803301731,3.625605221838872,22.857066407135886,29.428604432276487
33500,5.715697974684319e-05,2.958424195555312,3.612340898967654,22.85829184101849,29.429056935541457
33520,5.7191103316841304e-05,2.9698294981693802,3.601739910833702,22.859244801378694,29.430814210381776
33540,5.722522688683942e-05,2.9826353048554983,3.5881235122580266,22.86069385152082,29.431452668634346
33560,5.7259350456837536e-05,2.9938339779202705,3.5767048584975965,22.8621677544914,29.432706590909266
33580,5.7293474026835656e-05,3.0064478062456086,3.5636083166201997,22.863108088663054,29.43316421152886
33600,5.732759759683377e-05,3.0220708416028037,3.547363162992021,22.864415062505795,29.43384906710062
33620,5.736172116683188e-05,3.0332936553016348,3.5362497131478894,22.865732154828173,29.435275523277696
33640,5.739584473683e-05,3.046279016289905,3.523644234908881,22.866756007020705,29.436679258219492
33660,5.7429968306828114e-05,3.0566926962816074,3.512596055464216,22.867972499975632,29.437261251721456
33680,5.7464091876826226e-05,3.0706851438730136,3.4986873732285946,22.869062969531946,29.438435486633555
33700,5.7498215446824346e-05,3.085044588698579,3.4841388444913584,22.870277452269466,29.439460885459404
33720,5.753233901682246e-05,3.0989151351108797,3.469622895693546,22.87151875120354,29.440056782007964
33740,5.756646258682058e-05,3.1103244948246553,3.458218922909378,22.872811084390243,29.441354502124277
33760,5.760058615681869e-05,3.1253959659163586,3.4428282410923634,22.87387741210238,29.442101619111103
33780,5.7634709726816804e-05,3.139618054968828,3.4276803315692264,22.875012479984388,29.44231086652244
33800,5.766883329681492e-05,3.1544251026313552,3.4130493142367277,22.876251812266553,29.443726229134636
33820,5.7702956866813036e-05,3.168473105259,3.398817351989941,22.877261870255573,29.444552327504514
33840,5.773708043681115e-05,3.184503828037756,3.382433472649279,22.878395060991206,29.44533236167824
33860,5.777120400680927e-05,3.196844282805857,3.370436802312536,22.879563227850454,29.44684431296885
33880,5.780532757680738e-05,3.2129327076202627,3.3531432099763077,22.880519136180897,29.446595053777468
33900,5.78394511468055e-05,3.228057503108937,3.3383134555711877,22.88173014560757,29.448101104287694
33920,5.7873574716803614e-05,3.242395046756773,3.323861481640563,22.882797704244823,29.44905423264216
33940,5.7907698286801726e-05,3.2578170003626754,3.307441665992781,22.8837575619187,29.449016228274154
33960,5.7941821856799846e-05,3.273444900470003,3.2919281988204205,22.884715086729354,29.450088186019777
33980,5.797594542679796e-05,3.290714640063422,3.2741591879547025,22.88577590743493,29.450649735453055
34000,5.801006899679607e-05,3.3037070348825623,3.2614794422215567,22.886406725987502,29.45159320309162
34020,5.804419256679419e-05,3.3190727202581565,3.2458136900091903,22.887804372609324,29.452690782876672
34040,5.8078316136792304e-05,3.3363271139870814,3.2276227456122717,22.88878435902153,29.452734218620883
34060,5.811243970679042e-05,3.3517446545118643,3.21240787793724,22.889767311161503,29.453919843610606
34080,5.8146563276788536e-05,3.3690496517569573,3.1948129344922465,22.891000617527695,29.4548632037769
34100,5.818068684678665e-05,3.386262361183814,3.1769606792694067,22.892284377694367,29.455507418147587
34120,5.821481041678477e-05,3.403437768990982,3.1598823261455906,22.893471700505422,29.456791795641994
34140,5.824893398678288e-05,3.4186245112914375,3.1437864618176135,22.894786197386363,29.457197170495412
34160,5.8283057556780994e-05,3.4370977102345224,3.125388745940461,22.8963270812201,29.458813537395084
34180,5.8317181126779114e-05,3.452510063099685,3.1096423032982083,22.897353511479714,29.459505877877607
34200,5.8351304696777226e-05,3.469597381662288,3.091747155630464,22.898671257653493,29.460015794946244
34220,5.8385428266775346e-05,3.4872390733351724,3.073819093478368,22.899962764907194,29.461020931720732
34240,5.841955183677346e-05,3.504069427540451,3.056986084186777,22.90090983307863,29.461965344805854
34260,5.845367540677157e-05,3.521278091769195,3.038626888002447,22.902423418022487,29.462328397794128
34280,5.848779897676969e-05,3.5383609883776863,3.021962186000543,22.903732888995233,29.464056063373462
34300,5.8521922546767804e-05,3.5570338804071,3.002796548623202,22.904728994494697,29.464559423525
34320,5.8556046116765917e-05,3.5736163595252326,2.9857636980623106,22.905979386512843,29.465359444100386
34340,5.8590169686764036e-05,3.593082851467379,2.9664038325918907,22.90721388562218,29.46670056968145
34360,5.862429325676215e-05,3.6115395920357987,2.947078500982654,22.908219572689138,29.46683766570759
34380,5.865841682676027e-05,3.6290674043650717,2.929038953499232,22.909831420220183,29.467937778084487
34400,5.869254039675838e-05,3.6476433340158656,2.9107352639195403,22.91112452603193,29.469503123967336
34420,5.8726663966756494e-05,3.666152244019351,2.8920238575541157,22.912379268087232,29.470555369660698
34440,5.8760787536754614e-05,3.6821351840980676,2.8755778628920337,22.913888434188266,29.471601481178368
34460,5.8794911106752726e-05,3.7022873584880367,2.8551565150927667,22.9150735337336,29.472517407314406
34480,5.882903467675084e-05,3.7173570180377182,2.840104897834983,22.916617484466528,29.474079400339228
34500,5.886315824674896e-05,3.7367715808794064,2.8199950055563416,22.917850058436223,29.474616644871972
34520,5.889728181674707e-05,3.754257311027291,2.801630637201672,22.9194479149383,29.475335863167263
34540,5.893140538674519e-05,3.7708445144716696,2.7847863600542175,22.92058061751482,29.476211492040704
34560,5.8965528956743304e-05,3.7881590513003234,2.7667168342101056,22.92190829012838,29.476784175638805
34580,5.899965252674142e-05,3.8052485720740603,2.7492118114657176,22.923366355132547,29.477826738672327
34600,5.9033776096739536e-05,3.8211500889206764,2.733463375600902,22.92464587860913,29.479259343130707
34620,5.906789966673765e-05,3.841472605618256,2.7124798168646787,22.925809138130777,29.47976156061371
34640,5.910202323673577e-05,3.8563269769520936,2.697531845339398,22.927169974578725,29.481028796870216
34660,5.913614680673388e-05,3.874562157957048,2.678553413631405,22.928478739897788,29.48159431148624
34680,5.9170270376731994e-05,3.888314333171056,2.663896187376581,22.929745706655453,29.481956227203092
34700,5.9204393946730114e-05,3.905661665749417,2.646258102877742,22.931018884912575,29.482938653539733
34720,5.9238517516728226e-05,3.920773390778045,2.6319779994389245,22.932062463393553,29.48481385361052
34740,5.927264108672634e-05,3.9356234031703385,2.6156889580406837,22.93324979801501,29.48456215922603
34760,5.930676465672446e-05,3.9507838358921474,2.600704760916282,22.934372241841714,29.485860838650144
34780,5.934088822672257e-05,3.9634783908899394,2.5868824272928124,22.93565510658846,29.48601592477121
34800,5.937501179672069e-05,3.977103417977366,2.573348041281803,22.936644743549202,29.48709620280837
34820,5.9409135366718804e-05,3.9905400360778285,2.5594726567213635,22.9380826773173,29.488095370116493
34840,5.944325893671692e-05,4.005967340209312,2.5431086923264323,22.939013053464752,29.488089086000496
34860,5.9477382506715036e-05,4.015081896152269,2.533936100346365,22.940092321463347,29.48911031796198
34880,5.951150607671315e-05,4.026605452377571,2.5223150612632055,22.941208670859833,29.49012918450061
34900,5.954562964671126e-05,4.037851827518351,2.5103989652288536,22.942539565427193,29.490790358174397
34920,5.957975321670938e-05,4.048469999624121,2.5010114191339032,22.94356621166996,29.493047630427984
34940,5.9613876786707494e-05,4.058566563049829,2.490150124213558,22.94505689685917,29.493773584122557
34960,5.9648000356705614e-05,4.072202917469165,2.4763219727285084,22.945990980712605,29.494515870910277
34980,5.9682123926703726e-05,4.082061989354614,2.4654189610790724,22.947260724739017,29.494741675172705
35000,5.971624749670184e-05,4.090083263386397,2.457080233795495,22.94817063217124,29.495334129353132
35020,5.975037106669996e-05,4.10010554799411,2.4469437563587504,22.949307740092,29.49635704444486
35040,5.978449463669807e-05,4.1087535198009695,2.438385777630418,22.950670001565204,29.497809298996593
35060,5.9818618206696184e-05,4.117251724365131,2.427967969627394,22.95200522891895,29.497224922911474
35080,5.9852741776694304e-05,4.130201361975411,2.4150645130811768,22.953133540356472,29.49839941541306
35100,5.988686534669242e-05,4.136623389506255,2.4087103434909527,22.954452023840894,29.4997857568381
35120,5.9920988916690536e-05,4.145590239704002,2.3993459937325636,22.95588527100339,29.500821504439955
35140,5.995511248668865e-05,4.154500703349027,2.39060760093769,22.9570480262881,29.502156330574817
35160,5.998923605668676e-05,4.163081490086436,2.381522874004379,22.958429667693526,29.503034031784342
35180,6.002335962668488e-05,4.171258741421717,2.37299823493932,22.959511523406753,29.50376849976779
35200,6.0057483196682994e-05,4.178761644123128,2.364653216899397,22.960672307740097,29.504087168762624
35220,6.009160676668111e-05,4.188800119858195,2.353819624596796,22.961633300521473,29.504253044976466
35240,6.0125730336679226e-05,4.198084482839899,2.343965444056574,22.96278842032404,29.504838347220513
35260,6.015985390667734e-05,4.206145739916709,2.3352997627478875,22.963684117572388,29.505129620236985
35280,6.019397747667546e-05,4.211366800660092,2.3302869684575502,22.96454472198568,29.50619849110332
35300,6.022810104667357e-05,4.218817347732184,2.3228258713606267,22.966072560928595,29.507715780021407
35320,6.0262224616671684e-05,4.2250035077858525,2.3156992394311335,22.967342916875165,29.50804566409215
35340,6.0296348186669804e-05,4.2321924009851815,2.30772159975884,22.968912207027273,29.508826207771293
35360,6.033047175666792e-05,4.240835092903932,2.2990363284710704,22.970154344487995,29.510025765863
35380,6.036459532666603e-05,4.243408496646688,2.2973935255534608,22.97099087088115,29.5117928930813
35400,6.039871889666415e-05,4.2518097294170625,2.287739708675281,22.972182500921104,29.511731939013448
35420,6.043284246666226e-05,4.256490693901848,2.282354697709277,22.973261313114826,29.51210670472595
35440,6.046696603666038e-05,4.262634992632374,2.276068155566509,22.974263937645308,29.51296708584419
35460,6.0501089606658494e-05,4.268958638119021,2.268962836618779,22.97540347948116,29.51332495421896
35480,6.053521317665661e-05,4.271568536392125,2.266348656911769,22.976669515977875,29.51458670928177
35500,6.0569336746654727e-05,4.2756076554159765,2.262168258232273,22.977778364787692,29.515554278435943
35520,6.060346031665284e-05,4.2782205238314495,2.259046589733229,22.97932814602985,29.516595259594528
35540,6.063758388665095e-05,4.280987857684773,2.2568964654125576,22.980906788453687,29.518791111551018
35560,6.067170745664907e-05,4.284735106720856,2.2508814192865185,22.982273573240242,29.517890099247616
35580,6.0705831026647184e-05,4.28321365095937,2.252470855879281,22.983930529103123,29.519615035941776
35600,6.0739954596645304e-05,4.284519183864196,2.250300135189884,22.985413274186854,29.520232593240934
35620,6.077407816664342e-05,4.28277929186168,2.2527170083555594,22.986726651666622,29.52222295188386
35640,6.080820173664153e-05,4.281394654374926,2.2523830162951213,22.988192036160505,29.521969706830554
35660,6.084232530663965e-05,4.279094499637957,2.254531131073286,22.98962810925302,29.52325373996426
35680,6.087644887663776e-05,4.277059196526711,2.256362019374425,22.990861401776385,29.52428261767752
35700,6.091057244663588e-05,4.274374781122709,2.258814639259904,22.992373875727562,29.525563296110175
35720,6.0944696016633994e-05,4.2710444720862,2.262095736460964,22.993870687689473,29.52701089623664
35740,6.097881958663211e-05,4.266995643846201,2.2660783144953154,22.99501806775465,29.528092026096168
35760,6.1012943156630227e-05,4.261036779150508,2.2712250400570864,22.99640894617589,29.528670765383485
35780,6.104706672662835e-05,4.25666199886491,2.2748539430242873,22.9979026511124,29.529418593001598
35800,6.108119029662646e-05,4.252374561530787,2.2783599189625727,22.99915118517191,29.52988566566527
35820,6.111531386662457e-05,4.2454389818638605,2.285021032457048,23.000612496954176,29.531072511275084
35840,6.114943743662268e-05,4.2368245786710785,2.293869212365427,23.002051588595677,29.532745379632182
35860,6.11835610066208e-05,4.229363212162836,2.300494855505008,23.003414337755743,29.53327240542359
35880,6.121768457661891e-05,4.2213886965225615,2.3085815808894408,23.00517579518787,29.535146072599872
35900,6.125180814661704e-05,4.211685168193339,2.3179172129742645,23.006879296301825,29.53648167746943
35920,6.128593171661515e-05,4.203537958713115,2.3262917423579994,23.00828176849499,29.538111469566104
35940,6.132005528661326e-05,4.196148022335738,2.333357913514934,23.009706897740156,29.539212833590828
35960,6.135417885661137e-05,4.182997835980666,2.3454940015511356,23.01123194466867,29.539723782200472
35980,6.138830242660949e-05,4.172698778486756,2.3541000750590726,23.01262660161548,29.539425455161307
36000,6.142242599660761e-05,4.1622946884933425,2.3658126453134805,23.01428212535705,29.54238945916387
36020,6.145654956660573e-05,4.1498519569344765,2.3766707310672506,23.01629437907022,29.542817067071947
36040,6.149067313660384e-05,4.134997935828784,2.391386709895871,23.01775078042981,29.544135426154465
36060,6.152479670660195e-05,4.122452930118686,2.4039647013607315,23.01941646451737,29.54583409599679
36080,6.155892027660006e-05,4.106054636310474,2.419390986636965,23.021111448121488,29.546557071068925
36100,6.159304384659819e-05,4.093785112841283,2.432306715490224,23.022598128171783,29.54868995650329
36120,6.16271674165963e-05,4.0782940248109805,2.4475795596697956,23.024254285633084,29.55012787011386
36140,6.166129098659442e-05,4.0634578390130045,2.461832435158832,23.02583980857991,29.551130082751747
36160,6.169541455659253e-05,4.049996866968585,2.4748116955783033,23.02705169017763,29.551860252724516
36180,6.172953812659064e-05,4.033695927674517,2.4910110346785546,23.02814108047442,29.552848042827492
36200,6.176366169658876e-05,4.019285404782145,2.5042647955785697,23.03026489149002,29.553815091850737
36220,6.179778526658688e-05,4.002623638150593,2.521339187682658,23.031539200191375,29.555502026024627
36240,6.1831908836585e-05,3.9881292374343866,2.536214699820443,23.033192174652175,29.557536111907005
36260,6.186603240658311e-05,3.973996366171549,2.5495097050271696,23.034803595650466,29.558309666849183
36280,6.190015597658122e-05,3.956729384369386,2.567774037004155,23.03632081394146,29.560824235315003
36300,6.193427954657933e-05,3.941167484831391,2.5808712644335015,23.03766817070281,29.559706919967702
36320,6.196840311657746e-05,3.92871043299444,2.5931865459990147,23.03908054723004,29.560977526223496
36340,6.200252668657557e-05,3.91218930082411,2.609736716913871,23.04039457176124,29.562320589499222
36360,6.203665025657368e-05,3.895269531316876,2.6277421840703097,23.041914579107008,29.564926294494192
36380,6.20707738265718e-05,3.8838689738936436,2.6374080859408013,23.04336521442557,29.564642274260017
36400,6.210489739656991e-05,3.8673594861972864,2.655106305393675,23.04447121260093,29.566937004191892
36420,6.213902096656804e-05,3.8518240517301017,2.669277353757589,23.046122087528786,29.567223493016478
36440,6.217314453656615e-05,3.8338062669402064,2.686036619121427,23.0476244348739,29.567467320935535
36460,6.220726810656426e-05,3.816420470125663,2.704964970157978,23.048922293663967,29.570307733947608
36480,6.224139167656237e-05,3.8003100257501443,2.720146460284998,23.05029641010004,29.570752896135183
36500,6.227551524656049e-05,3.7812148149097453,2.7389283442054158,23.051661101821825,29.571804260936986
36520,6.23096388165586e-05,3.766864488751426,2.7528553695543745,23.0531244138719,29.572844272177697
36540,6.234376238655673e-05,3.746427645596944,2.77437724020917,23.054534621283263,29.575339507089378
36560,6.237788595655484e-05,3.727984339622364,2.7927615206293996,23.05600173856376,29.576747598815526
36580,6.241200952655295e-05,3.7102960988627665,2.809780571964079,23.057118790039404,29.57719546086625
36600,6.244613309655107e-05,3.6897351375046976,2.830450952810931,23.058375191394536,29.578561281710165
36620,6.248025666654918e-05,3.668701690462802,2.851721804915118,23.059637390014785,29.580060885392705
36640,6.25143802365473e-05,3.650344508043967,2.8698341641976866,23.060583170475883,29.580761842717536
36660,6.254850380654542e-05,3.6303473749017177,2.8899685707078167,23.0618404823626,29.582156427972137
36680,6.258262737654353e-05,3.6092179882969293,2.910189369644454,23.063064042644264,29.582471400585646
36700,6.261675094654164e-05,3.5866902339311726,2.9330388110816674,23.064377184211956,29.584106229224794
36720,6.265087451653976e-05,3.5641567807122203,2.9557815401331355,23.065611266744526,29.58554958758988
36740,6.268499808653788e-05,3.5470502874620595,2.971990879474386,23.066889671642148,29.585930838578594
36760,6.2719121656536e-05,3.5282269496682095,2.9903891500359974,23.067439614374653,29.58605571407886
36780,6.275324522653411e-05,3.5072145078556662,3.0111039280626284,23.069532260092295,29.58785069601059
36800,6.278736879653222e-05,3.4867155026582566,3.031621522746414,23.071064623253413,29.589401648658082
36820,6.282149236653033e-05,3.4682577477809793,3.0496957880435347,23.072210819556886,29.5901643553814
36840,6.285561593652846e-05,3.448948681254231,3.0694976685640594,23.07364673414549,29.592093083963782
36860,6.288973950652657e-05,3.427791631892564,3.0902180937601846,23.07496951583148,29.59297924148423
36880,6.292386307652468e-05,3.4116179522914134,3.105130272333298,23.076036268899895,29.592784493524604
36900,6.29579866465228e-05,3.3929993772066114,3.124560324055994,23.0773559492042,29.594915650466806
36920,6.299211021652091e-05,3.3749725537514768,3.141692956108175,23.078502590312787,29.595168100172437
36940,6.302623378651902e-05,3.3566318560208632,3.160225748517283,23.079469452396754,29.5963270569349
36960,6.306035735651715e-05,3.337711837407474,3.179779597134281,23.08068462155365,29.598176056095404
36980,6.309448092651526e-05,3.3212269564865227,3.194696536242886,23.081949502386248,29.597872995115658
37000,6.312860449651337e-05,3.3024837038476966,3.214161431140789,23.08314816680249,29.599793301790978
37020,6.316272806651149e-05,3.286486925321562,3.2305347209130613,23.084438274432127,29.60145992066675
37040,6.31968516365096e-05,3.272455641240523,3.243010114497318,23.08559506234239,29.601060818080228
37060,6.323097520650773e-05,3.2548664637224847,3.2612591660081525,23.086622209754633,29.60274783948527
37080,6.326509877650584e-05,3.238438245503664,3.277796024242802,23.087704773975812,29.603939043722278
37100,6.329922234650395e-05,3.2205166198050894,3.2957826000808073,23.089211624248293,29.605510844134187
37120,6.333334591650207e-05,3.2071764821687383,3.3090440480658847,23.09019986026223,29.606420390496854
37140,6.336746948650018e-05,3.1938030557274693,3.3212732547020947,23.091257748720317,29.60633405914988
37160,6.34015930564983e-05,3.1765846611858097,3.339866592447352,23.092428310201797,29.608879563834957
37180,6.343571662649642e-05,3.16331229104607,3.352586818957555,23.09342788128386,29.60932699128748
37200,6.346984019649453e-05,3.148777720761131,3.3664033262432027,23.094948362632643,29.610129409636976
37220,6.350396376649264e-05,3.1356872400308418,3.3790726223981364,23.09595519652301,29.61071505895199
37240,6.353808733649076e-05,3.1200490013655973,3.3950486497630306,23.097008833659277,29.612106484787905
37260,6.357221090648887e-05,3.108054737458836,3.4059594772841875,23.09823474943968,29.612248964182704
37280,6.3606334476487e-05,3.091247370060043,3.423269645968619,23.099634166683032,29.614151182711694
37300,6.364045804648511e-05,3.077577805477939,3.43737237544523,23.10071843531789,29.61566861624106
37320,6.367458161648322e-05,3.062104774618332,3.452427736221416,23.101871283016326,29.616403793856072
37340,6.370870518648133e-05,3.047206506595908,3.467727094588453,23.103058589915282,29.617992191099642
37360,6.374282875647945e-05,3.03295976088262,3.481345334704294,23.104222358403206,29.61852745399012
37380,6.377695232647757e-05,3.0212658827828185,3.4924540540419122,23.105871123570957,29.61959106039569
37400,6.381107589647568e-05,3.0041167533359596,3.51030223482672,23.107286147442498,29.621705135605175
37420,6.38451994664738e-05,2.987253929453686,3.526356715122371,23.108395587931206,29.62200623250726
37440,6.387932303647191e-05,2.9700677551659047,3.5437521929514295,23.109693288377333,29.623513236494667
37460,6.391344660647002e-05,2.955791099128202,3.5576775950173305,23.111352353676907,29.62482104782244
37480,6.394757017646815e-05,2.937155493242926,3.5758670709000264,23.112474327133867,29.625496891276818
37500,6.398169374646626e-05,2.9208880077739954,3.59226419472404,23.113852316101525,29.627004518599563
37520,6.401581731646437e-05,2.901863639153554,3.610505935755421,23.115394895867297,29.62776447077627
37540,6.404994088646249e-05,2.8821299435096805,3.629546666124488,23.11664655731215,29.62832316694632
37560,6.40840644564606e-05,2.8625176144904962,3.649578919123761,23.11803964346158,29.630136177075837
37580,6.411818802645871e-05,2.843659710135195,3.667014345667155,23.119756805634218,29.630430861436565
37600,6.415231159645684e-05,2.8231725511038834,3.6878432714588545,23.120936448690664,29.631952271253404
37620,6.418643516645495e-05,2.8014699426087093,3.7097241747335388,23.12217826790204,29.633372385244286
37640,6.422055873645307e-05,2.7804917793733743,3.730116308909724,23.123854567074048,29.634462655357147
37660,6.425468230645118e-05,2.757073585768402,3.753453665906939,23.124974945787013,29.635502197462355
37680,6.428880587644929e-05,2.7362718991726753,3.773397612066102,23.12638315636914,29.636052667607917
37700,6.432292944644742e-05,2.7124056677025132,3.7970758639191895,23.127823344077537,29.63730487569924
37720,6.435705301644553e-05,2.6891896869318446,3.8208513799735,23.12900326731198,29.639044334217324
37740,6.439117658644364e-05,2.6666114767959312,3.8426271515115946,23.130360685217735,29.63959931352526
37760,6.442530015644176e-05,2.6429028949826865,3.8667083993749247,23.131713753674124,29.641325048031735
37780,6.445942372643987e-05,2.621367991379237,3.8870602645218617,23.13287600273064,29.641304258631738
37800,6.4493547296438e-05,2.599022462930216,3.9091315356579392,23.134274398716055,29.64242839730421
37820,6.452767086643611e-05,2.5762995418385866,3.9319323373495076,23.135668704034,29.643900583222095
37840,6.456179443643422e-05,2.5510498691939087,3.957011904458431,23.13725280223492,29.64531457588726
37860,6.459591800643233e-05,2.5312511226152923,3.976094527972311,23.13824189060503,29.645587541192633
37880,6.463004157643045e-05,2.5083874551140237,3.9994766262652557,23.139300694467025,29.647164775846306
37900,6.466416514642857e-05,2.4885641572009582,4.018320599241056,23.140624128990652,29.647508885432664
37920,6.469828871642668e-05,2.4651461310816227,4.041794450567732,23.14181674330844,29.648757324957792
37940,6.47324122864248e-05,2.446323890375863,4.059999441902026,23.143111155698158,29.649434487976045
37960,6.476653585642291e-05,2.4248331368616522,4.08097488386936,23.144580633731767,29.65038865446278
37980,6.480065942642102e-05,2.40279997639811,4.1026121838752925,23.14571857424108,29.65113073451448
38000,6.483478299641914e-05,2.383229015611528,4.1228595525767835,23.1474229807667,29.65351154895501
38020,6.486890656641726e-05,2.3643707255528508,4.141310388188898,23.148559362976393,29.65424047671814
38040,6.490303013641537e-05,2.345316422164482,4.160098849679971,23.14971264797482,29.65512791981927
38060,6.493715370641349e-05,2.3270699625783346,4.177616139797062,23.151507117779815,29.65619322015521
38080,6.49712772764116e-05,2.3079494640178573,4.197294772267231,23.15280607834223,29.658050314627317
38100,6.500540084640971e-05,2.2919752114401586,4.212482505457424,23.153790345680758,29.65824806257834
38120,6.503952441640784e-05,2.272323924139647,4.231994632755708,23.156135107774688,29.660453664670044
38140,6.507364798640595e-05,2.256083750493863,4.247601632401832,23.15744248127242,29.661127864168115
38160,6.510777155640407e-05,2.2382232751411157,4.2654398931292485,23.15881684576489,29.662480014035253
38180,6.514189512640218e-05,2.2218003331147282,4.281841119967052,23.160149944264216,29.663791397345996
38200,6.517601869640029e-05,2.207605849380022,4.295864641799006,23.16142460120452,29.664895092383546
38220,6.521014226639842e-05,2.1916847209375776,4.3113499322143936,23.163036939632335,29.666071592784306
38240,6.524426583639653e-05,2.1750165017888836,4.327689301749409,23.164865826972424,29.667571630510714
38260,6.527838940639464e-05,2.1613786867837463,4.340924601152668,23.16584416270596,29.668147450642373
38280,6.531251297639276e-05,2.1483353659305937,4.353417870545343,23.167319283547315,29.66907252002325
38300,6.534663654639087e-05,2.1325551715264544,4.369130420150193,23.16855038523665,29.670235976913297
38320,6.538076011638898e-05,2.122068015589562,4.3792790533316985,23.169800889755344,29.671147958676606
38340,6.541488368638711e-05,2.108942939499304,4.392618973465233,23.171240024477868,29.672801937442404
38360,6.544900725638522e-05,2.0984999394218598,4.402490413575219,23.172669341110886,29.673659694107965
38380,6.548313082638333e-05,2.0906372354089178,4.4096548428864715,23.173799465286226,29.674091543581618
38400,6.551725439638145e-05,2.07904006624093,4.421469186886326,23.175145767670827,29.675655020798082
38420,6.555137796637956e-05,2.0682412114113475,4.432115158738273,23.176593883283306,29.676950253432928
38440,6.558550153637768e-05,2.0611669264506562,4.438716603577924,23.17780078177413,29.67768431180271
38460,6.56196251063758e-05,2.053238130811702,4.447508541025054,23.179242340846642,29.6799890126834
38480,6.565374867637391e-05,2.045803701461616,4.453546653707671,23.180646597368032,29.67999695253732
38500,6.568787224637202e-05,2.0370353592380432,4.462203781459853,23.181954842376133,29.681193983074028
38520,6.572199581637014e-05,2.031417330813458,4.467977381405117,23.18375926896661,29.683153981185185
38540,6.575611938636826e-05,2.026751825733402,4.471392931839842,23.185263933594587,29.683408691167834
38560,6.579024295636638e-05,2.0204034879288826,4.477760924494636,23.18634759668751,29.68451200911103
38580,6.582436652636449e-05,2.015102965771475,4.482712718091895,23.187675598816146,29.685491282679514
38600,6.58584900963626e-05,2.009941174598963,4.487962743600661,23.188886239545887,29.686790157745513
38620,6.589261366636071e-05,2.0069025362040733,4.490089726494815,23.18995604550774,29.686948308206627
38640,6.592673723635883e-05,2.0044636427788736,4.492204014358355,23.19100617140374,29.687673828540966
38660,6.596086080635695e-05,1.9995585342386117,4.497691587344087,23.19217184624527,29.68942196782797
38680,6.599498437635507e-05,1.9982688195034042,4.4981196715384435,23.193136549628942,29.68952504067079
38700,6.602910794635318e-05,1.9948006932196662,4.501846211408492,23.19433158975136,29.690978494379518
38720,6.606323151635129e-05,1.9949484119179581,4.500812152116787,23.1955309337595,29.691291497794246
38740,6.60973550863494e-05,1.9932101390905903,4.503130047956496,23.196555346440324,29.69289553348741
38760,6.613147865634753e-05,1.9907282176906225,4.505074181396099,23.19790949543385,29.693711894520572
38780,6.616560222634564e-05,1.9920588214243768,4.503043877229946,23.19911341516412,29.69421611381844
38800,6.619972579634376e-05,1.992265056298587,4.502694320562877,23.19995457967035,29.694913956531813
38820,6.623384936634187e-05,1.9947843732011707,4.499969028430089,23.201025249243738,29.695778650875
38840,6.626797293633998e-05,1.9950997375120345,4.499837076983421,23.20208308625619,29.69701990075165
38860,6.630209650633811e-05,1.9946986963535538,4.5004351548137045,23.20296533924784,29.6980991904151
38880,6.633622007633622e-05,1.99652665282261,4.497718946402066,23.20393062930797,29.698176228532645
38900,6.637034364633433e-05,1.995761449523207,4.498903726342282,23.205064742772237,29.699729918637725
38920,6.640446721633245e-05,1.9989361307151396,4.495437043752716,23.20601047062338,29.700383645091236
38940,6.643859078633056e-05,2.002123800659569,4.4917410300171605,23.207109783072255,29.700974613748983
38960,6.647271435632868e-05,2.00525083891449,4.488911486830785,23.20825136593987,29.702413691685145
38980,6.65068379263268e-05,2.0100735365143585,4.48277827185973,23.2092674129054,29.70211922127949
39000,6.654096149632491e-05,2.0087625629887533,4.4840693113468975,23.210172833437305,29.703004707772955
39020,6.657508506632302e-05,2.01170233014361,4.481177252044936,23.211729407157474,29.70460898934602
39040,6.660920863632114e-05,2.0156310442767795,4.477013274677061,23.212533451894924,29.705177770848763
39060,6.664333220631925e-05,2.0190565176579462,4.473214828450471,23.214065382550423,29.70633672865884
39080,6.667745577631738e-05,2.02105588449118,4.47098708867801,23.21521687440439,29.70725984757358
39100,6.671157934631549e-05,2.0214373854599264,4.470508210705611,23.216293261410733,29.70823885757627
39120,6.67457029163136e-05,2.0257051570123004,4.465348012672497,23.21767127629861,29.708724445983407
39140,6.677982648631171e-05,2.0292986234344284,4.461242941970453,23.218771028111135,29.709312593516017
39160,6.681395005630983e-05,2.0298504563491178,4.461753949446131,23.21971749088231,29.71132189667756
39180,6.684807362630795e-05,2.0329538863078853,4.458524751600898,23.22084048047776,29.712319118386546
39200,6.688219719630607e-05,2.0362120779781523,4.455208521984806,23.22190790098823,29.713328500951192
39220,6.691632076630418e-05,2.0380881609895583,4.452848540523748,23.22282132947619,29.713758030989496
39240,6.695044433630229e-05,2.0422506859507474,4.448599198253448,23.22394962760775,29.714799511811947
39260,6.69845679063004e-05,2.042489357136419,4.447967074907017,23.225084914268784,29.71554134631222
39280,6.701869147629853e-05,2.0470342314073,4.4433185675925255,23.226040407318575,29.7163932063184
39300,6.705281504629664e-05,2.049355027515832,4.441007926483259,23.227191084298028,29.717554038297116
39320,6.708693861629476e-05,2.05292226789707,4.436505336452902,23.228226203514104,29.717653807864075
39340,6.712106218629287e-05,2.0588230407518333,4.430700369591103,23.228896444611383,29.71841985495432
39360,6.715518575629098e-05,2.063758260717237,4.424856846067214,23.23009716378283,29.71871227056728
39380,6.71893093262891e-05,2.0666392777889113,4.422401462022393,23.231251962818128,29.720292702629433
39400,6.722343289628722e-05,2.0709587967527283,4.4179385066341,23.23215784202837,29.7210551454152
39420,6.725755646628533e-05,2.075811588825288,4.413036455059382,23.233084400332697,29.721932444217366
39440,6.729168003628345e-05,2.0807951521681973,4.407418788398803,23.23422387312513,29.72243781369213
39460,6.732580360628156e-05,2.0851031526180277,4.403837894721936,23.23493204136496,29.723873088704924
39480,6.735992717627967e-05,2.0898839629350223,4.399074675103397,23.235937985241943,29.72489662328036
39500,6.73940507462778e-05,2.0973133207901022,4.391016017914437,23.237013783155206,29.725343121859744
39520,6.742817431627591e-05,2.0985230709578646,4.390578219345986,23.237980030159378,29.727081320463228
39540,6.746229788627402e-05,2.1050189024773394,4.383185032992306,23.23888537613933,29.727089311608974
39560,6.749642145627214e-05,2.1107619656520957,4.377483565026353,23.23988029615578,29.728125826834226
39580,6.753054502627025e-05,2.1137744487126384,4.37418155421335,23.240634618374006,29.728590621299993
39600,6.756466859626838e-05,2.118315753480561,4.369632302544967,23.241509760347128,29.72945781637266
39620,6.759879216626649e-05,2.122315856383816,4.365240521252435,23.24244615275068,29.730002530386933
39640,6.76329157362646e-05,2.1279656015723005,4.359848072874831,23.24321378089028,29.73102745533741
39660,6.766703930626271e-05,2.1287360425335056,4.35866291338353,23.24426491785678,29.731663873773815
39680,6.770116287626083e-05,2.1331084113980614,4.3538796867110685,23.24508773793174,29.73207583604087
39700,6.773528644625894e-05,2.1367317583085277,4.349354412181799,23.246034634905612,29.732120805395937
39720,6.776941001625707e-05,2.1396256882478086,4.346178642438241,23.247127168021198,29.73293149870725
39740,6.780353358625518e-05,2.143264221327798,4.342405920119812,23.24813680646241,29.73380694791002
39760,6.783765715625329e-05,2.1455859967380406,4.3398241730545815,23.249063901705217,29.73447407149784
39780,6.78717807262514e-05,2.149303453315908,4.336802882291567,23.25008621469282,29.736192550300295
39800,6.790590429624952e-05,2.154626892276629,4.331040496266024,23.250985626822263,29.736653015364915
39820,6.794002786624764e-05,2.1590877079735518,4.326542285350379,23.251814073327797,29.737444066651726
39840,6.797415143624576e-05,2.164833315757082,4.32016798686473,23.25280411797143,29.73780542059324
39860,6.800827500624387e-05,2.1697856166239853,4.315869909366882,23.253710628437464,29.739366154428332
39880,6.804239857624198e-05,2.1777393036511388,4.307503310558463,23.25453782173359,29.73978043594319
39900,6.80765221462401e-05,2.184422343517589,4.300803075313196,23.255462125250776,29.74068754408156
39920,6.811064571623822e-05,2.1928421432049388,4.292489087628691,23.256470934983184,29.741802165816814
39940,6.814476928623633e-05,2.200915216131365,4.284055468335556,23.257274910658552,29.742245595125475
39960,6.817889285623445e-05,2.210246105344014,4.274164022388744,23.258197131029256,29.742607258762014
39980,6.821301642623256e-05,2.21939680305327,4.264908090993112,23.259193727802792,29.743498621849174
40000,6.824713999623067e-05,2.2293044189365503,4.255052061013208,23.260063534332968,29.744420014282724
40020,6.82812635662288e-05,2.240962436752056,4.243306037163856,23.26114221882649,29.7454106927424
40040,6.831538713622691e-05,2.25141392757882,4.23224234591706,23.262242769538787,29.74589904303467
40060,6.834951070622502e-05,2.2635833569143418,4.219774614203735,23.26323587380435,29.74659384492243
40080,6.838363427622314e-05,2.274468776189133,4.208868224758489,23.264426583353732,29.747763584301353
40100,6.841775784622125e-05,2.2866050576505383,4.196725264125641,23.265531395524896,29.748861717301075
40120,6.845188141621936e-05,2.2998234097089885,4.18331150365892,23.266446957459205,29.749581870827114
40140,6.848600498621749e-05,2.3133257137780996,4.1692840832076365,23.267557901484025,29.75016769846976
40160,6.85201285562156e-05,2.3255890983623124,4.1572553346353045,23.26844772409869,29.751292157096305
40180,6.855425212621371e-05,2.33656181419515,4.145725159264718,23.26940984191429,29.751696815374157
40200,6.858837569621183e-05,2.3514519987860663,4.130265780986342,23.2705068471876,29.752224626960007
40220,6.862249926620994e-05,2.365905304627984,4.116288660665261,23.271485584786383,29.753679550079628
40240,6.865662283620807e-05,2.380406763776648,4.10127828599173,23.272449471324443,29.75413452109282
40260,6.869074640620618e-05,2.3952712208871016,4.085888188783845,23.273319452190936,29.754478861861884
40280,6.872486997620429e-05,2.4111007679100154,4.0700240437147075,23.274320603725496,29.755445415350216
40300,6.87589935462024e-05,2.4230620416310855,4.058096150294754,23.27528119918124,29.75643939110708
40320,6.879311711620052e-05,2.4370523331795124,4.0439146995051285,23.276411824913684,29.757378857598326
40340,6.882724068619864e-05,2.4539592931626295,4.027033407985782,23.277440140962568,29.75843284211098
40360,6.886136425619676e-05,2.468993352277383,4.011901568227673,23.27824279384462,29.759137714349677
40380,6.889548782619487e-05,2.485443499094326,3.9948750044332075,23.27916120544572,29.759479708973252
40400,6.892961139619298e-05,2.501919200463395,3.9776442407720634,23.280273801998312,29.759837243233772
40420,6.89637349661911e-05,2.517594093697267,3.961929555117261,23.281162830885226,29.760686479699753
40440,6.899785853618921e-05,2.5343035936886023,3.9453051627344093,23.282310852050166,29.76191960847318
40460,6.903198210618733e-05,2.551681227974772,3.9280144610829453,23.283329221643452,29.76302491070117
40480,6.906610567618545e-05,2.568716797608431,3.910887603721941,23.284113912448124,29.763718313778497
40500,6.910022924618356e-05,2.5853743991961924,3.8935551735540237,23.284995430989355,29.763925003739573
40520,6.913435281618167e-05,2.6035042569731237,3.8756346992380553,23.28589645393565,29.76503541014683
40540,6.916847638617978e-05,2.618405536740945,3.86034432251083,23.28693005200339,29.765679911255166
40560,6.920259995617791e-05,2.636993740163317,3.8414259806094253,23.28800754668753,29.766427267460273
40580,6.923672352617602e-05,2.651751661755192,3.8271747122841457,23.28911161868099,29.76803799272033
40600,6.927084709617414e-05,2.6706867153045657,3.8079297801831884,23.29000810584518,29.768624601332938
40620,6.930497066617225e-05,2.687460926181725,3.790392250259936,23.29098632840225,29.76883950484391
40640,6.933909423617036e-05,2.703877440896258,3.774186000883965,23.292048137840673,29.770111579620895
40660,6.937321780616849e-05,2.7194060711649986,3.7584260782380428,23.293105343172602,29.770937492575644
40680,6.94073413761666e-05,2.7337920021606448,3.744129402590114,23.294036945171438,29.771958349922198
40700,6.944146494616471e-05,2.7527146303953716,3.7240838160139664,23.29516496967967,29.771963416089008
40720,6.947558851616283e-05,2.766766326247131,3.7104538112517234,23.296100242139204,29.773320379638058
40740,6.950971208616094e-05,2.782813132313892,3.694302178440142,23.297151311708763,29.774266622462797
40760,6.954383565615905e-05,2.797433651936404,3.6794574255070085,23.298184726090415,29.775075803533827
40780,6.957795922615718e-05,2.812237713474731,3.6643589663866374,23.298986200822192,29.775582880683558
40800,6.961208279615529e-05,2.82866814945171,3.64819675225261,23.299968930493073,29.776833832197394
40820,6.96462063661534e-05,2.840305904724641,3.6360626615422187,23.300879699363247,29.777248265630107
40840,6.968032993615152e-05,2.855441313759665,3.6204834671778596,23.30158531776275,29.777510098700276
40860,6.971445350614963e-05,2.867425665049825,3.6081796494531013,23.302361582783387,29.777966897286312
40880,6.974857707614776e-05,2.8797558467469426,3.595669479680145,23.303224975713466,29.778650302140555
40900,6.978270064614587e-05,2.88966744030371,3.585959479977113,23.304053505626545,29.77968042590737
40920,6.981682421614398e-05,2.903562757675688,3.571627060566816,23.304875020129977,29.780064838372482
40940,6.98509477861421e-05,2.91226569934012,3.5628772350281626,23.305829687102378,29.78097262147066
40960,6.988507135614021e-05,2.9238411065589354,3.551439213130405,23.306647616387927,29.781927936077267
40980,6.991919492613833e-05,2.931883308647104,3.542798423279034,23.307587242132342,29.782268974058482
41000,6.995331849613645e-05,2.939175321214194,3.535065768547902,23.30860465353876,29.782845743300857
41020,6.998744206613456e-05,2.9484672010616517,3.525800641494616,23.309381740509366,29.783649583065632
41040,7.002156563613267e-05,2.954302565007561,3.5198630807646274,23.31029060640677,29.78445625217896
41060,7.005568920613078e-05,2.9620983061030506,3.5119099944510968,23.31124405834584,29.785252358899985
41080,7.008981277612891e-05,2.9666709009561107,3.5072010659679425,23.312154042749548,29.7860260096736
41100,7.012393634612702e-05,2.9732246660737047,3.5001158520176983,23.313196474396303,29.786536992487704
41120,7.015805991612514e-05,2.976346884199807,3.4974203309698018,23.31416927675886,29.78793649192847
41140,7.019218348612325e-05,2.9840740923667575,3.489871256606049,23.314976367596202,29.788921716569007
41160,7.022630705612136e-05,2.9873515923033414,3.4855902863552393,23.315881399615886,29.788823278274467
41180,7.026043062611947e-05,2.9899466538257466,3.4835836444613677,23.316936487924103,29.79046678621122
41200,7.02945541961176e-05,2.9938994201200604,3.4790281596676307,23.317621690720607,29.790549270508297
41220,7.032867776611571e-05,2.9970881782591396,3.475538185808267,23.318544425643488,29.791170789710893
41240,7.036280133611383e-05,2.998534627027298,3.4745227486600627,23.319507314833277,29.79256469052064
41260,7.039692490611194e-05,3.0015134248950646,3.4711954306317345,23.32035817736662,29.79306703289342
41280,7.043104847611005e-05,3.005246484204277,3.4669989209727268,23.321224992770112,29.793470397947118
41300,7.046517204610818e-05,3.0078845264129805,3.4640742855857796,23.32215538004597,29.79411419204473
41320,7.049929561610629e-05,3.0091371333327657,3.4627812875703654,23.32292099849579,29.79483941939892
41340,7.05334191861044e-05,3.009629528938501,3.4627155523621664,23.323952474029948,29.796297555330614
41360,7.056754275610252e-05,3.012076857995808,3.4600374593835306,23.324776990279346,29.796891307658683
41380,7.060166632610063e-05,3.0141904387448264,3.4577641649250417,23.325548078801415,29.797502682471283
41400,7.063578989609876e-05,3.0163336215299954,3.455551911489293,23.32650352410402,29.79838905712331
41420,7.066991346609687e-05,3.0189559641866652,3.4523802510006845,23.327300896799972,29.798637111987322
41440,7.070403703609498e-05,3.0208485268837593,3.450460236000693,23.328000327082712,29.799309089967164
41460,7.07381606060931e-05,3.0228060043379057,3.447842674474689,23.3287889491405,29.799437627953093
41480,7.077228417609121e-05,3.0242645184940993,3.446657299130968,23.329647406028357,29.800569223653426
41500,7.080640774608932e-05,3.0284877846925715,3.4423847100393563,23.330429625857068,29.801302120588996
41520,7.084053131608745e-05,3.0321162992060193,3.438055933072058,23.331195794770053,29.80136802704813
41540,7.087465488608556e-05,3.035209135296134,3.4354750669979532,23.332206314750643,29.80289051704473
41560,7.090877845608367e-05,3.0378054461814608,3.432480580366962,23.33282547398743,29.803111500535852
41580,7.094290202608178e-05,3.0447175912053064,3.4254266687626265,23.333598705047624,29.80374296501556
41600,7.09770255960799e-05,3.0463730406998333,3.4237670205271984,23.334572916255084,29.804712977482115
41620,7.101114916607802e-05,3.051135319189812,3.419282208272214,23.33536872801351,29.805786255475535
41640,7.104527273607614e-05,3.055262116683866,3.4143108249966927,23.33624199140762,29.80581493308818
41660,7.107939630607425e-05,3.060822763677027,3.4090848161552443,23.337144905642532,29.807052485474802
41680,7.111351987607236e-05,3.06522748412476,3.4051296845284074,23.33794964370881,29.808306812361977
41700,7.114764344607047e-05,3.0742638270650438,3.395289952561328,23.3389899250776,29.808543704703972
41720,7.11817670160686e-05,3.0778568976905865,3.392135518265063,23.34002553306166,29.810017949017308
41740,7.121589058606671e-05,3.083923466437208,3.3853906397846583,23.340711417692493,29.81002552391436
41760,7.125001415606483e-05,3.0908100195468093,3.3782679140813947,23.341888326499767,29.81096626012797
41780,7.128413772606294e-05,3.0943808618431046,3.374694468555041,23.34279390066362,29.811869231061763
41800,7.131826129606105e-05,3.100534925685979,3.3685382301706785,23.343514026356615,29.81258718221327
41820,7.135238486605916e-05,3.107752085505378,3.3608151012630136,23.34441511898492,29.81298230575331
41840,7.138650843605729e-05,3.1150394657422504,3.3534896664736635,23.34528520973583,29.813814341951744
41860,7.14206320060554e-05,3.121619748138123,3.3474692331512403,23.346074369932357,29.81516335122172
41880,7.145475557605352e-05,3.128703554951818,3.339616993173076,23.346993669708915,29.81531421783381
41900,7.148887914605163e-05,3.135408997449629,3.332592056135657,23.34781618436425,29.81581723794954
41920,7.152300271604974e-05,3.14099689893807,3.327241550874914,23.348593688865044,29.81683213867803
41940,7.155712628604787e-05,3.1454057262841006,3.3227388026628346,23.34941019780194,29.817554726748874
41960,7.159124985604598e-05,3.152855701846973,3.3147340066969386,23.350226466251844,29.817816174795755
41980,7.16253734260441e-05,3.1572141172805503,3.310204535847075,23.350947176036833,29.818365829164456
42000,7.165949699604221e-05,3.1602690556390187,3.3070353161065635,23.35190474072285,29.819209112468435
42020,7.169362056604032e-05,3.165999372821688,3.301360813036368,23.352834489590975,29.82019467544903
42040,7.172774413603845e-05,3.1698346880821857,3.296940931867701,23.353641413090962,29.820417033040847
42060,7.176186770603656e-05,3.1741956573269605,3.291978389750387,23.354591491896727,29.820765538974072
42080,7.179599127603467e-05,3.1785504405342655,3.287973331570083,23.355504302644835,29.822028074749184
42100,7.183011484603278e-05,3.1825502522102247,3.28401477441299,23.356246669704767,29.82281169632798
42120,7.18642384160309e-05,3.1863056035986417,3.279880417087707,23.357122140255534,29.823308160941885
42140,7.189836198602902e-05,3.1886469967676696,3.2773613636301318,23.35811583802266,29.82412419842046
42160,7.193248555602714e-05,3.1904086233719307,3.275367635115245,23.35894238083195,29.824718639319126
42180,7.196660912602525e-05,3.192272179837908,3.2736318003708536,23.35993110691662,29.82583508712538
42200,7.200073269602336e-05,3.1957000644698508,3.2698817661694908,23.36074307746442,29.82632490810376
42220,7.203485626602147e-05,3.195402107276978,3.270048231593023,23.361730230909966,29.82718056977997
42240,7.206897983601959e-05,3.19934417746308,3.2654858279771943,23.362694235715427,29.8275242411557
42260,7.210310340601771e-05,3.199180540191965,3.2655731451856846,23.36365224502413,29.82840593040178
42280,7.213722697601583e-05,3.202015336440676,3.262256631877499,23.36429305463768,29.828565022955857
42300,7.217135054601394e-05,3.2025722988493386,3.2620213111204,23.365147758242877,29.829741368212616
42320,7.220547411601205e-05,3.2044056647027945,3.2598397446719116,23.36600952267605,29.830254932050757
42340,7.223959768601017e-05,3.20327131302079,3.261238111160993,23.36679658858996,29.83130601277174
42360,7.227372125600829e-05,3.205737116844869,3.2586458915812315,23.36772282203149,29.83210583045759
42380,7.23078448260064e-05,3.2036586410928,3.260141840624858,23.368601849478033,29.83240233119569
42400,7.234196839600452e-05,3.202316522350113,3.261403112099115,23.36943969835454,29.833159332803767
42420,7.237609196600263e-05,3.20342742688346,3.2601221456968843,23.370403540800815,29.83395311338116
42440,7.241021553600074e-05,3.2018414919171345,3.2609968812523684,23.37129904719128,29.834137420360783
42460,7.244433910599887e-05,3.200250465189102,3.2625763225760216,23.37202484811066,29.834851635875783
42480,7.247846267599698e-05,3.197515359982076,3.2650871022668375,23.37293029118088,29.835532753429792
42500,7.25125862459951e-05,3.1986586304541587,3.2634001610758054,23.37396317216718,29.836021963697142
42520,7.254670981599321e-05,3.195142046227729,3.2674298321954036,23.37471254360839,29.837284422031523
42540,7.258083338599132e-05,3.1920001455840517,3.2698710709764343,23.375594609466216,29.8374658260267
42560,7.261495695598943e-05,3.190223895355989,3.2719177783801006,23.376601269737996,29.838742943474088
42580,7.264908052598756e-05,3.186651071267359,3.2752557126156803,23.377316187926247,29.839222971809285
42600,7.268320409598567e-05,3.1830228075964206,3.2787465773026656,23.378210906113445,29.83998029101253
42620,7.271732766598378e-05,3.1794963192916095,3.282385100659023,23.379362536730188,29.84124395668082
42640,7.27514512359819e-05,3.173380647118723,3.288042388180435,23.37998591377047,29.841408949069624
42660,7.278557480598001e-05,3.169725014204827,3.2915679592401177,23.381013930697748,29.842306904142692
42680,7.281969837597814e-05,3.1648549971169047,3.2965276390444704,23.381883909416587,29.84326654557796
42700,7.285382194597625e-05,3.1611105451207324,3.2995967106538613,23.38255414103056,29.843261396805154
42720,7.288794551597436e-05,3.1536526237744673,3.307336363498593,23.38359077868446,29.84457976595752
42740,7.292206908597247e-05,3.1493755832111314,3.311190411668932,23.384582299236364,29.845148294116427
42760,7.295619265597059e-05,3.1444720563012902,3.3161539801956224,23.385372267191155,29.845998303688066
42780,7.299031622596871e-05,3.1362095025020995,3.32417311883883,23.386233038550042,29.846615659890972
42800,7.302443979596683e-05,3.131860073056137,3.328134076806727,23.387269394674853,29.847263544537718
42820,7.305856336596494e-05,3.127609346085349,3.332226133903931,23.387916339499544,29.847751819488824
42840,7.309268693596305e-05,3.1228439858371537,3.3365169739008786,23.38881266350483,29.84817362324286
42860,7.312681050596117e-05,3.1171486325404425,3.3420686848406174,23.389741871037252,29.848959188418313
42880,7.316093407595928e-05,3.1125923903439032,3.3464183067122075,23.390380276219464,29.849390973275575
42900,7.31950576459574e-05,3.1072699777310024,3.3518941152908788,23.39115224422402,29.8503163372459
42920,7.322918121595552e-05,3.1015220662883722,3.357366149140288,23.392026762575494,29.850914978004155
42940,7.326330478595363e-05,3.0965246308426524,3.3618014404225467,23.39284811360362,29.851174184868817
42960,7.329742835595174e-05,3.0901711966570784,3.3682841274499977,23.393932629845022,29.852387953952096
42980,7.333155192594986e-05,3.084252384835092,3.374118500556196,23.394758937805605,29.853129823196895
43000,7.336567549594798e-05,3.0773142209690403,3.3805749112493615,23.395597214913312,29.853486347131714
43020,7.33997990659461e-05,3.0711535933900596,3.386952383691247,23.396402778904747,29.854508755986053
43040,7.343392263594421e-05,3.0623549474519858,3.3956787000008952,23.39718380822239,29.855217455675273
43060,7.346804620594232e-05,3.055836519534798,3.402191315495155,23.397986334024083,29.856014169054035
43080,7.350216977594043e-05,3.0489206940867524,3.4086375345136433,23.398961774509733,29.856520003110127
43100,7.353629334593856e-05,3.0407517592092437,3.416720915375602,23.399818881654,29.857291556238845
43120,7.357041691593667e-05,3.031537937528707,3.4261526209262114,23.40057845667581,29.858269015130727
43140,7.360454048593478e-05,3.0217187692602976,3.4355010912415938,23.401387023964478,29.85860688446637
43160,7.36386640559329e-05,3.01170708852957,3.4452510786151582,23.402173986398395,29.859132153543122
43180,7.367278762593101e-05,3.0025360916406623,3.4543060737851166,23.40284976365397,29.859691929079748
43200,7.370691119592914e-05,2.9916794260833734,3.464919634000287,23.40382817305346,29.86042723313712
43220,7.374103476592725e-05,2.9796613283173006,3.4767861667073197,23.40478551399513,29.86123300901975
43240,7.377515833592536e-05,2.9691183715884595,3.4871609718311416,23.405545951888417,29.861825295308016
43260,7.380928190592347e-05,2.957592579057247,3.4984641931448572,23.40641606995024,29.862472842152343
43280,7.384340547592159e-05,2.945068204603174,3.5106631121971077,23.40732891314473,29.863060229945013
43300,7.38775290459197e-05,2.934943757465299,3.5209753950164453,23.408086408535183,29.864005561016928
43320,7.391165261591783e-05,2.9194436820857605,3.5360787409053063,23.40907418619541,29.864596609186478
43340,7.394577618591594e-05,2.9061786321122876,3.548931098894681,23.40997088796211,29.86508061896908
43360,7.397989975591405e-05,2.893130851257288,3.5618202277423894,23.41068391220646,29.865634991206136
43380,7.401402332591217e-05,2.8785170385681904,3.576066530314552,23.41159774001632,29.866181308899062
43400,7.404814689591028e-05,2.86525678717569,3.5894974216573834,23.412525913040078,29.86728012187315
43420,7.40822704659084e-05,2.8512427198381727,3.6034645166479047,23.413243455332246,29.867950691818322
43440,7.411639403590652e-05,2.8345682048558105,3.619741035419738,23.414040119192915,29.868349359468464
43460,7.415051760590463e-05,2.8213086617031524,3.6330937801836107,23.414874567126482,29.869277009013246
43480,7.418464117590274e-05,2.8050330554851395,3.6492643311208868,23.41547411097923,29.869771497585255
43500,7.421876474590086e-05,2.791757186830502,3.6627068841281805,23.416316613634454,29.870780684593136
43520,7.425288831589898e-05,2.7742046279355135,3.679926359232219,23.417038801659167,29.8711697888269
43540,7.42870118858971e-05,2.7590030913375703,3.6947570761884276,23.417725507676483,29.87148567520248
43560,7.432113545589521e-05,2.7445590388625964,3.7090840825630336,23.418510798136474,29.872153919562102
43580,7.435525902589332e-05,2.7259002723865473,3.727710700374049,23.41946138555702,29.873072358317618
43600,7.438938259589143e-05,2.7091016802925685,3.744312443395678,23.42029898165214,29.873713105340386
43620,7.442350616588955e-05,2.6918869672649333,3.7613644860058524,23.42118950013426,29.87444095340505
43640,7.445762973588767e-05,2.675940814004985,3.7769043835052494,23.42195692439775,29.874802121907983
43660,7.449175330588578e-05,2.657551486526083,3.7957340125773698,23.42264622982046,29.875931728923916
43680,7.45258768758839e-05,2.6422919883797746,3.8104441567278218,23.423415180488327,29.876151325595924
43700,7.456000044588201e-05,2.624957757277891,3.827781842318427,23.42423126359257,29.876970863188888
43720,7.459412401588012e-05,2.6096924665849195,3.842791424969766,23.425055204383643,29.877539095938328
43740,7.462824758587825e-05,2.5913458767904656,3.8613384107016975,23.426116192397348,29.878800479889513
43760,7.466237115587636e-05,2.5776007496975817,3.8746902057726937,23.427072884098315,29.87936383956859
43780,7.469649472587448e-05,2.5623091632012294,3.8893630266283528,23.427856907693076,29.879529097522656
43800,7.473061829587259e-05,2.5455193919359727,3.9064037572857013,23.428904889602464,29.880828038824138
43820,7.47647418658707e-05,2.5303768272186296,3.921393829674639,23.43005044268309,29.881821099576356
43840,7.479886543586883e-05,2.514305761122831,3.937484753634547,23.43092256347567,29.882713078233046
43860,7.483298900586694e-05,2.500526991185981,3.95109781336434,23.431906409245265,29.883531213795585
43880,7.486711257586505e-05,2.4864874918419417,3.9649646177788123,23.43292368099769,29.884375790618442
43900,7.490123614586317e-05,2.4706821927004796,3.9807251663879537,23.433676109635808,29.88508346872424
43920,7.493535971586128e-05,2.458793688823765,3.992035873920036,23.4347074537471,29.8855370164909
43940,7.496948328585939e-05,2.4452069790495248,4.00562976844151,23.435641347966712,29.886478095457747
