step,t_s,elastic,kinetic,fracture,total
0,0.0,27.803544027704564,3.4691962537568283e-23,0.013647737372587766,27.81719176507715
20,4.0386882368534505e-08,27.793963520088955,0.003397298782123774,0.01901827818756375,27.81637909705864
40,8.077376473706901e-08,27.777141528899058,0.010622659367509437,0.028546970680997933,27.816311158947567
60,1.2116064710560351e-07,27.753418019251466,0.019686963633555283,0.043802284361320803,27.816907267246343
80,1.6154752947413802e-07,27.7303000366279,0.029885466280698745,0.05767876998895635,27.817864272897555
100,2.0193441184267252e-07,27.711226287349113,0.040018092697499286,0.06740429945786523,27.818648679504477
120,2.4232129421120703e-07,27.691707041096073,0.049366020337723415,0.07826611974474112,27.819339181178535
140,2.827081765797415e-07,27.673610232540195,0.05783041204528414,0.08846332296553688,27.819903967551017
160,3.2309505894827604e-07,27.657157939547336,0.06582946222044612,0.09733323247244667,27.82032063424023
180,3.634819413168105e-07,27.64052896245855,0.07347027579774043,0.10658849481191876,27.82058773306821
200,4.0386882368534505e-07,27.623625068092828,0.08090634582519884,0.11630934599337733,27.820840759911405
220,4.442557060538795e-07,27.607595161379177,0.08854339417525392,0.12487523280358223,27.821013788358012
240,4.846425884224141e-07,27.58886781695941,0.09636202653300942,0.1358763719481984,27.82110621544062
260,5.250294707909486e-07,27.572080464377493,0.10420789705048002,0.14515315639507975,27.82144151782305
280,5.65416353159483e-07,27.555438706519404,0.11218833923300192,0.1539401849583246,27.821567230710727
300,6.058032355280175e-07,27.537110056982243,0.12018992419001161,0.16436667090118795,27.821666652073443
320,6.461901178965521e-07,27.518025651972867,0.1284526905328594,0.17526607085882867,27.821744413364556
340,6.865770002650865e-07,27.500450727661644,0.13665309625543204,0.18466842164975136,27.821772245566827
360,7.26963882633621e-07,27.481134200639396,0.14517304505567946,0.19569600976285878,27.822003255457933
380,7.673507650021556e-07,27.46087006033062,0.15362183929847814,0.20769744331605333,27.82218934294515
400,8.077376473706901e-07,27.443153649287357,0.162458692948018,0.21677179602982394,27.8223841382652
420,8.481245297392245e-07,27.422285801211753,0.17171092832527682,0.22851286952140853,27.82250959905844
440,8.88511412107759e-07,27.39996343589679,0.18155637935232286,0.24055454527069217,27.822074360519807
460,9.288982944762936e-07,27.377368800027572,0.19271406603222366,0.2514094933916124,27.82149235945141
480,9.692851768448281e-07,27.3501880669041,0.20517900609871723,0.26570332793319207,27.82107040093601
500,1.0096720592133625e-06,27.32092017094821,0.21916125525942748,0.28161183800096734,27.8216932642086
520,1.0500589415818972e-06,27.291818766950954,0.23548912076205641,0.29619714024205107,27.82350502795506
540,1.0904458239504316e-06,27.258440306512362,0.2546395705439873,0.31406214977432945,27.82714202683068
560,1.130832706318966e-06,27.2247957556244,0.2765840929736857,0.330186938715732,27.831566787313815
580,1.1712195886875007e-06,27.19276869482444,0.30091869791363124,0.34142934556832283,27.835116738306393
600,1.211606471056035e-06,27.161043226969138,0.32657117710040384,0.35112616854979767,27.83874057261934
620,1.2519933534245695e-06,27.132578575377053,0.3511409844186903,0.3575154592217079,27.841235019017454
640,1.2923802357931041e-06,27.107964269189612,0.3737203305017465,0.3611532451170115,27.842837844808372
660,1.3327671181616386e-06,27.086990006059196,0.3932544047072408,0.3639620491530804,27.84420645991952
680,1.373154000530173e-06,27.070134335834503,0.40925115110600485,0.36580826559164226,27.84519375253215
700,1.4135408828987076e-06,27.057532104960785,0.4211191766787335,0.36692319671062446,27.84557447835014
720,1.453927765267242e-06,27.04813992691961,0.42988051151215123,0.367882841030768,27.84590327946253
740,1.4943146476357767e-06,27.041743335564544,0.4358795187723011,0.36873747505566334,27.846360329392507
760,1.5347015300043111e-06,27.037664367151166,0.43917344700476313,0.3694781166881693,27.8463159308441
780,1.5750884123728455e-06,27.03377565641335,0.44242176846361103,0.37074211571913646,27.846939540596097
800,1.6154752947413802e-06,27.029592011169232,0.4451207312382969,0.3721772097567285,27.846889952164258
820,1.6558621771099146e-06,27.024073913343827,0.4485457632795574,0.3737765121102696,27.846396188733653
840,1.696249059478449e-06,27.015396269253387,0.4538579501135634,0.3762247601935217,27.845478979560472
860,1.7366359418469837e-06,27.00431888801912,0.46033111922442477,0.37961463057417466,27.84426463781772
880,1.777022824215518e-06,26.991083365797095,0.4679017830666625,0.3839887171041193,27.842973865967878
900,1.8174097065840527e-06,26.97454860709732,0.4758298235080865,0.3908877244660738,27.841266155071477
920,1.8577965889525872e-06,26.954041486103637,0.4849433559611925,0.4006807024666966,27.839665544531528
940,1.8981834713211216e-06,26.93304863926286,0.4952204020976123,0.4109399838451424,27.839209025205616
960,1.9385703536896562e-06,26.909540003858986,0.5061831627009707,0.42389125124274196,27.8396144178027
980,1.9789572360581906e-06,26.883635118510973,0.5177491493638282,0.4387446065376268,27.84012887441243
1000,2.019344118426725e-06,26.860426680322362,0.5305517890848457,0.45023981044739797,27.84121827985461
1020,2.0597310007952595e-06,26.83457552544391,0.5434566924036934,0.46440540436377187,27.842437622211374
1040,2.1001178831637943e-06,26.808919921937992,0.5560488868945812,0.47854254368625926,27.84351135251883
1060,2.1405047655323288e-06,26.785928888662138,0.568411419447237,0.4902295702855286,27.844569878394903
1080,2.180891647900863e-06,26.760040565418578,0.580550716063843,0.5047554158003389,27.84534669728276
1100,2.2212785302693976e-06,26.732420766225147,0.5936301795155257,0.5196051349516085,27.84565608069228
1120,2.261665412637932e-06,26.706281357514925,0.6070473119996799,0.5325884563866505,27.845917125901256
1140,2.3020522950064665e-06,26.674895054587388,0.6226972487303696,0.5493631693970566,27.846955472714814
1160,2.3424391773750013e-06,26.64083110601443,0.6414405325901495,0.5671723580894761,27.849443996694056
1180,2.3828260597435357e-06,26.606904532652372,0.6630263802590249,0.5827072547584975,27.852638167669895
1200,2.42321294211207e-06,26.57068868731313,0.6875088637104771,0.5989171821784991,27.857114733202106
1220,2.4635998244806046e-06,26.5353965200696,0.7141989035962693,0.6118795013504986,27.861474925016367
1240,2.503986706849139e-06,26.503084249125727,0.7410115029646079,0.6203721841259259,27.86446793621626
1260,2.544373589217674e-06,26.47323766710937,0.7673102163934333,0.6265027228595771,27.86705060636238
1280,2.5847604715862083e-06,26.447121142495746,0.7911024600732581,0.6306912807389901,27.868914883307994
1300,2.6251473539547427e-06,26.424478429197137,0.8126168211008694,0.6331839976318919,27.8702792479299
1320,2.665534236323277e-06,26.405204843955868,0.830989959422207,0.6351604633366287,27.871355266714705
1340,2.7059211186918116e-06,26.389569686903776,0.8458815274724104,0.6366047669041567,27.872055981280344
1360,2.746308001060346e-06,26.376355028750986,0.8586571601947071,0.6376421912999146,27.872654380245606
1380,2.786694883428881e-06,26.364791131824553,0.8700539890805306,0.6387031038078572,27.87354822471294
1400,2.8270817657974153e-06,26.354250311343122,0.8802049720171584,0.6401409499717707,27.87459623333205
1420,2.8674686481659497e-06,26.343780972072746,0.8897956098008104,0.641670415840831,27.875246997714388
1440,2.907855530534484e-06,26.331931602900884,0.8990177920108295,0.6441832509801353,27.87513264589185
1460,2.9482424129030185e-06,26.319898460467524,0.9079736903693827,0.646651806979346,27.87452395781625
1480,2.9886292952715534e-06,26.306400862747218,0.9171370543341585,0.6497673340715504,27.873305251152928
1500,3.029016177640088e-06,26.29103882354915,0.9258385576673448,0.654837626214938,27.871715007431433
1520,3.0694030600086222e-06,26.2735161650528,0.9345832372729894,0.6617787931412324,27.86987819546702
1540,3.1097899423771567e-06,26.253368685945908,0.9442979796096703,0.6710463954135921,27.86871306096917
1560,3.150176824745691e-06,26.23087658644888,0.9552068614563654,0.6819931797947261,27.86807662769997
1580,3.190563707114226e-06,26.203788036002805,0.9676025497341261,0.6964561882028606,27.86784677393979
1600,3.2309505894827604e-06,26.176730686168664,0.9821142774182338,0.7096051937043732,27.86845015729127
1620,3.271337471851295e-06,26.147519249640638,0.997691337171097,0.7243717200370816,27.869582306848816
1640,3.3117243542198292e-06,26.11680924889048,1.0144661189270663,0.7397433848262701,27.871018752643817
1660,3.3521112365883636e-06,26.08943473715746,1.0309764312530223,0.7517103575375687,27.872121525948053
1680,3.392498118956898e-06,26.0598598386026,1.0473754151279362,0.7662109110873216,27.873446164817857
1700,3.432885001325433e-06,26.03038553171065,1.0630923751995769,0.7810247006997046,27.87450260760993
1720,3.4732718836939673e-06,26.000763384888934,1.0792404792288697,0.7951196775264793,27.87512354164428
1740,3.5136587660625018e-06,25.968043435771143,1.0962637867596905,0.8113249480062472,27.87563217053708
1760,3.554045648431036e-06,25.93450868537265,1.1148084317996125,0.8272866976229647,27.876603814795224
1780,3.5944325307995706e-06,25.900226838678684,1.135760829696231,0.8424807261996159,27.87846839457453
1800,3.6348194131681055e-06,25.862191883261698,1.1597045043584393,0.8602006353974154,27.882097023017554
1820,3.67520629553664e-06,25.823535542408116,1.1867563866351691,0.8761947157395239,27.886486644782806
1840,3.7155931779051743e-06,25.786642019652536,1.2162944748591207,0.8872476233915523,27.89018411790321
1860,3.7559800602737087e-06,25.750376016726996,1.2468830764778847,0.8963845089819867,27.89364360218687
1880,3.796366942642243e-06,25.716704639298044,1.277122760097509,0.902335018295596,27.896162417691148
1900,3.836753825010778e-06,25.685921646505868,1.3058836091563228,0.9063248500902217,27.89813010575241
1920,3.8771407073793124e-06,25.658352179093875,1.3318461305980829,0.9093960844784199,27.89959439417038
1940,3.9175275897478464e-06,25.634502825122844,1.354575331168197,0.9116923149706405,27.90077047126168
1960,3.957914472116381e-06,25.614386971638964,1.3738939431792478,0.9136060304279292,27.90188694524614
1980,3.998301354484916e-06,25.59746519151549,1.3897215891838492,0.9148859960873212,27.90207277678666
2000,4.03868823685345e-06,25.582760184258397,1.4033321594130954,0.9166904440392272,27.90278278771072
2020,4.079075119221985e-06,25.570207345407795,1.4152703346254625,0.9178176301390428,27.9032953101723
2040,4.119462001590519e-06,25.55776628364,1.4260910409769774,0.9197194607851066,27.903576785402084
2060,4.159848883959054e-06,25.545211478450113,1.4346225637722776,0.922856443474039,27.90269048569643
2080,4.200235766327589e-06,25.531371553237236,1.4448035161851436,0.9255517652651585,27.901726834687537
2100,4.240622648696123e-06,25.513743724663588,1.4550702216488502,0.930830188522346,27.899644134834784
2120,4.2810095310646575e-06,25.493365801620136,1.4654704931197677,0.9386411320248097,27.897477426764713
2140,4.3213964134331915e-06,25.473155865103564,1.4755190339323716,0.9477664139132929,27.89644131294923
2160,4.361783295801726e-06,25.44761067711249,1.4866046195360831,0.9616327630552246,27.8958480597038
2180,4.402170178170261e-06,25.420009945425594,1.4991782276699623,0.9769734021938175,27.896161575289373
2200,4.442557060538795e-06,25.392007463164163,1.513944482263812,0.9912127052455308,27.897164650673506
2220,4.48294394290733e-06,25.36124167860348,1.529462144406635,1.0074318755424636,27.89813569855258
2240,4.523330825275864e-06,25.330307302245252,1.5445004697204003,1.0244107790669128,27.899218551032565
2260,4.563717707644399e-06,25.30197545579993,1.560456127439956,1.0381494027706482,27.900580986010535
2280,4.604104590012933e-06,25.27234541510121,1.5757311206358833,1.0538086576178027,27.901885193354897
2300,4.644491472381468e-06,25.240516465358297,1.5916961404931769,1.0707545384965196,27.902967144347993
2320,4.684878354750003e-06,25.20870115361382,1.6092810871006058,1.085482137832467,27.903464378546893
2340,4.725265237118537e-06,25.171366450166122,1.628737820508874,1.103322139177544,27.90342640985254
2360,4.7656521194870715e-06,25.13000030919819,1.6514232318571116,1.1229812742419376,27.90440481529724
2380,4.8060390018556055e-06,25.087314406748778,1.6777825616143751,1.1419277575740594,27.907024725937212
2400,4.84642588422414e-06,25.045757504705993,1.7066046765260616,1.1588686372155508,27.911230818447606
2420,4.886812766592675e-06,25.00189931276388,1.738381349171188,1.1759836066916034,27.91626426862667
2440,4.927199648961209e-06,24.961435809749148,1.7715103825013891,1.1872944173629825,27.92024060961352
2460,4.967586531329744e-06,24.922597684102392,1.804488649996233,1.1969307887131144,27.92401712281174
2480,5.007973413698278e-06,24.887127095365226,1.8363641498634835,1.2034328147800735,27.926924060008783
2500,5.048360296066813e-06,24.85594919117228,1.8653858912317973,1.2077024561756093,27.929037538579685
2520,5.088747178435348e-06,24.827457322167838,1.8916218625378434,1.2123683872524422,27.931447571958124
2540,5.129134060803882e-06,24.80312716582437,1.914574535518122,1.2152006018918624,27.932902303234354
2560,5.169520943172417e-06,24.782275218488078,1.9342971709289927,1.2177817404270634,27.934354129844134
2580,5.209907825540951e-06,24.765588338164292,1.9494999967910154,1.2198456486330356,27.934933983588344
2600,5.2502947079094854e-06,24.750956978546274,1.9628313459711688,1.2218291662253076,27.93561749074275
2620,5.29068159027802e-06,24.739777002661665,1.9734498679153325,1.2227381704109308,27.935965040987927
2640,5.331068472646554e-06,24.72769071981476,1.9824717025106386,1.2253588663769714,27.935521288702372
2660,5.371455355015089e-06,24.715793457146752,1.989427528485262,1.2285794875459475,27.93380047317796
2680,5.411842237383623e-06,24.699261908503704,1.9976484912587218,1.2343932468772891,27.931303646639716
2700,5.452229119752158e-06,24.680859043747603,2.0066718659701377,1.2423435530361988,27.92987446275394
2720,5.492616002120692e-06,24.661043384121506,2.014498088733125,1.2523028447823752,27.927844317637003
2740,5.533002884489227e-06,24.639159158386416,2.023764459434497,1.2643889216519568,27.92731253947287
2760,5.573389766857762e-06,24.612966870761184,2.0342913577086446,1.2800180058264656,27.927276234296297
2780,5.613776649226296e-06,24.58368160000989,2.0460696998644243,1.2983470169870337,27.928098316861348
2800,5.6541635315948305e-06,24.557945279206752,2.0589832300093756,1.3126827174482758,27.929611226664402
2820,5.6945504139633645e-06,24.529814073313688,2.0722075379930414,1.3291153634392217,27.93113697474595
2840,5.734937296331899e-06,24.50161437366176,2.0847830714340168,1.346245612066663,27.93264305716244
2860,5.775324178700434e-06,24.476948451504004,2.096010719842397,1.3609200425189654,27.933879213865367
2880,5.815711061068968e-06,24.449119752819662,2.1079318855791116,1.3781674979185787,27.935219136317354
2900,5.856097943437503e-06,24.4202597718166,2.119933997295263,1.3961573216217742,27.936351090733638
2920,5.896484825806037e-06,24.390557728106728,2.133749132466658,1.4123723178530652,27.936679178426452
2940,5.936871708174572e-06,24.355771214484708,2.1497900558597722,1.4315014900723946,27.937062760416875
2960,5.977258590543107e-06,24.31401550185911,2.1699033068113365,1.4549892561627134,27.938908064833157
2980,6.017645472911641e-06,24.278397547596263,2.194110310043492,1.4695850694777268,27.942092927117482
3000,6.058032355280176e-06,24.233796077448215,2.2239146283844335,1.4892445228154378,27.946955228648086
3020,6.09841923764871e-06,24.189838209085753,2.2576007236331836,1.504331857369526,27.951770790088464
3040,6.1388061200172445e-06,24.146208394896473,2.293712004591014,1.5158948358243736,27.95581523531186
3060,6.179193002385779e-06,24.105319030094325,2.330182043853264,1.5235681538121242,27.959069227759713
3080,6.219579884754313e-06,24.067393921128286,2.364661947938889,1.529906311833352,27.961962180900525
3100,6.259966767122848e-06,24.035186640581934,2.3954876176892026,1.5328675864644212,27.963541844735555
3120,6.300353649491382e-06,24.00784700206785,2.4209707058311247,1.5366614888420844,27.96547919674106
3140,6.340740531859917e-06,23.9871770811061,2.440279066079559,1.5395995420063147,27.967055689191973
3160,6.381127414228452e-06,23.973230885313363,2.453174816439279,1.5411699510286694,27.967575652781314
3180,6.421514296596986e-06,23.964181172225583,2.4601765644312112,1.544038061734887,27.968395798391683
3200,6.461901178965521e-06,23.959085855936497,2.462392440159086,1.54702981869695,27.96850811479253
3220,6.502288061334055e-06,23.958008593896167,2.4616271040830653,1.5489353481491703,27.968571046128403
3240,6.54267494370259e-06,23.954454939539865,2.4588563326336605,1.5537220832182408,27.967033355391766
3260,6.583061826071124e-06,23.949447083171208,2.455291672724765,1.560283593428899,27.965022349324872
3280,6.6234487084396584e-06,23.941152961774677,2.4533104260406757,1.5689079184069779,27.96337130622233
3300,6.663835590808193e-06,23.92726815980673,2.4526317622181675,1.5807846439777824,27.96068456600268
3320,6.704222473176727e-06,23.909865194320986,2.4546246419116082,1.5954374652897663,27.95992730152236
3340,6.744609355545262e-06,23.891067597781113,2.457853525383897,1.6106512848322185,27.95957240799723
3360,6.784996237913796e-06,23.864429725211775,2.463009432322833,1.6329970868756059,27.96043624441021
3380,6.825383120282331e-06,23.83993468568296,2.4710725004596488,1.6511925792095892,27.962199765352196
3400,6.865770002650866e-06,23.813880705981003,2.480717115460317,1.6690490897937524,27.963646911235074
3420,6.9061568850194e-06,23.79068476106553,2.4909991266095273,1.6831089057053985,27.964792793380457
3440,6.946543767387935e-06,23.75822792943125,2.503362491766441,1.7047933876221077,27.9663838088198
3460,6.986930649756469e-06,23.731927391124103,2.5158384597664067,1.7195803239311813,27.967346174821692
3480,7.0273175321250035e-06,23.698172627173726,2.529997752351776,1.7403528962552215,27.968523275780722
3500,7.067704414493538e-06,23.661907312988905,2.5441065297481518,1.763005341277687,27.969019184014744
3520,7.108091296862072e-06,23.628747618339805,2.5599554015778594,1.781115340590859,27.969818360508523
3540,7.148478179230607e-06,23.589331641336546,2.5775242488981744,1.8057025125039983,27.97255840273872
3560,7.188865061599141e-06,23.54624450960472,2.599733819368756,1.8325259051533058,27.97850423412678
3580,7.229251943967676e-06,23.511989400570748,2.6243863544519495,1.8459452926569453,27.982321047679644
3600,7.269638826336211e-06,23.4738932964505,2.651122988218044,1.8629723848707802,27.987988669539323
3620,7.310025708704745e-06,23.439906720361332,2.6786165150594985,1.8735161353460712,27.992039370766904
3640,7.35041259107328e-06,23.407857964122016,2.705906186344396,1.8825210284626357,27.99628517892905
3660,7.390799473441814e-06,23.380667213471295,2.729888661730372,1.8884415148504892,27.998997390052153
3680,7.431186355810349e-06,23.355487502655443,2.7522856076061415,1.8946912003717107,28.002464310633293
3700,7.471573238178883e-06,23.335330138160693,2.770230800833431,1.89922440201248,28.004785341006603
3720,7.5119601205474175e-06,23.321354607905082,2.783323913197858,1.901725429440679,28.006403950543618
3740,7.552347002915952e-06,23.31161382600998,2.790116603469716,1.9065350672148922,28.00826549669459
3760,7.592733885284486e-06,23.308468007299286,2.7913564652086147,1.908578182417688,28.00840265492559
3780,7.63312076765302e-06,23.30721062604452,2.7875768884498355,1.9133067015825094,28.008094216076863
3800,7.673507650021555e-06,23.311481037163613,2.7785690266573715,1.9168473155561152,28.0068973793771
3820,7.71389453239009e-06,23.313574922309044,2.768916206745749,1.9224504936488578,28.00494162270365
3840,7.754281414758625e-06,23.309159577684518,2.7577772690842486,1.9340532187119002,28.000990065480664
3860,7.79466829712716e-06,23.30602650754035,2.749489367270854,1.9432626556215915,27.998778530432794
3880,7.835055179495693e-06,23.295425236271427,2.7445004874985846,1.9568604892946317,27.99678621306464
3900,7.875442061864228e-06,23.27756934252201,2.742473341280077,1.9748455230711985,27.994888206873288
3920,7.915828944232763e-06,23.257130952438104,2.742299941685457,1.995289280441131,27.99472017456469
3940,7.956215826601297e-06,23.235467407440904,2.7451204350416174,2.0157276438502523,27.996315486332772
3960,7.996602708969832e-06,23.215171828014373,2.7485251019223775,2.03443488574972,27.99813181568647
3980,8.036989591338365e-06,23.190342369419305,2.751211024075446,2.058496397243847,28.000049790738597
4000,8.0773764737069e-06,23.174186300832783,2.7532862834215175,2.073255210236702,28.000727794491002
4020,8.117763356075435e-06,23.14844733158724,2.7568603851184847,2.0970577174244127,28.002365434130137
4040,8.15815023844397e-06,23.125017295172217,2.7611478799911877,2.1169949857072705,28.003160160870678
4060,8.198537120812505e-06,23.09960152030557,2.766820186266203,2.1367642281749166,28.00318593474669
4080,8.238924003181038e-06,23.06460239432481,2.7749674308454426,2.1644326983123623,28.00400252348262
4100,8.279310885549573e-06,23.032931969972427,2.784981151100003,2.1885880853344295,28.00650120640686
4120,8.319697767918108e-06,23.004581873694406,2.7967305981271973,2.2080328615153926,28.009345333336995
4140,8.360084650286643e-06,22.96734475547494,2.8125586025098746,2.236561731127969,28.016465089112785
4160,8.400471532655177e-06,22.938773414938787,2.831357704543219,2.251115543945917,28.021246663427924
4180,8.44085841502371e-06,22.908082046516878,2.8513304989722967,2.26771549880463,28.027128044293804
4200,8.481245297392245e-06,22.88270499567814,2.872338477353746,2.2758846668953185,28.030928139927205
4220,8.52163217976078e-06,22.858564795428833,2.891341155139781,2.285015807867169,28.034921758435782
4240,8.562019062129315e-06,22.839209971136558,2.9075319391625603,2.2901899437287634,28.03693185402788
4260,8.60240594449785e-06,22.822802615845763,2.9219449024757256,2.295206722818216,28.039954241139704
4280,8.642792826866383e-06,22.81174157266859,2.930863064055311,2.299701591933679,28.042306228657583
4300,8.683179709234918e-06,22.805267024113142,2.9359569085821895,2.3029893276835494,28.04421326037888
4320,8.723566591603453e-06,22.80174285861221,2.9371056183390163,2.3074371181000783,28.046285595051305
4340,8.763953473971988e-06,22.803271680514115,2.9329869847589105,2.310512827875338,28.046771493148366
4360,8.804340356340522e-06,22.808326082842587,2.9248841990620273,2.313136698705364,28.04634698060998
4380,8.844727238709056e-06,22.81324261266372,2.9112647904134015,2.319115750306889,28.04362315338401
4400,8.88511412107759e-06,22.812888128309044,2.8992985134367713,2.3284594566124253,28.04064609835824
4420,8.925501003446125e-06,22.816808200913282,2.8843845374795003,2.3356735339894157,28.0368662723822
4440,8.96588788581466e-06,22.807986032446017,2.8733108680462123,2.3517969007773445,28.033093801269573
4460,9.006274768183193e-06,22.80094633909845,2.8618698087193564,2.366907260377668,28.029723408195473
4480,9.046661650551728e-06,22.788999083969564,2.8535777812467544,2.385603996232414,28.028180861448735
4500,9.087048532920263e-06,22.773311256125574,2.8477721967586227,2.406928586067063,28.02801203895126
4520,9.127435415288798e-06,22.747153662483445,2.8431747897611084,2.4393765014466533,28.029704953691205
4540,9.167822297657333e-06,22.735061574878475,2.8393536639848107,2.4561171316961437,28.030532370559428
4560,9.208209180025866e-06,22.724858650135104,2.8373151977023396,2.4701045917590307,28.032278439596475
4580,9.2485960623944e-06,22.704922802438997,2.831714544573725,2.496931638883952,28.03356898589667
4600,9.288982944762936e-06,22.693688725899662,2.8269892035003075,2.5136710882045206,28.03434901760449
4620,9.32936982713147e-06,22.676611582489937,2.8215008770408105,2.5361401897960363,28.034252649326785
4640,9.369756709500005e-06,22.654966919203893,2.8180475368280113,2.560908525402999,28.033922981434905
4660,9.410143591868538e-06,22.634229599743314,2.8157941506100324,2.5834311656769575,28.0334549160303
4680,9.450530474237073e-06,22.600189971685865,2.8189212373841745,2.617842160910778,28.036953369980818
4700,9.490917356605608e-06,22.577265030537742,2.82619877510128,2.6370027955567155,28.040466601195735
4720,9.531304238974143e-06,22.551198229197922,2.8357057833612815,2.658203749689264,28.045107762248467
4740,9.571691121342678e-06,22.51962953259198,2.850068828699554,2.683518279808724,28.05321664110026
4760,9.612078003711211e-06,22.493093783904314,2.865959440647717,2.7005146680971297,28.059567892649163
4780,9.652464886079746e-06,22.47385987784159,2.8812743887244787,2.707217425775458,28.062351692341526
4800,9.69285176844828e-06,22.456220179100004,2.8948658884688077,2.715262030169654,28.066348097738466
4820,9.733238650816816e-06,22.441108516246413,2.907213686506434,2.721496295907812,28.06981849866066
4840,9.77362553318535e-06,22.429215558954716,2.9163649934415528,2.7272023384939357,28.072782890890206
4860,9.814012415553884e-06,22.420126120744918,2.9234373823879087,2.7319754034876627,28.07553890662049
4880,9.854399297922418e-06,22.414306016824387,2.926220385409039,2.736606346080482,28.077132748313907
4900,9.894786180290953e-06,22.410812586025823,2.9286649104735805,2.738303505098448,28.077781001597852
4920,9.935173062659488e-06,22.410356466869224,2.9273279327746984,2.7412005417471583,28.07888494139108
4940,9.975559945028023e-06,22.406939916062363,2.9226158801235282,2.748625587170735,28.07818138335663
4960,1.0015946827396556e-05,22.411878438105685,2.9139669424547283,2.751003901940642,28.076849282501055
4980,1.0056333709765091e-05,22.4054563519203,2.9027583922681446,2.762552014994186,28.07076675918263
5000,1.0096720592133626e-05,22.409951428175518,2.8899636135148885,2.769329304539037,28.069244346229443
5020,1.013710747450216e-05,22.408006143167594,2.8748864708120436,2.781849250012119,28.064741863991756
5040,1.0177494356870695e-05,22.388631613378443,2.8621592539034943,2.809864690849216,28.060655558131156
5060,1.0217881239239229e-05,22.381852244903165,2.8512539607948404,2.8250727371303173,28.05817894282832
5080,1.0258268121607763e-05,22.373741312004434,2.843172711841211,2.842727392408664,28.05964141625431
5100,1.0298655003976298e-05,22.366349066512658,2.8344887229694855,2.8588159007888656,28.05965369027101
5120,1.0339041886344833e-05,22.341532399691257,2.827096220699983,2.8934076464071574,28.062036266798398
5140,1.0379428768713368e-05,22.336822878024783,2.818204420773629,2.907167221881194,28.062194520679608
5160,1.0419815651081901e-05,22.327211408593712,2.810735144648756,2.9249807949716335,28.062927348214103
5180,1.0460202533450436e-05,22.31546580069824,2.8014004651706372,2.9457651149358233,28.062631380804703
5200,1.0500589415818971e-05,22.296900505861487,2.79467973598281,2.9718991097540233,28.06347935159832
5220,1.0540976298187506e-05,22.28627691792011,2.7875669617656627,2.9888701151230315,28.062713994808803
5240,1.058136318055604e-05,22.261304839368847,2.781427581067925,3.01834920543238,28.06108162586915
5260,1.0621750062924574e-05,22.245312291709823,2.7788127967659952,3.036867085562414,28.06099217403823
5280,1.0662136945293109e-05,22.216873507266637,2.781995625544223,3.0634248931787655,28.062294025989626
5300,1.0702523827661643e-05,22.18313063888318,2.7912871605948952,3.0937033337994797,28.068121133277554
5320,1.0742910710030178e-05,22.156078204486274,2.806375856772796,3.109334504045492,28.071788565304562
5340,1.0783297592398713e-05,22.119008616111117,2.8261626500726273,3.134960103900052,28.080131370083798
5360,1.0823684474767246e-05,22.090716712863355,2.8489745009516305,3.1440761257139727,28.083767339528958
5380,1.0864071357135781e-05,22.06282252550543,2.871725417073723,3.152735999059802,28.087283941638958
5400,1.0904458239504316e-05,22.03632556226407,2.8941297989014356,3.1598690366602686,28.090324397825775
5420,1.094484512187285e-05,22.01243151657917,2.9151286704453407,3.1660701543816416,28.093630341406154
5440,1.0985232004241384e-05,21.993267223800988,2.93215791101691,3.1707337034781897,28.09615883829609
5460,1.1025618886609919e-05,21.97984930544511,2.9444965449267326,3.172601999479227,28.09694784985107
5480,1.1066005768978454e-05,21.970654657830355,2.952291988153589,3.1746448839017285,28.097591529885673
5500,1.1106392651346989e-05,21.964408224973013,2.954736950297993,3.1802876679524186,28.099432843223425
5520,1.1146779533715523e-05,21.96717089855045,2.951164327347088,3.1807208113621046,28.09905603725964
5540,1.1187166416084057e-05,21.964837653814083,2.9405132387122666,3.191409277381481,28.09676016990783
5560,1.1227553298452591e-05,21.975369188622206,2.9274698216546606,3.193043481473336,28.095882491750203
5580,1.1267940180821126e-05,21.970770528541895,2.912007724433332,3.2072449805085714,28.090023233483798
5600,1.1308327063189661e-05,21.977932545381833,2.89537157216435,3.2139771937693724,28.087281311315557
5620,1.1348713945558196e-05,21.979173601997665,2.878971002871003,3.2250189271885565,28.083163532057227
5640,1.1389100827926729e-05,21.9533155206804,2.865470009289177,3.2611028270344824,28.079888357004055
5660,1.1429487710295264e-05,21.951756775632724,2.855840490451472,3.2712881229431456,28.07888538902734
5680,1.1469874592663799e-05,21.94400755759906,2.850483620164185,3.283882590459876,28.07837376822312
5700,1.1510261475032334e-05,21.92721726667027,2.84441361178157,3.3057566605249376,28.077387538976776
5720,1.1550648357400868e-05,21.909835723899327,2.839679238703101,3.3271902292280053,28.076705191830435
5740,1.1591035239769402e-05,21.878329549885983,2.836691823792556,3.3606433581419477,28.07566473182049
5760,1.1631422122137936e-05,21.86993195006149,2.836843759758155,3.3691961002522675,28.075971810071913
5780,1.1671809004506471e-05,21.847342877514432,2.8385341725634223,3.3918585447027287,28.077735594780584
5800,1.1712195886875006e-05,21.83121441585294,2.8373829724995794,3.4083362501217818,28.0769336384743
5820,1.1752582769243541e-05,21.79739462720402,2.8419331984719705,3.438122382316181,28.07745020799217
5840,1.1792969651612074e-05,21.773943898208497,2.84575761419181,3.4563526766662127,28.07605418906652
5860,1.1833356533980609e-05,21.74517102866753,2.8520432606294834,3.4774978230661757,28.07471211236319
5880,1.1873743416349144e-05,21.711092229413772,2.862041743317962,3.501314125712553,28.07444809844429
5900,1.1914130298717679e-05,21.666508247645027,2.876736260631595,3.5371494453108214,28.080393953587443
5920,1.1954517181086214e-05,21.639806245565754,2.898343700767472,3.5445926956530642,28.082742641986293
5940,1.1994904063454747e-05,21.60393754332498,2.9219299962113983,3.5615952891756395,28.087462828712017
5960,1.2035290945823282e-05,21.571200884208643,2.946974831913782,3.573114993311078,28.0912907094335
5980,1.2075677828191816e-05,21.540756159000743,2.973288961655833,3.580847674011367,28.094892794667942
6000,1.2116064710560351e-05,21.51306037436094,2.997545221648372,3.5879608577461917,28.098566453755506
6020,1.2156451592928886e-05,21.488667854006447,3.019132951648839,3.5944279607144263,28.102228766369713
6040,1.219683847529742e-05,21.468037409914505,3.037911768810426,3.598549315530784,28.104498494255715
6060,1.2237225357665954e-05,21.45546192087397,3.048994006048017,3.6005819177085665,28.10503784463055
6080,1.2277612240034489e-05,21.44166257063835,3.0589076048549475,3.6071870747507635,28.107757250244063
6100,1.2317999122403024e-05,21.43803510134379,3.0602833608721425,3.6092135393605664,28.107532001576498
6120,1.2358386004771559e-05,21.437700024423144,3.0580062805632005,3.611091615133795,28.10679792012014
6140,1.2398772887140092e-05,21.428835696855515,3.051806749275641,3.6234486877924588,28.104091133923614
6160,1.2439159769508627e-05,21.431947731816983,3.044024298531967,3.626271229913318,28.102243260262266
6180,1.2479546651877162e-05,21.4344596200758,3.0348203866155528,3.631340546119429,28.10062055281078
6200,1.2519933534245696e-05,21.414577046631372,3.0287309287045767,3.651640781427375,28.094948756763323
6220,1.2560320416614231e-05,21.391732341761802,3.022659767413564,3.676657816617827,28.091049925793193
6240,1.2600707298982764e-05,21.385618934880647,3.0231114229049014,3.6811580379321396,28.089888395717686
6260,1.26410941813513e-05,21.356337429456822,3.02470871556968,3.7080827358545276,28.08912888088103
6280,1.2681481063719834e-05,21.33435897151542,3.0276910135713924,3.7274399580466495,28.08948994313346
6300,1.2721867946088369e-05,21.315597831536962,3.031725487073372,3.742306972286279,28.089630290896615
6320,1.2762254828456904e-05,21.298368565414762,3.031697838852705,3.758848036932714,28.08891444120018
6340,1.2802641710825437e-05,21.260897532653992,3.034295520699898,3.7949734589657966,28.090166512319687
6360,1.2843028593193972e-05,21.250934392946817,3.0364620703810705,3.801528602824261,28.08892506615215
6380,1.2883415475562507e-05,21.21710471920296,3.0381323569988137,3.8340650857500957,28.08930216195187
6400,1.2923802357931041e-05,21.201266800384474,3.042475290052876,3.8441846413160556,28.087926731753406
6420,1.2964189240299575e-05,21.169042352258955,3.0484065229935275,3.8681334425825558,28.08558231783504
6440,1.300457612266811e-05,21.140167060425686,3.0561098838080825,3.8865159096586694,28.08279285389244
6460,1.3044963005036644e-05,21.082786251522037,3.0685831248793223,3.9312056080491247,28.082574984450485
6480,1.308534988740518e-05,21.05256034032558,3.0914751057922456,3.9387777769958325,28.082813223113657
6500,1.3125736769773714e-05,21.00829674072999,3.1199021781110656,3.957463922375905,28.08566284121696
6520,1.3166123652142247e-05,20.95698539742623,3.153935257358616,3.979458963951541,28.090379618736385
6540,1.3206510534510782e-05,20.912336194901048,3.191893449682856,3.9903877441241864,28.094617388708087
6560,1.3246897416879317e-05,20.871174928303713,3.228463404181085,3.9980488222542347,28.09768715473903
6580,1.3287284299247852e-05,20.831328030008628,3.263427444633219,4.0069242966600065,28.101679771301853
6600,1.3327671181616387e-05,20.797045310363643,3.295375367627703,4.011129368692736,28.10355004668408
6620,1.336805806398492e-05,20.765189139413213,3.3244606365581904,4.017797351516242,28.107447127487646
6640,1.3408444946353455e-05,20.742754951905134,3.3460873225828935,4.019382486465891,28.108224760953917
6660,1.344883182872199e-05,20.722626035128883,3.3631323341712327,4.02529495290378,28.111053322203894
6680,1.3489218711090524e-05,20.712764643495927,3.370823313249002,4.0273306212650875,28.110918578010015
6700,1.3529605593459059e-05,20.70949985723617,3.372282473345055,4.028671991386352,28.11045432196758
6720,1.3569992475827592e-05,20.706209279323872,3.3698679412110084,4.033807258317346,28.109884478852226
6740,1.3610379358196127e-05,20.699741358253977,3.363319746968465,4.041964943788027,28.10502604901047
6760,1.3650766240564662e-05,20.702819914194304,3.3563977671679632,4.045011887091488,28.104229568453754
6780,1.3691153122933197e-05,20.6692921875682,3.3523884871507588,4.07200005651733,28.09368073123629
6800,1.3731540005301732e-05,20.65771868667704,3.3493636193167444,4.083205207180391,28.090287513174175
6820,1.3771926887670265e-05,20.64508334960083,3.3488913985543345,4.094109712201769,28.08808446035694
6840,1.38123137700388e-05,20.60490132660896,3.3543659454208075,4.126835084638723,28.08610235666849
6860,1.3852700652407335e-05,20.579141459834034,3.362599393144583,4.143044716823631,28.08478556980225
6880,1.389308753477587e-05,20.5347691192824,3.3718292579465827,4.178023282756109,28.084621659985093
6900,1.3933474417144404e-05,20.512642401307975,3.383158394026862,4.19005371402175,28.085854509356587
6920,1.3973861299512937e-05,20.48487487522481,3.3936629536799305,4.20780112853967,28.08633895744441
6940,1.4014248181881472e-05,20.454417855239512,3.4048594007397477,4.22634923087085,28.08562648685011
6960,1.4054635064250007e-05,20.410313469696582,3.418506241154909,4.254576443525176,28.083396154376665
6980,1.4095021946618542e-05,20.37527188601675,3.4315551914604545,4.274852248203166,28.08167932568037
7000,1.4135408828987077e-05,20.349387066063546,3.4446539464037267,4.285819550682552,28.079860563149822
7020,1.417579571135561e-05,20.288834802269356,3.4625455068398447,4.3262317602146245,28.077612069323827
7040,1.4216182593724145e-05,20.23984194609765,3.482545378197244,4.35330468473241,28.075692009027303
7060,1.425656947609268e-05,20.205292495092486,3.5084623802915607,4.362717002151932,28.07647187753598
7080,1.4296956358461214e-05,20.154295458844743,3.5376467538136493,4.388033336197974,28.079975548856368
7100,1.433734324082975e-05,20.103136619869307,3.571013040508529,4.410970592475044,28.08512025285288
7120,1.4377730123198282e-05,20.059114615297812,3.606982650441657,4.422510615082755,28.088607880822224
7140,1.4418117005566817e-05,20.016505826936907,3.643995180316299,4.432604980782848,28.093105988036054
7160,1.4458503887935352e-05,19.97533832800194,3.679694786925052,4.443271011042849,28.09830412596984
7180,1.4498890770303887e-05,19.942209124672136,3.7117215756938515,4.445819382808089,28.099750083174076
7200,1.4539277652672422e-05,19.908999839081897,3.7413427768716074,4.453409308126505,28.10375192408001
7220,1.4579664535040955e-05,19.88038404259817,3.767345960648359,4.459449982024449,28.107179985270978
7240,1.462005141740949e-05,19.85818615426383,3.7884482400881048,4.461866218134593,28.108500612486527
7260,1.4660438299778025e-05,19.84177962069717,3.8034397101433144,4.463403193721058,28.108622524561547
7280,1.470082518214656e-05,19.83094977216031,3.811713406594983,4.465705572250178,28.10836875100547
7300,1.4741212064515094e-05,19.810772025727754,3.8148172965488323,4.480328318292417,28.105917640569004
7320,1.4781598946883628e-05,19.80074567155824,3.8154021316989963,4.486825386973109,28.102973190230344
7340,1.4821985829252162e-05,19.796668046553318,3.8128788164010468,4.491809511327897,28.10135637428226
7360,1.4862372711620697e-05,19.77208998069782,3.811833941032336,4.514084117815007,28.098008039545164
7380,1.4902759593989232e-05,19.760203798312425,3.8095148017304314,4.525042429096766,28.09476102913962
7400,1.4943146476357765e-05,19.740829186675537,3.810292986158039,4.540459509403136,28.09158168223671
7420,1.49835333587263e-05,19.710348112599977,3.812051740062402,4.564639122840783,28.087038975503162
7440,1.5023920241094835e-05,19.681738010298794,3.8182148917728043,4.585518341532182,28.08547124360378
7460,1.506430712346337e-05,19.638866402363977,3.826069752814841,4.622041947276211,28.086978102455028
7480,1.5104694005831905e-05,19.621185814500812,3.8369636319095575,4.627949176188309,28.08609862259868
7500,1.5145080888200438e-05,19.595120907655225,3.84526759272801,4.644202594426651,28.084591094809888
7520,1.5185467770568973e-05,19.55778961219375,3.855250981663187,4.6698523770026625,28.0828929708596
7540,1.5225854652937508e-05,19.528612786366683,3.864236101127538,4.6880672079957995,28.08091609549002
7560,1.526624153530604e-05,19.48820874309937,3.8734435110717556,4.716664541550619,28.078316795721747
7580,1.5306628417674576e-05,19.460551611383764,3.8824622758489107,4.732687844918011,28.075701732150687
7600,1.534701530004311e-05,19.433958811600473,3.8920265568113326,4.746625595606438,28.072610964018246
7620,1.5387402182411645e-05,19.36109072644607,3.9065723450880436,4.7993906194014,28.067053690935513
7640,1.542778906478018e-05,19.320147546358122,3.9311664922414766,4.817684026904013,28.068998065503614
7660,1.5468175947148715e-05,19.280021727356193,3.960698747680451,4.83023128456489,28.070951759601535
7680,1.550856282951725e-05,19.23182420574347,3.995009333872416,4.847216982019429,28.074050521635318
7700,1.5548949711885785e-05,19.175828399504585,4.032659623965568,4.871676254658858,28.08016427812901
7720,1.558933659425432e-05,19.12781522295104,4.074713168025626,4.882524090809792,28.08505248178646
7740,1.5629723476622854e-05,19.0838014637486,4.11550779908148,4.888766856036049,28.08807611886613
7760,1.5670110358991386e-05,19.04336080507213,4.1525571304226245,4.895717210820895,28.09163514631565
7780,1.571049724135992e-05,19.00728088325464,4.186247620125019,4.902533997911607,28.096062501291268
7800,1.5750884123728455e-05,18.977848568439235,4.213525325995963,4.906740896466092,28.098114790901292
7820,1.579127100609699e-05,18.953254837623064,4.235199001415685,4.912403580151547,28.100857419190298
7840,1.5831657888465525e-05,18.93769309197543,4.248608164595968,4.914531080322863,28.10083233689426
7860,1.587204477083406e-05,18.924827496630435,4.255530608447526,4.920652888791676,28.101010993869636
7880,1.5912431653202595e-05,18.913056754151206,4.258566832807543,4.927478402382952,28.0991019893417
7900,1.595281853557113e-05,18.896870209977624,4.258637084646499,4.94086445387122,28.096371748495343
7920,1.5993205417939665e-05,18.88973936402723,4.257223025433071,4.947218544810621,28.09418093427092
7940,1.6033592300308196e-05,18.867987057728413,4.257213927199774,4.966058090353263,28.09125907528145
7960,1.607397918267673e-05,18.849323029085248,4.256082171880945,4.9822888701713755,28.08769407113757
7980,1.6114366065045266e-05,18.836029802342782,4.258320310122594,4.991474601970026,28.085824714435404
8000,1.61547529474138e-05,18.789850640484556,4.26159141268336,5.032564085281244,28.08400613844916
8020,1.6195139829782335e-05,18.770668674302076,4.270448825641921,5.040785714515121,28.081903214459118
8040,1.623552671215087e-05,18.745299708051306,4.278357034940623,5.057250302762482,28.08090704575441
8060,1.6275913594519405e-05,18.723990205563517,4.286406114344129,5.06950901372633,28.079905333633974
8080,1.631630047688794e-05,18.675499227901412,4.294966351499697,5.108179219692785,28.078644799093894
8100,1.6356687359256475e-05,18.63607029695228,4.305617545859407,5.134758647792123,28.07644649060381
8120,1.639707424162501e-05,18.612460251556307,4.31406358729843,5.149479807906942,28.07600364676168
8140,1.643746112399354e-05,18.588053155811977,4.319713928544906,5.166486610504414,28.074253694861298
8160,1.6477848006362076e-05,18.56350573355147,4.32325100139903,5.1837601673862235,28.07051690233672
8180,1.651823488873061e-05,18.5006013771851,4.336148453627695,5.2304061064738985,28.067155937286692
8200,1.6558621771099146e-05,18.478183939621047,4.348079297413611,5.238256017087165,28.064519254121826
8220,1.659900865346768e-05,18.41164371970386,4.364935789428694,5.2892595692497615,28.065839078382314
8240,1.6639395535836215e-05,18.370749357498845,4.394872032735994,5.30089262221723,28.066514012452068
8260,1.667978241820475e-05,18.330980650837546,4.426547912369321,5.310463014742201,28.06799157794907
8280,1.6720169300573285e-05,18.276425814206863,4.463420196239435,5.334215383655559,28.07406139410186
8300,1.676055618294182e-05,18.232814785536377,4.501947558853928,5.34148251647011,28.076244860860413
8320,1.6800943065310355e-05,18.18502595317209,4.5428822140583796,5.354912802334506,28.082820969564978
8340,1.6841329947678886e-05,18.14650534818996,4.579837670443795,5.358804207716343,28.0851472263501
8360,1.688171683004742e-05,18.109031430943762,4.613477524621483,5.3661651559146755,28.08867411147992
8380,1.6922103712415956e-05,18.081163802144495,4.64084545727488,5.36775485095489,28.08976411037426
8400,1.696249059478449e-05,18.05743237264451,4.663980937154172,5.369338135032088,28.09075144483077
8420,1.7002877477153026e-05,18.043246433213497,4.676751968934149,5.3713243400939605,28.091322742241605
8440,1.704326435952156e-05,18.033508534222346,4.684560036635389,5.373371285171602,28.091439856029336
8460,1.7083651241890095e-05,18.031249561765634,4.684650092157603,5.375986900888309,28.091886554811545
8480,1.712403812425863e-05,18.035652237589623,4.677992449542494,5.3783025000872735,28.09194718721939
8500,1.7164425006627165e-05,18.011178157606114,4.6651424936424375,5.410484316807724,28.086804968056278
8520,1.72048118889957e-05,18.008386762707325,4.655451254356258,5.417066585299111,28.080904602362693
8540,1.724519877136423e-05,18.00931487894433,4.644614751274261,5.424659411266231,28.078589041484822
8560,1.7285585653732766e-05,17.992208199290452,4.6364356733305625,5.442675130018686,28.0713190026397
8580,1.73259725361013e-05,17.9758518182901,4.632861103297978,5.45924079317462,28.067953714762698
8600,1.7366359418469836e-05,17.94686980207166,4.628626316941156,5.487649551655171,28.063145670667986
8620,1.740674630083837e-05,17.9332236476183,4.630199856667451,5.497728801898615,28.061152306184365
8640,1.7447133183206906e-05,17.890114709725204,4.6338359089060575,5.5370933768416,28.06104399547286
8660,1.748752006557544e-05,17.866744017575307,4.638815805634921,5.5512470163832734,28.0568068395935
8680,1.7527906947943975e-05,17.842643623930805,4.64683247141417,5.566655055360341,28.05613115070532
8700,1.756829383031251e-05,17.805146807910795,4.651463545810803,5.595621045515642,28.05223139923724
8720,1.7608680712681045e-05,17.75984917245038,4.662057356717242,5.627400086648627,28.04930661581625
8740,1.7649067595049576e-05,17.722088331986498,4.675647298772915,5.648584797792924,28.046320428552338
8760,1.768945447741811e-05,17.682003899839007,4.69034510293561,5.67453913205678,28.046888134831395
8780,1.7729841359786646e-05,17.65781602477086,4.705178122118607,5.682834504528189,28.045828651417654
8800,1.777022824215518e-05,17.588488607890536,4.722123165737283,5.735590601890746,28.046202375518565
8820,1.7810615124523716e-05,17.541145603551747,4.747673062788222,5.760760315023717,28.049578981363688
8840,1.785100200689225e-05,17.50453621034354,4.776583921912139,5.770469199284214,28.051589331539894
8860,1.7891388889260786e-05,17.464882835759695,4.807677957112647,5.782134959762226,28.054695752634565
8880,1.793177577162932e-05,17.43085279368385,4.839616406927504,5.785635335686002,28.056104536297358
8900,1.7972162653997855e-05,17.38620716126647,4.8709487697013145,5.806889309320928,28.064045240288714
8920,1.8012549536366387e-05,17.35489774454304,4.901222311398992,5.809061095143483,28.06518115108552
8940,1.805293641873492e-05,17.323996407456534,4.9277590615824876,5.818568871789189,28.07032434082821
8960,1.8093323301103456e-05,17.300911589738043,4.949066375946714,5.822668513204286,28.07264647888904
8980,1.813371018347199e-05,17.281864762117362,4.9664652729227825,5.825545934931583,28.073875969971727
9000,1.8174097065840526e-05,17.26767617782916,4.97693889303474,5.831657818125325,28.076272888989227
9020,1.821448394820906e-05,17.257651311428152,4.9795657480479845,5.838043724861792,28.075260784337928
9040,1.8254870830577596e-05,17.25959903909632,4.9756066176654725,5.839160115419672,28.074365772181466
9060,1.829525771294613e-05,17.268804821137525,4.96479124826656,5.840598040734156,28.074194110138244
9080,1.8335644595314665e-05,17.28518441135986,4.944071264710412,5.843380164981465,28.07263584105174
9100,1.83760314776832e-05,17.25069243677773,4.9259366763694805,5.881243766335238,28.05787287948245
9120,1.8416418360051732e-05,17.24698477131981,4.910936200626128,5.8927426080045775,28.050663579950516
9140,1.8456805242420267e-05,17.23198532088854,4.900082331178098,5.916236157923068,28.048303809989704
9160,1.84971921247888e-05,17.225421639374495,4.894523046922838,5.926524376416246,28.04646906271358
9180,1.8537579007157336e-05,17.217914106200105,4.889210132118297,5.938030551571052,28.045154789889455
9200,1.857796588952587e-05,17.203245900297322,4.887555496100876,5.953766772129082,28.04456816852728
9220,1.8618352771894406e-05,17.165168867227052,4.884420817071865,5.991135627349954,28.04072531164887
9240,1.865873965426294e-05,17.13114889826356,4.889932543107278,6.017578750922377,28.038660192293214
9260,1.8699126536631476e-05,17.106125450338837,4.891900900092316,6.039421029782268,28.037447380213422
9280,1.873951341900001e-05,17.06719984937506,4.897032871273379,6.072682225863435,28.036914946511875
9300,1.8779900301368545e-05,17.033889156582564,4.900996385982364,6.101937494057082,28.03682303662201
9320,1.8820287183737077e-05,17.003899517815444,4.904038521269152,6.1260149331048215,28.033952972189418
9340,1.8860674066105612e-05,16.978690512163684,4.909092135486527,6.14318051445982,28.030963162110034
9360,1.8901060948474147e-05,16.951706257403337,4.91571958074172,6.162345851245962,28.02977168939102
9380,1.894144783084268e-05,16.916532557765525,4.9225776147233455,6.188973133358939,28.028083305847808
9400,1.8981834713211216e-05,16.87319296518108,4.939096218002944,6.218950090345147,28.03123927352917
9420,1.902222159557975e-05,16.83986789984123,4.960940664785887,6.235003607867548,28.035812172494666
9440,1.9062608477948286e-05,16.80974210234117,4.983818915737174,6.245673173569308,28.03923419164765
9460,1.910299536031682e-05,16.775405396292587,5.010939867249055,6.257428932731595,28.043774196273237
9480,1.9143382242685356e-05,16.740647752311922,5.040835210154488,6.267302706511515,28.048785668977924
9500,1.918376912505389e-05,16.709262796511858,5.067978164970599,6.275438625332898,28.05267958681535
9520,1.9224156007422422e-05,16.68083162521357,5.094936445347026,6.278430065145418,28.054198135706013
9540,1.9264542889790957e-05,16.656296116597456,5.116633474150344,6.284772778350371,28.057702369098173
9560,1.930492977215949e-05,16.63786357463474,5.133898332656477,6.286792127847875,28.05855403513909
9580,1.9345316654528027e-05,16.62702064342685,5.144152675600357,6.288146869025712,28.05932018805292
9600,1.938570353689656e-05,16.621835720705576,5.146537032894487,6.291146479167188,28.05951923276725
9620,1.9426090419265096e-05,16.625694929382615,5.138870388492937,6.294667615739659,28.05923293361521
9640,1.946647730163363e-05,16.607851683295475,5.1264936747941885,6.318348325943321,28.05269368403298
9660,1.9506864184002166e-05,16.614700516981575,5.108742119046397,6.3248144203893455,28.048257056417317
9680,1.95472510663707e-05,16.610802329769253,5.0926396830812095,6.337998515719639,28.041440528570103
9700,1.9587637948739236e-05,16.58903722961432,5.078375060616697,6.3649954600925795,28.032407750323596
9720,1.9628024831107767e-05,16.589592432499924,5.066891288405041,6.375439999349716,28.03192372025468
9740,1.9668411713476302e-05,16.557027332146976,5.058540506266467,6.4158496255624815,28.031417463975927
9760,1.9708798595844837e-05,16.547495988996623,5.050687189576606,6.431119175451066,28.029302354024296
9780,1.974918547821337e-05,16.530903471084407,5.046532571534998,6.450873701633827,28.02830974425323
9800,1.9789572360581906e-05,16.503877578920005,5.041670811931381,6.480143414123022,28.025691804974407
9820,1.982995924295044e-05,16.48735782969352,5.037712123480068,6.49879234226883,28.023862295442413
9840,1.9870346125318976e-05,16.448324711144117,5.034606064281491,6.537522925533303,28.02045370095891
9860,1.991073300768751e-05,16.423794739200652,5.033829792867066,6.560433158313593,28.018057690381312
9880,1.9951119890056046e-05,16.397927662995993,5.034133136934334,6.582374474773516,28.014435274703843
9900,1.9991506772424577e-05,16.37483120503142,5.033664666223778,6.602625461416549,28.01112133267175
9920,2.0031893654793112e-05,16.31437944345754,5.038398379442817,6.658551371836155,28.01132919473651
9940,2.0072280537161647e-05,16.290761165198468,5.053008420996541,6.665931627937269,28.009701214132278
9960,2.0112667419530182e-05,16.24736243582678,5.073065874972774,6.691264576707528,28.01169288750708
9980,2.0153054301898717e-05,16.197419120302474,5.099518317018874,6.721039171218451,28.017976608539797
10000,2.019344118426725e-05,16.1588613472574,5.131201308552904,6.731502336642646,28.021564992452948
10020,2.0233828066635786e-05,16.120154069681757,5.161861612314615,6.745456186539385,28.027471868535756
10040,2.027421494900432e-05,16.080353408239645,5.194979987496971,6.757522492436783,28.0328558881734
10060,2.0314601831372856e-05,16.04804627800106,5.225836108846734,6.759971888085838,28.03385427493363
10080,2.035498871374139e-05,16.016169516596968,5.252868412582312,6.76964511951185,28.03868304869113
10100,2.0395375596109922e-05,15.991323715308114,5.276218617235083,6.773695005171394,28.04123733771459
10120,2.0435762478478457e-05,15.970791175056046,5.295624833024487,6.77603767144343,28.042453679523963
10140,2.0476149360846992e-05,15.958831423924247,5.306041838398822,6.7789369176398235,28.04381017996289
10160,2.0516536243215527e-05,15.940122077214243,5.311240746600103,6.794713025569478,28.046075849383826
10180,2.0556923125584062e-05,15.928766766212963,5.310694055820449,6.802840848456652,28.042301670490062
10200,2.0597310007952597e-05,15.927147023484341,5.303114036040661,6.8095107473487,28.039771806873702
10220,2.063769689032113e-05,15.929070101401232,5.288425432768019,6.817765611567695,28.035261145736946
10240,2.0678083772689666e-05,15.939215222839897,5.272778153411717,6.82219179708439,28.034185173336002
10260,2.07184706550582e-05,15.897147737263973,5.255330897041483,6.871451180846034,28.02392981515149
10280,2.0758857537426736e-05,15.894205495935783,5.244097051722886,6.882408342673764,28.02071089033243
10300,2.0799244419795268e-05,15.870931134506565,5.23273055009247,6.915297846252377,28.01895953085141
10320,2.0839631302163802e-05,15.871915047506702,5.22322106072866,6.922389394342742,28.017525502578103
10340,2.0880018184532337e-05,15.873404317204745,5.2100839718957435,6.933663505644444,28.01715179474493
10360,2.0920405066900872e-05,15.823788783045025,5.2045171066333165,6.988751094506326,28.01705698418467
10380,2.0960791949269407e-05,15.807389294507601,5.198007291838308,7.006732580184793,28.012129166530702
10400,2.1001178831637942e-05,15.759069283581827,5.1946708142081235,7.054965196690703,28.008705294480652
10420,2.1041565714006477e-05,15.752881975746472,5.195535812532225,7.058624843819841,28.00704263209854
10440,2.108195259637501e-05,15.707239620505202,5.199292021943656,7.1000462535924,28.006577896041257
10460,2.1122339478743546e-05,15.695009053786954,5.203354241221397,7.1078153614369715,28.00617865644532
10480,2.116272636111208e-05,15.64502085905278,5.209948723609752,7.150323187562231,28.005292770224763
10500,2.1203113243480613e-05,15.6128038355629,5.225347108021786,7.166090207671799,28.004241151256487
10520,2.1243500125849147e-05,15.55151396661602,5.243397801557424,7.214997287727675,28.00990905590112
10540,2.1283887008217682e-05,15.515632399611018,5.270906972383733,7.225109229932928,28.011648601927675
10560,2.1324273890586217e-05,15.477316282594744,5.302023368416459,7.234702935134889,28.01404258614609
10580,2.1364660772954752e-05,15.426047473810085,5.3363962936378675,7.260934024783763,28.023377792231713
10600,2.1405047655323287e-05,15.387649521567912,5.371567394525897,7.266374091226348,28.02559100732016
10620,2.1445434537691822e-05,15.349366851894294,5.4060358358610925,7.274092121342649,28.029494809098033
10640,2.1485821420060357e-05,15.313820092589923,5.43718741719568,7.282748372316915,28.03375588210252
10660,2.152620830242889e-05,15.282166836666395,5.468483462122004,7.284692630829935,28.035342929618334
10680,2.1566595184797426e-05,15.256101195617083,5.488827987081449,7.293931966769332,28.038861149467863
10700,2.1606982067165958e-05,15.238564871700781,5.503348808075717,7.296829157734563,28.038742837511062
10720,2.1647368949534493e-05,15.21690707425602,5.515200247943618,7.3080235878239765,28.040130910023613
10740,2.1687755831903027e-05,15.212928776327722,5.517344636279888,7.310069475354597,28.040342887962204
10760,2.1728142714271562e-05,15.21643923915917,5.51047508164527,7.312472220232333,28.039386541036773
10780,2.1768529596640097e-05,15.219927527110283,5.497809070221346,7.3182556062159705,28.0359922035476
10800,2.1808916479008632e-05,15.1750417200461,5.489336567019345,7.356477399220175,28.02085568628562
10820,2.1849303361377167e-05,15.168318458140789,5.479972488449392,7.367991811185596,28.016282757775777
10840,2.18896902437457e-05,15.171797379316134,5.469238456141749,7.373347058935361,28.014382894393247
10860,2.1930077126114237e-05,15.114414995270513,5.467486438606803,7.426289435202748,28.008190869080064
10880,2.1970464008482768e-05,15.102764240526438,5.46707997563041,7.437427995849916,28.007272212006765
10900,2.2010850890851303e-05,15.05729759794124,5.4675214694205,7.484028088436799,28.008847155798538
10920,2.2051237773219838e-05,15.037827096647954,5.477315168568172,7.493640574430358,28.008782839646486
10940,2.2091624655588373e-05,14.999584000950906,5.482805705685435,7.525367549268421,28.00775725590476
10960,2.2132011537956907e-05,14.975505283774575,5.490632713292991,7.540675093122866,28.006813090190434
10980,2.2172398420325442e-05,14.93572263909391,5.496398447937343,7.574273824669851,28.006394911701108
11000,2.2212785302693977e-05,14.885453817984963,5.504737190698468,7.613444102783965,28.003635111467396
11020,2.2253172185062512e-05,14.861683754108208,5.512367993341087,7.626947467022006,28.0009992144713
11040,2.2293559067431047e-05,14.829678323021039,5.521764500310463,7.646337252635583,27.997780075967086
11060,2.233394594979958e-05,14.794406707979864,5.530581439898006,7.670017663318045,27.995005811195913
11080,2.2374332832168113e-05,14.723910180664411,5.550752475561136,7.720308983421464,27.994971639647012
11100,2.2414719714536648e-05,14.681055364977963,5.578120483678583,7.73741861255881,27.996594461215356
11120,2.2455106596905183e-05,14.642060129033094,5.609664712075288,7.74626077540103,27.997985616509414
11140,2.2495493479273718e-05,14.590077353651246,5.647623423399412,7.763710013098171,28.00141079014883
11160,2.2535880361642252e-05,14.530549519379239,5.689624840210678,7.790516388269431,28.01069074785935
11180,2.2576267244010787e-05,14.486750504220362,5.72970476545326,7.796424750879764,28.01288002055339
11200,2.2616654126379322e-05,14.445533441810408,5.767620915964031,7.802991924026456,28.016146281800893
11220,2.2657041008747857e-05,14.40845499696513,5.802821890726583,7.807202701172223,28.018479588863936
11240,2.2697427891116392e-05,14.37665571764122,5.832133161267503,7.810597145244129,28.01938602415285
11260,2.2737814773484927e-05,14.350162006106205,5.856337496770891,7.814652592822129,28.02115209569922
11280,2.2778201655853458e-05,14.317801646541472,5.871806926507718,7.83448166265707,28.02409023570626
11300,2.2818588538221993e-05,14.303621245587893,5.8844663452093,7.835567170745255,28.023654761542446
11320,2.2858975420590528e-05,14.299248527051697,5.886791152890953,7.837507877035938,28.023547556978585
11340,2.2899362302959063e-05,14.252178784386063,5.885407496018506,7.872114222208105,28.009700502612674
11360,2.2939749185327598e-05,14.239058408206041,5.8844021505272455,7.882222389401762,28.005682948135046
11380,2.2980136067696132e-05,14.227893872111554,5.879628459690007,7.893477551537972,28.00099988333953
11400,2.3020522950064667e-05,14.214995576602828,5.876402440890641,7.906706187200893,27.99810420469436
11420,2.3060909832433202e-05,14.162007194886453,5.876700494985523,7.953839071520347,27.992546761392326
11440,2.3101296714801737e-05,14.112527129942261,5.887126215894195,7.990358566637492,27.99001191247395
11460,2.3141683597170272e-05,14.08947602380885,5.89695923265307,8.003561724179658,27.98999698064158
11480,2.3182070479538803e-05,14.048768942923079,5.906850721187264,8.03381387882028,27.989433542930627
11500,2.3222457361907338e-05,13.999046388151895,5.919298101151845,8.070391404592492,27.98873589389623
11520,2.3262844244275873e-05,13.961568659208574,5.936438038793481,8.08932678502719,27.987333483029246
11540,2.3303231126644408e-05,13.911820610155818,5.947661418573286,8.127113215688565,27.98659524441767
11560,2.3343618009012943e-05,13.88959281710992,5.9566704900141465,8.138135623568985,27.98439893069305
11580,2.3384004891381478e-05,13.847387837878074,5.967108245956716,8.166738358960798,27.98123444279559
11600,2.3424391773750012e-05,13.782512124174467,5.979231610284346,8.22168174691428,27.98342548137309
11620,2.3464778656118547e-05,13.755559921106206,5.997273807233421,8.230001747324945,27.982835475664572
11640,2.3505165538487082e-05,13.706981150913592,6.017803804661384,8.260051274621448,27.98483623019642
11660,2.3545552420855617e-05,13.659598259503177,6.043349494785328,8.28587404207487,27.988821796363375
11680,2.358593930322415e-05,13.615073797965065,6.0780142420021726,8.300162811741442,27.99325085170868
11700,2.3626326185592683e-05,13.566941684898671,6.113806184904144,8.318198576596782,27.998946446399597
11720,2.3666713067961218e-05,13.519254888560535,6.152258101658368,8.33411480252778,28.005627792746687
11740,2.3707099950329753e-05,13.47607738534997,6.192443954334625,8.339478461358105,28.0079998010427
11760,2.3747486832698288e-05,13.433446866398342,6.234066905568508,8.342529415184366,28.010043187151215
11780,2.3787873715066823e-05,13.395266082201074,6.269984300488329,8.34548563754526,28.010736020234663
11800,2.3828260597435357e-05,13.355674340990884,6.30776770640987,8.349273112647449,28.012715160048202
11820,2.3868647479803892e-05,13.324430304744974,6.337118418041737,8.353365746022316,28.014914468809028
11840,2.3909034362172427e-05,13.299366628523558,6.359410931362209,8.356674712123347,28.015452272009114
11860,2.394942124454096e-05,13.281128502056253,6.377817117988139,8.357788268385093,28.016733888429485
11880,2.3989808126909493e-05,13.263837902005054,6.386318894094599,8.366478884582252,28.016635680681908
11900,2.403019500927803e-05,13.194282098249984,6.391751572509227,8.412888629026275,27.998922299785484
11920,2.4070581891646563e-05,13.180328048244029,6.3932938400430475,8.4205248257643,27.994146714051375
11940,2.4110968774015098e-05,13.162361258713808,6.390256792234055,8.434423098095518,27.98704114904338
11960,2.4151355656383633e-05,13.10474398799611,6.389430551731354,8.483533506251876,27.97770804597934
11980,2.4191742538752168e-05,13.097883396234439,6.38796685985512,8.490306301197709,27.97615655728727
12000,2.4232129421120703e-05,13.048714934085977,6.3927336391782,8.533059852205955,27.97450842547013
12020,2.4272516303489237e-05,13.035563714945358,6.392961919914226,8.546087921981535,27.974613556841117
12040,2.4312903185857772e-05,12.993875957260633,6.392325669020337,8.59048860798141,27.97669023426238
12060,2.4353290068226304e-05,12.96021819401999,6.397627068409408,8.615686973666095,27.973532236095494
12080,2.439367695059484e-05,12.93848791482032,6.398101028480389,8.633294125597306,27.969883068898014
12100,2.4434063832963373e-05,12.927086738195207,6.399304700571748,8.643278302643932,27.969669741410886
12120,2.4474450715331908e-05,12.841952730985927,6.409069691498285,8.714046735369795,27.965069157854007
12140,2.4514837597700443e-05,12.81303919649607,6.41808696709698,8.73026818123816,27.96139434483121
12160,2.4555224480068978e-05,12.783915176217462,6.432378983984443,8.745134757884848,27.961428918086753
12180,2.4595611362437513e-05,12.70907563048737,6.457193053584057,8.80069526235879,27.966963946430216
12200,2.4635998244806048e-05,12.6546446962539,6.484083837424928,8.830854943911636,27.969583477590465
12220,2.4676385127174583e-05,12.60644607736303,6.514813181445143,8.85309535234931,27.974354611157484
12240,2.4716772009543117e-05,12.565827074962616,6.552562116219406,8.858812430470643,27.977201621652664
12260,2.475715889191165e-05,12.514475142172858,6.589534575652583,8.882597404896835,27.986607122722276
12280,2.4797545774280184e-05,12.473700364711952,6.625300122954154,8.891214219558087,27.990214707224194
12300,2.483793265664872e-05,12.430107522381554,6.662051290313844,8.90521298313666,27.99737179583206
12320,2.4878319539017253e-05,12.39533201772759,6.692934212118005,8.910319954182398,27.998586184027992
12340,2.4918706421385788e-05,12.35432311037383,6.72699349532062,8.92190857207534,28.003225177769792
12360,2.4959093303754323e-05,12.321200728907762,6.758172785816829,8.924525328532088,28.003898843256678
12380,2.4999480186122858e-05,12.277959009324647,6.782265039601816,8.941213548125425,28.00143759705189
12400,2.5039867068491393e-05,12.25007392159766,6.8081214409852535,8.943354256265426,28.00154961884834
12420,2.5080253950859928e-05,12.233031936028762,6.823235046575465,8.945039327273978,28.001306309878206
12440,2.5120640833228462e-05,12.219157114996214,6.829561970416528,8.950971955678103,27.999691041090845
12460,2.5161027715596994e-05,12.217971591048565,6.825362860237695,8.954074985489132,27.997409436775392
12480,2.520141459796553e-05,12.223778380049781,6.810891767734608,8.95893629178249,27.99360643956688
12500,2.5241801480334064e-05,12.119720960060151,6.794929422655545,9.040385956787052,27.955036339502747
12520,2.52821883627026e-05,12.108047577565529,6.7887115225766115,9.050062612279321,27.94682171242146
12540,2.5322575245071133e-05,12.091319445241176,6.781875208410495,9.0684043641167,27.941599017768375
12560,2.5362962127439668e-05,12.050365812601866,6.774558353566381,9.11659509719253,27.941519263360778
12580,2.5403349009808203e-05,12.046694600371312,6.773222100390807,9.120056311303362,27.939973012065483
12600,2.5443735892176738e-05,12.012032946807535,6.767067059805402,9.156335722620277,27.935435729233212
12620,2.5484122774545273e-05,11.975839383344008,6.767913344718592,9.187590439610524,27.931343167673123
12640,2.5524509656913808e-05,11.96507830380341,6.768889242817551,9.196035019269104,27.930002565890064
12660,2.556489653928234e-05,11.914456702099434,6.773172857405872,9.240485165627492,27.9281147251328
12680,2.5605283421650874e-05,11.90713308605308,6.774016134997188,9.245104380497867,27.926253601548137
12700,2.564567030401941e-05,11.818649659645535,6.774908541208384,9.318708450603587,27.912266651457507
12720,2.5686057186387944e-05,11.7732816227456,6.788890171641473,9.341249529379033,27.903421323766104
12740,2.572644406875648e-05,11.723995133334004,6.803725872380396,9.369727983359846,27.89744898907425
12760,2.5766830951125013e-05,11.672218544535788,6.828673017501123,9.397927980958476,27.89881954299539
12780,2.5807217833493548e-05,11.620541573893977,6.856473264376096,9.425641961399725,27.9026567996698
12800,2.5847604715862083e-05,11.573909696220419,6.889326852406049,9.44507994797467,27.908316496601138
12820,2.5887991598230618e-05,11.530752327085446,6.919488954104991,9.465798530624829,27.916039811815267
12840,2.592837848059915e-05,11.498822002962905,6.947028156344858,9.472742134282788,27.91859229359055
12860,2.5968765362967684e-05,11.46310363015241,6.976162920088263,9.485872222893418,27.925138773134094
12880,2.600915224533622e-05,11.437231454196489,6.997835419718353,9.492917802374365,27.927984676289206
12900,2.6049539127704754e-05,11.410729431835495,7.016686738510828,9.503259719071053,27.930675889417376
12920,2.608992601007329e-05,11.38259826693701,7.035189667999313,9.514548563583588,27.93233649851991
12940,2.6130312892441824e-05,11.3614153318995,7.048512076367894,9.521026253930291,27.930953662197684
12960,2.617069977481036e-05,11.348446474908934,7.058386819596617,9.523878712578016,27.93071200708357
12980,2.6211086657178893e-05,11.341516559246216,7.060641974443023,9.527692092278158,27.929850625967397
13000,2.6251473539547428e-05,11.285872649566308,7.065732490636969,9.566483140171071,27.91808828037435
13020,2.6291860421915963e-05,11.256076504481358,7.070291597201202,9.58472152231716,27.91108962399972
13040,2.6332247304284494e-05,11.24853870439646,7.068906338858378,9.592112669273615,27.90955771252845
13060,2.637263418665303e-05,11.190009004340286,7.064777335050283,9.645994558033877,27.900780897424447
13080,2.6413021069021564e-05,11.159456937143041,7.06379248301568,9.672229695508348,27.895479115667072
13100,2.64534079513901e-05,11.140122971532268,7.0654806404680075,9.689059275156264,27.89466288715654
13120,2.6493794833758634e-05,11.098669388207192,7.064344404714434,9.731018507493582,27.894032300415205
13140,2.653418171612717e-05,11.095240593403368,7.060458415359191,9.73650362165865,27.89220263042121
13160,2.6574568598495703e-05,11.05299459818304,7.050594830501548,9.784723360752343,27.88831278943693
13180,2.6614955480864238e-05,11.042063967096453,7.041741723737987,9.800718358924374,27.884524049758813
13200,2.6655342363232773e-05,11.034509333761937,7.028716023106422,9.8165013237407,27.87972668060906
13220,2.6695729245601308e-05,10.987639493299014,7.017179644937839,9.865375253993282,27.870194392230136
13240,2.673611612796984e-05,10.994951261587639,7.002377756157863,9.871790538092514,27.86911955583801
13260,2.6776503010338374e-05,10.924561624559175,6.983168771502094,9.952838834808663,27.86056923086993
13280,2.681688989270691e-05,10.886101792348963,6.980013459004079,9.991215726431593,27.857330977784635
13300,2.6857276775075444e-05,10.870643443965536,6.985367645957935,10.002859209525873,27.858870299449343
13320,2.689766365744398e-05,10.854891652011817,6.986050175401521,10.019653359748556,27.860595187161895
13340,2.6938050539812514e-05,10.807775553478091,6.994740239392821,10.069359069855581,27.871874862726493
13360,2.697843742218105e-05,10.791904843821829,7.004523362577382,10.07791023596831,27.874338442367524
13380,2.7018824304549583e-05,10.772781244703754,7.01572799019951,10.091752138608463,27.88026137351173
13400,2.7059211186918118e-05,10.758470230304374,7.023537765363226,10.102342815034905,27.884350810702504
13420,2.7099598069286653e-05,10.73637745892375,7.032576259593527,10.123401923076228,27.892355641593504
13440,2.7139984951655185e-05,10.720248019429942,7.043292763407596,10.132681635619546,27.896222418457086
13460,2.718037183402372e-05,10.707899663794297,7.0468092713910035,10.14148271688091,27.896191652066207
13480,2.7220758716392254e-05,10.699161030179479,7.054225926083633,10.14356496786221,27.896951924125318
13500,2.726114559876079e-05,10.697513914238202,7.05103673823062,10.148264057581486,27.896814710050307
13520,2.7301532481129324e-05,10.646169652633485,7.053534361434539,10.190799701792663,27.89050371586069
13540,2.734191936349786e-05,10.635706700849695,7.0544271786400525,10.196331844572274,27.886465724062024
13560,2.7382306245866394e-05,10.598306722070918,7.051247606721155,10.229185070566158,27.87873939935823
13580,2.742269312823493e-05,10.579131048563918,7.053629961591576,10.242892668482671,27.875653678638166
13600,2.7463080010603463e-05,10.565770421690182,7.0489757682989165,10.257647663870225,27.87239385385932
13620,2.7503466892971998e-05,10.557797789260386,7.041483537488692,10.269481002576349,27.868762329325428
13640,2.754385377534053e-05,10.487565728863832,7.029457531757742,10.337984942445523,27.855008203067097
13660,2.7584240657709065e-05,10.478177795384148,7.022342911905098,10.34901532851585,27.849536035805098
13680,2.76246275400776e-05,10.479395438791153,7.010832733408494,10.357652203928106,27.847880376127755
13700,2.7665014422446134e-05,10.427436724785391,6.998086541397347,10.418690157885102,27.84421342406784
13720,2.770540130481467e-05,10.419425956346444,6.985332067386708,10.434604121007254,27.839362144740406
13740,2.7745788187183204e-05,10.407792110278063,6.9683467351096535,10.458572462065113,27.834711307452828
13760,2.778617506955174e-05,10.403793214817185,6.951613618016998,10.476354788947033,27.83176162178122
13780,2.7826561951920274e-05,10.345401723215637,6.9322527975907,10.548095373993883,27.825749894800218
13800,2.786694883428881e-05,10.329960952485454,6.918389050670269,10.570838494712508,27.81918849786823
13820,2.790733571665734e-05,10.304144419784526,6.913823803805732,10.598835670332132,27.81680389392239
13840,2.7947722599025875e-05,10.261708319672705,6.912876602643593,10.646546215960115,27.821131138276414
13860,2.798810948139441e-05,10.234051354451633,6.917952827539808,10.675327109891684,27.827331291883127
13880,2.8028496363762944e-05,10.216150653516669,6.924379467769532,10.691309254478693,27.831839375764893
13900,2.806888324613148e-05,10.204248071619858,6.933852082092762,10.69721625411527,27.83531640782789
13920,2.8109270128500014e-05,10.194099844001311,6.938004218892978,10.705149316655477,27.837253379549765
13940,2.814965701086855e-05,10.162822264773109,6.943536719751992,10.747724361231032,27.854083345756134
13960,2.8190043893237084e-05,10.154259323177447,6.946540488409393,10.755520986402615,27.856320797989454
13980,2.823043077560562e-05,10.146173280618019,6.946851100170283,10.76768932775693,27.86071370854523
14000,2.8270817657974154e-05,10.144099725620853,6.943841192900572,10.773422232834811,27.861363151356237
14020,2.8311204540342685e-05,10.148342195157472,6.9380391652436995,10.775842547328795,27.862223907729962
14040,2.835159142271122e-05,10.154947436938018,6.928480663672734,10.77971122011163,27.863139320722382
14060,2.8391978305079755e-05,10.163366928031028,6.9171967095840285,10.784831825732404,27.86539546334746
14080,2.843236518744829e-05,10.171965744612642,6.899398855309873,10.792216344741625,27.86358094466414
14100,2.8472752069816824e-05,10.179764858531584,6.880084862786038,10.800351131714038,27.86020085303166
14120,2.851313895218536e-05,10.090114814877365,6.859676819545616,10.880005882004426,27.829797516427405
14140,2.8553525834553894e-05,10.090146174249568,6.847416142405168,10.885065914490212,27.822628231144947
14160,2.859391271692243e-05,10.056184308676285,6.838200380055128,10.919057671560775,27.81344236029219
14180,2.8634299599290964e-05,10.041837186445514,6.830614233278138,10.939480791329705,27.81193221105336
14200,2.86746864816595e-05,10.02258887346389,6.815744332408103,10.96992581069661,27.808259016568606
14220,2.871507336402803e-05,10.00220875723102,6.802086383366973,10.99906782909675,27.803362969694746
14240,2.8755460246396565e-05,9.989228986830456,6.7843631517975185,11.026177559066882,27.799769697694856
14260,2.87958471287651e-05,9.974514432395244,6.766166814711026,11.05337692417367,27.79405817127994
14280,2.8836234011133635e-05,9.961420162633422,6.743557994086604,11.083439312134303,27.788417468854327
14300,2.887662089350217e-05,9.953553559576987,6.725351096318475,11.103596551971929,27.78250120786739
14320,2.8917007775870704e-05,9.880182064109382,6.7092796312787994,11.190398500117752,27.779860195505933
14340,2.895739465823924e-05,9.878491495970279,6.702799644638257,11.196491564530454,27.77778270513899
14360,2.8997781540607774e-05,9.886166807529758,6.68908060390943,11.19969257802189,27.774939989461075
14380,2.903816842297631e-05,9.89346974591872,6.677865822031784,11.203990255660443,27.77532582361095
14400,2.9078555305344844e-05,9.878180487198268,6.657110871938695,11.226100710471625,27.76139206960859
14420,2.9118942187713375e-05,9.769649252720155,6.65493349912669,11.31878968465482,27.743372436501666
14440,2.915932907008191e-05,9.746294877878219,6.661900471435801,11.334889242118301,27.74308459143232
14460,2.9199715952450445e-05,9.727264726422822,6.667198814616025,11.353088893712808,27.747552434751654
14480,2.924010283481898e-05,9.71132430887142,6.672149758204648,11.369268775087328,27.752742842163396
14500,2.9280489717187515e-05,9.710038752549178,6.669877724723581,11.373986123680055,27.753902600952813
14520,2.932087659955605e-05,9.708858652634403,6.66763278127069,11.381939040321438,27.758430474226532
14540,2.9361263481924584e-05,9.693552757420125,6.66018619549975,11.418372084439119,27.772111037358997
14560,2.940165036429312e-05,9.69958729650295,6.647433204789847,11.42493420288918,27.771954704181976
14580,2.9442037246661654e-05,9.705549971101691,6.639879949146566,11.4286526049949,27.77408252524316
14600,2.948242412903019e-05,9.68870674872372,6.62103014362361,11.463574476146658,27.77331136849399
14620,2.952281101139872e-05,9.694464025337405,6.606364985722448,11.470125763575581,27.770954774635435
14640,2.9563197893767255e-05,9.706108627343825,6.591481745273372,11.473546580681695,27.771136953298893
14660,2.960358477613579e-05,9.678972052884774,6.5737338928424585,11.515234150022359,27.76794009574959
14680,2.9643971658504325e-05,9.673988273240818,6.561516083959531,11.529404315934642,27.76490867313499
14700,2.968435854087286e-05,9.668564447577783,6.54244751488998,11.54828385799673,27.75929582046449
14720,2.9724745423241395e-05,9.666348763276947,6.522654271328724,11.567529061262178,27.756532095867847
14740,2.976513230560993e-05,9.631668833273554,6.50608091049805,11.613775158225758,27.751524901997364
14760,2.9805519187978464e-05,9.623934317979186,6.486933141539931,11.637199363521091,27.748066823040208
14780,2.9845906070347e-05,9.625350344530334,6.468250650786035,11.652525530970436,27.746126526286805
14800,2.988629295271553e-05,9.602239271121952,6.439413806106293,11.701684733182251,27.743337810410498
14820,2.9926679835084065e-05,9.59832193468495,6.418611623004581,11.719755342597036,27.736688900286566
14840,2.99670667174526e-05,9.618889304871132,6.391138670213877,11.724672990068257,27.734700965153266
14860,3.0007453599821135e-05,9.629135061377339,6.359874348307174,11.740875005569443,27.729884415253956
14880,3.004784048218967e-05,9.506980857304333,6.34731643840763,11.858361194359068,27.71265849007103
14900,3.0088227364558205e-05,9.505402011061658,6.337124045948017,11.866812035636165,27.70933809264584
14920,3.012861424692674e-05,9.50865694105254,6.329046862163271,11.871484929096152,27.70918873231196
14940,3.0169001129295274e-05,9.513893496013463,6.318144889392929,11.876793732857488,27.708832118263878
14960,3.020938801166381e-05,9.508445506766572,6.300881860668372,11.892102836621719,27.701430204056663
14980,3.0249774894032344e-05,9.396596654967029,6.295974361173016,11.998337636893277,27.690908653033322
15000,3.0290161776400876e-05,9.376664546486538,6.304185273240092,12.011008112760873,27.6918579324875
15020,3.033054865876941e-05,9.361380587887266,6.316863959022308,12.014915122491615,27.69315966940119
15040,3.0370935541137945e-05,9.35009496404978,6.326063166477827,12.017812903127112,27.69397103365472
15060,3.041132242350648e-05,9.335919691250162,6.334519359867889,12.025822116195668,27.69626116731372
15080,3.0451709305875015e-05,9.327082217021593,6.340780497457873,12.029402978176428,27.697265692655893
15100,3.049209618824355e-05,9.315959589647358,6.348045093433453,12.035370446790765,27.699375129871576
15120,3.053248307061208e-05,9.311093873293226,6.347789122497162,12.040980787813131,27.69986378360352
15140,3.0572869952980616e-05,9.307278298172694,6.34761762909882,12.047305258658001,27.702201185929518
15160,3.061325683534915e-05,9.309877332036477,6.342617482000626,12.05011069634976,27.70260551038686
15180,3.0653643717717686e-05,9.315513848924473,6.332847514767179,12.055586049114957,27.70394741280661
15200,3.069403060008622e-05,9.324883856161016,6.319865956250119,12.06027285360128,27.705022666012415
15220,3.0734417482454756e-05,9.338975841849127,6.300909732052284,12.065478761149112,27.705364335050525
15240,3.077480436482329e-05,9.354354807779696,6.278321287167312,12.07351149711347,27.70618759206048
15260,3.0815191247191825e-05,9.37632713472396,6.246226044264045,12.082101298068665,27.70465447705667
15280,3.085557812956036e-05,9.393593474094091,6.21287838388218,12.093757257092857,27.700229115069128
15300,3.0895965011928895e-05,9.220134810348526,6.178029772861644,12.232758962991845,27.630923546202013
15320,3.093635189429743e-05,9.205892063693494,6.168435926496402,12.248301561225345,27.62262955141524
15340,3.0976738776665965e-05,9.206888936151406,6.162960824661519,12.252900714302402,27.62275047511533
15360,3.10171256590345e-05,9.173847656374345,6.155661399148343,12.287126953861733,27.616636009384422
15380,3.1057512541403034e-05,9.161681509578143,6.152979469426139,12.300138867439625,27.61479984644391
15400,3.109789942377157e-05,9.09783452973409,6.151266396477572,12.361501531259627,27.610602457471288
15420,3.1138286306140104e-05,9.069102957300966,6.15497992139832,12.380803199646056,27.604886078345345
15440,3.117867318850864e-05,9.063492742570112,6.154797787259319,12.385242385204155,27.603532915033586
15460,3.1219060070877174e-05,9.066422545028242,6.148508628026068,12.387734217356641,27.60266539041095
15480,3.125944695324571e-05,9.059918487191123,6.1307844432065846,12.402051418259049,27.592754348656754
15500,3.129983383561424e-05,8.8816992142481,6.120738116043184,12.54040641132987,27.542843741621155
15520,3.134022071798277e-05,8.842591246543986,6.141617466248099,12.555859426769462,27.540068139561548
15540,3.1380607600351306e-05,8.798222218618978,6.160993313224239,12.577586995174771,27.53680252701799
15560,3.142099448271984e-05,8.744943769703577,6.188602956175073,12.609300761960878,27.542847487839527
15580,3.1461381365088376e-05,8.706977784237752,6.218960547348964,12.620226219520195,27.546164551106912
15600,3.150176824745691e-05,8.673596843905992,6.246098750782683,12.629528248239323,27.549223842928
15620,3.1542155129825446e-05,8.61350867795319,6.273827225553506,12.680410552584473,27.567746456091168
15640,3.158254201219398e-05,8.581213366931506,6.2995055354176674,12.696415170835905,27.57713407318508
15660,3.1622928894562515e-05,8.555860770150911,6.322353817633346,12.702133618695388,27.580348206479645
15680,3.166331577693105e-05,8.530015243001335,6.34039187750609,12.716182022727244,27.58658914323467
15700,3.1703702659299585e-05,8.509650997049727,6.355529148991533,12.726937562077193,27.59211770811845
15720,3.174408954166812e-05,8.498670886299921,6.365287938995361,12.730158549424297,27.59411737471958
15740,3.1784476424036655e-05,8.493946690551608,6.366380678930499,12.734861460554148,27.595188830036257
15760,3.182486330640519e-05,8.494350145669937,6.362800146862046,12.739894370696435,27.597044663228417
15780,3.1865250188773725e-05,8.500791179740286,6.35469753360563,12.742457601325036,27.597946314670953
15800,3.190563707114226e-05,8.51042427910314,6.338292103458317,12.748262034018863,27.59697841658032
15820,3.1946023953510794e-05,8.525277690335308,6.3158922189422375,12.753723372963183,27.59489328224073
15840,3.198641083587933e-05,8.547498171291771,6.2889473632238175,12.75709713699942,27.59354267151501
15860,3.2026797718247864e-05,8.570987741560009,6.253991290977136,12.763817012120246,27.58879604465739
15880,3.206718460061639e-05,8.600086689283925,6.2161439295734375,12.768688152129808,27.584918770987173
15900,3.210757148298493e-05,8.601663662057259,6.176592855074162,12.7848300489407,27.563086566072123
15920,3.214795836535346e-05,8.429971624717743,6.1498029740144355,12.909863416472504,27.489638015204683
15940,3.2188345247721997e-05,8.413940864435574,6.141522438709985,12.924969462224915,27.480432765370473
15960,3.222873213009053e-05,8.399339880880948,6.1347547648429,12.94117485362085,27.475269499344698
15980,3.2269119012459066e-05,8.352203613221361,6.135375796308832,12.983753064027749,27.471332473557943
16000,3.23095058948276e-05,8.295351407117762,6.141970898249162,13.039391206457342,27.476713511824265
16020,3.2349892777196136e-05,8.234899194778226,6.154588621555649,13.089355743943633,27.47884356027751
16040,3.239027965956467e-05,8.19879882738009,6.1723650218719515,13.107560484884647,27.47872433413669
16060,3.2430666541933206e-05,8.17455213344732,6.187776932534739,13.114210767366812,27.47653983334887
16080,3.247105342430174e-05,8.153487214592039,6.203009185704784,13.119795478346251,27.476291878643075
16100,3.2511440306670275e-05,8.13402362634434,6.2102299724294685,13.128776617190745,27.473030215964556
16120,3.255182718903881e-05,8.111258270143768,6.214972280541375,13.13968963623012,27.465920186915262
16140,3.2592214071407345e-05,7.957316968753336,6.226839328416198,13.246437404342547,27.43059370151208
16160,3.263260095377588e-05,7.895729771819233,6.2651823172192875,13.2728968439866,27.43380893302512
16180,3.2672987836144415e-05,7.844623627341716,6.30666333331629,13.284918573212877,27.436205533870883
16200,3.271337471851295e-05,7.780365046960664,6.355164130720679,13.31068883235363,27.446218010034976
16220,3.2753761600881484e-05,7.732933246257656,6.395281618550737,13.321346808448455,27.449561673256845
16240,3.279414848325002e-05,7.681985050597483,6.437748568295328,13.338351310428003,27.458084929320812
16260,3.2834535365618554e-05,7.640992634133633,6.476195739255733,13.344664219281459,27.461852592670823
16280,3.287492224798708e-05,7.604318380054695,6.511246219262999,13.348289917196345,27.46385451651404
16300,3.291530913035562e-05,7.579098282237171,6.536018858594502,13.3488427164284,27.463959857260072
16320,3.295569601272415e-05,7.5577055022611015,6.554731581840443,13.353161780921448,27.46559886502299
16340,3.299608289509269e-05,7.546029530082139,6.563123148350952,13.356691182184267,27.46584386061736
16360,3.303646977746122e-05,7.5424001107283765,6.565323724067696,13.359032478846522,27.466756313642595
16380,3.3076856659829756e-05,7.55426202544378,6.551071615898044,13.360703259991162,27.466036901332984
16400,3.311724354219829e-05,7.569336655338047,6.534668063348187,13.36238988225729,27.466394600943524
16420,3.3157630424566826e-05,7.590670235742051,6.509265649349184,13.365287994255898,27.465223879347132
16440,3.319801730693536e-05,7.61476916218867,6.477791668235955,13.370880457020608,27.463441287445235
16460,3.3238404189303896e-05,7.63937253450891,6.441281202720513,13.378579336532823,27.459233073762245
16480,3.327879107167243e-05,7.660479745760331,6.401637612822536,13.388779153838696,27.450896512421565
16500,3.3319177954040966e-05,7.665304144653211,6.3579366217502935,13.404871904624812,27.428112671028316
16520,3.33595648364095e-05,7.452587516735182,6.339639326170016,13.550575705145187,27.342802548050386
16540,3.3399951718778035e-05,7.450545268246308,6.3373783242623,13.552256000994696,27.340179593503304
16560,3.344033860114657e-05,7.4459188509599175,6.337517555336545,13.556498258363721,27.339934664660184
16580,3.3480725483515105e-05,7.436234869166427,6.3377571939085815,13.56350155065783,27.33749361373284
16600,3.352111236588364e-05,7.425718986563922,6.336917065037519,13.57113764253976,27.3337736941412
16620,3.3561499248252175e-05,7.411292617610383,6.331489320005981,13.582278446142086,27.325060383758448
16640,3.360188613062071e-05,7.269190808225557,6.333725673817172,13.667958070954233,27.270874552996965
16660,3.364227301298924e-05,7.196127214038242,6.35340058396429,13.707032623338112,27.256560421340644
16680,3.368265989535777e-05,7.1347468929069855,6.379806538017674,13.734354771108125,27.248908202032787
16700,3.372304677772631e-05,7.02822757295798,6.404791988002456,13.81659754860387,27.249617109564305
16720,3.376343366009484e-05,6.969778502267181,6.445918781201511,13.834426759887556,27.250124043356248
16740,3.380382054246338e-05,6.915776279166401,6.4856046169192165,13.847692771938785,27.2490736680244
16760,3.384420742483191e-05,6.872021506327241,6.52241469997391,13.855140033881336,27.249576240182485
16780,3.388459430720045e-05,6.825583658448623,6.555996101261041,13.866325108173095,27.24790486788276
16800,3.392498118956898e-05,6.743814448332742,6.592931651129714,13.917145725454745,27.2538918249172
16820,3.3965368071937516e-05,6.696651457854986,6.6323150388288905,13.929383000876772,27.258349497560648
16840,3.400575495430605e-05,6.660798859680373,6.66612685388945,13.933625385309993,27.260551098879816
16860,3.4046141836674586e-05,6.627257838658103,6.6944234586415385,13.94224571131225,27.26392700861189
16880,3.408652871904312e-05,6.588991580157299,6.719651993610035,13.970565797465653,27.279209371232987
16900,3.4126915601411656e-05,6.571023313781269,6.734326398522661,13.975401104125474,27.280750816429403
16920,3.416730248378019e-05,6.558130585542412,6.745572384799884,13.97812368588949,27.281826656231786
16940,3.4207689366148725e-05,6.548001941844688,6.753718944734695,13.981091439004299,27.28281232558368
16960,3.424807624851726e-05,6.546087958630095,6.752878255223489,13.985069137003816,27.2840353508574
16980,3.4288463130885795e-05,6.547553148048229,6.749512769957086,13.986567972758852,27.28363389076417
17000,3.432885001325433e-05,6.555520488726163,6.7376059534848185,13.988970558607551,27.28209700081853
17020,3.4369236895622865e-05,6.566124179205795,6.725185325391313,13.990731211500052,27.28204071609716
17040,3.44096237779914e-05,6.588416470673647,6.699758589939455,13.992049747634198,27.2802248082473
17060,3.445001066035993e-05,6.615419093765742,6.670643742608153,13.993837508662086,27.27990034503598
17080,3.449039754272846e-05,6.64346189026394,6.639857765756903,13.996355869866706,27.279675525887548
17100,3.4530784425097e-05,6.668494831822309,6.602964202279343,14.003781403037657,27.27524043713931
17120,3.457117130746553e-05,6.674843800849008,6.563467674254741,14.019087246160852,27.2573987212646
17140,3.461155818983407e-05,6.496804436692072,6.535211352428207,14.143808368655652,27.17582415777593
17160,3.46519450722026e-05,6.471392213577209,6.5322021484178,14.161815102560842,27.16540946455585
17180,3.469233195457114e-05,6.426130178303728,6.536931453043204,14.195739043840947,27.158800675187877
17200,3.473271883693967e-05,6.400151005781853,6.546828066597436,14.210930433294411,27.1579095056737
17220,3.4773105719308207e-05,6.345032397962911,6.561913827246643,14.251661380292294,27.15860760550185
17240,3.481349260167674e-05,6.313219952542652,6.5741094713267305,14.272036135740823,27.159365559610205
17260,3.4853879484045276e-05,6.288515900293045,6.581763948575131,14.285885606644285,27.15616545551246
17280,3.489426636641381e-05,6.260349330293607,6.589024928661501,14.304922952045825,27.154297211000934
17300,3.4934653248782346e-05,6.15689049692349,6.605188954416475,14.388198648164531,27.150278099504497
17320,3.497504013115088e-05,6.132867062783002,6.6227666939060414,14.392720013892284,27.148353770581327
17340,3.5015427013519416e-05,6.06540353528336,6.647236465807434,14.43702163971064,27.149661640801433
17360,3.505581389588795e-05,6.027217361377268,6.675981864119339,14.445885984991051,27.14908521048766
17380,3.5096200778256485e-05,5.957530085242941,6.704650015654247,14.489770341081455,27.15195044197864
17400,3.513658766062502e-05,5.899310387152546,6.747341452861298,14.511426141904629,27.158077981918474
17420,3.5176974542993555e-05,5.851554589521902,6.787620994232526,14.521569492013587,27.160745075768013
17440,3.521736142536209e-05,5.8068588649563315,6.825034462902029,14.533887129654723,27.165780457513083
17460,3.525774830773062e-05,5.754504555130538,6.866159595561297,14.55521208324575,27.175876233937586
17480,3.529813519009915e-05,5.715349850979071,6.899664701965183,14.565405727640979,27.18042028058523
17500,3.533852207246769e-05,5.684022484423637,6.928719422060872,14.56930450457903,27.18204641106354
17520,3.537890895483622e-05,5.65705078936915,6.95389391626022,14.573488801498765,27.184433507128134
17540,3.541929583720476e-05,5.639781311425023,6.970381927291195,14.575220340240103,27.18538357895632
17560,3.545968271957329e-05,5.632759225031335,6.976504815553264,14.57621109210781,27.18547513269241
17580,3.550006960194183e-05,5.626405127779832,6.9788799713943925,14.579127437625187,27.184412536799414
17600,3.554045648431036e-05,5.62274694412547,6.98070233348364,14.581971015903461,27.18542029351257
17620,3.55808433666789e-05,5.620121823561948,6.980034074238483,14.585831470014014,27.185987367814445
17640,3.562123024904743e-05,5.615500740697373,6.9794784942146535,14.593509472397534,27.18848870730956
17660,3.5661617131415966e-05,5.605679275118701,6.977591660469827,14.605083381285338,27.188354316873863
17680,3.57020040137845e-05,5.53071708111744,6.9798110634145605,14.676991788594115,27.187519933126115
17700,3.5742390896153036e-05,5.5009568882268765,6.990225736794453,14.691788447720949,27.182971072742276
17720,3.578277777852157e-05,5.457565219705305,7.007490195467141,14.715392529429138,27.180447944601585
17740,3.5823164660890106e-05,5.416745876083493,7.030432543167108,14.73118215631104,27.17836057556164
17760,3.586355154325864e-05,5.344910342931911,7.059647480110298,14.776710070314918,27.181267893357127
17780,3.5903938425627176e-05,5.301208096086739,7.093485682540137,14.785048792751555,27.179742571378434
17800,3.594432530799571e-05,5.263764711615561,7.128324847573229,14.788094625601063,27.18018418478985
17820,3.5984712190364245e-05,5.227657879408755,7.1548284505329365,14.796473738797502,27.178960068739194
17840,3.602509907273277e-05,5.170448117193652,7.17334411838979,14.825901576997254,27.169693812580697
17860,3.606548595510131e-05,5.079672580877238,7.202694482195079,14.879718925604045,27.162085988676363
17880,3.610587283746984e-05,5.038438423995795,7.228992541772346,14.894406661624442,27.161837627392586
17900,3.614625971983838e-05,4.9992565313857975,7.250793345276112,14.912483936400514,27.162533813062424
17920,3.618664660220691e-05,4.944294899985225,7.269461807214363,14.952882393099696,27.166639100299285
17940,3.622703348457545e-05,4.919637574400606,7.286316284557022,14.960679264351725,27.166633123309353
17960,3.626742036694398e-05,4.8664883387516085,7.295126702666505,15.001216408557449,27.162831449975563
17980,3.630780724931252e-05,4.843987034929455,7.306444090727487,15.012177014684921,27.162608140341863
18000,3.634819413168105e-05,4.831247517035325,7.313440123772653,15.018068441049952,27.16275608185793
18020,3.638858101404959e-05,4.830098355994825,7.311871207380184,15.020734483234683,27.162704046609694
18040,3.642896789641812e-05,4.8389446309566075,7.298447322504859,15.02314880421565,27.16054075767712
18060,3.646935477878666e-05,4.830595713705622,7.2846651811199745,15.036252943765302,27.151513838590898
18080,3.650974166115519e-05,4.801872541434235,7.265052193751656,15.061353752597075,27.128278487782964
18100,3.6550128543523726e-05,4.78237842292004,7.248345180087735,15.079862116058651,27.110585719066428
18120,3.659051542589226e-05,4.649203506536782,7.247618550961139,15.174719738991554,27.071541796489477
18140,3.6630902308260796e-05,4.635388060305379,7.257758219776242,15.177845652382281,27.0709919324639
18160,3.667128919062933e-05,4.623371752833883,7.265685191149476,15.180371506720716,27.069428450704073
18180,3.6711676072997866e-05,4.6077716249289296,7.2764407143530105,15.18375697228722,27.06796931156916
18200,3.67520629553664e-05,4.597214876249383,7.277860146252801,15.189596021154522,27.064671043656706
18220,3.6792449837734935e-05,4.5799897468827115,7.274056710963241,15.200175314056642,27.054221771902597
18240,3.6832836720103464e-05,4.547881019327234,7.27114453256397,15.216432293076162,27.035457844967368
18260,3.6873223602472e-05,4.513375791628637,7.266598526288042,15.233993878878197,27.013968196794877
18280,3.691361048484053e-05,4.333924272098636,7.2754642753586225,15.324445406268774,26.93383395372603
18300,3.695399736720907e-05,4.266683557243145,7.302240917590401,15.346955915850007,26.915880390683554
18320,3.69943842495776e-05,4.161015573900797,7.334448440099781,15.409159065076008,26.904623079076586
18340,3.703477113194614e-05,4.111147279754253,7.371251176122891,15.422159869126004,26.90455832500315
18360,3.707515801431467e-05,4.018244817735154,7.408980789606351,15.485959159476783,26.91318476681829
18380,3.711554489668321e-05,3.958465559620472,7.4458796574636095,15.515904006743527,26.92024922382761
18400,3.715593177905174e-05,3.910590673023238,7.475784421979705,15.54261893243692,26.928994027439863
18420,3.719631866142028e-05,3.858397485242496,7.500537892933776,15.58494047657281,26.94387585474908
18440,3.723670554378881e-05,3.811474162102484,7.520934425766867,15.629765484186487,26.962174072055838
18460,3.727709242615735e-05,3.7927227422973475,7.5311555610729535,15.645205880178445,26.969084183548745
18480,3.731747930852588e-05,3.7738947150476663,7.539223923695563,15.665441751633157,26.978560390376387
18500,3.7357866190894417e-05,3.7513448718544167,7.54446679607979,15.698050629559326,26.993862297493532
18520,3.739825307326295e-05,3.7404399051898607,7.543231602953541,15.721625989510471,27.00529749765387
18540,3.7438639955631486e-05,3.734526436257957,7.54207835535581,15.734310753836139,27.010915545449905
18560,3.747902683800002e-05,3.727465127083737,7.543860348107417,15.745097416998389,27.016422892189546
18580,3.7519413720368556e-05,3.710806768124293,7.541292955931859,15.784285683490449,27.0363854075466
18600,3.755980060273709e-05,3.7080688487511364,7.539947061244563,15.79283511510208,27.04085102509778
18620,3.760018748510562e-05,3.7022655072574637,7.5391311909136585,15.805691539202458,27.04708823737358
18640,3.7640574367474154e-05,3.698746985588062,7.538312803154686,15.815857151725124,27.052916940467874
18660,3.768096124984269e-05,3.700053556696429,7.535029357859205,15.820779373448978,27.05586228800461
18680,3.7721348132211223e-05,3.695184318303745,7.531620997134819,15.841990520453276,27.06879583589184
18700,3.776173501457976e-05,3.7009478059126355,7.5247307680338,15.844027043467579,27.069705617414016
18720,3.780212189694829e-05,3.7026641280502184,7.518207973664091,15.858453774492286,27.079325876206596
18740,3.784250877931683e-05,3.7091319615936675,7.508719022043238,15.86634621652751,27.084197200164418
18760,3.788289566168536e-05,3.7132131113086606,7.502694332455332,15.87452501216485,27.09043245592884
18780,3.79232825440539e-05,3.7214556072998937,7.493225695344826,15.878960137569436,27.093641440214157
18800,3.796366942642243e-05,3.724744197076827,7.485604328919369,15.892187178625603,27.1025357046218
18820,3.800405630879097e-05,3.7324615026969306,7.4755629619676025,15.899755458651512,27.107779923316045
18840,3.80444431911595e-05,3.7359686363682867,7.469938077727097,15.908939454887626,27.11484616898301
18860,3.808483007352804e-05,3.7424113160408776,7.46202933899698,15.91194915053743,27.116389805575288
18880,3.812521695589657e-05,3.7465709980154376,7.455302822875315,15.920091010237675,27.12196483112843
18900,3.816560383826511e-05,3.751230533831493,7.449820000271516,15.921707756803068,27.122758290906077
18920,3.820599072063364e-05,3.7547281928377583,7.445542588133913,15.923753159104434,27.124023940076107
18940,3.8246377603002176e-05,3.7591131426110143,7.440822490448217,15.925588642642696,27.125524275701927
18960,3.828676448537071e-05,3.764481825363323,7.4351166840660685,15.926729570538269,27.12632807996766
18980,3.8327151367739246e-05,3.767447813423356,7.431103713759296,15.929720985470897,27.12827251265355
19000,3.836753825010778e-05,3.7710988857078,7.426117032368858,15.932417508297055,27.129633426373715
19020,3.840792513247631e-05,3.775101274427902,7.42111027187854,15.93403571187438,27.130247258180823
19040,3.8448312014844844e-05,3.7787929366333293,7.416209818378565,15.937061178911431,27.132063933923327
19060,3.848869889721338e-05,3.784724395818663,7.409046744827198,15.939414203161686,27.133185343807547
19080,3.8529085779581914e-05,3.7926022557347685,7.398258541519936,15.94392194675666,27.134782744011364
19100,3.856947266195045e-05,3.802598776642625,7.3874021384612485,15.94608569043429,27.13608660553816
19120,3.860985954431898e-05,3.8187739667583775,7.370079989589186,15.947633771084016,27.13648772743158
19140,3.865024642668752e-05,3.8372736335844366,7.35003697691676,15.951691487373123,27.139002097874318
19160,3.869063330905605e-05,3.85666766573794,7.330211897239733,15.953058256077577,27.13993781905525
19180,3.873102019142459e-05,3.8803946048304505,7.304265579315214,15.956226172238617,27.14088635638428
19200,3.877140707379312e-05,3.900038296041257,7.283920641366782,15.959011744720588,27.142970682128627
19220,3.881179395616166e-05,3.9170469368487533,7.265054112176918,15.96237185556249,27.144472904588163
19240,3.885218083853019e-05,3.9352259270928007,7.2453385833980555,15.965041674064683,27.14560618455554
19260,3.889256772089873e-05,3.954869037377869,7.224035877475566,15.968497759843507,27.14740267469694
19280,3.893295460326726e-05,3.9745271712770585,7.202286645250107,15.971466064152619,27.148279880679784
19300,3.89733414856358e-05,3.985066382468577,7.1906611224299235,15.975791434418943,27.15151893931744
19320,3.901372836800433e-05,4.002339751247147,7.170448206550743,15.979913715577084,27.152701673374974
19340,3.905411525037287e-05,4.0190245322027085,7.1526960883836885,15.981634133446287,27.153354754032684
19360,3.90945021327414e-05,4.037527789240197,7.13273440858287,15.983817352366476,27.154079550189543
19380,3.9134889015109936e-05,4.0583405806732715,7.111025851623962,15.984850977385088,27.154217409682325
19400,3.917527589747847e-05,4.075890546870231,7.09143847723472,15.98865744124008,27.15598646534503
19420,3.9215662779847e-05,4.092923181031824,7.072439876223892,15.991893621610874,27.157256678866588
19440,3.9256049662215534e-05,4.114633366050992,7.049837644096434,15.993861104504353,27.158332114651778
19460,3.929643654458407e-05,4.1335912107113035,7.028481368735508,15.998086876646765,27.160159456093574
19480,3.9336823426952604e-05,4.155809429090398,7.004839841457481,16.00050926283604,27.16115853338392
19500,3.937721030932114e-05,4.178987669862556,6.979104654865351,16.004017981246413,27.16211030597432
19520,3.9417597191689674e-05,4.198331694404024,6.959256761319841,16.00618875331266,27.163777209036525
19540,3.945798407405821e-05,4.219622946028645,6.93674950279211,16.0088734304909,27.165245879311655
19560,3.949837095642674e-05,4.242054124473908,6.913351087283442,16.010957564623908,27.16636277638126
19580,3.953875783879528e-05,4.266368813979306,6.888214527747049,16.012730770928172,27.167314112654527
19600,3.957914472116381e-05,4.288085955654144,6.865343798861092,16.014843393061337,27.168273147576574
19620,3.961953160353235e-05,4.310697369055557,6.839775817705131,16.02031236334716,27.170785550107848
19640,3.965991848590088e-05,4.333847477942012,6.815451988073668,16.023728680236744,27.173028146252424
19660,3.970030536826942e-05,4.359955761044895,6.788617992317254,16.024843642339043,27.173417395701193
19680,3.974069225063795e-05,4.387303890061083,6.760432480903596,16.026685027248504,27.174421398213184
19700,3.978107913300649e-05,4.414167368026807,6.732673949549313,16.02811648702032,27.17495780459644
19720,3.982146601537502e-05,4.444477625195047,6.700916968044021,16.030377982538532,27.1757725757776
19740,3.986185289774356e-05,4.474068689150583,6.670046377497404,16.03371274570425,27.177827812352238
19760,3.990223978011209e-05,4.503569231801146,6.63955405706508,16.035009736544588,27.178133025410816
19780,3.9942626662480627e-05,4.535348706153824,6.606523651434503,16.037453799517625,27.17932615710595
19800,3.9983013544849155e-05,4.56822615571225,6.572914652665132,16.039656837153373,27.180797645530756
19820,4.002340042721769e-05,4.598609464624496,6.541120983298962,16.04193920646346,27.18166965438692
19840,4.0063787309586224e-05,4.626599069858344,6.512680020330583,16.04359376533308,27.182872855522007
19860,4.010417419195476e-05,4.655868918205615,6.482514573609001,16.045009755899255,27.183393247713873
19880,4.0144561074323294e-05,4.680327023326195,6.456824067527472,16.047302155406467,27.184453246260134
19900,4.018494795669183e-05,4.705487141938278,6.43026873928461,16.051104293515,27.186860174737888
19920,4.0225334839060364e-05,4.73167150691043,6.40309888869604,16.053323464753475,27.188093860359945
19940,4.02657217214289e-05,4.7553738128937315,6.377976641083464,16.056952070736106,27.190302524713303
19960,4.0306108603797433e-05,4.781286504522102,6.351013033537806,16.059257260790783,27.19155679885069
19980,4.034649548616597e-05,4.805792010465609,6.325394635282212,16.06234199979871,27.193528645546532
20000,4.03868823685345e-05,4.833071178511399,6.296506254203481,16.06668791140426,27.19626534411914
20020,4.042726925090304e-05,4.859911036478728,6.268704215210402,16.069872888674368,27.198488140363498
20040,4.046765613327157e-05,4.8879801098489475,6.239480027277888,16.073377043735196,27.20083718086203
20060,4.050804301564011e-05,4.917150281503125,6.207226269908855,16.080989951351167,27.205366502763148
20080,4.054842989800864e-05,4.945339145367084,6.177800558442708,16.08524494857221,27.208384652382
20100,4.058881678037718e-05,4.979400645523127,6.140338541692789,16.095256997744116,27.214996184960032
20120,4.062920366274571e-05,5.010021517909018,6.107323080908107,16.102523039165526,27.219867637982652
20140,4.066959054511425e-05,5.031755381061348,6.07268671522786,16.17563137948219,27.2800734757714
20160,4.070997742748278e-05,5.068361260459513,6.03426002911473,16.184973375637874,27.28759466521212
20180,4.075036430985132e-05,5.105532484978731,5.996607365776426,16.187775596439977,27.289915447195135
20200,4.0790751192219845e-05,5.140771091575343,5.9611987054752635,16.190555657624948,27.292525454675555
20220,4.083113807458838e-05,5.179922573123784,5.921919133356532,16.19147161279399,27.293313319274304
20240,4.0871524956956915e-05,5.2137979165289225,5.886187592201441,16.196955135874973,27.296940644605336
20260,4.091191183932545e-05,5.247639113030984,5.851304217643782,16.20376192018764,27.30270525086241
20280,4.0952298721693984e-05,5.278447552743792,5.819813137029438,16.20674282702006,27.305003516793292
20300,4.099268560406252e-05,5.308594684915069,5.788570702251145,16.210808225813388,27.307973612979602
20320,4.1033072486431054e-05,5.336705553656226,5.759413755622148,16.213489327105304,27.30960863638368
20340,4.107345936879959e-05,5.360746508374557,5.733501167570654,16.218985458938267,27.31323313488348
20360,4.1113846251168124e-05,5.3856708136193845,5.707322353742583,16.2230856369152,27.31607880427717
20380,4.115423313353666e-05,5.412791058868435,5.679494735477125,16.22603342678448,27.31831922113004
20400,4.119462001590519e-05,5.434479306532528,5.657432291822178,16.22867003880144,27.320581637156145
20420,4.123500689827373e-05,5.458395768052339,5.6317546363908075,16.23480558171097,27.324955986154116
20440,4.127539378064226e-05,5.478490623793828,5.611066508714435,16.23779597991282,27.327353112421086
20460,4.13157806630108e-05,5.498929252888512,5.589304509313784,16.24160377277323,27.32983753497553
20480,4.135616754537933e-05,5.518921860280507,5.568268927116348,16.2473120717735,27.334502859170357
20500,4.139655442774787e-05,5.5392674291216295,5.546482028332381,16.251331803287194,27.337081260741204
20520,4.14369413101164e-05,5.55653735393497,5.528125318276109,16.255445267933663,27.34010794014474
20540,4.147732819248494e-05,5.576070070433003,5.506901539301367,16.2595225190224,27.34249412875677
20560,4.151771507485347e-05,5.590553269528237,5.491569455349253,16.262379493611604,27.344502218489094
20580,4.1558101957222e-05,5.612707600958088,5.46829837262148,16.266974137243825,27.347980110823393
20600,4.1598488839590535e-05,5.631567831570937,5.448474529178754,16.270984072738244,27.351026433487934
20620,4.163887572195907e-05,5.650429981581485,5.4286780037416245,16.273810265478975,27.352918250802084
20640,4.1679262604327605e-05,5.673899329135953,5.403822228877859,16.277559163192713,27.355280721206526
20660,4.171964948669614e-05,5.694757627248866,5.382010982489132,16.28264800458634,27.35941661432434
20680,4.1760036369064674e-05,5.71771137821886,5.357230519549446,16.286304736895804,27.36124663466411
20700,4.180042325143321e-05,5.737154939801535,5.336922001713794,16.29064345619983,27.36472039771516
20720,4.1840810133801744e-05,5.759446649170702,5.313882850942298,16.292298413505815,27.365627913618816
20740,4.188119701617028e-05,5.779046009390251,5.293720732687555,16.29385957458321,27.366626316661016
20760,4.1921583898538814e-05,5.795323719332412,5.276314147454349,16.300041679897326,27.37167954668409
20780,4.196197078090735e-05,5.811536334995812,5.258907035557527,16.302658501418524,27.373101871971862
20800,4.2002357663275884e-05,5.827672794176216,5.241446233259345,16.306973962947318,27.37609299038288
20820,4.204274454564442e-05,5.843009312630953,5.225131417741372,16.31044632798851,27.378587058360836
20840,4.208313142801295e-05,5.8527592091221115,5.214536545193647,16.313802840753386,27.381098595069144
20860,4.212351831038149e-05,5.864132566559312,5.202559484452085,16.316156039282646,27.382848090294043
20880,4.216390519275002e-05,5.872452689677067,5.193251629876079,16.31884277265437,27.384547092207516
20900,4.220429207511856e-05,5.8771915549059095,5.18858161558465,16.322016323075363,27.387789493565922
20920,4.224467895748709e-05,5.8803929280111635,5.184824423602353,16.323149436400527,27.388366788014043
20940,4.228506583985563e-05,5.883177889101548,5.181015175533532,16.32658843513009,27.390781499765172
20960,4.232545272222416e-05,5.886276383382389,5.177312047732785,16.32843090893742,27.392019340052595
20980,4.236583960459269e-05,5.886865471687152,5.174883464462971,16.33423438609927,27.395983322249393
21000,4.2406226486961225e-05,5.885894673476737,5.17531648645046,16.337138587256977,27.398349747184174
21020,4.244661336932976e-05,5.883483061205813,5.176855573662864,16.341785752753808,27.402124387622486
21040,4.2487000251698295e-05,5.881283048619819,5.178703303307289,16.345022112956215,27.405008464883323
21060,4.252738713406683e-05,5.880598773673187,5.178624564064848,16.34884097026831,27.408064308006345
21080,4.2567774016435365e-05,5.8789021978623595,5.17933511738773,16.351903040745547,27.410140355995637
21100,4.26081608988039e-05,5.879578900139126,5.177885358586074,16.35443727815446,27.41190153687966
21120,4.2648547781172434e-05,5.880835455128921,5.175739577498742,16.358255581106764,27.414830613734427
21140,4.268893466354097e-05,5.88147087017528,5.174376740265473,16.360892140276878,27.416739750717632
21160,4.2729321545909504e-05,5.8875733163678605,5.168045170445317,16.36191548099913,27.417533967812307
21180,4.276970842827804e-05,5.8905520036870715,5.163358614363068,16.367223969458145,27.421134587508284
21200,4.2810095310646574e-05,5.900317834082543,5.153116366816534,16.36884185423547,27.422276055134546
21220,4.285048219301511e-05,5.91090215145851,5.141748718927189,16.37272957759994,27.42538044798564
21240,4.2890869075383643e-05,5.917547036192356,5.134043863467045,16.375810867307433,27.42740176696683
21260,4.293125595775218e-05,5.931869671822244,5.11807985212881,16.379291495699196,27.42924101965025
21280,4.297164284012071e-05,5.944451715267768,5.10517521437405,16.38130841791449,27.430935347556307
21300,4.301202972248925e-05,5.9548939924583975,5.0942550616275035,16.384401501521005,27.433550555606907
21320,4.305241660485778e-05,5.96690048868149,5.081130047186232,16.387008772060504,27.435039307928225
21340,4.309280348722632e-05,5.978170076865134,5.069592716432536,16.3894158292333,27.437178622530972
21360,4.313319036959485e-05,5.988475105573533,5.058475359107124,16.392096677600556,27.43904714228121
21380,4.317357725196338e-05,5.997844497785032,5.048309610961885,16.392998058285613,27.439152167032532
21400,4.3213964134331915e-05,6.005823597154321,5.040109782885164,16.394487295458468,27.440420675497954
21420,4.325435101670045e-05,6.012029771042108,5.0323501853774255,16.400744456148093,27.445124412567626
21440,4.3294737899068985e-05,6.0165052953020774,5.027369335550744,16.403480531462478,27.447355162315297
21460,4.333512478143752e-05,6.023465527541702,5.020218320576424,16.403971194312543,27.447655042430668
21480,4.3375511663806055e-05,6.025449739342735,5.0176879947616335,16.40623041100015,27.449368145104515
21500,4.341589854617459e-05,6.029941365253775,5.011966649900842,16.411492666936514,27.45340068209113
21520,4.3456285428543125e-05,6.032737291943154,5.008376997465496,16.414813651898243,27.455927941306893
21540,4.349667231091166e-05,6.035428441120767,5.004787258643115,16.418084303652105,27.458300003415985
21560,4.3537059193280194e-05,6.036901155155402,5.002814049026845,16.421359109346984,27.46107431352923
21580,4.357744607564873e-05,6.040909076624413,4.997887483647872,16.42378658169616,27.462583141968445
21600,4.3617832958017264e-05,6.046602351189052,4.9918039549326165,16.427387203516737,27.465793509638406
21620,4.36582198403858e-05,6.053779181837416,4.983308900932922,16.43049681944826,27.467584902218597
21640,4.3698606722754334e-05,6.061925895897009,4.975165400572228,16.433302156888143,27.47039345335738
21660,4.373899360512287e-05,6.070724547150253,4.965082406929966,16.435177408436854,27.470984362517072
21680,4.37793804874914e-05,6.080472748521357,4.9547533551249385,16.439723518041927,27.47494962168822
21700,4.381976736985994e-05,6.0918676679722354,4.943198945824355,16.440913039440623,27.475979653237214
21720,4.386015425222847e-05,6.104018591653686,4.929869153405395,16.444946545306223,27.478834290365306
21740,4.390054113459701e-05,6.11541160204123,4.917873024099279,16.44680988874955,27.48009451489006
21760,4.3940928016965536e-05,6.128339124063783,4.904365998903835,16.44921476469796,27.481919887665576
21780,4.398131489933407e-05,6.1385653495612305,4.892848866049157,16.454062277520848,27.485476493131234
21800,4.4021701781702606e-05,6.143542909795167,4.887628402564444,16.456453988901977,27.487625301261588
21820,4.406208866407114e-05,6.153289200861085,4.876888019969373,16.45877608218408,27.48895330301454
21840,4.4102475546439675e-05,6.1566982163252,4.87290719604835,16.46189156060107,27.49149697297462
21860,4.414286242880821e-05,6.159608117731039,4.869101815260655,16.464381175597055,27.49309110858875
21880,4.4183249311176745e-05,6.162775374492668,4.865522998151893,16.465627627252726,27.493925999897286
21900,4.422363619354528e-05,6.165629908960211,4.86179980410894,16.467950755946703,27.495380469015853
21920,4.4264023075913815e-05,6.167704128295514,4.858523454690979,16.472412270685513,27.498639853672007
21940,4.430440995828235e-05,6.16770313614496,4.858428210650495,16.474808465363157,27.500939812158613
21960,4.4344796840650884e-05,6.169669954549691,4.8557049104862084,16.47728458207675,27.50265944711265
21980,4.438518372301942e-05,6.172451091924788,4.851971805820178,16.47950330063171,27.503926198376675
22000,4.4425570605387954e-05,6.17124078032477,4.853034683848296,16.481609908794812,27.505885372967878
22020,4.446595748775649e-05,6.175830607524918,4.8479730559213445,16.48330193429328,27.507105597739542
22040,4.4506344370125024e-05,6.180101532560575,4.8430800498822215,16.486462051719986,27.50964363416278
22060,4.454673125249356e-05,6.185018760633797,4.837788991263975,16.48813065737637,27.510938409274143
22080,4.4587118134862094e-05,6.1924169267534115,4.829715358127084,16.490189311080133,27.51232159596063
22100,4.462750501723063e-05,6.194712771538445,4.827022671239337,16.492582407727866,27.51431785050565
22120,4.466789189959916e-05,6.201223946393756,4.820316043159062,16.49432894536553,27.51586893491835
22140,4.47082787819677e-05,6.204917609033298,4.816072957917903,16.496808662623828,27.51779922957503
22160,4.4748665664336226e-05,6.212283690612754,4.8082710296877424,16.498838589326205,27.5193933096267
22180,4.478905254670476e-05,6.217952852918536,4.802235032320344,16.50060070998924,27.52078859522812
22200,4.4829439429073296e-05,6.223654592756733,4.795917756119551,16.50253097126245,27.522103320138733
22220,4.486982631144183e-05,6.23217149503882,4.7872533698961846,16.504542600190423,27.523967465125427
22240,4.4910213193810366e-05,6.238587290919673,4.780757783868137,16.506437831267437,27.525782906055248
22260,4.49506000761789e-05,6.248703280154987,4.769812609173254,16.508469915428833,27.526985804757075
22280,4.4990986958547435e-05,6.2564758939846286,4.761505123227932,16.510265487715532,27.52824650492809
22300,4.503137384091597e-05,6.2678628715186635,4.750157953835672,16.511788016482324,27.52980884183666
22320,4.5071760723284505e-05,6.27426258622156,4.743399961301935,16.51414382024825,27.531806367771747
22340,4.511214760565304e-05,6.283323932213125,4.733710009903012,16.51610064959547,27.533134591711605
22360,4.5152534488021575e-05,6.292990720024938,4.723594448239293,16.518247078126574,27.534832246390806
22380,4.519292137039011e-05,6.301645427815011,4.7144901388811515,16.52023263498848,27.536368201684645
22400,4.5233308252758644e-05,6.311094782282766,4.704570436645241,16.52252246490702,27.538187683835027
22420,4.527369513512718e-05,6.319142750516942,4.6955831938169315,16.52418041749521,27.538906361829085
22440,4.5314082017495714e-05,6.326237931717786,4.688014981750188,16.52679652891578,27.541049442383756
22460,4.535446889986425e-05,6.334945215078164,4.6788763214127,16.52910167623726,27.542923212728127
22480,4.5394855782232784e-05,6.342130222989123,4.671248557582566,16.530835617032203,27.54421439760389
22500,4.543524266460132e-05,6.348066579177786,4.66457640277503,16.53348643352741,27.546129415480227
22520,4.5475629546969853e-05,6.354868138197597,4.657466302549076,16.535252226159866,27.54758666690654
22540,4.551601642933838e-05,6.359233878296641,4.652518584489251,16.537705402660833,27.549457865446726
22560,4.5556403311706916e-05,6.364917220888638,4.6459778914303875,16.540311850587422,27.55120696290645
22580,4.559679019407545e-05,6.36721280686612,4.643004626073579,16.54241813020306,27.552635563142758
22600,4.5637177076443986e-05,6.3650469867457,4.645135292878986,16.544911682604564,27.55509396222925
22620,4.567756395881252e-05,6.369566910675641,4.639495238030527,16.547156923544577,27.556219072250745
22640,4.5717950841181056e-05,6.365530414213616,4.64289152510072,16.549736036294284,27.55815797560862
22660,4.575833772354959e-05,6.364672190299238,4.642893907944359,16.551524894862233,27.55909099310583
22680,4.5798724605918125e-05,6.35941551757741,4.64813009566162,16.553354820684923,27.560900433923955
22700,4.583911148828666e-05,6.3547667100297565,4.652674400314416,16.555330201700077,27.562771312044248
22720,4.5879498370655195e-05,6.3485650082151865,4.658182464157166,16.557023202105604,27.563770674477958
22740,4.591988525302373e-05,6.339975667623758,4.666480872648261,16.559254637504832,27.56571117777685
22760,4.5960272135392265e-05,6.329096015166869,4.67720709521845,16.56110372090247,27.56740683128779
22780,4.60006590177608e-05,6.321464927862801,4.684161923634256,16.56282271950796,27.568449571005015
22800,4.6041045900129335e-05,6.307631732234182,4.697468714193088,16.5650602348318,27.570160681259072
22820,4.608143278249787e-05,6.297141456635757,4.707454227485745,16.56705061644786,27.571646300569363
22840,4.6121819664866404e-05,6.280450943303336,4.723285951483487,16.568979867053308,27.57271676184013
22860,4.616220654723494e-05,6.26729506664077,4.736474957999087,16.569919565682945,27.5736895903228
22880,4.6202593429603474e-05,6.246337803540241,4.756877693232018,16.572563641690003,27.575779138462263
22900,4.624298031197201e-05,6.228616737680009,4.77400217090009,16.57513284532672,27.57775175390682
22920,4.6283367194340544e-05,6.204472950810196,4.797444201154313,16.577501296780962,27.57941844874547
22940,4.632375407670907e-05,6.178872110554461,4.822576152444597,16.57938537133586,27.58083363433492
22960,4.6364140959077607e-05,6.1538182505090955,4.847058525846186,16.581050811529515,27.581927587884795
22980,4.640452784144614e-05,6.125888018645987,4.8744865331439575,16.58300804473113,27.583382596521076
23000,4.6444914723814676e-05,6.09255905607076,4.907649418771966,16.585294086021158,27.585502560863883
23020,4.648530160618321e-05,6.056060828303568,4.943912270280337,16.58668695674239,27.586660055326295
23040,4.6525688488551746e-05,6.018995677418703,4.980655240665286,16.588637811689527,27.588288729773517
23060,4.656607537092028e-05,5.980193613179296,5.018881074912075,16.59079686463148,27.589871552722848
23080,4.6606462253288816e-05,5.940289090048693,5.058324395507675,16.592887269045846,27.591500754602215
23100,4.664684913565735e-05,5.897322822266483,5.100552871926459,16.594907637943457,27.5927833321364
23120,4.6687236018025885e-05,5.8537554937650995,5.143352556607516,16.59656549028519,27.593673540657804
23140,4.672762290039442e-05,5.809665693497819,5.187046195600154,16.599176361681316,27.59588825077929
23160,4.6768009782762955e-05,5.7633259999094495,5.232765041207527,16.601235373451356,27.597326414568332
23180,4.680839666513149e-05,5.7188350397310375,5.276612164106411,16.603718534160297,27.599165737997744
23200,4.6848783547500025e-05,5.670758576241273,5.324318501096571,16.604472115206555,27.599549192544398
23220,4.688917042986856e-05,5.6230193187463495,5.3717577710889195,16.607422068175378,27.60219915801065
23240,4.6929557312237094e-05,5.577808123927984,5.416372775005541,16.608701974673014,27.60288287360654
23260,4.696994419460563e-05,5.533189985109265,5.460500648716851,16.610833811371783,27.6045244451979
23280,4.7010331076974164e-05,5.4895999298329485,5.503772836118568,16.61277541214684,27.606148178098355
23300,4.70507179593427e-05,5.445942517467735,5.546946596211932,16.614393183192835,27.6072822968725
23320,4.7091104841711234e-05,5.405524200063158,5.5869271214702065,16.615742967665536,27.6081942891989
23340,4.713149172407976e-05,5.363305401639539,5.628560558707287,16.617720373873446,27.60958633422027
23360,4.71718786064483e-05,5.325461825047839,5.665760091122235,16.61965590132045,27.610877817490522
23380,4.721226548881683e-05,5.287036904904099,5.70392802382135,16.62103706598761,27.61200199471306
23400,4.7252652371185366e-05,5.253373367520205,5.736828892871475,16.623031951895925,27.613234212287605
23420,4.72930392535539e-05,5.22034299979338,5.769655715119907,16.624019373314002,27.61401808822729
23440,4.7333426135922436e-05,5.186527872365933,5.803377375016238,16.62556350821623,27.615468755598403
23460,4.737381301829097e-05,5.155785424307001,5.833562649519575,16.627809603597658,27.617157677424235
23480,4.7414199900659506e-05,5.125273664228259,5.863793020385319,16.629219133067608,27.618285817681183
23500,4.745458678302804e-05,5.098475192575284,5.890216021623388,16.630721599443568,27.619412813642242
23520,4.7494973665396576e-05,5.072642595907253,5.915793170862829,16.632681637197656,27.621117403967737
23540,4.753536054776511e-05,5.0476588362931185,5.94042983810516,16.634294758376484,27.62238343277476
23560,4.7575747430133645e-05,5.027584380679172,5.9604203544733965,16.635153325570872,27.62315806072344
23580,4.761613431250218e-05,5.0063522221921115,5.981062363675633,16.638029784019984,27.62544436988773
23600,4.7656521194870715e-05,4.989952152709786,5.996626480489954,16.640191490644728,27.626770123844466
23620,4.769690807723925e-05,4.971770406000699,6.014837363026086,16.641329812377197,27.627937581403984
23640,4.7737294959607785e-05,4.958895972398904,6.027055049032125,16.643457781891826,27.629408803322853
23660,4.777768184197632e-05,4.94609691849268,6.039328250882525,16.64586170375597,27.631286873131174
23680,4.7818068724344854e-05,4.934548776302268,6.050464762100184,16.64772006324275,27.632733601645203
23700,4.785845560671339e-05,4.922561022653173,6.062139225510906,16.64923560612665,27.633935854290726
23720,4.789884248908192e-05,4.91115444585684,6.072998274296201,16.651242754207793,27.635395474360834
23740,4.793922937145045e-05,4.902667643498252,6.08101516197938,16.6531183272221,27.63680113269973
23760,4.797961625381899e-05,4.894358326819759,6.088969688290104,16.654870851940277,27.63819886705014
23780,4.802000313618752e-05,4.88800589839773,6.0945398353649125,16.656888924421846,27.639434658184488
23800,4.806039001855606e-05,4.877570384181967,6.105003730679809,16.657992484290453,27.64056659915223
23820,4.810077690092459e-05,4.873256363773419,6.108765104807884,16.660199619026006,27.64222108760731
23840,4.8141163783293126e-05,4.869664854107178,6.11237553954172,16.661425888052072,27.64346628170097
23860,4.818155066566166e-05,4.865869944207074,6.115414265214788,16.663345924634193,27.644630134056055
23880,4.8221937548030196e-05,4.86665755348154,6.114022041756195,16.664892590457836,27.64557218569557
23900,4.826232443039873e-05,4.867486297890335,6.112493823864007,16.666894923209682,27.646875044964023
23920,4.8302711312767266e-05,4.8706971905263465,6.108846609002071,16.66859023507713,27.648134034605548
23940,4.83430981951358e-05,4.877238450637733,6.101968290275298,16.670206383789104,27.649413124702136
23960,4.8383485077504335e-05,4.88633717366284,6.092599028779564,16.67197435346051,27.650910555902914
23980,4.842387195987287e-05,4.8970288814875484,6.081411316473566,16.673267612262478,27.65170781022359
24000,4.8464258842241405e-05,4.908291449863289,6.069526180171971,16.674636165843168,27.65245379587843
24020,4.850464572460994e-05,4.923395981438606,6.054494479132069,16.67606636252262,27.653956823093296
24040,4.8545032606978475e-05,4.940408985145659,6.0369082918939405,16.677499480396637,27.654816757436237
24060,4.858541948934701e-05,4.957109235716198,6.020019188444944,16.67883887219541,27.65596729635655
24080,4.8625806371715545e-05,4.977721704942959,5.999270849583413,16.68028254144392,27.65727509597029
24100,4.866619325408408e-05,4.997114698078238,5.97916761630348,16.681554937162982,27.6578372515447
24120,4.870658013645261e-05,5.018759289203748,5.957565017186661,16.682797294312774,27.659121600703184
24140,4.874696701882114e-05,5.040540353861248,5.935568128946351,16.684450218729836,27.660558701537436
24160,4.878735390118968e-05,5.063216125365251,5.912398692151202,16.685643019369266,27.661257836885717
24180,4.882774078355821e-05,5.086525828646812,5.889080139505936,16.687165791311113,27.66277175946386
24200,4.886812766592675e-05,5.1084803289553715,5.866643392827971,16.68892969282709,27.664053414610436
24220,4.890851454829528e-05,5.133055837626575,5.842035567538595,16.690182266266017,27.665273671431187
24240,4.8948901430663817e-05,5.1538126807329325,5.8206727385643156,16.691749085923867,27.666234505221116
24260,4.898928831303235e-05,5.177118635751435,5.79677133850267,16.69354049413044,27.667430468384545
24280,4.9029675195400886e-05,5.201714386507566,5.772043195499651,16.694687959758603,27.66844554176582
24300,4.907006207776942e-05,5.226424832246948,5.746611152098242,16.69637893538164,27.669414919726833
24320,4.9110448960137956e-05,5.250739469406112,5.722272527696596,16.698062915047984,27.671074912150694
24340,4.915083584250649e-05,5.277726586467198,5.6950719433477435,16.69930504931928,27.67210357913422
24360,4.9191222724875026e-05,5.305381960832916,5.666959663147864,16.70073063228816,27.673072256268938
24380,4.923160960724356e-05,5.3310089350572,5.64125895092552,16.702241250625857,27.674509136608577
24400,4.9271996489612095e-05,5.362077445355051,5.609658874469244,16.703449030133065,27.67518534995736
24420,4.931238337198063e-05,5.39077243939336,5.580451000578173,16.705189616846237,27.676413056817772
24440,4.9352770254349165e-05,5.421352087884544,5.549536173997892,16.706817439026082,27.67770570090852
24460,4.93931571367177e-05,5.4473312392599835,5.523040146179083,16.707830461148347,27.678201846587413
24480,4.9433544019086235e-05,5.475039837279828,5.4950621718768815,16.709408205698452,27.679510214855163
24500,4.947393090145476e-05,5.50291336663895,5.466447104477902,16.710938867591214,27.680299338708068
24520,4.95143177838233e-05,5.5313293373020915,5.4377720102811145,16.712302786940075,27.68140413452328
24540,4.955470466619183e-05,5.558296205294227,5.410556634003035,16.713804353861736,27.682657193159
24560,4.959509154856037e-05,5.587095786893327,5.381352448291945,16.71539224483985,27.683840480025122
24580,4.96354784309289e-05,5.613569037216081,5.354728845504299,16.7168456934896,27.68514357620998
24600,4.967586531329744e-05,5.640618974374691,5.327131087928333,16.71849992896814,27.68624999127116
24620,4.971625219566597e-05,5.662896154793776,5.304223051946317,16.7201165210881,27.687235727828195
24640,4.975663907803451e-05,5.686552983659894,5.280374023703824,16.720998399800827,27.687925407164546
24660,4.979702596040304e-05,5.707684047712675,5.258929155615088,16.72299980718629,27.689613010514055
24680,4.9837412842771576e-05,5.729155308073267,5.237073469142261,16.724089512031885,27.69031828924741
24700,4.987779972514011e-05,5.747673572705644,5.218409388076334,16.72588380079722,27.6919667615792
24720,4.9918186607508646e-05,5.764283935395198,5.201324409660095,16.72774312727544,27.693351472330733
24740,4.995857348987718e-05,5.779247627245602,5.185920710571435,16.72930404360895,27.694472381425985
24760,4.9998960372245716e-05,5.794452253141204,5.170638287498797,16.73066900230454,27.695759542944543
24780,5.003934725461425e-05,5.809170275283937,5.155487734823937,16.731947477071085,27.696605487178957
24800,5.0079734136982786e-05,5.820833514314434,5.14330726427302,16.733773538640403,27.697914317227855
24820,5.012012101935132e-05,5.832107633264542,5.131859200159437,16.735035817107267,27.699002650531245
24840,5.0160507901719855e-05,5.844028596054457,5.119517654479472,16.736565396139426,27.700111646673356
24860,5.020089478408839e-05,5.852547509817388,5.110684913095337,16.737800467100367,27.701032890013092
24880,5.0241281666456925e-05,5.859937729913138,5.10305159424556,16.739200268103446,27.702189592262144
24900,5.028166854882545e-05,5.872637105507541,5.0897524279231385,16.740822543525386,27.703212076956063
24920,5.032205543119399e-05,5.883500596033462,5.078898714815583,16.742178688723506,27.70457799957255
24940,5.036244231356252e-05,5.8937405164072185,5.067973005833324,16.743293178571978,27.705006700812522
24960,5.040282919593106e-05,5.90653333023669,5.055075319985702,16.74490865453888,27.70651730476127
24980,5.044321607829959e-05,5.920371019822602,5.040720519097272,16.746291556239854,27.707383095159727
25000,5.048360296066813e-05,5.9267106853697875,5.034389634734411,16.747376808324567,27.708477128428765
25020,5.052398984303666e-05,5.940740738023598,5.019732029071865,16.748589089951714,27.70906185704718
25040,5.05643767254052e-05,5.950842329861608,5.009350614849788,16.75005157831455,27.71024452302595
25060,5.060476360777373e-05,5.960104542837367,4.999793784047166,16.751367839421576,27.71126616630611
25080,5.064515049014227e-05,5.967996641250088,4.991673275761701,16.75291097006106,27.712580887072846
25100,5.06855373725108e-05,5.976357817368651,4.983101194882096,16.75411537131788,27.713574383568627
25120,5.0725924254879336e-05,5.984043374193135,4.9747051421986646,16.755426723042433,27.714175239434233
25140,5.076631113724787e-05,5.991016345975774,4.967651232166075,16.75670704858635,27.7153746267282
25160,5.0806698019616406e-05,5.993512692706727,4.965010578408729,16.75820788442574,27.716731155541197
25180,5.084708490198494e-05,5.998731881559275,4.959466269501963,16.75947438873266,27.717672539793895
25200,5.0887471784353476e-05,6.002036675929384,4.955741262381787,16.760936181442506,27.718714119753677
25220,5.092785866672201e-05,6.006610137311428,4.951036964600181,16.76232478143976,27.71997188335137
25240,5.0968245549090545e-05,6.0067846867711285,4.95022736879957,16.76396789011166,27.72097994568236
25260,5.100863243145908e-05,6.010101122672225,4.9466527382384475,16.76501797468607,27.721771835596744
25280,5.1049019313827615e-05,6.00815933394025,4.948139208785741,16.766507844533677,27.722806387259666
25300,5.108940619619614e-05,6.0090557726647855,4.946919499559813,16.76766372802022,27.72363900024482
25320,5.112979307856468e-05,6.008913064379233,4.946782466296482,16.769082055492305,27.72477758616802
25340,5.117017996093321e-05,6.006212096453139,4.949051251870482,16.77054557563625,27.725808923959868
25360,5.121056684330175e-05,6.002772883646698,4.952286339458371,16.77166737732324,27.726726600428307
25380,5.125095372567028e-05,5.998303765035713,4.956083670788646,16.773139768610754,27.727527204435113
25400,5.129134060803882e-05,5.994359509695388,4.960118842248134,16.774459626278627,27.72893797822215
25420,5.133172749040735e-05,5.989448846623511,4.964557426505774,16.77556903703703,27.729575310166314
25440,5.137211437277589e-05,5.986171596889305,4.967742443502735,16.77692113328151,27.730835173673547
25460,5.141250125514442e-05,5.9787718355308055,4.9749320492615565,16.77831732731399,27.73202121210635
25480,5.145288813751296e-05,5.976380543523644,4.976969999077137,16.77933549154986,27.73268603415064
25500,5.149327501988149e-05,5.970113698204074,4.98297880883301,16.780815947171558,27.733908454208642
25520,5.1533661902250027e-05,5.967060683033524,4.985525791480261,16.782223731219524,27.73481020573331
25540,5.157404878461856e-05,5.960850469888669,4.991222497475891,16.783515953970507,27.73558892133507
25560,5.1614435666987096e-05,5.957997200877293,4.993910945644706,16.785015478551042,27.73692362507304
25580,5.165482254935563e-05,5.956098946153183,4.995410757264688,16.78641918699915,27.737928890417024
25600,5.1695209431724166e-05,5.9508703253009125,5.000205104935528,16.78757690374506,27.7386523339815
25620,5.17355963140927e-05,5.945549222286909,5.00518338758964,16.788733451653066,27.739466061529615
25640,5.1775983196461236e-05,5.940986391655659,5.00925807621337,16.790248962978147,27.740493430847174
25660,5.181637007882977e-05,5.93461643011093,5.015342230899165,16.79139719161031,27.74135585262041
25680,5.18567569611983e-05,5.927442523484891,5.022162683636829,16.792791348105677,27.742396555227398
25700,5.189714384356683e-05,5.921977627676207,5.027384088092087,16.794221599695515,27.74358331546381
25720,5.193753072593537e-05,5.913972203532014,5.034997253061509,16.79536772561946,27.744337182212984
25740,5.19779176083039e-05,5.905207140046864,5.043384811565501,16.796668312477856,27.74526026409022
25760,5.201830449067244e-05,5.897515332263115,5.050814802550769,16.797873145938397,27.74620328075228
25780,5.205869137304097e-05,5.88951853074559,5.0585690881067755,16.79914327094749,27.747230889799855
25800,5.209907825540951e-05,5.882928947359219,5.064843144631708,16.799860535445013,27.74763262743594
25820,5.213946513777804e-05,5.87766089760482,5.069680535050978,16.801409866546805,27.748751299202603
25840,5.217985202014658e-05,5.871635286577354,5.075295257922293,16.80260037980635,27.749530924305997
25860,5.222023890251511e-05,5.870704023544345,5.075804895957498,16.80389212507513,27.750401044576975
25880,5.226062578488365e-05,5.870339880639706,5.076017519945078,16.805089244336774,27.751446644921558
25900,5.230101266725218e-05,5.87001333812327,5.075963724061333,16.806179976130046,27.75215703831465
25920,5.234139954962072e-05,5.870011042360616,5.075765760113666,16.807244365571798,27.75302116804608
25940,5.238178643198925e-05,5.87374150346751,5.071605404019325,16.808764176984393,27.754111084471226
25960,5.2422173314357786e-05,5.876286041301476,5.069110950115637,16.80960135607568,27.754998347492794
25980,5.246256019672632e-05,5.878505097517384,5.066591017004293,16.81070781042,27.755803924941674
26000,5.2502947079094856e-05,5.883820723251763,5.060828070545665,16.81193579008757,27.756584583885
26020,5.254333396146339e-05,5.884427234387019,5.060203134819872,16.813074708861706,27.757705078068597
26040,5.2583720843831926e-05,5.885481192686222,5.058724179273761,16.814228506447538,27.758433878407523
26060,5.262410772620046e-05,5.887969228697944,5.056075099710681,16.81548428105126,27.759528609459885
26080,5.266449460856899e-05,5.889893099636813,5.054038466706382,16.816708934325014,27.76064050066821
26100,5.2704881490937524e-05,5.887433569430149,5.055851685300473,16.8179352656326,27.76122052036322
26120,5.274526837330606e-05,5.887429325112804,5.05582391870475,16.819214616955442,27.762467860772997
26140,5.278565525567459e-05,5.889104679085568,5.053983145913933,16.820089116694856,27.763176941694358
26160,5.282604213804313e-05,5.88853028213821,5.054108600282975,16.821203573477664,27.76384245589885
26180,5.286642902041166e-05,5.887430713440027,5.055227080013921,16.822574098959283,27.765231892413233
26200,5.29068159027802e-05,5.887630439445499,5.054480558569647,16.82374326713908,27.765854265154225
26220,5.294720278514873e-05,5.886693991436314,5.054968710416995,16.825189053203527,27.766851755056834
26240,5.298758966751727e-05,5.886901335908553,5.054461369655742,16.82666250833573,27.768025213900025
26260,5.30279765498858e-05,5.88675339127948,5.054413961268841,16.827784259356434,27.768951611904754
26280,5.306836343225434e-05,5.88822326879108,5.052628917684438,16.8291128045736,27.769964991049118
26300,5.310875031462287e-05,5.884977051355504,5.055397348967471,16.8304581814556,27.770832581778578
26320,5.314913719699141e-05,5.886762445596892,5.053165379107075,16.83159363638646,27.77152146109043
26340,5.318952407935994e-05,5.885663101049046,5.053605996348766,16.83295437076274,27.77222346816055
26360,5.3229910961728477e-05,5.882446564265384,5.056893629070289,16.833860916263653,27.773201109599327
26380,5.327029784409701e-05,5.8830634535970425,5.055809029357029,16.835082487289664,27.773954970243736
26400,5.3310684726465546e-05,5.88110427632556,5.057308261545204,16.836275309664916,27.77468784753568
26420,5.335107160883408e-05,5.8785362161349335,5.05992632425695,16.837402037629627,27.775864578021512
26440,5.3391458491202616e-05,5.878017302752124,5.059890629760793,16.838376054447462,27.77628398696038
26460,5.3431845373571144e-05,5.8759850515689305,5.061622082848519,16.8395000883521,27.77710722276955
26480,5.347223225593968e-05,5.87683232434942,5.060578848551411,16.840534505480502,27.777945678381332
26500,5.3512619138308214e-05,5.877741179165584,5.059314528922582,16.84142648120723,27.778482189295396
26520,5.355300602067675e-05,5.876039252486995,5.0604383767105325,16.84251669873033,27.778994327927855
26540,5.3593392903045283e-05,5.872846029728726,5.063514535181286,16.843666854203924,27.780027419113935
26560,5.363377978541382e-05,5.87097376930181,5.065096801169395,16.844654664291927,27.780725234763132
26580,5.367416666778235e-05,5.872586784003229,5.062739762918625,16.845909542271045,27.781236089192898
26600,5.371455355015089e-05,5.872541539696051,5.062544723386696,16.84690507770184,27.78199134078459
26620,5.375494043251942e-05,5.871456466593113,5.063426787942495,16.847796127395625,27.78267938193123
26640,5.379532731488796e-05,5.872209958580266,5.062560865327936,16.848818517072445,27.783589340980647
26660,5.383571419725649e-05,5.871729400740367,5.062397182790335,16.84992068867035,27.78404727220105
26680,5.387610107962503e-05,5.874544334648169,5.059579954268862,16.85079564576324,27.784919934680275
26700,5.391648796199356e-05,5.874638455850662,5.059597266470092,16.851931770231747,27.7861674925525
26720,5.39568748443621e-05,5.8773165172400255,5.056345724959589,16.853090999669078,27.78675324186869
26740,5.399726172673063e-05,5.881077210343243,5.052634629310157,16.853915181899225,27.787627021552623
26760,5.403764860909917e-05,5.884798490372031,5.048549037027014,16.854770721840353,27.788118249239396
26780,5.40780354914677e-05,5.891342341706044,5.0416993753245904,16.855913654070694,27.788955371101327
26800,5.4118422373836237e-05,5.900830471319601,5.031844723653219,16.856760240570576,27.789435435543396
26820,5.415880925620477e-05,5.907226864368025,5.02509590358571,16.85774395757019,27.790066725523925
26840,5.4199196138573306e-05,5.919479313955973,5.012532775767553,16.858780747309517,27.79079283703304
26860,5.4239583020941834e-05,5.9281646553840535,5.003824679342502,16.85969970479716,27.791689039523714
26880,5.427996990331037e-05,5.9391435223797675,4.992969360267786,16.860752408177866,27.792865290825418
26900,5.4320356785678904e-05,5.950555345259403,4.9812982835204185,16.861631401438707,27.793485030218527
26920,5.436074366804744e-05,5.961842561948984,4.969710446049114,16.862591122612173,27.79414413061027
26940,5.4401130550415974e-05,5.972440499086625,4.958688553790555,16.863635262391547,27.79476431526873
26960,5.444151743278451e-05,5.9808493719889295,4.95008153538992,16.864687823725482,27.795618731104334
26980,5.448190431515304e-05,5.990977538860365,4.939804319633666,16.865736182159694,27.796518040653723
27000,5.452229119752158e-05,5.999078060934856,4.931531522381321,16.866924934653966,27.797534517970142
27020,5.456267807989011e-05,6.0046560180458375,4.925521917395218,16.8680207007996,27.798198636240656
27040,5.460306496225865e-05,6.010076402729677,4.919777235311666,16.869157844977433,27.799011483018777
27060,5.464345184462718e-05,6.012037872288331,4.917250880674973,16.870338154325193,27.7996269072885
27080,5.468383872699572e-05,6.015005096931769,4.914174465897002,16.87151033366525,27.80068989649402
27100,5.472422560936425e-05,6.015553656197331,4.912918480886517,16.87260072444649,27.801072861530336
27120,5.476461249173279e-05,6.020059511848601,4.9081534543452,16.873849951086143,27.802062917279944
27140,5.480499937410132e-05,6.019100229602996,4.908843952837316,16.875223330566616,27.803167513006926
27160,5.484538625646986e-05,6.016869857583115,4.910527288594908,16.876257975231862,27.803655121409886
27180,5.488577313883839e-05,6.0160855554055495,4.9106912904115125,16.87771238490077,27.804489230717834
27200,5.492616002120693e-05,6.013088643046837,4.913238786066342,16.878970913356873,27.805298342470053
27220,5.496654690357546e-05,6.013703490059732,4.912296191305343,16.88023283146455,27.806232512829624
27240,5.5006933785943996e-05,6.006752214133585,4.9188577847456285,16.881507793877255,27.80711779275647
27260,5.5047320668312524e-05,6.003896779150269,4.921342533591843,16.883058354382836,27.808297667124947
27280,5.508770755068106e-05,5.998993533781838,4.9259567636795865,16.884321149992914,27.80927144745434
27300,5.5128094433049594e-05,5.99165346801313,4.9326712871575005,16.88577419144316,27.810098946613792
27320,5.516848131541813e-05,5.9810524204214985,4.943205042443228,16.887071039317092,27.81132850218182
27340,5.5208868197786664e-05,5.970993868890403,4.9527266351003965,16.888472421682735,27.812192925673536
27360,5.52492550801552e-05,5.959261113642326,4.9640563346952,16.889901573558262,27.81321902189579
27380,5.5289641962523734e-05,5.948636357287034,4.974141149611207,16.891356344696103,27.814133851594345
27400,5.533002884489227e-05,5.935474270820357,4.987279331577831,16.892036533773542,27.81479013617173
27420,5.53704157272608e-05,5.920448029904674,5.00173931030299,16.89417041365713,27.816357753864793
27440,5.541080260962934e-05,5.906321191749687,5.015297970345902,16.895743794970997,27.817362957066585
27460,5.545118949199787e-05,5.891270611919689,5.030038229937723,16.89738073529265,27.81868957715006
27480,5.549157637436641e-05,5.876873446232828,5.044030879356493,16.89906965291122,27.819973978500542
27500,5.553196325673494e-05,5.860586353050591,5.059950507690678,16.900851056434604,27.821387917175873
27520,5.557235013910348e-05,5.844213905825911,5.076099743521958,16.90231143112348,27.822625080471347
27540,5.561273702147201e-05,5.827211004530447,5.092604116222722,16.90407085300022,27.82388597375339
27560,5.565312390384055e-05,5.8098366527134715,5.109206161166654,16.905916545217732,27.824959359097857
27580,5.569351078620908e-05,5.791125349797798,5.127513309594247,16.907559814339145,27.82619847373119
27600,5.573389766857762e-05,5.773038399828054,5.144910285398437,16.909602699874924,27.827551385101415
27620,5.577428455094615e-05,5.75761530706908,5.159896917614002,16.91174088504843,27.829253109731514
27640,5.581467143331468e-05,5.735676030320066,5.181471768936319,16.912436236097562,27.829584035353946
27660,5.5855058315683215e-05,5.717970864102212,5.198809668139356,16.913092433098626,27.829872965340194
27680,5.589544519805175e-05,5.692163503586511,5.223541325252007,16.917734522530772,27.83343935136929
27700,5.5935832080420284e-05,5.6737019427913795,5.241659043184061,16.919543459841652,27.83490444581709
27720,5.597621896278882e-05,5.652614991181917,5.261886425070314,16.922766672539417,27.837268088791646
27740,5.6016605845157354e-05,5.630110860937083,5.283779561159424,16.925509741097272,27.83940016319378
27760,5.605699272752589e-05,5.610159050797926,5.303740255532004,16.926808909990633,27.840708216320564
27780,5.6097379609894424e-05,5.592046953917474,5.320692869349321,16.93021082368363,27.842950646950424
27800,5.613776649226296e-05,5.570328049106824,5.341647969455571,16.933210012432433,27.845186030994828
27820,5.6178153374631493e-05,5.549439952808315,5.362099597171086,16.935153337792727,27.84669288777213
27840,5.621854025700003e-05,5.53031598228873,5.380930354525916,16.936082674850066,27.847329011664712
27860,5.625892713936856e-05,5.512779624012509,5.396943030208222,16.940284289619033,27.850006943839766
27880,5.62993140217371e-05,5.493244751818844,5.415928940099913,16.943012042703607,27.852185734622363
27900,5.633970090410563e-05,5.474913061809713,5.433425381098815,16.9454068139585,27.85374525686703
27920,5.638008778647417e-05,5.459571598564939,5.448393044473916,16.947108867502873,27.85507351054173
27940,5.64204746688427e-05,5.441230764281783,5.466096248601645,16.949320835587674,27.856647848471102
27960,5.646086155121124e-05,5.426468496405452,5.480127106511756,16.95198400857821,27.85857961149542
27980,5.650124843357977e-05,5.411329975791749,5.494731242025955,16.95335597041989,27.859417188237593
28000,5.654163531594831e-05,5.3995322442447025,5.506388867561529,16.9551666399065,27.86108775171273
28020,5.658202219831684e-05,5.3894530148629345,5.515695920735294,16.95777346363262,27.862922399230847
28040,5.662240908068537e-05,5.377497109926606,5.526798690155037,16.960048921173968,27.864344721255613
28060,5.6662795963053905e-05,5.370251383070223,5.533808274390631,16.961418641483604,27.86547829894446
28080,5.670318284542244e-05,5.362238476785654,5.541527916962692,16.962588156163857,27.866354549912202
28100,5.6743569727790975e-05,5.357721592649674,5.5456597248182185,16.963620198351965,27.867001515819858
28120,5.678395661015951e-05,5.351706179185658,5.550963625416687,16.966369868131576,27.86903967273392
28140,5.6824343492528044e-05,5.346336463097945,5.555727620917547,16.968271007873355,27.870335091888848
28160,5.686473037489658e-05,5.343854182537643,5.558017198296695,16.969847662348194,27.87171904318253
28180,5.6905117257265114e-05,5.340167111287519,5.561523788683746,16.971102938350306,27.87279383832157
28200,5.694550413963365e-05,5.335855443301045,5.565262663347688,16.97258559578521,27.873703702433943
28220,5.6985891022002184e-05,5.3364661396161095,5.564329138841751,16.97374103179345,27.874536310251308
28240,5.702627790437072e-05,5.336212139862571,5.564247880129478,16.975307851935796,27.875767871927845
28260,5.706666478673925e-05,5.335860458055446,5.564118269620165,16.976710151453688,27.876688879129297
28280,5.710705166910779e-05,5.340238409197754,5.559362714935513,16.97789242747227,27.877493551605536
28300,5.714743855147632e-05,5.3411944399235445,5.558531542878859,16.97905623392214,27.878782216724545
28320,5.718782543384486e-05,5.346103423551278,5.553346198840247,16.980228757879207,27.879678380270732
28340,5.722821231621339e-05,5.352516252049284,5.5465074463334965,16.981426888986075,27.880450587368856
28360,5.726859919858193e-05,5.35928121485714,5.5397317463337234,16.982435424286486,27.88144838547735
28380,5.730898608095046e-05,5.369338651152984,5.5292653115547,16.98362257183556,27.882226534543243
28400,5.7349372963319e-05,5.377735796001519,5.52029812981369,16.984757075557912,27.88279100137312
28420,5.7389759845687525e-05,5.391109426516592,5.506868309076521,16.985792584788033,27.883770320381146
28440,5.743014672805606e-05,5.405204114302729,5.492357839277611,16.98678998366076,27.8843519372411
28460,5.7470533610424595e-05,5.418163591544027,5.479118492516488,16.98809972823861,27.885381812299123
28480,5.751092049279313e-05,5.432655976504939,5.464429488871682,16.989119471274748,27.886204936651367
28500,5.7551307375161665e-05,5.449053571288699,5.4478494914113265,16.99014005128286,27.887043113982887
28520,5.75916942575302e-05,5.462215837596769,5.434465848243253,16.991114670656216,27.88779635649624
28540,5.7632081139898734e-05,5.475951430375874,5.420765542258001,16.991977775464584,27.88869474809846
28560,5.767246802226727e-05,5.4911637954575285,5.405375776322066,16.992972341587045,27.88951191336664
28580,5.7712854904635804e-05,5.506359476602537,5.389898269194014,16.993937864977823,27.890195610774374
28600,5.775324178700434e-05,5.523203201680956,5.3729410476985375,16.99471641249599,27.890860661875482
28620,5.7793628669372874e-05,5.538229541186584,5.357560534212805,16.995672301548854,27.891462376948244
28640,5.783401555174141e-05,5.552549659040001,5.343130468127666,16.996767971269144,27.89244809843681
28660,5.7874402434109944e-05,5.5688833630794825,5.3267543243026,16.997658649688862,27.893296337070943
28680,5.791478931647848e-05,5.587863623653069,5.307582913419579,16.99880263560461,27.894249172677256
28700,5.795517619884701e-05,5.6052092514475005,5.289867604904012,16.999941188871148,27.89501804522266
28720,5.799556308121555e-05,5.620782477024211,5.273955893416775,17.001001668801575,27.89574003924256
28740,5.803594996358408e-05,5.642631477037898,5.2517909151010365,17.002349126743656,27.89677151888259
28760,5.807633684595262e-05,5.663606321029121,5.230496761814168,17.003549364319365,27.897652447162656
28780,5.811672372832115e-05,5.678338860665871,5.215459084050116,17.004320625206063,27.89811856992205
28800,5.815711061068969e-05,5.697451839611064,5.196279889647209,17.005845900343793,27.899577629602067
28820,5.8197497493058216e-05,5.713436895082046,5.179861591378194,17.00727834754765,27.900576834007893
28840,5.823788437542675e-05,5.730826371435472,5.162048009562733,17.00846513648056,27.901339517478764
28860,5.8278271257795285e-05,5.743282243942631,5.149396345071993,17.00978001888095,27.902458607895575
28880,5.831865814016382e-05,5.757215525536818,5.135033099296867,17.01074211474963,27.902990739583313
28900,5.8359045022532355e-05,5.762599681016863,5.1295078309994615,17.011779997901517,27.90388750991784
28920,5.839943190490089e-05,5.769632012366418,5.1221172064576175,17.012923804677037,27.904673023501072
28940,5.8439818787269425e-05,5.775616258482674,5.116082470328396,17.014058412532947,27.90575714134402
28960,5.848020566963796e-05,5.778826190501334,5.112242146184039,17.015038240286586,27.906106576971958
28980,5.8520592552006494e-05,5.7783243855949875,5.1129196772171905,17.016275154562372,27.90751921737455
29000,5.856097943437503e-05,5.781385745072989,5.109381393039831,17.017351666236582,27.908118804349403
29020,5.8601366316743564e-05,5.780654356682719,5.109950255110213,17.01844628800015,27.90905089979308
29040,5.86417531991121e-05,5.777750578344701,5.112624375975308,17.01957186820524,27.90994682252525
29060,5.8682140081480634e-05,5.781171849386981,5.108957089331343,17.020735277280963,27.910864215999286
29080,5.872252696384917e-05,5.778291341114909,5.111590517789515,17.02155337939479,27.911435238299212
29100,5.8762913846217703e-05,5.777134256208066,5.1127380963752325,17.02275174188917,27.91262409447247
29120,5.880330072858624e-05,5.775983631032437,5.113439417723163,17.023716410703866,27.913139459459465
29140,5.884368761095477e-05,5.776882560956219,5.112675112941227,17.024632680154646,27.914190354052092
29160,5.888407449332331e-05,5.7745129071842225,5.114665352348517,17.02551370905816,27.9146919685909
29180,5.892446137569184e-05,5.772840972676911,5.116023681585513,17.02652972198337,27.915394376245793
29200,5.896484825806038e-05,5.767884069282016,5.1209918764413,17.027507390883834,27.91638333660715
29220,5.9005235140428906e-05,5.7646556301743095,5.123784452408381,17.028559045473287,27.916999128055977
29240,5.904562202279744e-05,5.758788594479354,5.1294920029097595,17.029572600987105,27.917853198376218
29260,5.9086008905165975e-05,5.750306697740531,5.1376553989568405,17.030406522371774,27.918368619069145
29280,5.912639578753451e-05,5.742745959687925,5.145010886470924,17.03138041778224,27.91913726394109
29300,5.9166782669903045e-05,5.732728801279928,5.154783526563882,17.032245216809947,27.919757544653756
29320,5.920716955227158e-05,5.7202502068095935,5.16709265906706,17.032998505325548,27.920341371202202
29340,5.9247556434640115e-05,5.710397597569733,5.176689675909058,17.033966096242388,27.92105336972118
29360,5.928794331700865e-05,5.70079946769305,5.186008866933756,17.03492135616052,27.921729690787327
29380,5.9328330199377185e-05,5.688749472552208,5.198086592753097,17.03571261557371,27.922548680879018
29400,5.936871708174572e-05,5.677024136177395,5.209568302616852,17.036645694424443,27.92323813321869
29420,5.9409103964114254e-05,5.664299439474196,5.222241972853669,17.037523109820697,27.924064522148562
29440,5.944949084648279e-05,5.652198534907038,5.234119497159873,17.03840666098274,27.92472469304965
29460,5.9489877728851324e-05,5.640669665197723,5.24531211711479,17.039364658616073,27.925346440928585
29480,5.953026461121986e-05,5.62833645268672,5.257294589955436,17.040325901659283,27.92595694430144
29500,5.9570651493588394e-05,5.617747972784932,5.267559188572482,17.041112931864767,27.92642009322218
29520,5.961103837595693e-05,5.606921426884333,5.278295710442464,17.041992709284038,27.927209846610836
29540,5.965142525832546e-05,5.595823382806594,5.289371216048023,17.042961236987676,27.928155835842293
29560,5.9691812140694e-05,5.58669115987495,5.2983527142630225,17.043736478420968,27.928780352558938
29580,5.973219902306253e-05,5.576788684744625,5.307985564004856,17.04469473083972,27.9294689795892
29600,5.977258590543106e-05,5.566440366363178,5.3180670293327195,17.045673089315365,27.930180485011263
29620,5.9812972787799596e-05,5.553246909422699,5.3313014433410455,17.04640162683624,27.930949979599983
29640,5.985335967016813e-05,5.545809104200647,5.338262511761152,17.04723976508412,27.931311381045923
29660,5.9893746552536666e-05,5.533037064298418,5.350811825316814,17.048163068884243,27.932011958499476
29680,5.99341334349052e-05,5.522297317538251,5.3614976990943575,17.048915669807133,27.93271068643974
29700,5.9974520317273735e-05,5.511900171617978,5.371543055622275,17.04981871419384,27.933261941434093
29720,6.001490719964227e-05,5.503253167823905,5.379870129975666,17.050806154006093,27.933929451805664
29740,6.0055294082010805e-05,5.4923706312467155,5.390584530095336,17.051596493944583,27.934551655286633
29760,6.009568096437934e-05,5.4847879904272645,5.397829159595215,17.052365609514133,27.934982759536613
29780,6.0136067846747875e-05,5.473527003057723,5.409059267761339,17.05331081839712,27.93589708921618
29800,6.017645472911641e-05,5.460759839591372,5.421864302870848,17.05398083512288,27.936604977585098
29820,6.0216841611484944e-05,5.44814404749123,5.434563893548312,17.05476307705361,27.937471018093152
29840,6.025722849385348e-05,5.435008702045341,5.447264322195562,17.055504764528877,27.93777778876978
29860,6.0297615376222014e-05,5.4257265394078535,5.456363261944604,17.055989802532196,27.938079603884653
29880,6.033800225859055e-05,5.412558212990656,5.46934687631888,17.056935100386283,27.93884018969582
29900,6.0378389140959084e-05,5.401132738839067,5.48061354819005,17.057704288997165,27.93945057602628
29920,6.041877602332762e-05,5.390851653665064,5.490617941543864,17.058512505061334,27.93998210027026
29940,6.0459162905696154e-05,5.375341247345061,5.505826232318588,17.059309574747957,27.940477054411605
29960,6.049954978806469e-05,5.364351957208056,5.516650499828242,17.0602379152154,27.9412403722517
29980,6.053993667043322e-05,5.353520502000243,5.527399946715822,17.060920100465065,27.94184054918113
30000,6.058032355280175e-05,5.34167276008157,5.53895365847386,17.061748996980484,27.942375415535913
30020,6.0620710435170286e-05,5.334565783973938,5.54615456635233,17.062669890112222,27.94339024043849
30040,6.066109731753882e-05,5.325420534123204,5.554914948177064,17.06340011980596,27.943735602106226
30060,6.0701484199907356e-05,5.31719974731823,5.562792801595913,17.064302915413116,27.944295464327258
30080,6.074187108227589e-05,5.306406169354215,5.573653675883637,17.065343162524815,27.945403007762668
30100,6.0782257964644426e-05,5.301054736281422,5.578636314482195,17.066136852051976,27.945827902815594
30120,6.082264484701296e-05,5.293052072950649,5.586406777097166,17.067130778902555,27.94658962895037
30140,6.0863031729381495e-05,5.285479724319611,5.593987261654768,17.06825044092762,27.947717426902
30160,6.090341861175003e-05,5.274459079305351,5.604799713144383,17.069107441819448,27.94836623426918
30180,6.0943805494118565e-05,5.267934673118248,5.610952936220404,17.07009336153451,27.948980970873162
30200,6.09841923764871e-05,5.256281324656271,5.622543302151843,17.07109301155263,27.949917638360745
30220,6.1024579258855635e-05,5.24860270421396,5.629936695316745,17.071998108380402,27.950537507911108
30240,6.106496614122416e-05,5.236363301484689,5.641869154602859,17.072972458067486,27.951204914155035
30260,6.11053530235927e-05,5.226547257848033,5.651508509952303,17.074001967549673,27.95205773535001
30280,6.114573990596123e-05,5.21665587791075,5.661244263249201,17.074871322341686,27.952771463501637
30300,6.118612678832977e-05,5.205447530369176,5.672292361391514,17.07585484466118,27.95359473642187
30320,6.12265136706983e-05,5.196506622700361,5.680808811984416,17.076810275453106,27.95412571013788
30340,6.126690055306684e-05,5.184322397257263,5.692829532535156,17.077593823073755,27.954745752866174
30360,6.130728743543537e-05,5.175260194721214,5.701828692610144,17.078521468612944,27.9556103559443
30380,6.134767431780391e-05,5.166200186988829,5.710896914645983,17.079516119248076,27.956613220882886
30400,6.138806120017244e-05,5.155795020111444,5.72113199531596,17.080229977612696,27.9571569930401
30420,6.142844808254098e-05,5.1472821009388054,5.72940865988611,17.081271195237576,27.95796195606249
30440,6.146883496490951e-05,5.138924815490744,5.737396211627214,17.082027299927912,27.95834832704587
30460,6.150922184727805e-05,5.127323901790418,5.748737548681281,17.082818169870897,27.958879620342596
30480,6.154960872964658e-05,5.120608264044183,5.7553029637740725,17.083681215605136,27.95959244342339
30500,6.158999561201512e-05,5.110176593251878,5.765505414326348,17.084679918332974,27.9603619259112
30520,6.163038249438365e-05,5.09782816804578,5.777857537265977,17.085373262225033,27.96105896753679
30540,6.167076937675219e-05,5.085349941714923,5.790131759459159,17.086194861796056,27.961676562970137
30560,6.171115625912072e-05,5.073787675034165,5.801619003253804,17.08699200664732,27.96239868493529
30580,6.175154314148925e-05,5.05953504308845,5.81581739571046,17.087572877599385,27.962925316398294
30600,6.179193002385779e-05,5.046343868168539,5.828654627222801,17.088397235791284,27.963395731182622
30620,6.183231690622632e-05,5.02878479988426,5.846265322226937,17.0891364248815,27.964186546992696
30640,6.187270378859486e-05,5.014565586415395,5.860040855832429,17.089863788156688,27.964470230404512
30660,6.191309067096339e-05,4.99943479793982,5.874915140602333,17.09060552843829,27.96495546698044
30680,6.195347755333193e-05,4.983971258731331,5.8903104363463425,17.091403981122106,27.96568567619978
30700,6.199386443570046e-05,4.968409164409249,5.905493274080086,17.091997870096556,27.96590030858589
30720,6.2034251318069e-05,4.954267058995307,5.919300497014637,17.09288096570739,27.966448521717336
30740,6.207463820043753e-05,4.940772557965427,5.932590192600825,17.09368684706425,27.967049597630503
30760,6.211502508280607e-05,4.927786000480338,5.945536171502886,17.09432152550012,27.967643697483346
30780,6.21554119651746e-05,4.91460406291138,5.958734475172059,17.095090793055064,27.968429331138502
30800,6.219579884754314e-05,4.901679775678639,5.971484149741236,17.0957987809178,27.968962706337674
30820,6.223618572991167e-05,4.893709247177351,5.979341592705624,17.096458419053793,27.969509258936768
30840,6.227657261228021e-05,4.879706828244191,5.993088164520402,17.097186484820668,27.96998147758526
30860,6.231695949464874e-05,4.86965982176702,6.003088107840859,17.097924184039748,27.970672113647627
30880,6.235734637701728e-05,4.859534661506576,6.01295314495807,17.098511677629592,27.970999484094236
30900,6.23977332593858e-05,4.85295919903162,6.019434854325857,17.09921080192313,27.97160485528061
30920,6.243812014175435e-05,4.844594173661388,6.027712869434769,17.099974079064285,27.972281122160442
30940,6.247850702412288e-05,4.83481554463316,6.037392175118739,17.10067434239777,27.97288206214967
30960,6.251889390649142e-05,4.828018558500395,6.043862221398863,17.10146869450651,27.97334947440577
30980,6.255928078885995e-05,4.819765877328068,6.052125400366511,17.10230174951929,27.97419302721387
31000,6.259966767122847e-05,4.809782887442767,6.061617818745209,17.10296853348091,27.97436923966889
31020,6.264005455359702e-05,4.8006567505573665,6.070539109558552,17.103694461014967,27.974890321130886
31040,6.268044143596554e-05,4.791390746738662,6.079723859552591,17.104519052369618,27.975633658660872
31060,6.272082831833408e-05,4.784461426081284,6.086368923913442,17.105096946440757,27.975927296435483
31080,6.276121520070261e-05,4.774868124218722,6.096121277657744,17.105798079847986,27.97678748172445
31100,6.280160208307115e-05,4.764045859925835,6.106389335092374,17.10653155994619,27.9769667549644
31120,6.284198896543968e-05,4.760908512901818,6.109598677994961,17.10720062463633,27.97770781553311
31140,6.288237584780822e-05,4.751650893891917,6.1187826800767935,17.108005794216446,27.978439368185157
31160,6.292276273017675e-05,4.7422633202641915,6.127978732998582,17.10890753557928,27.979149588842056
31180,6.29631496125453e-05,4.738408001258099,6.131598281856058,17.10959611959042,27.97960240270458
31200,6.300353649491382e-05,4.7334648702127256,6.136483537665318,17.1104195415178,27.98036794939584
31220,6.304392337728236e-05,4.72905575284849,6.140660256840151,17.111309976184494,27.981025985873135
31240,6.308431025965089e-05,4.724666089653403,6.144867421003926,17.112055512193727,27.981589022851054
31260,6.312469714201943e-05,4.727495178321187,6.141728483585183,17.11305175980486,27.982275421711233
31280,6.316508402438796e-05,4.723422694186765,6.145683247462958,17.11397161655516,27.983077558204883
31300,6.32054709067565e-05,4.72613434911072,6.142721421385645,17.114690730335983,27.983546500832347
31320,6.324585778912503e-05,4.730358202061179,6.138314578532264,17.115607042511545,27.984279823104988
31340,6.328624467149357e-05,4.731163336533662,6.137282749980912,17.11641480259306,27.984860889107633
31360,6.33266315538621e-05,4.736290141883118,6.13196091252361,17.117181320758192,27.98543237516492
31380,6.336701843623063e-05,4.740855877059577,6.127399657419771,17.117998578862473,27.986254113341822
31400,6.340740531859917e-05,4.744388509452766,6.123529257159348,17.118729213602446,27.98664698021456
31420,6.34477922009677e-05,4.749023539285089,6.1186380954958555,17.11935910636842,27.987020741149365
31440,6.348817908333624e-05,4.751085045581542,6.116462800060531,17.12013307816594,27.98768092380801
31460,6.352856596570477e-05,4.753417619339312,6.114005721585942,17.120936729208424,27.988360070133677
31480,6.356895284807331e-05,4.75585913965659,6.11149233610699,17.121586254809934,27.988937730573515
31500,6.360933973044184e-05,4.759653817790856,6.107467130529687,17.122314769279765,27.98943571760031
31520,6.364972661281038e-05,4.761573905778146,6.1054377460529095,17.123089080663995,27.99010073249505
31540,6.369011349517891e-05,4.761076835219609,6.105815341530851,17.123760556003894,27.990652732754356
31560,6.373050037754745e-05,4.76340896402704,6.103183230790482,17.12451805092479,27.991110245742313
31580,6.377088725991598e-05,4.763679120768475,6.102731355706136,17.125268164960193,27.991678641434802
31600,6.381127414228452e-05,4.763242506434584,6.103017041236621,17.12590184018887,27.992161387860076
31620,6.385166102465305e-05,4.763076091050449,6.10282040642207,17.126707825157425,27.992604322629944
31640,6.389204790702159e-05,4.761858559011776,6.103892411528495,17.127396689587012,27.993147660127285
31660,6.393243478939012e-05,4.757927264658022,6.107854095842885,17.128015286634753,27.99379664713566
31680,6.397282167175866e-05,4.758506207024354,6.107051609237533,17.128758628757563,27.99431644501945
31700,6.401320855412719e-05,4.756405709278162,6.108817452642195,17.129558918125316,27.994782080045674
31720,6.405359543649573e-05,4.752987269365015,6.11223734643138,17.13022778877578,27.995452404572177
31740,6.409398231886426e-05,4.748244102640354,6.116449216853279,17.131099622037972,27.995792941531604
31760,6.413436920123278e-05,4.741502223081044,6.123243124237691,17.131836436977395,27.99658178429613
31780,6.417475608360133e-05,4.736505167994768,6.1281544504415635,17.132609288793553,27.997268907229884
31800,6.421514296596985e-05,4.728251386156519,6.136087749457336,17.133412119720614,27.99775125533447
31820,6.42555298483384e-05,4.719077106120874,6.145250247761125,17.134193261925912,27.998520615807912
31840,6.429591673070692e-05,4.710930399209913,6.1530532099224065,17.134883394437384,27.998867003569703
31860,6.433630361307547e-05,4.698681253423731,6.165128748838101,17.13574631856521,27.999556320827043
31880,6.437669049544399e-05,4.6856157948930734,6.177939738253764,17.1365838478651,28.000139381011937
31900,6.441707737781253e-05,4.675163811433933,6.188437741729609,17.137224166731507,28.000825719895047
31920,6.445746426018106e-05,4.661385380064161,6.201945373991473,17.13803716894643,28.001367923002064
31940,6.44978511425496e-05,4.644901066884188,6.2183679276966854,17.138888395880304,28.00215739046118
31960,6.453823802491813e-05,4.631756168097894,6.231511366157646,17.139576556293747,28.00284409054929
31980,6.457862490728667e-05,4.616959119747609,6.245885373916528,17.14041244847471,28.003256942138847
32000,6.46190117896552e-05,4.60091149819755,6.261524516548386,17.14121186152009,28.003647876266026
32020,6.465939867202374e-05,4.585740465883003,6.2766503563319755,17.141860674285223,28.004251496500203
32040,6.469978555439227e-05,4.571172868076231,6.291016504681882,17.142647893058143,28.004837265816256
32060,6.474017243676081e-05,4.557825832629106,6.304348601903384,17.143454208249988,28.00562864278248
32080,6.478055931912934e-05,4.546626260687977,6.315235993464284,17.144079796276213,28.005942050428473
32100,6.482094620149788e-05,4.533314416910917,6.328742060337898,17.14477274672406,28.006829223972872
32120,6.486133308386641e-05,4.518826220052661,6.342849939977367,17.145494374159295,28.007170534189324
32140,6.490171996623495e-05,4.504598103314574,6.356773845250544,17.14611636826381,28.00748831682893
32160,6.494210684860348e-05,4.4933429310897255,6.367855879010047,17.146818815418445,28.008017625518217
32180,6.498249373097201e-05,4.48031259346544,6.3808294659945,17.147474597595412,28.008616657055352
32200,6.502288061334055e-05,4.468081252956838,6.393006660830969,17.148155167504093,28.0092430812919
32220,6.506326749570908e-05,4.455078843291625,6.405812039574308,17.148839115982142,28.009729998848076
32240,6.510365437807762e-05,4.44049253371038,6.420325440441964,17.149469989087248,28.01028796323959
32260,6.514404126044615e-05,4.428690002817967,6.431946179900253,17.150108166437768,28.01074434915599
32280,6.518442814281469e-05,4.416443907381905,6.444048183491293,17.150838796334934,28.011330887208132
32300,6.522481502518322e-05,4.405666648225884,6.454398745313895,17.15160365439088,28.01166904793066
32320,6.526520190755176e-05,4.392404672592426,6.467657468582263,17.152335757453006,28.012397898627697
32340,6.530558878992029e-05,4.38301143144121,6.476923298708567,17.153103158268298,28.013037888418076
32360,6.534597567228883e-05,4.373803186548513,6.485892971293781,17.153845658808695,28.01354181665099
32380,6.538636255465736e-05,4.366462544624666,6.493156518762134,17.154433984958498,28.014053048345296
32400,6.54267494370259e-05,4.362423441432788,6.496878527924431,17.155120608098443,28.01442257745566
32420,6.546713631939443e-05,4.357893418083193,6.501271195487603,17.15579351961341,28.01495813318421
32440,6.550752320176297e-05,4.354826362113831,6.504393321534029,17.15634061648042,28.01556030012828
32460,6.55479100841315e-05,4.354592978601862,6.50427642618417,17.157040014060847,28.015909418846878
32480,6.558829696650004e-05,4.356641712112156,6.502106825502702,17.157748106330946,28.016496643945803
32500,6.562868384886857e-05,4.360081539512506,6.498538524941125,17.15828734702441,28.01690741147804
32520,6.566907073123711e-05,4.36284677923933,6.4953727431795905,17.15903645188658,28.0172559743055
32540,6.570945761360564e-05,4.367545461422046,6.490633110963404,17.159712428416956,28.017891000802408
32560,6.574984449597416e-05,4.372542839442499,6.485621383313158,17.160294404277,28.018458627032658
32580,6.57902313783427e-05,4.380873666902748,6.477138901614325,17.1609899872037,28.01900255572077
32600,6.583061826071123e-05,4.388659420194173,6.469269028133434,17.16162524300197,28.019553691329577
32620,6.587100514307978e-05,4.397377111977378,6.4605840952558,17.16226110087372,28.0202223081069
32640,6.59113920254483e-05,4.405884229880588,6.451665221774451,17.16289582898021,28.02044528063525
32660,6.595177890781685e-05,4.414962446202519,6.44240459894562,17.163562619757613,28.02092966490575
32680,6.599216579018537e-05,4.421708684084908,6.435522170625128,17.16410850316963,28.021339357879665
32700,6.603255267255392e-05,4.4310724080078945,6.425741382804108,17.164819510978845,28.021633301790846
32720,6.607293955492244e-05,4.442850112602459,6.414156006399182,17.165492997598935,28.022499116600578
32740,6.611332643729098e-05,4.453666009680742,6.402895640568235,17.16603001538927,28.02259166563825
32760,6.615371331965951e-05,4.464081327543319,6.392591248649613,17.16659582433139,28.023268400524323
32780,6.619410020202805e-05,4.474290188623724,6.382291977565909,17.167202914663214,28.023785080852846
32800,6.623448708439658e-05,4.487376349753058,6.369163491769464,17.167673827727036,28.02421366924956
32820,6.627487396676512e-05,4.500631891865678,6.355673728014072,17.168287207837267,28.024592827717015
32840,6.631526084913365e-05,4.515823313143196,6.340458326411817,17.168926917592852,28.025208557147863
32860,6.63556477315022e-05,4.528799808397777,6.327463802292703,17.169444029991908,28.025707640682388
32880,6.639603461387072e-05,4.545031620448726,6.310771554142676,17.170282663734184,28.026085838325585
32900,6.643642149623926e-05,4.563968412623665,6.291771515983948,17.170952238665027,28.02669216727264
32920,6.647680837860779e-05,4.580861633800255,6.274742254835235,17.17148782311302,28.027091711748508
32940,6.651719526097632e-05,4.5993714173753375,6.255979052260484,17.17225420180693,28.027604671442752
32960,6.655758214334486e-05,4.6172899304105215,6.237968917712972,17.172995590546464,28.028254438669958
32980,6.659796902571339e-05,4.634138300597407,6.220859014829643,17.17364493176664,28.028642247193687
33000,6.663835590808193e-05,4.653515044680837,6.201334645034327,17.17432984566377,28.029179535378937
33020,6.667874279045046e-05,4.676580900417366,6.178335349204212,17.17501430935807,28.029930558979647
33040,6.6719129672819e-05,4.693024142298693,6.161557235608811,17.175638851036666,28.03022022894417
33060,6.675951655518753e-05,4.709340995378158,6.14505566670437,17.17636773102888,28.030764393111408
33080,6.679990343755607e-05,4.7281981220018885,6.126108435434823,17.1772497150224,28.03155627245911
33100,6.68402903199246e-05,4.74589575433296,6.10808774281706,17.177921007448848,28.031904504598867
33120,6.688067720229314e-05,4.762876343178234,6.091082228686787,17.178725132444466,28.032683704309488
33140,6.692106408466167e-05,4.778093104156719,6.075484386036871,17.179467386837707,28.033044877031298
33160,6.696145096703021e-05,4.793362354008435,6.060202362110925,17.180098605630906,28.033663321750268
33180,6.700183784939874e-05,4.809985083016978,6.043250911316779,17.180820547245766,28.034056541579524
33200,6.704222473176728e-05,4.824362491663866,6.028605346743737,17.181529544692772,28.034497383100373
33220,6.708261161413581e-05,4.83825110929567,6.014759694593586,17.18209406012393,28.035104864013185
33240,6.712299849650435e-05,4.851567052736693,6.001257136235304,17.182723316143672,28.03554750511567
33260,6.716338537887288e-05,4.865823124369389,5.9869418430414765,17.183484727161044,28.03624969457191
33280,6.720377226124142e-05,4.879058676692026,5.973350709570498,17.184126020755713,28.036535407018235
33300,6.724415914360995e-05,4.890991497345119,5.9612898498513145,17.18478614956693,28.037067496763363
33320,6.728454602597848e-05,4.902035485241204,5.949779590628057,17.185560322793854,28.037375398663116
33340,6.732493290834702e-05,4.912558116238974,5.939118374832607,17.186195874321964,28.037872365393547
33360,6.736531979071554e-05,4.925299725205809,5.92631813532991,17.18681881289842,28.038436673434138
33380,6.740570667308409e-05,4.93765557354391,5.914020576120416,17.187659097479322,28.039335247143647
33400,6.744609355545261e-05,4.945628116176727,5.905999797902209,17.188294786185608,28.039922700264544
33420,6.748648043782116e-05,4.955130389631304,5.89655891022882,17.189011038338514,28.040700338198636
33440,6.752686732018968e-05,4.965224420443636,5.886300012250443,17.189706667089716,28.041231099783793
33460,6.756725420255823e-05,4.9696925907217935,5.881852584734072,17.190312156760374,28.04185733221624
33480,6.760764108492675e-05,4.979133763839072,5.871846981993459,17.191108878642062,28.042089624474592
33500,6.76480279672953e-05,4.983549958776171,5.867423041800799,17.191923765381677,28.04289676595865
33520,6.768841484966382e-05,4.98806280991302,5.862559037228543,17.192608338766913,28.043230185908477
33540,6.772880173203237e-05,4.9916435008483875,5.858960798189008,17.193476440845913,28.04408073988331
33560,6.77691886144009e-05,4.995045074964219,5.85521614771599,17.19440948843588,28.04467071111609
33580,6.780957549676944e-05,4.998666036500859,5.8515488426645685,17.195029040971345,28.045243920136773
33600,6.784996237913796e-05,4.999666366516924,5.8502084385606175,17.19599050780692,28.04586531288446
33620,6.78903492615065e-05,5.001890029093797,5.8478194580173675,17.196780323240546,28.04648981035171
33640,6.793073614387503e-05,5.003402807904489,5.8460317212931905,17.197482704133897,28.046917233331577
33660,6.797112302624357e-05,5.003578306070415,5.84574865467744,17.19827324550178,28.047600206249637
33680,6.80115099086121e-05,5.004238122294572,5.844924398059561,17.199063895423098,28.04822641577723
33700,6.805189679098064e-05,5.007327876189788,5.841466277362878,17.199571762613143,28.04836591616581
33720,6.809228367334917e-05,5.007643297074862,5.840771350405355,17.200699066120436,28.049113713600654
33740,6.81326705557177e-05,5.009423576236429,5.8386792131117495,17.201635773200138,28.049738562548317
33760,6.817305743808624e-05,5.011970577161305,5.83614822577227,17.202265358093932,28.05038416102751
33780,6.821344432045477e-05,5.0114855210373275,5.836290090522613,17.203296703088775,28.051072314648714
33800,6.825383120282331e-05,5.012607469890065,5.835198533863971,17.2039915467884,28.05179755054244
33820,6.829421808519184e-05,5.016573598937024,5.830837935260524,17.204915883576476,28.052327417774023
33840,6.833460496756038e-05,5.016852491140163,5.830456044443179,17.20566960479476,28.0529781403781
33860,6.837499184992891e-05,5.017139456184668,5.829923067878293,17.206426233737155,28.053488757800118
33880,6.841537873229745e-05,5.01543031712497,5.831573459697411,17.207022573386194,28.054026350208574
33900,6.845576561466598e-05,5.017898265919019,5.828818101404329,17.207746875950193,28.054463243273542
33920,6.849615249703452e-05,5.017485323793434,5.829249275415497,17.208448080854264,28.055182680063197
33940,6.853653937940305e-05,5.015860938474699,5.83055713569215,17.209078051695673,28.055496125862522
33960,6.857692626177159e-05,5.011580537737648,5.834680187946122,17.20980702145528,28.05606774713905
33980,6.861731314414012e-05,5.01132275746856,5.8347093077617345,17.21046210184517,28.056494167075464
34000,6.865770002650866e-05,5.008296855074796,5.8377208584552776,17.211059693415567,28.05707740694564
34020,6.869808690887719e-05,5.004051642187092,5.8417336799944,17.211685158678744,28.057470480860236
34040,6.873847379124573e-05,5.000712315841389,5.84495041891983,17.212323866606976,28.057986601368196
34060,6.877886067361426e-05,4.997169411216703,5.848268909686711,17.2127674103347,28.05820573123811
34080,6.88192475559828e-05,4.994083229152204,5.8511833646854985,17.213508304902277,28.05877489873998
34100,6.885963443835133e-05,4.989117586413583,5.856050235127455,17.214179389573864,28.059347211114904
34120,6.890002132071986e-05,4.985832231106153,5.859252312035182,17.214720613624436,28.059805156765773
34140,6.89404082030884e-05,4.984761133976598,5.860049758740489,17.215388130945836,28.060199023662925
34160,6.898079508545693e-05,4.981766296092101,5.862757362516252,17.216050183518377,28.06057384212673
34180,6.902118196782547e-05,4.9782881254210825,5.866109508588951,17.216660131224668,28.0610577652347
34200,6.9061568850194e-05,4.974680094320364,5.86959125993837,17.21729480961992,28.061566163878652
34220,6.910195573256254e-05,4.972330728697276,5.871894589630777,17.21794528060908,28.062170598937133
34240,6.914234261493106e-05,4.966672801828554,5.877234098802039,17.218503044286464,28.062409944917057
34260,6.91827294972996e-05,4.9615478055566,5.882471241259076,17.21914881782567,28.063167864641343
34280,6.922311637966813e-05,4.958027300028852,5.885793377287967,17.219851755760118,28.06367243307694
34300,6.926350326203668e-05,4.952647716283923,5.890956380690489,17.220444133984117,28.064048230958527
34320,6.93038901444052e-05,4.949148985405219,5.894449911623556,17.221082584727828,28.0646814817566
34340,6.934427702677375e-05,4.94315825112956,5.900479203566111,17.221742866037612,28.065380320733283
34360,6.938466390914227e-05,4.934758799864648,5.908355474807088,17.222216530308728,28.065330804980462
34380,6.942505079151082e-05,4.927349983818102,5.915537376368714,17.222942228124495,28.06582958831131
34400,6.946543767387934e-05,4.918720449955662,5.923916512444774,17.22356124175123,28.066198204151668
34420,6.950582455624789e-05,4.908753471410028,5.93404988880406,17.224141193303367,28.066944553517455
34440,6.954621143861641e-05,4.900834628997375,5.941671483452864,17.224908124600685,28.067414237050922
34460,6.958659832098495e-05,4.891193648353257,5.9510703833421275,17.225655514473512,28.067919546168895
34480,6.962698520335348e-05,4.879371816963474,5.9626566063188395,17.22631511199231,28.06834353527462
34500,6.966737208572201e-05,4.86767197593156,5.9744060093234905,17.227074684639557,28.069152669894606
34520,6.970775896809055e-05,4.855256970218055,5.986443173600845,17.227762146238618,28.06946229005752
34540,6.974814585045908e-05,4.846564778902054,5.994657102995173,17.22833327262438,28.069555154521606
34560,6.978853273282762e-05,4.8310169296691745,6.010022969081117,17.22903679384338,28.070076692593673
34580,6.982891961519615e-05,4.818349333307548,6.022503984285837,17.229769453846245,28.07062277143963
34600,6.986930649756469e-05,4.806036135092363,6.034617005552284,17.23033197476728,28.07098511541193
34620,6.990969337993322e-05,4.790449943425625,6.050123878596483,17.230996208444168,28.071570030466276
34640,6.995008026230176e-05,4.779122947062691,6.061339498017092,17.231685490964605,28.072147936044388
34660,6.999046714467029e-05,4.763675660168861,6.07683572316909,17.23227067619761,28.072782059535562
34680,7.003085402703883e-05,4.75349220862717,6.086610604132905,17.23297014613263,28.073072958892705
34700,7.007124090940736e-05,4.737558665521066,6.102470808853379,17.233650718778428,28.073680193152875
34720,7.01116277917759e-05,4.7241900153479035,6.115884051705844,17.234147678234834,28.074221745288582
34740,7.015201467414443e-05,4.71157366901643,6.127847270040273,17.23482187973386,28.074242818790566
34760,7.019240155651297e-05,4.696210174941682,6.14326058767422,17.235468682485518,28.07493944510142
34780,7.02327884388815e-05,4.679820821012595,6.159536685364967,17.236005160721515,28.07536266709908
34800,7.027317532125004e-05,4.664732606643992,6.174438456132396,17.236615804018516,28.075786866794903
34820,7.031356220361857e-05,4.649444966721438,6.189551193362376,17.23734177011467,28.076337930198484
34840,7.035394908598711e-05,4.631524352134805,6.206944007748134,17.23802985596238,28.07649821584532
34860,7.039433596835564e-05,4.614403939083685,6.2239672453495976,17.238821340431368,28.07719252486465
34880,7.043472285072418e-05,4.5947644414163475,6.243405497044028,17.239581704134796,28.07775164259517
34900,7.047510973309271e-05,4.573002070219054,6.264873957016798,17.240188145363224,28.078064172599078
34920,7.051549661546124e-05,4.5510498058127675,6.286732388011535,17.240881322421135,28.078663516245438
34940,7.055588349782978e-05,4.525443264542523,6.3120804532130705,17.24162825191762,28.079151969673216
34960,7.05962703801983e-05,4.5007304188442845,6.336797320101854,17.2422507554166,28.07977849436274
34980,7.063665726256685e-05,4.4728199581802635,6.364492650099201,17.242878374232454,28.08019098251192
35000,7.067704414493538e-05,4.444715729997069,6.392521018760522,17.24356533278967,28.08080208154726
35020,7.071743102730392e-05,4.416406720626013,6.420594983626015,17.2441711531663,28.081172857418327
35040,7.075781790967245e-05,4.385291660595313,6.451397534153204,17.2449413691131,28.081630563861616
35060,7.079820479204099e-05,4.355688309239683,6.4805799172381136,17.2457164374085,28.081984663886296
35080,7.083859167440951e-05,4.327908960301374,6.508145439351827,17.246417071085762,28.082471470738962
35100,7.087897855677806e-05,4.2952749504002,6.540736504076046,17.247181262875145,28.08319271735139
35120,7.091936543914658e-05,4.267210422911569,6.5684556163244965,17.247983436530056,28.083649475766123
35140,7.095975232151513e-05,4.240718964027968,6.594504863155227,17.24863853889407,28.083862366077266
35160,7.100013920388365e-05,4.211546470990551,6.623662347739285,17.249357692759464,28.0845665114893
35180,7.10405260862522e-05,4.181989431300749,6.652999017232358,17.25004861495325,28.085037063486357
35200,7.108091296862072e-05,4.15523911302997,6.679712755453633,17.250486889336422,28.085438757820025
35220,7.112129985098927e-05,4.125645463086372,6.709278917458733,17.25139506089187,28.086319441436977
35240,7.11616867333578e-05,4.098214084467325,6.736473801531763,17.252169570499017,28.086857456498105
35260,7.120207361572634e-05,4.069381327873919,6.765069944950801,17.252826700757723,28.08727797358244
35280,7.124246049809486e-05,4.042082914342532,6.792161228612615,17.25370522176629,28.087949364721435
35300,7.128284738046339e-05,4.012497297129204,6.821260724882467,17.254520551550364,28.088278573562036
35320,7.132323426283193e-05,3.9808649987102007,6.852790045660706,17.25510630121146,28.088761345582366
35340,7.136362114520046e-05,3.949513921024177,6.8837113252945965,17.256085710819875,28.08931095713865
35360,7.1404008027569e-05,3.918963031580168,6.9138907016632025,17.256914891851892,28.08976862509526
35380,7.144439490993753e-05,3.886807347032497,6.945877995248533,17.257557655821497,28.090242998102525
35400,7.148478179230607e-05,3.856553424471964,6.975981137167837,17.258357233346455,28.090891794986256
35420,7.15251686746746e-05,3.824746343078288,7.00768039385019,17.25915000774178,28.09157674467026
35440,7.156555555704314e-05,3.7940075445238874,7.03792939903768,17.259868160705093,28.091805104266662
35460,7.160594243941167e-05,3.7636225009764694,7.068521768481809,17.26064897128706,28.09279324074534
35480,7.164632932178021e-05,3.733664413197257,7.098311288673765,17.261351358706357,28.09332706057738
35500,7.168671620414874e-05,3.7045607537583725,7.127120155643619,17.261978184141626,28.093659093543614
35520,7.172710308651728e-05,3.6774225612774742,7.153692426045179,17.26290029898399,28.094015286306643
35540,7.176748996888581e-05,3.6510725991345843,7.180056655329019,17.263665059092112,28.094794313555717
35560,7.180787685125435e-05,3.626858861294136,7.203953994878766,17.26439995699967,28.095212813172573
35580,7.184826373362288e-05,3.604189405426421,7.22627675713487,17.26524965682556,28.09571581938685
35600,7.188865061599142e-05,3.5815626977531037,7.248625256044277,17.266086469224764,28.096274423022145
35620,7.192903749835995e-05,3.560435825109673,7.269796372872537,17.266831493757184,28.097063691739393
35640,7.196942438072849e-05,3.541192472743218,7.288630609607164,17.26753635264847,28.09735943499885
35660,7.200981126309702e-05,3.523611289561047,7.306116607128388,17.26846644755974,28.098194344249173
35680,7.205019814546555e-05,3.5076281553753317,7.321655923062836,17.26921829787908,28.098502376317246
35700,7.209058502783409e-05,3.4881066997697583,7.340795494037864,17.269977952396705,28.098880146204326
35720,7.213097191020262e-05,3.4713930160354596,7.357148512916987,17.270723357328357,28.099264886280803
35740,7.217135879257116e-05,3.4539193075617685,7.374631391195396,17.27142330171229,28.09997400046945
35760,7.221174567493969e-05,3.4395055656740237,7.388762763162968,17.27215422251383,28.10042255135082
35780,7.225213255730823e-05,3.42536825782327,7.4028381699233,17.2730424551665,28.10124888291307
35800,7.229251943967676e-05,3.4084829930756007,7.419413502680669,17.273701303350734,28.101597799107005
35820,7.23329063220453e-05,3.394378543616155,7.433321557682109,17.274468614070752,28.102168715369018
35840,7.237329320441383e-05,3.381516416798269,7.445951791534112,17.275122825716856,28.102591034049237
35860,7.241368008678237e-05,3.3691056721495425,7.458275384865509,17.275749158556806,28.10313021557186
35880,7.24540669691509e-05,3.360272152659528,7.466800521533977,17.27637820293699,28.103450877130495
35900,7.249445385151944e-05,3.3509174291508805,7.475961032897865,17.277054980429735,28.10393344247848
35920,7.253484073388796e-05,3.3459861375198585,7.480548255561419,17.277694510940723,28.104228904022
35940,7.25752276162565e-05,3.341616014693958,7.484701707650232,17.278365324352418,28.104683046696607
35960,7.261561449862503e-05,3.3391682787151113,7.487092969518804,17.2790245393358,28.105285787569716
35980,7.265600138099358e-05,3.3404394668861896,7.485581500515237,17.279580666776656,28.105601634178083
36000,7.26963882633621e-05,3.343038342037791,7.482845329511144,17.28023044345798,28.106114115006918
36020,7.273677514573065e-05,3.348379261022882,7.477140325229515,17.280896128799696,28.106415715052094
36040,7.277716202809917e-05,3.356927910793409,7.4684363447830915,17.281481554957235,28.106845810533734
36060,7.281754891046772e-05,3.3666969254549928,7.458503809950411,17.282220880985548,28.10742161639095
36080,7.285793579283624e-05,3.3795167717414505,7.445348645332049,17.282937675296882,28.107803092370382
36100,7.289832267520477e-05,3.3898658814936864,7.434655729681484,17.283469262248804,28.107990873423976
36120,7.293870955757331e-05,3.4029401844529246,7.42099585972755,17.284132298207137,28.10806834238761
36140,7.297909643994184e-05,3.4200520834323753,7.403900543621849,17.284789422491947,28.108742049546173
36160,7.301948332231038e-05,3.4367972182317734,7.386908873919561,17.285433492842643,28.109139584993976
36180,7.305987020467891e-05,3.4550733201754324,7.3684765731473645,17.286112932108754,28.10966282543155
36200,7.310025708704745e-05,3.47721457800259,7.346063001946415,17.28678217570772,28.110059755656724
36220,7.314064396941598e-05,3.4954868710084046,7.327518766875798,17.28728991931407,28.11029555719827
36240,7.318103085178452e-05,3.5184360037031923,7.30446625836879,17.28798281316857,28.110885075240553
36260,7.322141773415305e-05,3.539231169909892,7.283653647735066,17.288659747667637,28.111544565312595
36280,7.326180461652159e-05,3.5631480692786037,7.259470346743393,17.28922610370973,28.111844519731726
36300,7.330219149889012e-05,3.5903685710770312,7.232065362313257,17.28989757459926,28.112331507989545
36320,7.334257838125866e-05,3.6174919567747703,7.204864691082119,17.290561479496347,28.112918127353236
36340,7.338296526362719e-05,3.647545155425327,7.174477285748314,17.2911851648211,28.11320760599474
36360,7.342335214599573e-05,3.6759547172841636,7.1461219005366114,17.291856328983616,28.11393294680439
36380,7.346373902836426e-05,3.7097058562117597,7.111976689021541,17.29269267539312,28.11437522062642
36400,7.35041259107328e-05,3.744389917881205,7.076978348550923,17.293321698852203,28.11468996528433
36420,7.354451279310133e-05,3.778063237055825,7.043265858610553,17.29404278755793,28.11537188322431
36440,7.358489967546987e-05,3.8144267210733815,7.00683736868183,17.294794352340748,28.11605844209596
36460,7.36252865578384e-05,3.852699603764688,6.968198700424748,17.295385064850628,28.11628336904006
36480,7.366567344020693e-05,3.8902670831943107,6.930318082737481,17.296293822860918,28.11687898879271
36500,7.370606032257547e-05,3.9312278197295094,6.8894485370821075,17.297168324522403,28.11784468133402
36520,7.3746447204944e-05,3.9739862939429216,6.846230389656446,17.29785103661121,28.118067720210576
36540,7.378683408731254e-05,4.016340909959423,6.80347242949983,17.29881663647521,28.11862997593446
36560,7.382722096968107e-05,4.060521738756878,6.759345495478293,17.29961363495519,28.11948086919036
36580,7.386760785204961e-05,4.102915662422931,6.716982511625972,17.300294878683697,28.1201930527326
36600,7.390799473441814e-05,4.145822178447168,6.673898737125581,17.301092611140792,28.12081352671354
36620,7.394838161678668e-05,4.190246995993125,6.629209201036914,17.301894716095447,28.121350913125486
36640,7.39887684991552e-05,4.231456051944792,6.587866864424375,17.302761905076533,28.1220848214457
36660,7.402915538152375e-05,4.276597875926929,6.542508644403078,17.303655397358213,28.12276191768822
36680,7.406954226389228e-05,4.319424357805405,6.499576980049016,17.304408527058246,28.123409864912666
36700,7.410992914626082e-05,4.360625544707208,6.458320282219451,17.30512432232214,28.124070149248798
36720,7.415031602862935e-05,4.401372762347048,6.417300285102198,17.306001575674813,28.124674623124058
36740,7.419070291099789e-05,4.444449931957562,6.373917644677949,17.306787823647024,28.125155400282537
36760,7.423108979336641e-05,4.484595649235764,6.333237244543471,17.307475098884378,28.125307992663615
36780,7.427147667573496e-05,4.52586341951254,6.291881712606519,17.308212053238694,28.125957185357752
36800,7.431186355810348e-05,4.5703838725208525,6.247024114508776,17.308989110211378,28.126397097241007
36820,7.435225044047203e-05,4.612015905642274,6.205281104439779,17.30959281474045,28.126889824822506
36840,7.439263732284055e-05,4.655839799309774,6.161567399254096,17.310295585539926,28.127702784103796
36860,7.443302420520908e-05,4.700425862473627,6.116493750406408,17.31102362722055,28.127943240100585
36880,7.447341108757762e-05,4.744393457719095,6.072813301284504,17.311565304267027,28.128772063270628
36900,7.451379796994615e-05,4.789110209989429,6.027619443079801,17.312310802603648,28.12904045567288
36920,7.45541848523147e-05,4.83290710411993,5.9836125320129945,17.312925126272958,28.129444762405882
36940,7.459457173468322e-05,4.8789318346988955,5.937454907700973,17.313566510054596,28.129953252454463
36960,7.463495861705176e-05,4.920668811615576,5.895571049012043,17.31427109685579,28.13051095748341
36980,7.467534549942029e-05,4.965499402191245,5.850742046842334,17.31487531661927,28.13111676565285
37000,7.471573238178883e-05,5.007685329379292,5.808404688343966,17.315569634620054,28.131659652343313
37020,7.475611926415736e-05,5.050559723665912,5.7651996666981296,17.31611673435454,28.13187612471858
37040,7.47965061465259e-05,5.093537644645535,5.722036373353813,17.31682354305913,28.132397561058475
37060,7.483689302889443e-05,5.13234850804253,5.683086084222188,17.317456177099857,28.132890769364575
37080,7.487727991126297e-05,5.172359413170824,5.642972668932756,17.318129591711113,28.133461673814693
37100,7.49176667936315e-05,5.211272737811195,5.6037919211773355,17.318835357841152,28.133900016829685
37120,7.495805367600004e-05,5.248434801615319,5.566700683365531,17.319510084931494,28.134645569912344
37140,7.499844055836857e-05,5.286990776522169,5.528093409163714,17.320151483391022,28.135235669076906
